image_id,file_name,category_id,category_name,location,date_captured,seq_id,frame_num,seq_num_frames,width,height
5858c092-23d2-11e8-a6a3-ec086b02610b,5858c092-23d2-11e8-a6a3-ec086b02610b.jpg,11,bird,76,2013-12-11 10:32:23,6f563e6e-5567-11e8-aed5-dca9047ef277,1,1,2048,1494
5858c0f0-23d2-11e8-a6a3-ec086b02610b,5858c0f0-23d2-11e8-a6a3-ec086b02610b.jpg,11,bird,94,2013-10-08 07:56:57,70160c42-5567-11e8-87cc-dca9047ef277,1,3,2048,1494
5858c179-23d2-11e8-a6a3-ec086b02610b,5858c179-23d2-11e8-a6a3-ec086b02610b.jpg,11,bird,100,2010-08-18 14:10:29,6f1d6061-5567-11e8-a23e-dca9047ef277,2,3,2048,1494
5858c2c7-23d2-11e8-a6a3-ec086b02610b,5858c2c7-23d2-11e8-a6a3-ec086b02610b.jpg,11,bird,89,2012-04-04 12:33:55,6f10e7e1-5567-11e8-ab39-dca9047ef277,3,3,2048,1494
585a621a-23d2-11e8-a6a3-ec086b02610b,585a621a-23d2-11e8-a6a3-ec086b02610b.jpg,11,bird,81,2011-05-08 10:08:27,6f10aa7a-5567-11e8-a7fb-dca9047ef277,1,3,2048,1494
585a62c4-23d2-11e8-a6a3-ec086b02610b,585a62c4-23d2-11e8-a6a3-ec086b02610b.jpg,11,bird,76,2014-06-13 10:24:57,6f602a6e-5567-11e8-9376-dca9047ef277,1,1,2048,1494
585a6482-23d2-11e8-a6a3-ec086b02610b,585a6482-23d2-11e8-a6a3-ec086b02610b.jpg,11,bird,100,2011-04-29 13:20:04,6f1ed226-5567-11e8-83f6-dca9047ef277,2,3,2048,1494
585a64f3-23d2-11e8-a6a3-ec086b02610b,585a64f3-23d2-11e8-a6a3-ec086b02610b.jpg,11,bird,94,2013-10-08 09:02:09,701614fa-5567-11e8-b2b5-dca9047ef277,2,3,2048,1494
585a6594-23d2-11e8-a6a3-ec086b02610b,585a6594-23d2-11e8-a6a3-ec086b02610b.jpg,11,bird,100,2011-04-19 14:10:08,6f1ecaba-5567-11e8-aefc-dca9047ef277,1,3,2048,1494
585c030b-23d2-11e8-a6a3-ec086b02610b,585c030b-23d2-11e8-a6a3-ec086b02610b.jpg,11,bird,121,2014-08-17 06:38:37,70184607-5567-11e8-8909-dca9047ef277,1,3,2048,1494
585c0422-23d2-11e8-a6a3-ec086b02610b,585c0422-23d2-11e8-a6a3-ec086b02610b.jpg,11,bird,86,2014-03-10 08:05:33,70198e28-5567-11e8-9ff0-dca9047ef277,2,3,2048,1494
585c0699-23d2-11e8-a6a3-ec086b02610b,585c0699-23d2-11e8-a6a3-ec086b02610b.jpg,11,bird,86,2014-12-18 09:11:54,7019a14c-5567-11e8-8394-dca9047ef277,3,3,2048,1494
585da891-23d2-11e8-a6a3-ec086b02610b,585da891-23d2-11e8-a6a3-ec086b02610b.jpg,11,bird,108,2012-05-30 20:16:49,6f152f6e-5567-11e8-9cb8-dca9047ef277,3,3,2048,1494
585dab90-23d2-11e8-a6a3-ec086b02610b,585dab90-23d2-11e8-a6a3-ec086b02610b.jpg,11,bird,123,2015-02-25 06:48:02,701b06ae-5567-11e8-bd03-dca9047ef277,5,5,800,584
585dac04-23d2-11e8-a6a3-ec086b02610b,585dac04-23d2-11e8-a6a3-ec086b02610b.jpg,11,bird,81,2011-05-03 08:53:33,6f10a8c0-5567-11e8-85a5-dca9047ef277,1,3,2048,1494
585f4e56-23d2-11e8-a6a3-ec086b02610b,585f4e56-23d2-11e8-a6a3-ec086b02610b.jpg,11,bird,118,2013-04-19 13:01:28,700ac097-5567-11e8-bedd-dca9047ef277,1,1,2560,1920
585f4ea4-23d2-11e8-a6a3-ec086b02610b,585f4ea4-23d2-11e8-a6a3-ec086b02610b.jpg,11,bird,89,2012-05-25 10:59:55,6f1100a6-5567-11e8-bc16-dca9047ef277,2,3,2048,1494
585f4f8e-23d2-11e8-a6a3-ec086b02610b,585f4f8e-23d2-11e8-a6a3-ec086b02610b.jpg,11,bird,87,2014-05-17 07:12:15,701ac521-5567-11e8-84af-dca9047ef277,1,3,2048,1494
5860ecf0-23d2-11e8-a6a3-ec086b02610b,5860ecf0-23d2-11e8-a6a3-ec086b02610b.jpg,11,bird,82,2014-12-03 14:57:03,701a5e51-5567-11e8-80f8-dca9047ef277,3,3,2048,1494
5860ef0e-23d2-11e8-a6a3-ec086b02610b,5860ef0e-23d2-11e8-a6a3-ec086b02610b.jpg,11,bird,127,2013-12-10 08:57:14,7019cc38-5567-11e8-9c01-dca9047ef277,3,3,2048,1494
586292dd-23d2-11e8-a6a3-ec086b02610b,586292dd-23d2-11e8-a6a3-ec086b02610b.jpg,11,bird,118,2013-04-24 08:37:31,700ac442-5567-11e8-bfb9-dca9047ef277,1,1,2560,1920
58629465-23d2-11e8-a6a3-ec086b02610b,58629465-23d2-11e8-a6a3-ec086b02610b.jpg,11,bird,136,2014-02-13 14:13:18,701df12b-5567-11e8-9c89-dca9047ef277,1,3,800,584
586294e8-23d2-11e8-a6a3-ec086b02610b,586294e8-23d2-11e8-a6a3-ec086b02610b.jpg,11,bird,123,2015-03-28 10:30:23,701b1af3-5567-11e8-91c5-dca9047ef277,1,5,800,584
58643683-23d2-11e8-a6a3-ec086b02610b,58643683-23d2-11e8-a6a3-ec086b02610b.jpg,11,bird,88,2011-10-16 17:40:55,6f140987-5567-11e8-a50a-dca9047ef277,2,3,2048,1494
586436a6-23d2-11e8-a6a3-ec086b02610b,586436a6-23d2-11e8-a6a3-ec086b02610b.jpg,11,bird,86,2015-01-13 08:23:37,7019b72e-5567-11e8-bed7-dca9047ef277,1,3,2048,1494
586436f2-23d2-11e8-a6a3-ec086b02610b,586436f2-23d2-11e8-a6a3-ec086b02610b.jpg,11,bird,106,2014-02-12 11:23:42,6f6e6817-5567-11e8-8d16-dca9047ef277,1,1,2048,1494
58643814-23d2-11e8-a6a3-ec086b02610b,58643814-23d2-11e8-a6a3-ec086b02610b.jpg,11,bird,114,2014-04-28 11:27:08,7000e242-5567-11e8-bce0-dca9047ef277,1,1,2048,1494
5865e1d6-23d2-11e8-a6a3-ec086b02610b,5865e1d6-23d2-11e8-a6a3-ec086b02610b.jpg,11,bird,136,2014-12-11 08:03:18,701e8c2b-5567-11e8-a13d-dca9047ef277,1,3,2048,1494
5865e391-23d2-11e8-a6a3-ec086b02610b,5865e391-23d2-11e8-a6a3-ec086b02610b.jpg,11,bird,115,2011-12-24 17:33:19,6f11d587-5567-11e8-923b-dca9047ef277,2,3,2048,1494
5865e3a2-23d2-11e8-a6a3-ec086b02610b,5865e3a2-23d2-11e8-a6a3-ec086b02610b.jpg,11,bird,116,2015-01-11 10:16:52,701335fa-5567-11e8-a6a2-dca9047ef277,3,3,2048,1494
5865e3ae-23d2-11e8-a6a3-ec086b02610b,5865e3ae-23d2-11e8-a6a3-ec086b02610b.jpg,11,bird,115,2011-12-24 17:33:25,6f11d5e3-5567-11e8-a73b-dca9047ef277,3,3,2048,1494
5865e3f3-23d2-11e8-a6a3-ec086b02610b,5865e3f3-23d2-11e8-a6a3-ec086b02610b.jpg,11,bird,81,2011-05-19 09:00:42,6f10ba05-5567-11e8-9a4e-dca9047ef277,2,3,2048,1494
5865e517-23d2-11e8-a6a3-ec086b02610b,5865e517-23d2-11e8-a6a3-ec086b02610b.jpg,11,bird,126,2014-09-22 11:25:26,701c12b0-5567-11e8-b208-dca9047ef277,2,3,2048,1494
58678be5-23d2-11e8-a6a3-ec086b02610b,58678be5-23d2-11e8-a6a3-ec086b02610b.jpg,11,bird,75,2011-09-14 10:10:08,6efd51f0-5567-11e8-9221-dca9047ef277,2,3,2048,1494
58678c75-23d2-11e8-a6a3-ec086b02610b,58678c75-23d2-11e8-a6a3-ec086b02610b.jpg,11,bird,136,2014-03-24 17:45:06,701e5d70-5567-11e8-b1e6-dca9047ef277,1,3,800,584
58678cbf-23d2-11e8-a6a3-ec086b02610b,58678cbf-23d2-11e8-a6a3-ec086b02610b.jpg,11,bird,100,2010-10-11 09:01:14,6f1d9351-5567-11e8-8bea-dca9047ef277,2,3,2048,1494
58678d29-23d2-11e8-a6a3-ec086b02610b,58678d29-23d2-11e8-a6a3-ec086b02610b.jpg,11,bird,137,2014-12-14 14:25:29,701a3719-5567-11e8-bbef-dca9047ef277,2,3,2048,1494
586935cf-23d2-11e8-a6a3-ec086b02610b,586935cf-23d2-11e8-a6a3-ec086b02610b.jpg,11,bird,82,2014-12-08 07:35:26,701a7159-5567-11e8-9daf-dca9047ef277,2,3,2048,1494
58693699-23d2-11e8-a6a3-ec086b02610b,58693699-23d2-11e8-a6a3-ec086b02610b.jpg,11,bird,87,2014-05-18 13:55:43,701acbf8-5567-11e8-a32d-dca9047ef277,2,3,2048,1494
586adee1-23d2-11e8-a6a3-ec086b02610b,586adee1-23d2-11e8-a6a3-ec086b02610b.jpg,11,bird,121,2014-08-19 13:17:32,701846ee-5567-11e8-bae4-dca9047ef277,3,3,2048,1494
586adf9d-23d2-11e8-a6a3-ec086b02610b,586adf9d-23d2-11e8-a6a3-ec086b02610b.jpg,11,bird,84,2014-04-27 10:39:46,70178aa6-5567-11e8-8665-dca9047ef277,3,3,2048,1494
586adfc9-23d2-11e8-a6a3-ec086b02610b,586adfc9-23d2-11e8-a6a3-ec086b02610b.jpg,11,bird,96,2014-03-19 10:07:13,6f974c91-5567-11e8-b9ab-dca9047ef277,1,1,2048,1494
586adfd0-23d2-11e8-a6a3-ec086b02610b,586adfd0-23d2-11e8-a6a3-ec086b02610b.jpg,11,bird,83,2013-12-08 17:25:17,701ed323-5567-11e8-853f-dca9047ef277,1,3,2048,1494
586ae046-23d2-11e8-a6a3-ec086b02610b,586ae046-23d2-11e8-a6a3-ec086b02610b.jpg,11,bird,137,2015-01-09 09:56:11,701a4b4a-5567-11e8-b5e8-dca9047ef277,1,3,2048,1494
586c870a-23d2-11e8-a6a3-ec086b02610b,586c870a-23d2-11e8-a6a3-ec086b02610b.jpg,11,bird,129,2014-05-26 18:37:44,701850b0-5567-11e8-9528-dca9047ef277,2,3,2048,1494
586c8741-23d2-11e8-a6a3-ec086b02610b,586c8741-23d2-11e8-a6a3-ec086b02610b.jpg,11,bird,134,2014-04-01 11:43:05,701068de-5567-11e8-8603-dca9047ef277,1,3,2048,1494
586c87c2-23d2-11e8-a6a3-ec086b02610b,586c87c2-23d2-11e8-a6a3-ec086b02610b.jpg,11,bird,135,2014-08-13 06:58:34,7016ba40-5567-11e8-a631-dca9047ef277,2,3,2048,1494
586c8879-23d2-11e8-a6a3-ec086b02610b,586c8879-23d2-11e8-a6a3-ec086b02610b.jpg,11,bird,123,2014-10-18 07:33:46,701b041c-5567-11e8-b7a0-dca9047ef277,3,3,2048,1494
586e2dbd-23d2-11e8-a6a3-ec086b02610b,586e2dbd-23d2-11e8-a6a3-ec086b02610b.jpg,11,bird,94,2013-10-11 05:55:40,701623bd-5567-11e8-a095-dca9047ef277,2,3,2048,1494
586e2f18-23d2-11e8-a6a3-ec086b02610b,586e2f18-23d2-11e8-a6a3-ec086b02610b.jpg,11,bird,93,2014-11-03 08:03:03,701808fa-5567-11e8-b6fb-dca9047ef277,3,3,2048,1494
586fdb4e-23d2-11e8-a6a3-ec086b02610b,586fdb4e-23d2-11e8-a6a3-ec086b02610b.jpg,11,bird,131,2014-10-28 07:44:13,701d4e78-5567-11e8-abb9-dca9047ef277,2,3,2048,1494
586fdb58-23d2-11e8-a6a3-ec086b02610b,586fdb58-23d2-11e8-a6a3-ec086b02610b.jpg,11,bird,97,2014-10-04 07:33:06,701b2f4f-5567-11e8-afbb-dca9047ef277,1,3,2048,1494
586fdbac-23d2-11e8-a6a3-ec086b02610b,586fdbac-23d2-11e8-a6a3-ec086b02610b.jpg,11,bird,114,2014-07-31 07:37:19,700515ee-5567-11e8-9c90-dca9047ef277,1,1,2048,1494
586fdc7c-23d2-11e8-a6a3-ec086b02610b,586fdc7c-23d2-11e8-a6a3-ec086b02610b.jpg,11,bird,88,2011-09-21 13:15:50,6f13fdb0-5567-11e8-80f5-dca9047ef277,2,3,2048,1494
5871846c-23d2-11e8-a6a3-ec086b02610b,5871846c-23d2-11e8-a6a3-ec086b02610b.jpg,11,bird,129,2014-05-26 09:46:22,70184f7a-5567-11e8-b7d3-dca9047ef277,1,3,2048,1494
58732c03-23d2-11e8-a6a3-ec086b02610b,58732c03-23d2-11e8-a6a3-ec086b02610b.jpg,11,bird,97,2014-09-13 11:27:03,701b2b78-5567-11e8-bc5b-dca9047ef277,3,3,2048,1494
58732cb1-23d2-11e8-a6a3-ec086b02610b,58732cb1-23d2-11e8-a6a3-ec086b02610b.jpg,11,bird,115,2011-08-01 09:25:47,6f119278-5567-11e8-94e5-dca9047ef277,2,3,2048,1494
58732d8e-23d2-11e8-a6a3-ec086b02610b,58732d8e-23d2-11e8-a6a3-ec086b02610b.jpg,11,bird,126,2014-09-22 16:32:14,701c15bd-5567-11e8-93a3-dca9047ef277,1,3,2048,1494
5874d3bd-23d2-11e8-a6a3-ec086b02610b,5874d3bd-23d2-11e8-a6a3-ec086b02610b.jpg,11,bird,83,2013-12-17 17:48:47,701ed4c0-5567-11e8-a530-dca9047ef277,1,3,2048,1494
5874d4cf-23d2-11e8-a6a3-ec086b02610b,5874d4cf-23d2-11e8-a6a3-ec086b02610b.jpg,11,bird,138,2013-11-27 08:03:34,701b4df8-5567-11e8-9eaf-dca9047ef277,2,3,2048,1494
5874d57e-23d2-11e8-a6a3-ec086b02610b,5874d57e-23d2-11e8-a6a3-ec086b02610b.jpg,11,bird,130,2012-01-20 12:12:18,6f0d48b0-5567-11e8-9e19-dca9047ef277,2,3,2048,1494
5874d61b-23d2-11e8-a6a3-ec086b02610b,5874d61b-23d2-11e8-a6a3-ec086b02610b.jpg,11,bird,134,2014-04-10 08:33:57,70106b99-5567-11e8-a4ee-dca9047ef277,3,3,2048,1494
5874d65a-23d2-11e8-a6a3-ec086b02610b,5874d65a-23d2-11e8-a6a3-ec086b02610b.jpg,11,bird,83,2013-12-17 17:47:04,701ed46e-5567-11e8-b2b1-dca9047ef277,2,3,2048,1494
5874d6e2-23d2-11e8-a6a3-ec086b02610b,5874d6e2-23d2-11e8-a6a3-ec086b02610b.jpg,11,bird,124,2014-03-26 09:21:44,7010d51c-5567-11e8-98cd-dca9047ef277,3,3,2048,1494
5874d72d-23d2-11e8-a6a3-ec086b02610b,5874d72d-23d2-11e8-a6a3-ec086b02610b.jpg,11,bird,129,2014-05-26 09:45:58,70184f2b-5567-11e8-833a-dca9047ef277,3,3,2048,1494
5876805e-23d2-11e8-a6a3-ec086b02610b,5876805e-23d2-11e8-a6a3-ec086b02610b.jpg,11,bird,126,2014-08-31 06:31:33,701c01d9-5567-11e8-97d9-dca9047ef277,2,3,2048,1494
587680f8-23d2-11e8-a6a3-ec086b02610b,587680f8-23d2-11e8-a6a3-ec086b02610b.jpg,11,bird,81,2011-05-18 10:18:02,6f10b630-5567-11e8-96e5-dca9047ef277,2,3,2048,1494
58768203-23d2-11e8-a6a3-ec086b02610b,58768203-23d2-11e8-a6a3-ec086b02610b.jpg,11,bird,92,2014-07-07 19:15:07,7018c04c-5567-11e8-abb4-dca9047ef277,3,5,2048,1494
58768275-23d2-11e8-a6a3-ec086b02610b,58768275-23d2-11e8-a6a3-ec086b02610b.jpg,11,bird,118,2013-03-22 10:46:39,700aaadc-5567-11e8-92f6-dca9047ef277,1,1,2560,1920
58768298-23d2-11e8-a6a3-ec086b02610b,58768298-23d2-11e8-a6a3-ec086b02610b.jpg,11,bird,86,2015-01-09 08:43:19,7019b2a3-5567-11e8-8e20-dca9047ef277,2,3,2048,1494
587828e5-23d2-11e8-a6a3-ec086b02610b,587828e5-23d2-11e8-a6a3-ec086b02610b.jpg,11,bird,111,2014-11-09 08:11:02,70153f4f-5567-11e8-b553-dca9047ef277,1,3,2048,1494
5878291e-23d2-11e8-a6a3-ec086b02610b,5878291e-23d2-11e8-a6a3-ec086b02610b.jpg,11,bird,88,2012-03-16 13:06:29,6f147dd9-5567-11e8-ae69-dca9047ef277,2,3,2048,1494
587829d7-23d2-11e8-a6a3-ec086b02610b,587829d7-23d2-11e8-a6a3-ec086b02610b.jpg,11,bird,92,2014-07-16 09:27:57,7018cba8-5567-11e8-b9f3-dca9047ef277,3,5,2048,1494
5879d2aa-23d2-11e8-a6a3-ec086b02610b,5879d2aa-23d2-11e8-a6a3-ec086b02610b.jpg,11,bird,84,2014-04-22 14:52:25,7017724f-5567-11e8-9e7c-dca9047ef277,2,3,2048,1494
5879d4a6-23d2-11e8-a6a3-ec086b02610b,5879d4a6-23d2-11e8-a6a3-ec086b02610b.jpg,11,bird,78,2012-02-22 11:14:59,6f1c2007-5567-11e8-b5fe-dca9047ef277,1,3,2048,1494
587b7de2-23d2-11e8-a6a3-ec086b02610b,587b7de2-23d2-11e8-a6a3-ec086b02610b.jpg,11,bird,136,2014-03-14 07:13:25,701e48f0-5567-11e8-9e08-dca9047ef277,2,3,800,584
587b7e58-23d2-11e8-a6a3-ec086b02610b,587b7e58-23d2-11e8-a6a3-ec086b02610b.jpg,11,bird,82,2014-12-05 08:58:47,701a5f68-5567-11e8-9221-dca9047ef277,3,3,2048,1494
587b7f41-23d2-11e8-a6a3-ec086b02610b,587b7f41-23d2-11e8-a6a3-ec086b02610b.jpg,11,bird,104,2014-06-08 15:51:53,701d101e-5567-11e8-a2b5-dca9047ef277,2,3,2048,1494
587b7fe2-23d2-11e8-a6a3-ec086b02610b,587b7fe2-23d2-11e8-a6a3-ec086b02610b.jpg,11,bird,129,2013-09-12 07:50:19,70184c2b-5567-11e8-97cd-dca9047ef277,3,3,2048,1494
587b8008-23d2-11e8-a6a3-ec086b02610b,587b8008-23d2-11e8-a6a3-ec086b02610b.jpg,11,bird,124,2014-03-26 09:21:35,7010d47d-5567-11e8-bc1e-dca9047ef277,2,3,2048,1494
587d3fd5-23d2-11e8-a6a3-ec086b02610b,587d3fd5-23d2-11e8-a6a3-ec086b02610b.jpg,11,bird,137,2014-02-23 13:07:29,701a09d4-5567-11e8-bec9-dca9047ef277,3,3,2048,1494
587d3fef-23d2-11e8-a6a3-ec086b02610b,587d3fef-23d2-11e8-a6a3-ec086b02610b.jpg,11,bird,121,2014-08-04 08:17:37,701843e3-5567-11e8-bae9-dca9047ef277,2,3,2048,1494
587d406c-23d2-11e8-a6a3-ec086b02610b,587d406c-23d2-11e8-a6a3-ec086b02610b.jpg,11,bird,131,2014-10-19 13:19:15,701d4868-5567-11e8-8147-dca9047ef277,1,3,2048,1494
587d4207-23d2-11e8-a6a3-ec086b02610b,587d4207-23d2-11e8-a6a3-ec086b02610b.jpg,11,bird,114,2014-06-17 09:34:46,70037bc2-5567-11e8-8e58-dca9047ef277,1,1,2048,1494
587d4213-23d2-11e8-a6a3-ec086b02610b,587d4213-23d2-11e8-a6a3-ec086b02610b.jpg,11,bird,93,2014-01-18 08:28:15,7017c691-5567-11e8-98a7-dca9047ef277,3,3,2048,1494
587d4304-23d2-11e8-a6a3-ec086b02610b,587d4304-23d2-11e8-a6a3-ec086b02610b.jpg,11,bird,84,2014-04-18 13:22:49,701771b8-5567-11e8-a115-dca9047ef277,3,3,2048,1494
587eed76-23d2-11e8-a6a3-ec086b02610b,587eed76-23d2-11e8-a6a3-ec086b02610b.jpg,11,bird,120,2013-03-02 08:25:56,701038a1-5567-11e8-9b87-dca9047ef277,1,1,2560,1920
588094c6-23d2-11e8-a6a3-ec086b02610b,588094c6-23d2-11e8-a6a3-ec086b02610b.jpg,11,bird,129,2013-10-12 12:19:50,70184c70-5567-11e8-9332-dca9047ef277,1,3,2048,1494
5880950e-23d2-11e8-a6a3-ec086b02610b,5880950e-23d2-11e8-a6a3-ec086b02610b.jpg,11,bird,115,2012-05-12 11:17:49,6f123eb3-5567-11e8-8e2e-dca9047ef277,2,3,2048,1494
58809581-23d2-11e8-a6a3-ec086b02610b,58809581-23d2-11e8-a6a3-ec086b02610b.jpg,11,bird,126,2014-09-22 16:30:31,701c13a8-5567-11e8-afbc-dca9047ef277,3,3,2048,1494
588096c1-23d2-11e8-a6a3-ec086b02610b,588096c1-23d2-11e8-a6a3-ec086b02610b.jpg,11,bird,83,2013-12-17 17:48:53,701ed50c-5567-11e8-b4de-dca9047ef277,3,3,2048,1494
58823bca-23d2-11e8-a6a3-ec086b02610b,58823bca-23d2-11e8-a6a3-ec086b02610b.jpg,11,bird,84,2014-04-19 10:46:54,70177200-5567-11e8-b9fb-dca9047ef277,2,3,2048,1494
58823cf9-23d2-11e8-a6a3-ec086b02610b,58823cf9-23d2-11e8-a6a3-ec086b02610b.jpg,11,bird,134,2014-04-01 11:43:26,7010692e-5567-11e8-9882-dca9047ef277,1,3,2048,1494
58823e13-23d2-11e8-a6a3-ec086b02610b,58823e13-23d2-11e8-a6a3-ec086b02610b.jpg,11,bird,96,2014-03-12 09:30:12,6f97085c-5567-11e8-aa08-dca9047ef277,1,1,2048,1494
58823e4a-23d2-11e8-a6a3-ec086b02610b,58823e4a-23d2-11e8-a6a3-ec086b02610b.jpg,11,bird,82,2014-12-04 10:00:16,701a5f05-5567-11e8-8a83-dca9047ef277,1,3,2048,1494
5883e7fc-23d2-11e8-a6a3-ec086b02610b,5883e7fc-23d2-11e8-a6a3-ec086b02610b.jpg,11,bird,88,2011-07-21 10:36:04,6f13cae6-5567-11e8-aa6e-dca9047ef277,3,3,2048,1494
5883e9b7-23d2-11e8-a6a3-ec086b02610b,5883e9b7-23d2-11e8-a6a3-ec086b02610b.jpg,11,bird,108,2011-05-16 23:17:21,6f14c100-5567-11e8-8df9-dca9047ef277,1,3,2048,1494
58857ae6-23d2-11e8-a6a3-ec086b02610b,58857ae6-23d2-11e8-a6a3-ec086b02610b.jpg,11,bird,100,2010-08-18 13:33:48,6f1d6011-5567-11e8-8f88-dca9047ef277,2,3,2048,1494
58871708-23d2-11e8-a6a3-ec086b02610b,58871708-23d2-11e8-a6a3-ec086b02610b.jpg,11,bird,125,2011-06-02 02:56:58,6f15b697-5567-11e8-93cf-dca9047ef277,1,3,2048,1494
5888bcf5-23d2-11e8-a6a3-ec086b02610b,5888bcf5-23d2-11e8-a6a3-ec086b02610b.jpg,11,bird,126,2014-09-22 16:32:01,701c1499-5567-11e8-8305-dca9047ef277,1,3,2048,1494
5888bdd3-23d2-11e8-a6a3-ec086b02610b,5888bdd3-23d2-11e8-a6a3-ec086b02610b.jpg,11,bird,126,2014-09-23 17:22:34,701c1cc5-5567-11e8-a26c-dca9047ef277,3,3,2048,1494
5888bf90-23d2-11e8-a6a3-ec086b02610b,5888bf90-23d2-11e8-a6a3-ec086b02610b.jpg,11,bird,84,2014-09-21 10:37:28,7017a0ca-5567-11e8-b5c2-dca9047ef277,1,3,2048,1494
588a659c-23d2-11e8-a6a3-ec086b02610b,588a659c-23d2-11e8-a6a3-ec086b02610b.jpg,11,bird,115,2011-06-23 11:52:46,6f116707-5567-11e8-b49c-dca9047ef277,1,3,2048,1494
588a65bb-23d2-11e8-a6a3-ec086b02610b,588a65bb-23d2-11e8-a6a3-ec086b02610b.jpg,11,bird,94,2013-10-08 08:40:06,701610ae-5567-11e8-98b7-dca9047ef277,1,3,2048,1494
588a65bc-23d2-11e8-a6a3-ec086b02610b,588a65bc-23d2-11e8-a6a3-ec086b02610b.jpg,11,bird,123,2015-03-28 10:31:41,701b1c97-5567-11e8-a528-dca9047ef277,4,5,800,584
588a65e9-23d2-11e8-a6a3-ec086b02610b,588a65e9-23d2-11e8-a6a3-ec086b02610b.jpg,11,bird,108,2011-05-02 20:00:03,6f14bc14-5567-11e8-8e9c-dca9047ef277,3,3,2048,1494
588a66dc-23d2-11e8-a6a3-ec086b02610b,588a66dc-23d2-11e8-a6a3-ec086b02610b.jpg,11,bird,128,2014-10-03 14:07:02,701aa52e-5567-11e8-bda7-dca9047ef277,3,3,2048,1494
588a671c-23d2-11e8-a6a3-ec086b02610b,588a671c-23d2-11e8-a6a3-ec086b02610b.jpg,11,bird,76,2014-05-14 07:24:27,6f5e809c-5567-11e8-9cee-dca9047ef277,1,1,2048,1494
588a6737-23d2-11e8-a6a3-ec086b02610b,588a6737-23d2-11e8-a6a3-ec086b02610b.jpg,11,bird,121,2014-08-19 06:31:17,7018469c-5567-11e8-917e-dca9047ef277,2,3,2048,1494
588a67ac-23d2-11e8-a6a3-ec086b02610b,588a67ac-23d2-11e8-a6a3-ec086b02610b.jpg,11,bird,79,2014-09-13 06:55:40,7017a811-5567-11e8-973d-dca9047ef277,1,3,2048,1494
588c127b-23d2-11e8-a6a3-ec086b02610b,588c127b-23d2-11e8-a6a3-ec086b02610b.jpg,11,bird,76,2013-12-11 10:32:25,6f563eb3-5567-11e8-b24b-dca9047ef277,1,1,2048,1494
588dbaa8-23d2-11e8-a6a3-ec086b02610b,588dbaa8-23d2-11e8-a6a3-ec086b02610b.jpg,11,bird,130,2012-01-20 12:12:24,6f0d490c-5567-11e8-a26a-dca9047ef277,2,3,2048,1494
588dbb5e-23d2-11e8-a6a3-ec086b02610b,588dbb5e-23d2-11e8-a6a3-ec086b02610b.jpg,11,bird,84,2014-04-18 13:22:47,7017716b-5567-11e8-9335-dca9047ef277,1,3,2048,1494
588dbb6e-23d2-11e8-a6a3-ec086b02610b,588dbb6e-23d2-11e8-a6a3-ec086b02610b.jpg,11,bird,123,2015-03-28 10:30:34,701b1b45-5567-11e8-8933-dca9047ef277,1,5,800,584
588dbb99-23d2-11e8-a6a3-ec086b02610b,588dbb99-23d2-11e8-a6a3-ec086b02610b.jpg,11,bird,131,2014-09-16 16:40:02,701d28c7-5567-11e8-af84-dca9047ef277,2,3,2048,1494
588dbc8f-23d2-11e8-a6a3-ec086b02610b,588dbc8f-23d2-11e8-a6a3-ec086b02610b.jpg,11,bird,135,2014-08-21 07:27:16,7016c454-5567-11e8-b36e-dca9047ef277,1,3,2048,1494
588f6649-23d2-11e8-a6a3-ec086b02610b,588f6649-23d2-11e8-a6a3-ec086b02610b.jpg,11,bird,93,2014-01-18 08:28:09,7017c642-5567-11e8-b0e0-dca9047ef277,1,3,2048,1494
588f6653-23d2-11e8-a6a3-ec086b02610b,588f6653-23d2-11e8-a6a3-ec086b02610b.jpg,11,bird,76,2014-07-08 12:09:38,6f61db33-5567-11e8-94f4-dca9047ef277,1,1,2048,1494
588f66b7-23d2-11e8-a6a3-ec086b02610b,588f66b7-23d2-11e8-a6a3-ec086b02610b.jpg,11,bird,113,2011-05-24 12:48:00,7009f2ee-5567-11e8-b1fe-dca9047ef277,1,1,2048,1536
588f67b2-23d2-11e8-a6a3-ec086b02610b,588f67b2-23d2-11e8-a6a3-ec086b02610b.jpg,11,bird,84,2014-04-26 09:57:34,701782b8-5567-11e8-891c-dca9047ef277,1,3,2048,1494
58910e48-23d2-11e8-a6a3-ec086b02610b,58910e48-23d2-11e8-a6a3-ec086b02610b.jpg,11,bird,124,2014-04-01 14:36:04,7010d74c-5567-11e8-847c-dca9047ef277,1,3,2048,1494
58910ea1-23d2-11e8-a6a3-ec086b02610b,58910ea1-23d2-11e8-a6a3-ec086b02610b.jpg,11,bird,87,2013-12-26 09:04:34,701ab4c5-5567-11e8-99a3-dca9047ef277,2,3,2048,1494
58910ef2-23d2-11e8-a6a3-ec086b02610b,58910ef2-23d2-11e8-a6a3-ec086b02610b.jpg,11,bird,97,2014-09-13 11:26:57,701b2b28-5567-11e8-b42c-dca9047ef277,2,3,2048,1494
58910fb3-23d2-11e8-a6a3-ec086b02610b,58910fb3-23d2-11e8-a6a3-ec086b02610b.jpg,11,bird,116,2015-01-12 10:36:32,701337d1-5567-11e8-bc7b-dca9047ef277,1,3,2048,1494
58911031-23d2-11e8-a6a3-ec086b02610b,58911031-23d2-11e8-a6a3-ec086b02610b.jpg,11,bird,111,2014-11-09 08:15:57,70154673-5567-11e8-84be-dca9047ef277,3,3,2048,1494
5892b3df-23d2-11e8-a6a3-ec086b02610b,5892b3df-23d2-11e8-a6a3-ec086b02610b.jpg,11,bird,130,2012-01-20 12:13:04,6f0d4970-5567-11e8-8e23-dca9047ef277,3,3,2048,1494
5892b4e4-23d2-11e8-a6a3-ec086b02610b,5892b4e4-23d2-11e8-a6a3-ec086b02610b.jpg,11,bird,88,2011-07-17 09:51:33,6f13c3fd-5567-11e8-9e83-dca9047ef277,3,3,2048,1494
5892b52c-23d2-11e8-a6a3-ec086b02610b,5892b52c-23d2-11e8-a6a3-ec086b02610b.jpg,11,bird,134,2014-04-10 08:34:18,70106c8a-5567-11e8-a58a-dca9047ef277,1,3,2048,1494
5892b625-23d2-11e8-a6a3-ec086b02610b,5892b625-23d2-11e8-a6a3-ec086b02610b.jpg,11,bird,129,2014-05-26 18:37:16,70185061-5567-11e8-bbf3-dca9047ef277,1,3,2048,1494
5892b65f-23d2-11e8-a6a3-ec086b02610b,5892b65f-23d2-11e8-a6a3-ec086b02610b.jpg,11,bird,83,2013-12-08 17:25:21,701ed373-5567-11e8-ad45-dca9047ef277,1,3,2048,1494
58945f1e-23d2-11e8-a6a3-ec086b02610b,58945f1e-23d2-11e8-a6a3-ec086b02610b.jpg,11,bird,89,2012-05-15 12:40:25,6f10fc6e-5567-11e8-a2d3-dca9047ef277,3,3,2048,1494
58960ae3-23d2-11e8-a6a3-ec086b02610b,58960ae3-23d2-11e8-a6a3-ec086b02610b.jpg,11,bird,135,2014-08-20 07:28:45,7016c363-5567-11e8-81e4-dca9047ef277,3,3,2048,1494
5897b248-23d2-11e8-a6a3-ec086b02610b,5897b248-23d2-11e8-a6a3-ec086b02610b.jpg,11,bird,88,2012-02-24 09:49:50,6f1473d9-5567-11e8-97b4-dca9047ef277,1,3,2048,1494
58995847-23d2-11e8-a6a3-ec086b02610b,58995847-23d2-11e8-a6a3-ec086b02610b.jpg,11,bird,84,2014-04-25 13:20:18,7017811e-5567-11e8-a53c-dca9047ef277,1,3,2048,1494
589958f1-23d2-11e8-a6a3-ec086b02610b,589958f1-23d2-11e8-a6a3-ec086b02610b.jpg,11,bird,131,2014-10-28 07:43:12,701d4d7d-5567-11e8-ac64-dca9047ef277,2,3,2048,1494
589958f3-23d2-11e8-a6a3-ec086b02610b,589958f3-23d2-11e8-a6a3-ec086b02610b.jpg,11,bird,128,2014-09-22 11:42:33,701aa2d7-5567-11e8-8b3c-dca9047ef277,1,3,2048,1494
58995b83-23d2-11e8-a6a3-ec086b02610b,58995b83-23d2-11e8-a6a3-ec086b02610b.jpg,11,bird,86,2015-01-01 08:27:02,7019af66-5567-11e8-9a34-dca9047ef277,1,3,2048,1494
58995b9f-23d2-11e8-a6a3-ec086b02610b,58995b9f-23d2-11e8-a6a3-ec086b02610b.jpg,11,bird,76,2014-04-13 14:27:36,6f5c5d4f-5567-11e8-a524-dca9047ef277,1,1,2048,1494
589b01e0-23d2-11e8-a6a3-ec086b02610b,589b01e0-23d2-11e8-a6a3-ec086b02610b.jpg,11,bird,81,2011-05-12 11:34:29,6f10abd9-5567-11e8-b1b8-dca9047ef277,3,3,2048,1494
589b0341-23d2-11e8-a6a3-ec086b02610b,589b0341-23d2-11e8-a6a3-ec086b02610b.jpg,11,bird,108,2012-01-27 23:40:03,6f1509e3-5567-11e8-89cb-dca9047ef277,1,3,2048,1494
589b03a9-23d2-11e8-a6a3-ec086b02610b,589b03a9-23d2-11e8-a6a3-ec086b02610b.jpg,11,bird,75,2011-11-15 14:42:53,6efd603a-5567-11e8-95a1-dca9047ef277,3,3,2048,1494
589b03c0-23d2-11e8-a6a3-ec086b02610b,589b03c0-23d2-11e8-a6a3-ec086b02610b.jpg,11,bird,84,2014-05-09 09:59:58,701792f8-5567-11e8-a413-dca9047ef277,2,3,2048,1494
589b0415-23d2-11e8-a6a3-ec086b02610b,589b0415-23d2-11e8-a6a3-ec086b02610b.jpg,11,bird,138,2014-05-30 17:32:46,701b579e-5567-11e8-826b-dca9047ef277,3,3,2048,1494
589cb23b-23d2-11e8-a6a3-ec086b02610b,589cb23b-23d2-11e8-a6a3-ec086b02610b.jpg,11,bird,92,2014-07-07 19:14:49,7018bf4a-5567-11e8-82e6-dca9047ef277,5,5,2048,1494
589cb289-23d2-11e8-a6a3-ec086b02610b,589cb289-23d2-11e8-a6a3-ec086b02610b.jpg,11,bird,100,2011-04-29 13:54:58,6f1ed275-5567-11e8-89c6-dca9047ef277,2,3,2048,1494
589cb32e-23d2-11e8-a6a3-ec086b02610b,589cb32e-23d2-11e8-a6a3-ec086b02610b.jpg,11,bird,75,2012-05-05 09:05:15,6efe2b1e-5567-11e8-b62f-dca9047ef277,3,3,2048,1494
589cb36f-23d2-11e8-a6a3-ec086b02610b,589cb36f-23d2-11e8-a6a3-ec086b02610b.jpg,11,bird,102,2014-08-17 12:34:11,7010b6ae-5567-11e8-b4a0-dca9047ef277,1,3,2048,1494
589cb3c3-23d2-11e8-a6a3-ec086b02610b,589cb3c3-23d2-11e8-a6a3-ec086b02610b.jpg,11,bird,117,2013-12-02 10:02:43,701b6f35-5567-11e8-bf66-dca9047ef277,3,3,2048,1494
589cb528-23d2-11e8-a6a3-ec086b02610b,589cb528-23d2-11e8-a6a3-ec086b02610b.jpg,11,bird,108,2011-05-09 19:56:12,6f14beb3-5567-11e8-acf0-dca9047ef277,3,3,2048,1494
589e663f-23d2-11e8-a6a3-ec086b02610b,589e663f-23d2-11e8-a6a3-ec086b02610b.jpg,11,bird,121,2014-03-18 09:56:41,70183f94-5567-11e8-ac4c-dca9047ef277,2,3,2048,1494
589e6791-23d2-11e8-a6a3-ec086b02610b,589e6791-23d2-11e8-a6a3-ec086b02610b.jpg,11,bird,75,2011-11-15 14:42:41,6efd5fcc-5567-11e8-ac4d-dca9047ef277,3,3,2048,1494
58a020e8-23d2-11e8-a6a3-ec086b02610b,58a020e8-23d2-11e8-a6a3-ec086b02610b.jpg,11,bird,135,2014-08-13 06:57:38,7016b85e-5567-11e8-8ae2-dca9047ef277,1,3,2048,1494
58a02139-23d2-11e8-a6a3-ec086b02610b,58a02139-23d2-11e8-a6a3-ec086b02610b.jpg,11,bird,136,2014-02-13 14:15:18,701df72e-5567-11e8-9b33-dca9047ef277,3,3,800,584
58a0217c-23d2-11e8-a6a3-ec086b02610b,58a0217c-23d2-11e8-a6a3-ec086b02610b.jpg,11,bird,137,2015-01-05 13:46:08,701a4907-5567-11e8-a4fc-dca9047ef277,3,3,2048,1494
58a022b6-23d2-11e8-a6a3-ec086b02610b,58a022b6-23d2-11e8-a6a3-ec086b02610b.jpg,11,bird,114,2013-11-29 09:17:11,6ff6e3c0-5567-11e8-aed9-dca9047ef277,1,1,2048,1494
58a1ca1a-23d2-11e8-a6a3-ec086b02610b,58a1ca1a-23d2-11e8-a6a3-ec086b02610b.jpg,11,bird,106,2014-05-13 09:27:55,6f755bdc-5567-11e8-abb3-dca9047ef277,1,1,2048,1494
58a1cb40-23d2-11e8-a6a3-ec086b02610b,58a1cb40-23d2-11e8-a6a3-ec086b02610b.jpg,11,bird,134,2014-03-07 10:46:20,701062c5-5567-11e8-a3cc-dca9047ef277,2,3,2048,1494
58a37a24-23d2-11e8-a6a3-ec086b02610b,58a37a24-23d2-11e8-a6a3-ec086b02610b.jpg,11,bird,81,2011-05-14 17:43:07,6f10b13a-5567-11e8-86ac-dca9047ef277,1,3,2048,1494
58a37a3c-23d2-11e8-a6a3-ec086b02610b,58a37a3c-23d2-11e8-a6a3-ec086b02610b.jpg,11,bird,108,2012-02-13 20:09:51,6f150e57-5567-11e8-a59e-dca9047ef277,2,3,2048,1494
58a37b50-23d2-11e8-a6a3-ec086b02610b,58a37b50-23d2-11e8-a6a3-ec086b02610b.jpg,11,bird,80,2013-02-23 14:27:10,7009c24a-5567-11e8-b86a-dca9047ef277,1,1,2560,1920
58a37b7e-23d2-11e8-a6a3-ec086b02610b,58a37b7e-23d2-11e8-a6a3-ec086b02610b.jpg,11,bird,135,2013-04-05 12:16:51,70169cfd-5567-11e8-baf2-dca9047ef277,2,3,2048,1494
58a52e28-23d2-11e8-a6a3-ec086b02610b,58a52e28-23d2-11e8-a6a3-ec086b02610b.jpg,11,bird,123,2015-03-28 10:30:14,701b1a9c-5567-11e8-971b-dca9047ef277,1,5,800,584
58a52eab-23d2-11e8-a6a3-ec086b02610b,58a52eab-23d2-11e8-a6a3-ec086b02610b.jpg,11,bird,93,2014-11-05 16:22:22,70180a80-5567-11e8-93bf-dca9047ef277,1,3,2048,1494
58a52eef-23d2-11e8-a6a3-ec086b02610b,58a52eef-23d2-11e8-a6a3-ec086b02610b.jpg,11,bird,93,2014-02-14 10:05:28,7017f1cf-5567-11e8-806f-dca9047ef277,2,3,2048,1494
58a6e69a-23d2-11e8-a6a3-ec086b02610b,58a6e69a-23d2-11e8-a6a3-ec086b02610b.jpg,11,bird,118,2013-05-10 07:29:45,700ac67d-5567-11e8-9da0-dca9047ef277,1,1,2560,1920
58a6e725-23d2-11e8-a6a3-ec086b02610b,58a6e725-23d2-11e8-a6a3-ec086b02610b.jpg,11,bird,99,2013-08-26 08:09:34,70147c80-5567-11e8-bd4e-dca9047ef277,1,3,2048,1494
58a6e7de-23d2-11e8-a6a3-ec086b02610b,58a6e7de-23d2-11e8-a6a3-ec086b02610b.jpg,11,bird,99,2014-11-03 09:24:02,70148478-5567-11e8-b6e3-dca9047ef277,1,3,2048,1494
58a6e87e-23d2-11e8-a6a3-ec086b02610b,58a6e87e-23d2-11e8-a6a3-ec086b02610b.jpg,11,bird,108,2011-05-01 20:00:04,6f14bab5-5567-11e8-89cc-dca9047ef277,1,3,2048,1494
58a6e8b8-23d2-11e8-a6a3-ec086b02610b,58a6e8b8-23d2-11e8-a6a3-ec086b02610b.jpg,11,bird,81,2011-05-01 07:04:33,6f10a44c-5567-11e8-9628-dca9047ef277,2,3,2048,1494
58a8a1df-23d2-11e8-a6a3-ec086b02610b,58a8a1df-23d2-11e8-a6a3-ec086b02610b.jpg,11,bird,123,2015-03-28 10:30:50,701b1b9e-5567-11e8-9e13-dca9047ef277,3,5,800,584
58a8a2e5-23d2-11e8-a6a3-ec086b02610b,58a8a2e5-23d2-11e8-a6a3-ec086b02610b.jpg,11,bird,117,2014-08-14 09:06:58,701bd411-5567-11e8-8cc1-dca9047ef277,2,3,2048,1494
58aa57f7-23d2-11e8-a6a3-ec086b02610b,58aa57f7-23d2-11e8-a6a3-ec086b02610b.jpg,11,bird,93,2014-01-18 08:27:45,7017c5f0-5567-11e8-9965-dca9047ef277,3,3,2048,1494
58aa580c-23d2-11e8-a6a3-ec086b02610b,58aa580c-23d2-11e8-a6a3-ec086b02610b.jpg,11,bird,123,2015-03-28 10:30:52,701b1bf8-5567-11e8-9b6c-dca9047ef277,5,5,800,584
58aa58f5-23d2-11e8-a6a3-ec086b02610b,58aa58f5-23d2-11e8-a6a3-ec086b02610b.jpg,11,bird,134,2014-03-27 11:50:32,701066c2-5567-11e8-af03-dca9047ef277,3,3,2048,1494
58aa597f-23d2-11e8-a6a3-ec086b02610b,58aa597f-23d2-11e8-a6a3-ec086b02610b.jpg,11,bird,83,2013-12-08 17:25:12,701ed233-5567-11e8-b64b-dca9047ef277,2,3,2048,1494
58aa59e1-23d2-11e8-a6a3-ec086b02610b,58aa59e1-23d2-11e8-a6a3-ec086b02610b.jpg,11,bird,117,2013-11-25 11:54:00,701b69c7-5567-11e8-afb6-dca9047ef277,1,3,2048,1494
58aa5b1e-23d2-11e8-a6a3-ec086b02610b,58aa5b1e-23d2-11e8-a6a3-ec086b02610b.jpg,11,bird,76,2013-12-08 15:02:12,6f5478d7-5567-11e8-ac31-dca9047ef277,1,1,2048,1494
58ac0e62-23d2-11e8-a6a3-ec086b02610b,58ac0e62-23d2-11e8-a6a3-ec086b02610b.jpg,11,bird,82,2015-01-22 09:41:53,701a836e-5567-11e8-81f0-dca9047ef277,3,3,2048,1494
58adc1c0-23d2-11e8-a6a3-ec086b02610b,58adc1c0-23d2-11e8-a6a3-ec086b02610b.jpg,11,bird,134,2014-04-09 08:46:31,701069c5-5567-11e8-87bc-dca9047ef277,2,3,2048,1494
58adc329-23d2-11e8-a6a3-ec086b02610b,58adc329-23d2-11e8-a6a3-ec086b02610b.jpg,11,bird,92,2014-07-07 19:15:00,7018bff3-5567-11e8-a018-dca9047ef277,1,5,2048,1494
58adc446-23d2-11e8-a6a3-ec086b02610b,58adc446-23d2-11e8-a6a3-ec086b02610b.jpg,11,bird,120,2011-06-18 07:36:00,700d7200-5567-11e8-9eb8-dca9047ef277,1,1,2048,1536
58adc454-23d2-11e8-a6a3-ec086b02610b,58adc454-23d2-11e8-a6a3-ec086b02610b.jpg,11,bird,88,2011-06-19 14:19:13,6f139beb-5567-11e8-9765-dca9047ef277,3,3,2048,1494
58af74f5-23d2-11e8-a6a3-ec086b02610b,58af74f5-23d2-11e8-a6a3-ec086b02610b.jpg,11,bird,100,2011-04-07 09:49:01,6f1ebac7-5567-11e8-b250-dca9047ef277,3,3,2048,1494
58af7576-23d2-11e8-a6a3-ec086b02610b,58af7576-23d2-11e8-a6a3-ec086b02610b.jpg,11,bird,77,2014-08-31 07:23:22,701da7cf-5567-11e8-9450-dca9047ef277,2,3,2048,1494
58af75ee-23d2-11e8-a6a3-ec086b02610b,58af75ee-23d2-11e8-a6a3-ec086b02610b.jpg,11,bird,112,2012-01-28 12:05:14,6f0f10a1-5567-11e8-82f4-dca9047ef277,2,3,2048,1494
58af75f7-23d2-11e8-a6a3-ec086b02610b,58af75f7-23d2-11e8-a6a3-ec086b02610b.jpg,11,bird,104,2014-10-23 09:05:09,701d1a21-5567-11e8-b273-dca9047ef277,3,3,2048,1494
58af76e9-23d2-11e8-a6a3-ec086b02610b,58af76e9-23d2-11e8-a6a3-ec086b02610b.jpg,11,bird,118,2013-04-11 11:02:27,700abd3a-5567-11e8-817c-dca9047ef277,1,1,2560,1920
58af76ef-23d2-11e8-a6a3-ec086b02610b,58af76ef-23d2-11e8-a6a3-ec086b02610b.jpg,11,bird,118,2013-03-22 10:46:41,700aab23-5567-11e8-a41a-dca9047ef277,1,1,2560,1920
58af7744-23d2-11e8-a6a3-ec086b02610b,58af7744-23d2-11e8-a6a3-ec086b02610b.jpg,11,bird,134,2014-04-10 08:34:06,70106beb-5567-11e8-9f2b-dca9047ef277,1,3,2048,1494
58af786b-23d2-11e8-a6a3-ec086b02610b,58af786b-23d2-11e8-a6a3-ec086b02610b.jpg,11,bird,101,2014-10-10 15:25:09,701c32ae-5567-11e8-b11e-dca9047ef277,2,3,2048,1494
58b12f9a-23d2-11e8-a6a3-ec086b02610b,58b12f9a-23d2-11e8-a6a3-ec086b02610b.jpg,11,bird,86,2014-11-20 07:54:26,701998b3-5567-11e8-af5f-dca9047ef277,2,3,2048,1494
58b13025-23d2-11e8-a6a3-ec086b02610b,58b13025-23d2-11e8-a6a3-ec086b02610b.jpg,11,bird,121,2014-08-17 17:03:26,7018464f-5567-11e8-83a7-dca9047ef277,2,3,2048,1494
58b132ba-23d2-11e8-a6a3-ec086b02610b,58b132ba-23d2-11e8-a6a3-ec086b02610b.jpg,11,bird,106,2014-03-12 08:39:05,6f6fe6fa-5567-11e8-8aac-dca9047ef277,1,1,2048,1494
58b2ed6c-23d2-11e8-a6a3-ec086b02610b,58b2ed6c-23d2-11e8-a6a3-ec086b02610b.jpg,11,bird,96,2014-03-10 10:42:58,6f96e607-5567-11e8-b1bd-dca9047ef277,1,1,2048,1494
58b2edbf-23d2-11e8-a6a3-ec086b02610b,58b2edbf-23d2-11e8-a6a3-ec086b02610b.jpg,11,bird,114,2014-04-24 09:11:04,7000bb28-5567-11e8-bb98-dca9047ef277,1,1,2048,1494
58b2edd1-23d2-11e8-a6a3-ec086b02610b,58b2edd1-23d2-11e8-a6a3-ec086b02610b.jpg,11,bird,131,2014-10-28 07:44:23,701d4ec7-5567-11e8-bb47-dca9047ef277,2,3,2048,1494
58b2efa3-23d2-11e8-a6a3-ec086b02610b,58b2efa3-23d2-11e8-a6a3-ec086b02610b.jpg,11,bird,96,2013-10-15 09:23:24,6f90c19c-5567-11e8-84f3-dca9047ef277,1,1,2048,1494
58b2f055-23d2-11e8-a6a3-ec086b02610b,58b2f055-23d2-11e8-a6a3-ec086b02610b.jpg,11,bird,118,2013-03-29 12:24:22,700ab3f8-5567-11e8-9cbb-dca9047ef277,1,1,2560,1920
58b4a892-23d2-11e8-a6a3-ec086b02610b,58b4a892-23d2-11e8-a6a3-ec086b02610b.jpg,11,bird,106,2014-01-18 15:53:51,6f6d1114-5567-11e8-9ded-dca9047ef277,1,1,2048,1494
58b4a927-23d2-11e8-a6a3-ec086b02610b,58b4a927-23d2-11e8-a6a3-ec086b02610b.jpg,11,bird,96,2013-12-01 09:32:10,6f92b9fd-5567-11e8-a3d5-dca9047ef277,1,1,2048,1494
58b4aa2d-23d2-11e8-a6a3-ec086b02610b,58b4aa2d-23d2-11e8-a6a3-ec086b02610b.jpg,11,bird,120,2012-12-17 13:31:24,700ff430-5567-11e8-9ccd-dca9047ef277,1,1,2560,1920
58b663e2-23d2-11e8-a6a3-ec086b02610b,58b663e2-23d2-11e8-a6a3-ec086b02610b.jpg,11,bird,82,2014-12-06 09:42:35,701a7040-5567-11e8-9b09-dca9047ef277,2,3,2048,1494
58b6643b-23d2-11e8-a6a3-ec086b02610b,58b6643b-23d2-11e8-a6a3-ec086b02610b.jpg,11,bird,79,2014-09-13 06:55:42,7017a857-5567-11e8-9d69-dca9047ef277,3,3,2048,1494
58b8202d-23d2-11e8-a6a3-ec086b02610b,58b8202d-23d2-11e8-a6a3-ec086b02610b.jpg,11,bird,82,2014-12-16 08:24:33,701a7445-5567-11e8-8d90-dca9047ef277,3,3,2048,1494
58b8219a-23d2-11e8-a6a3-ec086b02610b,58b8219a-23d2-11e8-a6a3-ec086b02610b.jpg,11,bird,126,2014-09-22 10:31:16,701c0ed1-5567-11e8-ab2d-dca9047ef277,3,3,2048,1494
58b9d5a8-23d2-11e8-a6a3-ec086b02610b,58b9d5a8-23d2-11e8-a6a3-ec086b02610b.jpg,11,bird,137,2014-12-24 08:44:23,701a412e-5567-11e8-be77-dca9047ef277,1,3,2048,1494
58b9d6a5-23d2-11e8-a6a3-ec086b02610b,58b9d6a5-23d2-11e8-a6a3-ec086b02610b.jpg,11,bird,94,2013-09-04 16:12:28,7015cea1-5567-11e8-9e81-dca9047ef277,3,3,2048,1494
58bb8a66-23d2-11e8-a6a3-ec086b02610b,58bb8a66-23d2-11e8-a6a3-ec086b02610b.jpg,11,bird,81,2011-05-13 19:22:47,6f10ade1-5567-11e8-a2a5-dca9047ef277,1,3,2048,1494
58bb8ade-23d2-11e8-a6a3-ec086b02610b,58bb8ade-23d2-11e8-a6a3-ec086b02610b.jpg,11,bird,86,2014-12-17 08:36:13,70199ec2-5567-11e8-b489-dca9047ef277,3,3,2048,1494
58bb8d2a-23d2-11e8-a6a3-ec086b02610b,58bb8d2a-23d2-11e8-a6a3-ec086b02610b.jpg,11,bird,93,2014-11-03 08:02:55,701808a8-5567-11e8-b7ad-dca9047ef277,3,3,2048,1494
58bd1c83-23d2-11e8-a6a3-ec086b02610b,58bd1c83-23d2-11e8-a6a3-ec086b02610b.jpg,11,bird,79,2014-09-20 13:42:09,7017a93a-5567-11e8-9be6-dca9047ef277,1,3,2048,1494
58bea5a3-23d2-11e8-a6a3-ec086b02610b,58bea5a3-23d2-11e8-a6a3-ec086b02610b.jpg,11,bird,86,2015-01-11 16:57:43,7019b6d1-5567-11e8-bf71-dca9047ef277,2,3,2048,1494
58bea748-23d2-11e8-a6a3-ec086b02610b,58bea748-23d2-11e8-a6a3-ec086b02610b.jpg,11,bird,120,2012-10-27 09:35:51,700fb91e-5567-11e8-ab8b-dca9047ef277,1,1,2560,1920
58c034c7-23d2-11e8-a6a3-ec086b02610b,58c034c7-23d2-11e8-a6a3-ec086b02610b.jpg,11,bird,137,2015-01-16 14:26:11,701a57c0-5567-11e8-8a2c-dca9047ef277,2,3,2048,1494
58c03577-23d2-11e8-a6a3-ec086b02610b,58c03577-23d2-11e8-a6a3-ec086b02610b.jpg,11,bird,103,2012-05-03 13:00:35,6f1b57e8-5567-11e8-892e-dca9047ef277,2,3,2048,1494
58c036d2-23d2-11e8-a6a3-ec086b02610b,58c036d2-23d2-11e8-a6a3-ec086b02610b.jpg,11,bird,99,2013-08-11 10:43:29,701475f8-5567-11e8-b62e-dca9047ef277,1,3,2048,1494
58c1c05c-23d2-11e8-a6a3-ec086b02610b,58c1c05c-23d2-11e8-a6a3-ec086b02610b.jpg,11,bird,114,2014-04-28 17:43:36,7000e451-5567-11e8-8009-dca9047ef277,1,1,2048,1494
58c1c080-23d2-11e8-a6a3-ec086b02610b,58c1c080-23d2-11e8-a6a3-ec086b02610b.jpg,11,bird,131,2014-09-28 16:23:00,701d3882-5567-11e8-b2f9-dca9047ef277,1,3,2048,1494
58c1c0b4-23d2-11e8-a6a3-ec086b02610b,58c1c0b4-23d2-11e8-a6a3-ec086b02610b.jpg,11,bird,127,2014-10-21 12:22:34,7019d1a6-5567-11e8-9db6-dca9047ef277,3,3,2048,1494
58c1c1fe-23d2-11e8-a6a3-ec086b02610b,58c1c1fe-23d2-11e8-a6a3-ec086b02610b.jpg,11,bird,96,2014-06-16 17:06:38,6fc0bb0c-5567-11e8-969a-dca9047ef277,1,1,2048,1494
58c1c264-23d2-11e8-a6a3-ec086b02610b,58c1c264-23d2-11e8-a6a3-ec086b02610b.jpg,11,bird,87,2014-05-29 13:36:50,701ae08f-5567-11e8-99f2-dca9047ef277,3,3,2048,1494
58c1c390-23d2-11e8-a6a3-ec086b02610b,58c1c390-23d2-11e8-a6a3-ec086b02610b.jpg,11,bird,96,2014-01-31 16:00:00,6f954dd4-5567-11e8-a4ff-dca9047ef277,1,1,2048,1494
58c34c06-23d2-11e8-a6a3-ec086b02610b,58c34c06-23d2-11e8-a6a3-ec086b02610b.jpg,11,bird,97,2014-09-13 12:08:39,701b2c1c-5567-11e8-b5ae-dca9047ef277,3,3,2048,1494
58c34d71-23d2-11e8-a6a3-ec086b02610b,58c34d71-23d2-11e8-a6a3-ec086b02610b.jpg,11,bird,82,2014-12-01 13:44:27,701a5db3-5567-11e8-b9ea-dca9047ef277,1,3,2048,1494
58c34ed3-23d2-11e8-a6a3-ec086b02610b,58c34ed3-23d2-11e8-a6a3-ec086b02610b.jpg,11,bird,92,2014-07-16 09:28:11,7018cc68-5567-11e8-8781-dca9047ef277,4,5,2048,1494
58c4d5c6-23d2-11e8-a6a3-ec086b02610b,58c4d5c6-23d2-11e8-a6a3-ec086b02610b.jpg,11,bird,131,2014-09-28 16:22:57,701d3835-5567-11e8-8745-dca9047ef277,2,3,2048,1494
58c4d5ca-23d2-11e8-a6a3-ec086b02610b,58c4d5ca-23d2-11e8-a6a3-ec086b02610b.jpg,11,bird,130,2011-07-18 11:03:25,6f0cf0cc-5567-11e8-b1dd-dca9047ef277,1,3,2048,1494
58c4d5ce-23d2-11e8-a6a3-ec086b02610b,58c4d5ce-23d2-11e8-a6a3-ec086b02610b.jpg,11,bird,134,2014-03-27 11:51:07,7010683d-5567-11e8-bb24-dca9047ef277,2,3,2048,1494
58c4d679-23d2-11e8-a6a3-ec086b02610b,58c4d679-23d2-11e8-a6a3-ec086b02610b.jpg,11,bird,120,2012-09-07 13:48:31,700f808f-5567-11e8-9d50-dca9047ef277,1,1,2560,1920
58c4d71e-23d2-11e8-a6a3-ec086b02610b,58c4d71e-23d2-11e8-a6a3-ec086b02610b.jpg,11,bird,97,2014-09-15 10:05:37,701b2cba-5567-11e8-9e9d-dca9047ef277,2,3,2048,1494
58c4d728-23d2-11e8-a6a3-ec086b02610b,58c4d728-23d2-11e8-a6a3-ec086b02610b.jpg,11,bird,138,2013-11-27 08:03:35,701b4e4a-5567-11e8-b890-dca9047ef277,3,3,2048,1494
58c4d76b-23d2-11e8-a6a3-ec086b02610b,58c4d76b-23d2-11e8-a6a3-ec086b02610b.jpg,11,bird,94,2014-09-19 08:58:26,70168a99-5567-11e8-9e02-dca9047ef277,1,3,2048,1494
58c4d7da-23d2-11e8-a6a3-ec086b02610b,58c4d7da-23d2-11e8-a6a3-ec086b02610b.jpg,11,bird,81,2011-05-24 15:04:28,6f10bf2e-5567-11e8-87e1-dca9047ef277,3,3,2048,1494
58c66367-23d2-11e8-a6a3-ec086b02610b,58c66367-23d2-11e8-a6a3-ec086b02610b.jpg,11,bird,94,2013-09-18 09:09:29,7015dfe3-5567-11e8-9c7c-dca9047ef277,3,3,2048,1494
58c7ef65-23d2-11e8-a6a3-ec086b02610b,58c7ef65-23d2-11e8-a6a3-ec086b02610b.jpg,11,bird,135,2014-08-13 06:58:23,7016b9f0-5567-11e8-af21-dca9047ef277,2,3,2048,1494
58c7f0b7-23d2-11e8-a6a3-ec086b02610b,58c7f0b7-23d2-11e8-a6a3-ec086b02610b.jpg,11,bird,114,2013-12-03 11:14:34,6ff72c2b-5567-11e8-a2f8-dca9047ef277,1,1,2048,1494
58c7f0d9-23d2-11e8-a6a3-ec086b02610b,58c7f0d9-23d2-11e8-a6a3-ec086b02610b.jpg,11,bird,91,2014-03-31 12:59:07,7019d535-5567-11e8-9d77-dca9047ef277,1,3,2048,1494
58c7f24c-23d2-11e8-a6a3-ec086b02610b,58c7f24c-23d2-11e8-a6a3-ec086b02610b.jpg,11,bird,115,2011-07-01 10:59:46,6f117066-5567-11e8-b717-dca9047ef277,3,3,2048,1494
58c97ad7-23d2-11e8-a6a3-ec086b02610b,58c97ad7-23d2-11e8-a6a3-ec086b02610b.jpg,11,bird,120,2011-05-31 17:16:00,700d5661-5567-11e8-9e98-dca9047ef277,1,1,2048,1536
58c97b06-23d2-11e8-a6a3-ec086b02610b,58c97b06-23d2-11e8-a6a3-ec086b02610b.jpg,11,bird,99,2013-09-11 11:44:43,70147e23-5567-11e8-837d-dca9047ef277,3,3,2048,1494
58c97bf6-23d2-11e8-a6a3-ec086b02610b,58c97bf6-23d2-11e8-a6a3-ec086b02610b.jpg,11,bird,96,2014-01-27 07:57:00,6f952a99-5567-11e8-ab37-dca9047ef277,1,1,2048,1494
58c97d4b-23d2-11e8-a6a3-ec086b02610b,58c97d4b-23d2-11e8-a6a3-ec086b02610b.jpg,11,bird,75,2012-04-25 08:14:25,6efe21ca-5567-11e8-ac0b-dca9047ef277,2,3,2048,1494
58cb110a-23d2-11e8-a6a3-ec086b02610b,58cb110a-23d2-11e8-a6a3-ec086b02610b.jpg,11,bird,111,2013-08-29 08:53:43,70152a05-5567-11e8-83f4-dca9047ef277,2,3,2048,1494
58cb1190-23d2-11e8-a6a3-ec086b02610b,58cb1190-23d2-11e8-a6a3-ec086b02610b.jpg,11,bird,81,2011-05-22 16:00:16,6f10bbc7-5567-11e8-ad58-dca9047ef277,1,3,2048,1494
58cb1195-23d2-11e8-a6a3-ec086b02610b,58cb1195-23d2-11e8-a6a3-ec086b02610b.jpg,11,bird,81,2011-05-24 15:14:49,6f10c0e3-5567-11e8-982f-dca9047ef277,1,3,2048,1494
58cb130f-23d2-11e8-a6a3-ec086b02610b,58cb130f-23d2-11e8-a6a3-ec086b02610b.jpg,11,bird,126,2014-09-22 11:25:19,701c1205-5567-11e8-8b76-dca9047ef277,3,3,2048,1494
58cb132d-23d2-11e8-a6a3-ec086b02610b,58cb132d-23d2-11e8-a6a3-ec086b02610b.jpg,11,bird,99,2014-10-16 09:37:00,70148278-5567-11e8-a9ee-dca9047ef277,2,3,2048,1494
58cb1453-23d2-11e8-a6a3-ec086b02610b,58cb1453-23d2-11e8-a6a3-ec086b02610b.jpg,11,bird,111,2014-11-09 08:15:41,70154566-5567-11e8-bf5f-dca9047ef277,2,3,2048,1494
58cb147d-23d2-11e8-a6a3-ec086b02610b,58cb147d-23d2-11e8-a6a3-ec086b02610b.jpg,11,bird,79,2014-09-20 13:42:13,7017a98c-5567-11e8-9d82-dca9047ef277,1,3,2048,1494
58cca51e-23d2-11e8-a6a3-ec086b02610b,58cca51e-23d2-11e8-a6a3-ec086b02610b.jpg,11,bird,84,2014-05-08 08:33:04,701792b0-5567-11e8-8e86-dca9047ef277,3,3,2048,1494
58cca524-23d2-11e8-a6a3-ec086b02610b,58cca524-23d2-11e8-a6a3-ec086b02610b.jpg,11,bird,108,2012-06-01 20:09:39,6f152fbd-5567-11e8-baeb-dca9047ef277,3,3,2048,1494
58cca688-23d2-11e8-a6a3-ec086b02610b,58cca688-23d2-11e8-a6a3-ec086b02610b.jpg,11,bird,94,2013-10-26 09:27:42,701659cf-5567-11e8-9ef0-dca9047ef277,2,3,2048,1494
58ce3dad-23d2-11e8-a6a3-ec086b02610b,58ce3dad-23d2-11e8-a6a3-ec086b02610b.jpg,11,bird,117,2013-12-22 12:54:55,701b9cc2-5567-11e8-9eeb-dca9047ef277,3,3,2048,1494
58ce3e2f-23d2-11e8-a6a3-ec086b02610b,58ce3e2f-23d2-11e8-a6a3-ec086b02610b.jpg,11,bird,96,2013-11-28 10:08:07,6f929da8-5567-11e8-8dd0-dca9047ef277,1,1,2048,1494
58ce3f61-23d2-11e8-a6a3-ec086b02610b,58ce3f61-23d2-11e8-a6a3-ec086b02610b.jpg,11,bird,124,2014-03-14 11:48:48,7010d435-5567-11e8-b0a7-dca9047ef277,1,3,2048,1494
58cfc9df-23d2-11e8-a6a3-ec086b02610b,58cfc9df-23d2-11e8-a6a3-ec086b02610b.jpg,11,bird,115,2011-08-01 09:25:42,6f11921e-5567-11e8-944b-dca9047ef277,2,3,2048,1494
58cfcacc-23d2-11e8-a6a3-ec086b02610b,58cfcacc-23d2-11e8-a6a3-ec086b02610b.jpg,11,bird,93,2014-11-07 10:07:09,70180b1e-5567-11e8-aca4-dca9047ef277,1,3,2048,1494
58cfccbb-23d2-11e8-a6a3-ec086b02610b,58cfccbb-23d2-11e8-a6a3-ec086b02610b.jpg,11,bird,117,2013-11-25 11:46:56,701b6926-5567-11e8-b9ad-dca9047ef277,3,3,2048,1494
58d15f41-23d2-11e8-a6a3-ec086b02610b,58d15f41-23d2-11e8-a6a3-ec086b02610b.jpg,11,bird,88,2011-07-17 10:26:44,6f13c4f8-5567-11e8-8fe6-dca9047ef277,2,3,2048,1494
58d15f5b-23d2-11e8-a6a3-ec086b02610b,58d15f5b-23d2-11e8-a6a3-ec086b02610b.jpg,11,bird,137,2015-01-04 09:26:45,701a480c-5567-11e8-a8b4-dca9047ef277,3,3,2048,1494
58d15fd1-23d2-11e8-a6a3-ec086b02610b,58d15fd1-23d2-11e8-a6a3-ec086b02610b.jpg,11,bird,99,2013-08-16 09:28:59,70147847-5567-11e8-b569-dca9047ef277,1,3,2048,1494
58d1601a-23d2-11e8-a6a3-ec086b02610b,58d1601a-23d2-11e8-a6a3-ec086b02610b.jpg,11,bird,93,2014-02-22 08:00:25,7018085c-5567-11e8-b00e-dca9047ef277,3,3,2048,1494
58d160cc-23d2-11e8-a6a3-ec086b02610b,58d160cc-23d2-11e8-a6a3-ec086b02610b.jpg,11,bird,97,2013-12-06 11:28:37,701b298f-5567-11e8-aa43-dca9047ef277,2,3,2048,1494
58d160e0-23d2-11e8-a6a3-ec086b02610b,58d160e0-23d2-11e8-a6a3-ec086b02610b.jpg,11,bird,116,2014-12-03 08:11:11,70132719-5567-11e8-9c7b-dca9047ef277,3,3,2048,1494
58d16212-23d2-11e8-a6a3-ec086b02610b,58d16212-23d2-11e8-a6a3-ec086b02610b.jpg,11,bird,96,2014-03-19 10:07:11,6f974c4c-5567-11e8-b0c7-dca9047ef277,1,1,2048,1494
58d2ea3f-23d2-11e8-a6a3-ec086b02610b,58d2ea3f-23d2-11e8-a6a3-ec086b02610b.jpg,11,bird,100,2011-06-05 08:35:32,6f1eea0f-5567-11e8-b3d4-dca9047ef277,2,3,2048,1494
58d2eb9b-23d2-11e8-a6a3-ec086b02610b,58d2eb9b-23d2-11e8-a6a3-ec086b02610b.jpg,11,bird,100,2010-06-02 11:48:29,6f1d1d0a-5567-11e8-8e3c-dca9047ef277,1,5,2048,1494
58d2ec42-23d2-11e8-a6a3-ec086b02610b,58d2ec42-23d2-11e8-a6a3-ec086b02610b.jpg,11,bird,129,2014-05-26 09:45:54,70184edc-5567-11e8-9c66-dca9047ef277,2,3,2048,1494
58d2ecf4-23d2-11e8-a6a3-ec086b02610b,58d2ecf4-23d2-11e8-a6a3-ec086b02610b.jpg,11,bird,123,2015-03-28 10:30:55,701b1c40-5567-11e8-a92a-dca9047ef277,1,5,800,584
58d47d1c-23d2-11e8-a6a3-ec086b02610b,58d47d1c-23d2-11e8-a6a3-ec086b02610b.jpg,11,bird,81,2011-04-25 18:22:08,6f10a002-5567-11e8-9e97-dca9047ef277,2,3,2048,1494
58d47df9-23d2-11e8-a6a3-ec086b02610b,58d47df9-23d2-11e8-a6a3-ec086b02610b.jpg,11,bird,89,2012-05-08 11:15:04,6f10f9e3-5567-11e8-8ce4-dca9047ef277,3,3,2048,1494
58d47e73-23d2-11e8-a6a3-ec086b02610b,58d47e73-23d2-11e8-a6a3-ec086b02610b.jpg,11,bird,97,2013-11-26 12:39:43,701b28f0-5567-11e8-bd0f-dca9047ef277,3,3,2048,1494
58d47eb0-23d2-11e8-a6a3-ec086b02610b,58d47eb0-23d2-11e8-a6a3-ec086b02610b.jpg,11,bird,115,2011-07-01 10:59:50,6f1170c2-5567-11e8-8472-dca9047ef277,1,3,2048,1494
58d61337-23d2-11e8-a6a3-ec086b02610b,58d61337-23d2-11e8-a6a3-ec086b02610b.jpg,11,bird,137,2015-01-16 08:34:42,701a55b0-5567-11e8-9f7f-dca9047ef277,1,3,2048,1494
58d614c3-23d2-11e8-a6a3-ec086b02610b,58d614c3-23d2-11e8-a6a3-ec086b02610b.jpg,11,bird,123,2013-12-27 08:08:46,701b0187-5567-11e8-8662-dca9047ef277,3,3,2048,1494
58d61580-23d2-11e8-a6a3-ec086b02610b,58d61580-23d2-11e8-a6a3-ec086b02610b.jpg,11,bird,106,2013-11-03 12:18:21,6f6927cc-5567-11e8-9c86-dca9047ef277,1,1,2048,1494
58d7a2f4-23d2-11e8-a6a3-ec086b02610b,58d7a2f4-23d2-11e8-a6a3-ec086b02610b.jpg,11,bird,87,2014-10-06 09:13:09,701af997-5567-11e8-bf0c-dca9047ef277,2,3,2048,1494
58d7a351-23d2-11e8-a6a3-ec086b02610b,58d7a351-23d2-11e8-a6a3-ec086b02610b.jpg,11,bird,111,2014-11-09 08:10:56,70153eae-5567-11e8-b405-dca9047ef277,2,3,2048,1494
58d7a3ab-23d2-11e8-a6a3-ec086b02610b,58d7a3ab-23d2-11e8-a6a3-ec086b02610b.jpg,11,bird,88,2011-07-01 11:11:55,6f13b0f8-5567-11e8-a765-dca9047ef277,2,3,2048,1494
58d92f4b-23d2-11e8-a6a3-ec086b02610b,58d92f4b-23d2-11e8-a6a3-ec086b02610b.jpg,11,bird,100,2011-01-13 13:13:37,6f1e12c0-5567-11e8-88fa-dca9047ef277,1,3,2048,1494
58d93097-23d2-11e8-a6a3-ec086b02610b,58d93097-23d2-11e8-a6a3-ec086b02610b.jpg,11,bird,123,2015-03-28 10:31:56,701b1cf0-5567-11e8-8a47-dca9047ef277,5,5,800,584
58d930e3-23d2-11e8-a6a3-ec086b02610b,58d930e3-23d2-11e8-a6a3-ec086b02610b.jpg,11,bird,111,2014-11-09 08:11:24,70154097-5567-11e8-ae6c-dca9047ef277,1,3,2048,1494
58d931dd-23d2-11e8-a6a3-ec086b02610b,58d931dd-23d2-11e8-a6a3-ec086b02610b.jpg,11,bird,131,2014-10-16 12:18:18,701d448c-5567-11e8-8e10-dca9047ef277,3,3,2048,1494
58dc4cbe-23d2-11e8-a6a3-ec086b02610b,58dc4cbe-23d2-11e8-a6a3-ec086b02610b.jpg,11,bird,88,2012-02-24 09:50:19,6f147485-5567-11e8-8080-dca9047ef277,3,3,2048,1494
58dc4d89-23d2-11e8-a6a3-ec086b02610b,58dc4d89-23d2-11e8-a6a3-ec086b02610b.jpg,11,bird,99,2013-08-27 11:31:54,70147d28-5567-11e8-bf38-dca9047ef277,3,3,2048,1494
58ddd548-23d2-11e8-a6a3-ec086b02610b,58ddd548-23d2-11e8-a6a3-ec086b02610b.jpg,11,bird,92,2014-07-29 15:42:54,7018e0a3-5567-11e8-acce-dca9047ef277,2,5,2048,1494
58ddd85b-23d2-11e8-a6a3-ec086b02610b,58ddd85b-23d2-11e8-a6a3-ec086b02610b.jpg,11,bird,76,2014-04-13 14:27:46,6f5c5da6-5567-11e8-86f3-dca9047ef277,1,1,2048,1494
58ddd8ab-23d2-11e8-a6a3-ec086b02610b,58ddd8ab-23d2-11e8-a6a3-ec086b02610b.jpg,11,bird,126,2014-09-22 16:33:53,701c16ab-5567-11e8-be30-dca9047ef277,3,3,2048,1494
58df6738-23d2-11e8-a6a3-ec086b02610b,58df6738-23d2-11e8-a6a3-ec086b02610b.jpg,11,bird,97,2014-10-02 18:38:47,701b2efd-5567-11e8-bc18-dca9047ef277,1,3,2048,1494
58df6a35-23d2-11e8-a6a3-ec086b02610b,58df6a35-23d2-11e8-a6a3-ec086b02610b.jpg,11,bird,106,2014-01-22 14:23:57,6f6d4d6e-5567-11e8-a2c5-dca9047ef277,1,1,2048,1494
58df6acd-23d2-11e8-a6a3-ec086b02610b,58df6acd-23d2-11e8-a6a3-ec086b02610b.jpg,11,bird,87,2014-06-05 15:50:55,701aec82-5567-11e8-8dd6-dca9047ef277,1,3,2048,1494
58e0f50b-23d2-11e8-a6a3-ec086b02610b,58e0f50b-23d2-11e8-a6a3-ec086b02610b.jpg,11,bird,108,2011-04-29 20:11:13,6f14b8b8-5567-11e8-afcb-dca9047ef277,1,3,2048,1494
58e0f65b-23d2-11e8-a6a3-ec086b02610b,58e0f65b-23d2-11e8-a6a3-ec086b02610b.jpg,11,bird,126,2014-09-22 16:34:25,701c1851-5567-11e8-a49f-dca9047ef277,3,3,2048,1494
58e0f69a-23d2-11e8-a6a3-ec086b02610b,58e0f69a-23d2-11e8-a6a3-ec086b02610b.jpg,11,bird,88,2011-12-09 09:23:28,6f142d4f-5567-11e8-8598-dca9047ef277,1,3,2048,1494
58e281ba-23d2-11e8-a6a3-ec086b02610b,58e281ba-23d2-11e8-a6a3-ec086b02610b.jpg,11,bird,104,2014-06-24 17:56:28,701d1259-5567-11e8-8512-dca9047ef277,3,3,2048,1494
58e2838c-23d2-11e8-a6a3-ec086b02610b,58e2838c-23d2-11e8-a6a3-ec086b02610b.jpg,11,bird,137,2015-01-05 13:46:21,701a49a6-5567-11e8-bbce-dca9047ef277,3,3,2048,1494
58e40d18-23d2-11e8-a6a3-ec086b02610b,58e40d18-23d2-11e8-a6a3-ec086b02610b.jpg,11,bird,85,2015-05-13 09:59:09,7010c22b-5567-11e8-a15b-dca9047ef277,2,3,2048,1494
58e40d8d-23d2-11e8-a6a3-ec086b02610b,58e40d8d-23d2-11e8-a6a3-ec086b02610b.jpg,11,bird,136,2014-03-14 08:23:28,701e4e5e-5567-11e8-9a34-dca9047ef277,3,3,800,584
58e40e10-23d2-11e8-a6a3-ec086b02610b,58e40e10-23d2-11e8-a6a3-ec086b02610b.jpg,11,bird,92,2014-07-29 15:42:58,7018e0f3-5567-11e8-a177-dca9047ef277,2,5,2048,1494
58e40e25-23d2-11e8-a6a3-ec086b02610b,58e40e25-23d2-11e8-a6a3-ec086b02610b.jpg,11,bird,135,2014-08-24 06:55:04,7016c897-5567-11e8-9ea6-dca9047ef277,2,3,2048,1494
58e40eed-23d2-11e8-a6a3-ec086b02610b,58e40eed-23d2-11e8-a6a3-ec086b02610b.jpg,11,bird,138,2013-12-15 17:47:45,701b5166-5567-11e8-9091-dca9047ef277,3,3,2048,1494
58e59784-23d2-11e8-a6a3-ec086b02610b,58e59784-23d2-11e8-a6a3-ec086b02610b.jpg,11,bird,100,2011-04-07 09:48:54,6f1eba7a-5567-11e8-bd1c-dca9047ef277,3,3,2048,1494
58e599a2-23d2-11e8-a6a3-ec086b02610b,58e599a2-23d2-11e8-a6a3-ec086b02610b.jpg,11,bird,107,2011-06-23 09:05:37,6f0da22e-5567-11e8-bb3c-dca9047ef277,3,3,2048,1494
58e599f6-23d2-11e8-a6a3-ec086b02610b,58e599f6-23d2-11e8-a6a3-ec086b02610b.jpg,11,bird,114,2014-06-17 09:34:48,70037c0a-5567-11e8-96f3-dca9047ef277,1,1,2048,1494
58e59a9b-23d2-11e8-a6a3-ec086b02610b,58e59a9b-23d2-11e8-a6a3-ec086b02610b.jpg,11,bird,111,2014-11-09 08:11:18,7015403d-5567-11e8-944f-dca9047ef277,2,3,2048,1494
58e722ea-23d2-11e8-a6a3-ec086b02610b,58e722ea-23d2-11e8-a6a3-ec086b02610b.jpg,11,bird,137,2014-12-09 07:25:43,701a32c2-5567-11e8-ac0f-dca9047ef277,3,3,2048,1494
58e723c9-23d2-11e8-a6a3-ec086b02610b,58e723c9-23d2-11e8-a6a3-ec086b02610b.jpg,11,bird,114,2014-09-29 10:51:32,70077a6b-5567-11e8-a5ab-dca9047ef277,1,1,2048,1494
58e725ef-23d2-11e8-a6a3-ec086b02610b,58e725ef-23d2-11e8-a6a3-ec086b02610b.jpg,11,bird,94,2013-10-11 05:55:49,701624ae-5567-11e8-9ac0-dca9047ef277,1,3,2048,1494
58e72601-23d2-11e8-a6a3-ec086b02610b,58e72601-23d2-11e8-a6a3-ec086b02610b.jpg,11,bird,93,2014-01-22 09:56:22,7017c782-5567-11e8-814d-dca9047ef277,2,3,2048,1494
58e93835-23d2-11e8-a6a3-ec086b02610b,58e93835-23d2-11e8-a6a3-ec086b02610b.jpg,11,bird,77,2014-08-31 07:22:57,701da723-5567-11e8-9e06-dca9047ef277,3,3,2048,1494
58e93836-23d2-11e8-a6a3-ec086b02610b,58e93836-23d2-11e8-a6a3-ec086b02610b.jpg,11,bird,135,2014-08-27 06:26:44,7016cabd-5567-11e8-95f8-dca9047ef277,3,3,2048,1494
58e93975-23d2-11e8-a6a3-ec086b02610b,58e93975-23d2-11e8-a6a3-ec086b02610b.jpg,11,bird,120,2013-01-18 16:19:01,70100b6e-5567-11e8-b93f-dca9047ef277,1,1,2560,1920
58e939c1-23d2-11e8-a6a3-ec086b02610b,58e939c1-23d2-11e8-a6a3-ec086b02610b.jpg,11,bird,137,2014-12-16 17:28:13,701a3d82-5567-11e8-9758-dca9047ef277,3,3,2048,1494
58e93aa9-23d2-11e8-a6a3-ec086b02610b,58e93aa9-23d2-11e8-a6a3-ec086b02610b.jpg,11,bird,106,2013-12-24 13:02:57,6f6baf57-5567-11e8-a702-dca9047ef277,1,1,2048,1494
58e93b12-23d2-11e8-a6a3-ec086b02610b,58e93b12-23d2-11e8-a6a3-ec086b02610b.jpg,11,bird,97,2013-12-02 08:20:52,701b2940-5567-11e8-b7b5-dca9047ef277,3,3,2048,1494
58eac99d-23d2-11e8-a6a3-ec086b02610b,58eac99d-23d2-11e8-a6a3-ec086b02610b.jpg,11,bird,115,2011-08-05 17:53:24,6f1195a3-5567-11e8-a74c-dca9047ef277,3,3,2048,1494
58eaca2e-23d2-11e8-a6a3-ec086b02610b,58eaca2e-23d2-11e8-a6a3-ec086b02610b.jpg,11,bird,82,2014-08-03 09:00:02,701a586e-5567-11e8-9fe4-dca9047ef277,1,3,2048,1494
58eaca81-23d2-11e8-a6a3-ec086b02610b,58eaca81-23d2-11e8-a6a3-ec086b02610b.jpg,11,bird,120,2012-12-17 12:01:53,700ff366-5567-11e8-bfee-dca9047ef277,1,1,2560,1920
58eacaff-23d2-11e8-a6a3-ec086b02610b,58eacaff-23d2-11e8-a6a3-ec086b02610b.jpg,11,bird,124,2014-03-26 09:21:41,7010d4ca-5567-11e8-a284-dca9047ef277,3,3,2048,1494
58ec5751-23d2-11e8-a6a3-ec086b02610b,58ec5751-23d2-11e8-a6a3-ec086b02610b.jpg,11,bird,134,2014-03-27 11:48:12,70106621-5567-11e8-be1b-dca9047ef277,3,3,2048,1494
58ede133-23d2-11e8-a6a3-ec086b02610b,58ede133-23d2-11e8-a6a3-ec086b02610b.jpg,11,bird,136,2014-03-14 07:04:13,701e3a7a-5567-11e8-8a97-dca9047ef277,3,3,800,584
58ede35f-23d2-11e8-a6a3-ec086b02610b,58ede35f-23d2-11e8-a6a3-ec086b02610b.jpg,11,bird,96,2014-03-07 10:37:51,6f96ba51-5567-11e8-94cf-dca9047ef277,1,1,2048,1494
58ede388-23d2-11e8-a6a3-ec086b02610b,58ede388-23d2-11e8-a6a3-ec086b02610b.jpg,11,bird,82,2014-08-03 09:00:04,701a58ba-5567-11e8-9022-dca9047ef277,3,3,2048,1494
58ef6dea-23d2-11e8-a6a3-ec086b02610b,58ef6dea-23d2-11e8-a6a3-ec086b02610b.jpg,11,bird,120,2012-09-30 08:36:53,700f9b97-5567-11e8-b83f-dca9047ef277,1,1,2560,1920
58ef6e2d-23d2-11e8-a6a3-ec086b02610b,58ef6e2d-23d2-11e8-a6a3-ec086b02610b.jpg,11,bird,134,2014-04-10 07:36:01,70106b02-5567-11e8-91b1-dca9047ef277,1,3,2048,1494
58ef6f19-23d2-11e8-a6a3-ec086b02610b,58ef6f19-23d2-11e8-a6a3-ec086b02610b.jpg,11,bird,76,2014-07-08 12:09:33,6f61dacf-5567-11e8-ba1e-dca9047ef277,1,1,2048,1494
58ef6f34-23d2-11e8-a6a3-ec086b02610b,58ef6f34-23d2-11e8-a6a3-ec086b02610b.jpg,11,bird,131,2014-05-18 13:03:56,701d2342-5567-11e8-8904-dca9047ef277,1,3,2048,1494
58f105c3-23d2-11e8-a6a3-ec086b02610b,58f105c3-23d2-11e8-a6a3-ec086b02610b.jpg,11,bird,100,2010-06-02 11:03:19,6f1d1cba-5567-11e8-8b95-dca9047ef277,4,5,2048,1494
58f10971-23d2-11e8-a6a3-ec086b02610b,58f10971-23d2-11e8-a6a3-ec086b02610b.jpg,11,bird,138,2013-12-02 17:41:28,701b50c7-5567-11e8-84b1-dca9047ef277,3,3,2048,1494
58f2934a-23d2-11e8-a6a3-ec086b02610b,58f2934a-23d2-11e8-a6a3-ec086b02610b.jpg,11,bird,84,2014-05-12 18:31:46,70179563-5567-11e8-9135-dca9047ef277,2,3,2048,1494
58f294e9-23d2-11e8-a6a3-ec086b02610b,58f294e9-23d2-11e8-a6a3-ec086b02610b.jpg,11,bird,96,2013-09-28 08:39:59,6f9012b0-5567-11e8-a0a3-dca9047ef277,1,1,2048,1494
58f29540-23d2-11e8-a6a3-ec086b02610b,58f29540-23d2-11e8-a6a3-ec086b02610b.jpg,11,bird,87,2014-05-18 13:55:48,701acc51-5567-11e8-a5ee-dca9047ef277,1,3,2048,1494
58f29688-23d2-11e8-a6a3-ec086b02610b,58f29688-23d2-11e8-a6a3-ec086b02610b.jpg,11,bird,84,2014-04-26 09:57:52,70178311-5567-11e8-a57b-dca9047ef277,2,3,2048,1494
58f42170-23d2-11e8-a6a3-ec086b02610b,58f42170-23d2-11e8-a6a3-ec086b02610b.jpg,11,bird,120,2013-05-02 10:11:24,701053ba-5567-11e8-aa1d-dca9047ef277,1,1,2560,1920
58f421c0-23d2-11e8-a6a3-ec086b02610b,58f421c0-23d2-11e8-a6a3-ec086b02610b.jpg,11,bird,114,2014-09-15 19:29:07,7006f2cc-5567-11e8-9b35-dca9047ef277,1,1,2048,1494
58f422a2-23d2-11e8-a6a3-ec086b02610b,58f422a2-23d2-11e8-a6a3-ec086b02610b.jpg,11,bird,137,2014-12-15 10:31:18,701a390f-5567-11e8-b79d-dca9047ef277,3,3,2048,1494
58f42356-23d2-11e8-a6a3-ec086b02610b,58f42356-23d2-11e8-a6a3-ec086b02610b.jpg,11,bird,82,2014-12-04 09:59:49,701a5eb5-5567-11e8-82bf-dca9047ef277,2,3,2048,1494
58f423ec-23d2-11e8-a6a3-ec086b02610b,58f423ec-23d2-11e8-a6a3-ec086b02610b.jpg,11,bird,116,2014-12-24 08:49:55,701330d1-5567-11e8-90a8-dca9047ef277,3,3,2048,1494
58f5afb9-23d2-11e8-a6a3-ec086b02610b,58f5afb9-23d2-11e8-a6a3-ec086b02610b.jpg,11,bird,86,2014-12-20 11:19:43,7019a54a-5567-11e8-ab9a-dca9047ef277,2,3,2048,1494
58f5b06c-23d2-11e8-a6a3-ec086b02610b,58f5b06c-23d2-11e8-a6a3-ec086b02610b.jpg,11,bird,123,2015-03-28 10:30:11,701b1a40-5567-11e8-8c19-dca9047ef277,4,5,800,584
58f5b0b2-23d2-11e8-a6a3-ec086b02610b,58f5b0b2-23d2-11e8-a6a3-ec086b02610b.jpg,11,bird,86,2014-12-18 09:01:29,7019a0fa-5567-11e8-9383-dca9047ef277,2,3,2048,1494
58f5b0bd-23d2-11e8-a6a3-ec086b02610b,58f5b0bd-23d2-11e8-a6a3-ec086b02610b.jpg,11,bird,112,2012-01-28 12:01:20,6f0f1047-5567-11e8-8eed-dca9047ef277,2,3,2048,1494
58f5b25a-23d2-11e8-a6a3-ec086b02610b,58f5b25a-23d2-11e8-a6a3-ec086b02610b.jpg,11,bird,78,2011-05-29 14:50:58,6f1b7e6e-5567-11e8-93b6-dca9047ef277,3,3,2048,1494
58f73d2a-23d2-11e8-a6a3-ec086b02610b,58f73d2a-23d2-11e8-a6a3-ec086b02610b.jpg,11,bird,136,2014-02-13 17:13:30,701e029e-5567-11e8-84e0-dca9047ef277,1,3,800,584
58f73e6a-23d2-11e8-a6a3-ec086b02610b,58f73e6a-23d2-11e8-a6a3-ec086b02610b.jpg,11,bird,134,2014-03-27 11:51:04,701067f8-5567-11e8-9cfe-dca9047ef277,2,3,2048,1494
58f8cdc5-23d2-11e8-a6a3-ec086b02610b,58f8cdc5-23d2-11e8-a6a3-ec086b02610b.jpg,11,bird,130,2011-06-07 09:17:20,6f0ce547-5567-11e8-abc2-dca9047ef277,1,3,2048,1494
58f8cdd8-23d2-11e8-a6a3-ec086b02610b,58f8cdd8-23d2-11e8-a6a3-ec086b02610b.jpg,11,bird,136,2014-02-08 07:08:12,701de98c-5567-11e8-bd4c-dca9047ef277,3,3,800,584
58f8ce84-23d2-11e8-a6a3-ec086b02610b,58f8ce84-23d2-11e8-a6a3-ec086b02610b.jpg,11,bird,137,2015-01-05 13:46:14,701a4959-5567-11e8-9e4f-dca9047ef277,1,3,2048,1494
58f8cec3-23d2-11e8-a6a3-ec086b02610b,58f8cec3-23d2-11e8-a6a3-ec086b02610b.jpg,11,bird,117,2014-04-19 08:40:46,701bd033-5567-11e8-9a6d-dca9047ef277,2,3,2048,1494
58f8cf1e-23d2-11e8-a6a3-ec086b02610b,58f8cf1e-23d2-11e8-a6a3-ec086b02610b.jpg,11,bird,94,2013-10-09 09:21:15,701618a6-5567-11e8-bf35-dca9047ef277,3,3,2048,1494
58f8d001-23d2-11e8-a6a3-ec086b02610b,58f8d001-23d2-11e8-a6a3-ec086b02610b.jpg,11,bird,135,2014-08-21 07:27:33,7016c538-5567-11e8-959c-dca9047ef277,3,3,2048,1494
58f8d040-23d2-11e8-a6a3-ec086b02610b,58f8d040-23d2-11e8-a6a3-ec086b02610b.jpg,11,bird,100,2010-06-25 11:51:04,6f1d3857-5567-11e8-ba2e-dca9047ef277,2,5,2048,1494
58fa5e58-23d2-11e8-a6a3-ec086b02610b,58fa5e58-23d2-11e8-a6a3-ec086b02610b.jpg,11,bird,117,2013-11-11 06:59:18,701b639c-5567-11e8-8b51-dca9047ef277,1,3,2048,1494
58fbec41-23d2-11e8-a6a3-ec086b02610b,58fbec41-23d2-11e8-a6a3-ec086b02610b.jpg,11,bird,124,2014-04-01 14:36:02,7010d6fa-5567-11e8-95de-dca9047ef277,3,3,2048,1494
58fd7cfe-23d2-11e8-a6a3-ec086b02610b,58fd7cfe-23d2-11e8-a6a3-ec086b02610b.jpg,11,bird,118,2013-04-07 08:26:55,700abc21-5567-11e8-89db-dca9047ef277,1,1,2560,1920
58fd7db3-23d2-11e8-a6a3-ec086b02610b,58fd7db3-23d2-11e8-a6a3-ec086b02610b.jpg,11,bird,131,2014-09-05 15:23:57,701d266e-5567-11e8-9f98-dca9047ef277,1,3,2048,1494
58fd7e13-23d2-11e8-a6a3-ec086b02610b,58fd7e13-23d2-11e8-a6a3-ec086b02610b.jpg,11,bird,121,2014-03-03 15:30:38,70183dc0-5567-11e8-8c66-dca9047ef277,1,3,2048,1494
58fd7e70-23d2-11e8-a6a3-ec086b02610b,58fd7e70-23d2-11e8-a6a3-ec086b02610b.jpg,11,bird,97,2013-11-26 12:39:37,701b289e-5567-11e8-9d4f-dca9047ef277,2,3,2048,1494
58ff0d08-23d2-11e8-a6a3-ec086b02610b,58ff0d08-23d2-11e8-a6a3-ec086b02610b.jpg,11,bird,136,2014-02-13 14:13:40,701df314-5567-11e8-9b5e-dca9047ef277,3,3,800,584
58ff0dc4-23d2-11e8-a6a3-ec086b02610b,58ff0dc4-23d2-11e8-a6a3-ec086b02610b.jpg,11,bird,99,2013-09-11 11:44:35,70147dd1-5567-11e8-8801-dca9047ef277,3,3,2048,1494
58ff1001-23d2-11e8-a6a3-ec086b02610b,58ff1001-23d2-11e8-a6a3-ec086b02610b.jpg,11,bird,92,2014-07-07 19:14:57,7018bfa1-5567-11e8-afd8-dca9047ef277,5,5,2048,1494
5900a194-23d2-11e8-a6a3-ec086b02610b,5900a194-23d2-11e8-a6a3-ec086b02610b.jpg,11,bird,126,2014-09-22 16:31:57,701c144a-5567-11e8-8c43-dca9047ef277,1,3,2048,1494
5900a20b-23d2-11e8-a6a3-ec086b02610b,5900a20b-23d2-11e8-a6a3-ec086b02610b.jpg,11,bird,97,2014-09-03 06:54:04,701b29e1-5567-11e8-b0d9-dca9047ef277,3,3,2048,1494
5900a302-23d2-11e8-a6a3-ec086b02610b,5900a302-23d2-11e8-a6a3-ec086b02610b.jpg,11,bird,92,2014-07-07 19:14:39,7018beee-5567-11e8-a63e-dca9047ef277,2,5,2048,1494
5900a3d7-23d2-11e8-a6a3-ec086b02610b,5900a3d7-23d2-11e8-a6a3-ec086b02610b.jpg,11,bird,84,2014-09-21 10:38:30,7017a11c-5567-11e8-a325-dca9047ef277,1,3,2048,1494
59023675-23d2-11e8-a6a3-ec086b02610b,59023675-23d2-11e8-a6a3-ec086b02610b.jpg,11,bird,86,2015-01-02 09:46:11,7019b0ae-5567-11e8-8a01-dca9047ef277,3,3,2048,1494
590237a6-23d2-11e8-a6a3-ec086b02610b,590237a6-23d2-11e8-a6a3-ec086b02610b.jpg,11,bird,108,2011-05-22 23:33:29,6f14c24a-5567-11e8-8f65-dca9047ef277,2,3,2048,1494
590237b8-23d2-11e8-a6a3-ec086b02610b,590237b8-23d2-11e8-a6a3-ec086b02610b.jpg,11,bird,131,2014-10-26 14:06:48,701d4911-5567-11e8-aa8a-dca9047ef277,2,3,2048,1494
59023832-23d2-11e8-a6a3-ec086b02610b,59023832-23d2-11e8-a6a3-ec086b02610b.jpg,11,bird,99,2014-10-07 10:20:42,70148228-5567-11e8-9e3a-dca9047ef277,1,3,2048,1494
5903cba4-23d2-11e8-a6a3-ec086b02610b,5903cba4-23d2-11e8-a6a3-ec086b02610b.jpg,11,bird,127,2013-12-10 08:57:17,7019cc8a-5567-11e8-874c-dca9047ef277,1,3,2048,1494
5903cc2f-23d2-11e8-a6a3-ec086b02610b,5903cc2f-23d2-11e8-a6a3-ec086b02610b.jpg,11,bird,114,2014-04-28 17:43:38,7000e499-5567-11e8-b622-dca9047ef277,1,1,2048,1494
5903cc89-23d2-11e8-a6a3-ec086b02610b,5903cc89-23d2-11e8-a6a3-ec086b02610b.jpg,11,bird,124,2014-04-01 14:35:49,7010d6ab-5567-11e8-8caa-dca9047ef277,2,3,2048,1494
5903cd09-23d2-11e8-a6a3-ec086b02610b,5903cd09-23d2-11e8-a6a3-ec086b02610b.jpg,11,bird,96,2014-03-10 10:38:59,6f96e5c2-5567-11e8-8688-dca9047ef277,1,1,2048,1494
5903cd5b-23d2-11e8-a6a3-ec086b02610b,5903cd5b-23d2-11e8-a6a3-ec086b02610b.jpg,11,bird,85,2014-11-15 15:03:47,7010bf11-5567-11e8-8bd1-dca9047ef277,2,3,2048,1494
59055db8-23d2-11e8-a6a3-ec086b02610b,59055db8-23d2-11e8-a6a3-ec086b02610b.jpg,11,bird,112,2011-06-11 08:53:36,6f0e8466-5567-11e8-9acc-dca9047ef277,1,3,2048,1494
59056033-23d2-11e8-a6a3-ec086b02610b,59056033-23d2-11e8-a6a3-ec086b02610b.jpg,11,bird,114,2013-12-11 10:06:47,6ff7ba3d-5567-11e8-a49a-dca9047ef277,1,1,2048,1494
59056049-23d2-11e8-a6a3-ec086b02610b,59056049-23d2-11e8-a6a3-ec086b02610b.jpg,11,bird,121,2014-03-24 12:24:19,70184085-5567-11e8-953a-dca9047ef277,1,3,2048,1494
59056095-23d2-11e8-a6a3-ec086b02610b,59056095-23d2-11e8-a6a3-ec086b02610b.jpg,11,bird,136,2014-02-13 17:13:28,701e024f-5567-11e8-bca6-dca9047ef277,2,3,800,584
5906ef59-23d2-11e8-a6a3-ec086b02610b,5906ef59-23d2-11e8-a6a3-ec086b02610b.jpg,11,bird,110,2014-02-06 11:00:33,701ceb2b-5567-11e8-a641-dca9047ef277,1,3,2048,1494
5906efe5-23d2-11e8-a6a3-ec086b02610b,5906efe5-23d2-11e8-a6a3-ec086b02610b.jpg,11,bird,125,2012-04-28 13:11:37,6f165efd-5567-11e8-b3c5-dca9047ef277,1,3,2048,1494
5906f03e-23d2-11e8-a6a3-ec086b02610b,5906f03e-23d2-11e8-a6a3-ec086b02610b.jpg,11,bird,94,2013-10-08 09:25:58,7016168a-5567-11e8-80a1-dca9047ef277,2,3,2048,1494
5906f1c7-23d2-11e8-a6a3-ec086b02610b,5906f1c7-23d2-11e8-a6a3-ec086b02610b.jpg,11,bird,75,2012-03-15 10:49:07,6efe1891-5567-11e8-abb3-dca9047ef277,1,3,2048,1494
5906f2f9-23d2-11e8-a6a3-ec086b02610b,5906f2f9-23d2-11e8-a6a3-ec086b02610b.jpg,11,bird,106,2013-11-23 12:47:18,6f6a0fde-5567-11e8-9d4b-dca9047ef277,1,1,2048,1494
59087f23-23d2-11e8-a6a3-ec086b02610b,59087f23-23d2-11e8-a6a3-ec086b02610b.jpg,11,bird,100,2010-09-01 13:11:53,6f1d7002-5567-11e8-842c-dca9047ef277,1,3,2048,1494
59087fa2-23d2-11e8-a6a3-ec086b02610b,59087fa2-23d2-11e8-a6a3-ec086b02610b.jpg,11,bird,83,2013-12-20 12:40:24,701ed55e-5567-11e8-a477-dca9047ef277,2,3,2048,1494
59087fe8-23d2-11e8-a6a3-ec086b02610b,59087fe8-23d2-11e8-a6a3-ec086b02610b.jpg,11,bird,135,2014-08-10 18:17:17,7016b735-5567-11e8-ba65-dca9047ef277,1,3,2048,1494
590a0df9-23d2-11e8-a6a3-ec086b02610b,590a0df9-23d2-11e8-a6a3-ec086b02610b.jpg,11,bird,131,2014-09-25 13:00:03,701d378a-5567-11e8-8de2-dca9047ef277,1,3,2048,1494
590a0e5b-23d2-11e8-a6a3-ec086b02610b,590a0e5b-23d2-11e8-a6a3-ec086b02610b.jpg,11,bird,92,2014-07-07 19:14:34,7018bdd4-5567-11e8-a95d-dca9047ef277,3,5,2048,1494
590a0ebf-23d2-11e8-a6a3-ec086b02610b,590a0ebf-23d2-11e8-a6a3-ec086b02610b.jpg,11,bird,121,2014-08-25 09:28:09,701847d4-5567-11e8-aec2-dca9047ef277,1,3,2048,1494
590a1190-23d2-11e8-a6a3-ec086b02610b,590a1190-23d2-11e8-a6a3-ec086b02610b.jpg,11,bird,116,2014-12-24 08:49:58,70133140-5567-11e8-9e7d-dca9047ef277,3,3,2048,1494
590b9bc5-23d2-11e8-a6a3-ec086b02610b,590b9bc5-23d2-11e8-a6a3-ec086b02610b.jpg,11,bird,117,2013-12-03 11:28:01,701b7999-5567-11e8-aa81-dca9047ef277,2,3,2048,1494
590b9bd9-23d2-11e8-a6a3-ec086b02610b,590b9bd9-23d2-11e8-a6a3-ec086b02610b.jpg,11,bird,106,2013-09-24 13:00:00,6f672da1-5567-11e8-a329-dca9047ef277,1,1,2048,1494
590b9d35-23d2-11e8-a6a3-ec086b02610b,590b9d35-23d2-11e8-a6a3-ec086b02610b.jpg,11,bird,127,2013-11-29 13:06:58,7019caf0-5567-11e8-a2c2-dca9047ef277,2,3,2048,1494
590b9d88-23d2-11e8-a6a3-ec086b02610b,590b9d88-23d2-11e8-a6a3-ec086b02610b.jpg,11,bird,82,2014-12-07 11:17:11,701a7099-5567-11e8-8697-dca9047ef277,1,3,2048,1494
590b9d99-23d2-11e8-a6a3-ec086b02610b,590b9d99-23d2-11e8-a6a3-ec086b02610b.jpg,11,bird,92,2014-07-07 19:14:10,7018bcfa-5567-11e8-939f-dca9047ef277,2,5,2048,1494
590b9e76-23d2-11e8-a6a3-ec086b02610b,590b9e76-23d2-11e8-a6a3-ec086b02610b.jpg,11,bird,93,2014-01-27 17:50:51,7017d0f5-5567-11e8-9f41-dca9047ef277,3,3,2048,1494
590d2a9b-23d2-11e8-a6a3-ec086b02610b,590d2a9b-23d2-11e8-a6a3-ec086b02610b.jpg,11,bird,118,2013-04-01 11:25:12,700ab600-5567-11e8-98c4-dca9047ef277,1,1,2560,1920
590d2afd-23d2-11e8-a6a3-ec086b02610b,590d2afd-23d2-11e8-a6a3-ec086b02610b.jpg,11,bird,115,2011-06-25 10:01:12,6f1167d1-5567-11e8-bb6f-dca9047ef277,1,3,2048,1494
590d2b44-23d2-11e8-a6a3-ec086b02610b,590d2b44-23d2-11e8-a6a3-ec086b02610b.jpg,11,bird,106,2014-02-21 10:19:29,6f6ed56e-5567-11e8-9aca-dca9047ef277,1,1,2048,1494
590d2be1-23d2-11e8-a6a3-ec086b02610b,590d2be1-23d2-11e8-a6a3-ec086b02610b.jpg,11,bird,128,2014-09-22 11:42:29,701aa285-5567-11e8-bce9-dca9047ef277,3,3,2048,1494
590d2c4f-23d2-11e8-a6a3-ec086b02610b,590d2c4f-23d2-11e8-a6a3-ec086b02610b.jpg,11,bird,97,2014-10-02 17:34:58,701b2eae-5567-11e8-921d-dca9047ef277,2,3,2048,1494
590d2c7a-23d2-11e8-a6a3-ec086b02610b,590d2c7a-23d2-11e8-a6a3-ec086b02610b.jpg,11,bird,133,2014-05-15 02:08:23,7010ca8f-5567-11e8-bd4c-dca9047ef277,3,3,2048,1494
590d2d1a-23d2-11e8-a6a3-ec086b02610b,590d2d1a-23d2-11e8-a6a3-ec086b02610b.jpg,11,bird,77,2014-08-31 07:22:59,701da77d-5567-11e8-8dfa-dca9047ef277,1,3,2048,1494
590d2d61-23d2-11e8-a6a3-ec086b02610b,590d2d61-23d2-11e8-a6a3-ec086b02610b.jpg,11,bird,111,2014-11-09 08:15:59,701546c5-5567-11e8-809c-dca9047ef277,1,3,2048,1494
590ebb03-23d2-11e8-a6a3-ec086b02610b,590ebb03-23d2-11e8-a6a3-ec086b02610b.jpg,11,bird,115,2011-09-09 10:42:07,6f11a19e-5567-11e8-a12b-dca9047ef277,3,3,2048,1494
590ebb31-23d2-11e8-a6a3-ec086b02610b,590ebb31-23d2-11e8-a6a3-ec086b02610b.jpg,11,bird,93,2014-11-23 14:10:43,701812bd-5567-11e8-8b5d-dca9047ef277,2,3,2048,1494
590ebcd9-23d2-11e8-a6a3-ec086b02610b,590ebcd9-23d2-11e8-a6a3-ec086b02610b.jpg,11,bird,82,2014-12-07 11:17:19,701a7107-5567-11e8-b01c-dca9047ef277,2,3,2048,1494
590ebe10-23d2-11e8-a6a3-ec086b02610b,590ebe10-23d2-11e8-a6a3-ec086b02610b.jpg,11,bird,92,2014-07-07 19:13:59,7018bc3a-5567-11e8-b4c0-dca9047ef277,5,5,2048,1494
590ebeb4-23d2-11e8-a6a3-ec086b02610b,590ebeb4-23d2-11e8-a6a3-ec086b02610b.jpg,11,bird,137,2014-03-29 10:28:56,701a16ca-5567-11e8-b175-dca9047ef277,2,3,2048,1494
591049d8-23d2-11e8-a6a3-ec086b02610b,591049d8-23d2-11e8-a6a3-ec086b02610b.jpg,11,bird,117,2013-11-25 11:47:10,701b6978-5567-11e8-8c30-dca9047ef277,3,3,2048,1494
591049e3-23d2-11e8-a6a3-ec086b02610b,591049e3-23d2-11e8-a6a3-ec086b02610b.jpg,11,bird,83,2013-12-28 17:37:45,701ed5ae-5567-11e8-9592-dca9047ef277,2,3,2048,1494
59104b09-23d2-11e8-a6a3-ec086b02610b,59104b09-23d2-11e8-a6a3-ec086b02610b.jpg,11,bird,114,2014-04-27 10:09:28,7000d285-5567-11e8-9672-dca9047ef277,1,1,2048,1494
59104ba6-23d2-11e8-a6a3-ec086b02610b,59104ba6-23d2-11e8-a6a3-ec086b02610b.jpg,11,bird,121,2014-08-04 08:17:40,70184430-5567-11e8-be6a-dca9047ef277,1,3,2048,1494
5911d640-23d2-11e8-a6a3-ec086b02610b,5911d640-23d2-11e8-a6a3-ec086b02610b.jpg,11,bird,105,2011-07-10 11:57:39,6f19c6b5-5567-11e8-ba86-dca9047ef277,3,3,2048,1494
5911d702-23d2-11e8-a6a3-ec086b02610b,5911d702-23d2-11e8-a6a3-ec086b02610b.jpg,11,bird,86,2015-01-17 07:43:52,7019b81c-5567-11e8-a6f4-dca9047ef277,1,3,2048,1494
5911d842-23d2-11e8-a6a3-ec086b02610b,5911d842-23d2-11e8-a6a3-ec086b02610b.jpg,11,bird,81,2012-05-16 12:11:18,6f10db80-5567-11e8-9ef7-dca9047ef277,3,3,2048,1494
5911d9d9-23d2-11e8-a6a3-ec086b02610b,5911d9d9-23d2-11e8-a6a3-ec086b02610b.jpg,11,bird,89,2012-01-05 13:49:23,6f10e29c-5567-11e8-b814-dca9047ef277,1,3,2048,1494
5913644f-23d2-11e8-a6a3-ec086b02610b,5913644f-23d2-11e8-a6a3-ec086b02610b.jpg,11,bird,111,2013-10-20 12:46:44,70152ea1-5567-11e8-8543-dca9047ef277,3,3,2048,1494
591365d1-23d2-11e8-a6a3-ec086b02610b,591365d1-23d2-11e8-a6a3-ec086b02610b.jpg,11,bird,76,2014-07-08 12:13:20,6f61dd4f-5567-11e8-9f9b-dca9047ef277,1,1,2048,1494
5913675a-23d2-11e8-a6a3-ec086b02610b,5913675a-23d2-11e8-a6a3-ec086b02610b.jpg,11,bird,124,2014-04-01 14:36:08,7010d791-5567-11e8-8353-dca9047ef277,2,3,2048,1494
5914ee10-23d2-11e8-a6a3-ec086b02610b,5914ee10-23d2-11e8-a6a3-ec086b02610b.jpg,11,bird,135,2013-04-02 09:31:17,70169ae3-5567-11e8-bb05-dca9047ef277,2,3,2048,1494
5914ef19-23d2-11e8-a6a3-ec086b02610b,5914ef19-23d2-11e8-a6a3-ec086b02610b.jpg,11,bird,126,2014-08-29 10:28:01,701bffa1-5567-11e8-ad65-dca9047ef277,3,3,2048,1494
5914efa5-23d2-11e8-a6a3-ec086b02610b,5914efa5-23d2-11e8-a6a3-ec086b02610b.jpg,11,bird,117,2014-08-14 09:06:54,701bd3c2-5567-11e8-a7ef-dca9047ef277,3,3,2048,1494
5914f023-23d2-11e8-a6a3-ec086b02610b,5914f023-23d2-11e8-a6a3-ec086b02610b.jpg,11,bird,118,2013-04-07 08:26:53,700abbdc-5567-11e8-8f73-dca9047ef277,1,1,2560,1920
59167a67-23d2-11e8-a6a3-ec086b02610b,59167a67-23d2-11e8-a6a3-ec086b02610b.jpg,11,bird,126,2014-09-03 16:28:04,701c02d4-5567-11e8-9068-dca9047ef277,1,3,2048,1494
59167c50-23d2-11e8-a6a3-ec086b02610b,59167c50-23d2-11e8-a6a3-ec086b02610b.jpg,11,bird,121,2014-08-17 06:38:34,701845b8-5567-11e8-b66b-dca9047ef277,2,3,2048,1494
591807fb-23d2-11e8-a6a3-ec086b02610b,591807fb-23d2-11e8-a6a3-ec086b02610b.jpg,11,bird,115,2011-12-07 09:02:02,6f11c073-5567-11e8-9826-dca9047ef277,2,3,2048,1494
59180955-23d2-11e8-a6a3-ec086b02610b,59180955-23d2-11e8-a6a3-ec086b02610b.jpg,11,bird,87,2013-12-28 09:50:16,701ab7c5-5567-11e8-b223-dca9047ef277,1,3,2048,1494
59180a1a-23d2-11e8-a6a3-ec086b02610b,59180a1a-23d2-11e8-a6a3-ec086b02610b.jpg,11,bird,79,2014-10-07 08:15:06,7017ab9c-5567-11e8-8c9c-dca9047ef277,1,3,2048,1494
5919983f-23d2-11e8-a6a3-ec086b02610b,5919983f-23d2-11e8-a6a3-ec086b02610b.jpg,11,bird,120,2011-07-14 21:27:00,700d94f5-5567-11e8-97a7-dca9047ef277,1,1,2048,1536
591998d5-23d2-11e8-a6a3-ec086b02610b,591998d5-23d2-11e8-a6a3-ec086b02610b.jpg,11,bird,103,2011-07-17 12:53:02,6f1ac30c-5567-11e8-b392-dca9047ef277,2,3,2048,1494
591b2452-23d2-11e8-a6a3-ec086b02610b,591b2452-23d2-11e8-a6a3-ec086b02610b.jpg,11,bird,129,2013-09-12 07:50:00,70184bd9-5567-11e8-b63b-dca9047ef277,1,3,2048,1494
591b25df-23d2-11e8-a6a3-ec086b02610b,591b25df-23d2-11e8-a6a3-ec086b02610b.jpg,11,bird,129,2014-05-26 18:37:06,7018501c-5567-11e8-a7db-dca9047ef277,2,3,2048,1494
591b2623-23d2-11e8-a6a3-ec086b02610b,591b2623-23d2-11e8-a6a3-ec086b02610b.jpg,11,bird,88,2011-11-25 12:00:21,6f141a0c-5567-11e8-b84b-dca9047ef277,2,3,2048,1494
591cb066-23d2-11e8-a6a3-ec086b02610b,591cb066-23d2-11e8-a6a3-ec086b02610b.jpg,11,bird,138,2013-12-13 11:07:19,701b5119-5567-11e8-9be4-dca9047ef277,1,3,2048,1494
591cb2b8-23d2-11e8-a6a3-ec086b02610b,591cb2b8-23d2-11e8-a6a3-ec086b02610b.jpg,11,bird,117,2013-12-22 12:52:21,701b9c21-5567-11e8-92d7-dca9047ef277,2,3,2048,1494
591cb429-23d2-11e8-a6a3-ec086b02610b,591cb429-23d2-11e8-a6a3-ec086b02610b.jpg,11,bird,84,2014-09-21 10:38:36,7017a16e-5567-11e8-82ad-dca9047ef277,3,3,2048,1494
591e3f60-23d2-11e8-a6a3-ec086b02610b,591e3f60-23d2-11e8-a6a3-ec086b02610b.jpg,11,bird,94,2013-10-10 07:06:59,70161ce8-5567-11e8-a1da-dca9047ef277,1,3,2048,1494
591e3f99-23d2-11e8-a6a3-ec086b02610b,591e3f99-23d2-11e8-a6a3-ec086b02610b.jpg,11,bird,115,2011-07-31 20:10:31,6f118d33-5567-11e8-8081-dca9047ef277,1,3,2048,1494
591e40c1-23d2-11e8-a6a3-ec086b02610b,591e40c1-23d2-11e8-a6a3-ec086b02610b.jpg,11,bird,138,2014-05-27 12:17:42,701b56f5-5567-11e8-924e-dca9047ef277,3,3,2048,1494
591e40c9-23d2-11e8-a6a3-ec086b02610b,591e40c9-23d2-11e8-a6a3-ec086b02610b.jpg,11,bird,94,2013-09-04 07:02:31,7015ce00-5567-11e8-a3e9-dca9047ef277,1,3,2048,1494
591e41f1-23d2-11e8-a6a3-ec086b02610b,591e41f1-23d2-11e8-a6a3-ec086b02610b.jpg,11,bird,94,2013-09-18 08:00:05,7015d8d1-5567-11e8-8072-dca9047ef277,2,3,2048,1494
591e422f-23d2-11e8-a6a3-ec086b02610b,591e422f-23d2-11e8-a6a3-ec086b02610b.jpg,11,bird,128,2014-09-28 13:26:05,701aa3d9-5567-11e8-9279-dca9047ef277,1,3,2048,1494
591fd0ff-23d2-11e8-a6a3-ec086b02610b,591fd0ff-23d2-11e8-a6a3-ec086b02610b.jpg,11,bird,136,2014-02-13 17:13:08,701e00d1-5567-11e8-a834-dca9047ef277,1,3,800,584
591fd117-23d2-11e8-a6a3-ec086b02610b,591fd117-23d2-11e8-a6a3-ec086b02610b.jpg,11,bird,96,2013-10-26 07:00:00,6f91457d-5567-11e8-a250-dca9047ef277,1,1,2048,1494
591fd2f3-23d2-11e8-a6a3-ec086b02610b,591fd2f3-23d2-11e8-a6a3-ec086b02610b.jpg,11,bird,117,2013-12-22 12:52:24,701b9c70-5567-11e8-a89e-dca9047ef277,2,3,2048,1494
591fd34c-23d2-11e8-a6a3-ec086b02610b,591fd34c-23d2-11e8-a6a3-ec086b02610b.jpg,11,bird,99,2013-10-16 15:13:43,701481cf-5567-11e8-97b5-dca9047ef277,1,3,2048,1494
592162eb-23d2-11e8-a6a3-ec086b02610b,592162eb-23d2-11e8-a6a3-ec086b02610b.jpg,11,bird,130,2011-09-06 13:09:03,6f0d0294-5567-11e8-9c50-dca9047ef277,1,3,2048,1494
592164a6-23d2-11e8-a6a3-ec086b02610b,592164a6-23d2-11e8-a6a3-ec086b02610b.jpg,11,bird,76,2014-07-08 12:13:18,6f61dcf5-5567-11e8-a354-dca9047ef277,1,1,2048,1494
592164b9-23d2-11e8-a6a3-ec086b02610b,592164b9-23d2-11e8-a6a3-ec086b02610b.jpg,11,bird,106,2014-10-14 09:34:38,6f7b5c07-5567-11e8-80fb-dca9047ef277,1,1,2048,1494
592164d3-23d2-11e8-a6a3-ec086b02610b,592164d3-23d2-11e8-a6a3-ec086b02610b.jpg,11,bird,135,2014-08-01 19:37:20,7016b02e-5567-11e8-9c0d-dca9047ef277,2,3,2048,1494
59216668-23d2-11e8-a6a3-ec086b02610b,59216668-23d2-11e8-a6a3-ec086b02610b.jpg,11,bird,136,2014-03-13 17:53:53,701e3459-5567-11e8-b759-dca9047ef277,3,3,800,584
5922ea87-23d2-11e8-a6a3-ec086b02610b,5922ea87-23d2-11e8-a6a3-ec086b02610b.jpg,11,bird,76,2014-01-01 10:15:47,6f577299-5567-11e8-b004-dca9047ef277,1,1,2048,1494
5922ecf4-23d2-11e8-a6a3-ec086b02610b,5922ecf4-23d2-11e8-a6a3-ec086b02610b.jpg,11,bird,120,2013-01-04 14:37:10,700ffffd-5567-11e8-a98b-dca9047ef277,1,1,2560,1920
59247997-23d2-11e8-a6a3-ec086b02610b,59247997-23d2-11e8-a6a3-ec086b02610b.jpg,11,bird,97,2014-10-04 16:03:43,701b319c-5567-11e8-8e41-dca9047ef277,3,3,2048,1494
59247ab2-23d2-11e8-a6a3-ec086b02610b,59247ab2-23d2-11e8-a6a3-ec086b02610b.jpg,11,bird,115,2011-08-30 15:41:13,6f119c6e-5567-11e8-a022-dca9047ef277,2,3,2048,1494
59247b72-23d2-11e8-a6a3-ec086b02610b,59247b72-23d2-11e8-a6a3-ec086b02610b.jpg,11,bird,87,2014-10-06 09:08:07,701af947-5567-11e8-a30f-dca9047ef277,1,3,2048,1494
59247bfa-23d2-11e8-a6a3-ec086b02610b,59247bfa-23d2-11e8-a6a3-ec086b02610b.jpg,11,bird,93,2014-02-13 11:00:16,7017f13a-5567-11e8-9954-dca9047ef277,1,3,2048,1494
59260cc1-23d2-11e8-a6a3-ec086b02610b,59260cc1-23d2-11e8-a6a3-ec086b02610b.jpg,11,bird,97,2014-10-04 08:05:09,701b3047-5567-11e8-b984-dca9047ef277,2,3,2048,1494
59279bf2-23d2-11e8-a6a3-ec086b02610b,59279bf2-23d2-11e8-a6a3-ec086b02610b.jpg,11,bird,111,2014-11-09 08:11:29,701540e8-5567-11e8-852a-dca9047ef277,2,3,2048,1494
59279c05-23d2-11e8-a6a3-ec086b02610b,59279c05-23d2-11e8-a6a3-ec086b02610b.jpg,11,bird,128,2013-11-08 14:11:06,701a932b-5567-11e8-bff6-dca9047ef277,2,3,2048,1494
59279d62-23d2-11e8-a6a3-ec086b02610b,59279d62-23d2-11e8-a6a3-ec086b02610b.jpg,11,bird,111,2014-11-09 08:20:47,7015493a-5567-11e8-b1eb-dca9047ef277,3,3,2048,1494
59292e14-23d2-11e8-a6a3-ec086b02610b,59292e14-23d2-11e8-a6a3-ec086b02610b.jpg,11,bird,128,2014-10-03 09:06:41,701aa428-5567-11e8-98c8-dca9047ef277,3,3,2048,1494
59293002-23d2-11e8-a6a3-ec086b02610b,59293002-23d2-11e8-a6a3-ec086b02610b.jpg,11,bird,83,2013-12-08 17:25:13,701ed285-5567-11e8-a506-dca9047ef277,3,3,2048,1494
5929303a-23d2-11e8-a6a3-ec086b02610b,5929303a-23d2-11e8-a6a3-ec086b02610b.jpg,11,bird,118,2013-04-07 14:12:14,700abc68-5567-11e8-9bdc-dca9047ef277,1,1,2560,1920
592930af-23d2-11e8-a6a3-ec086b02610b,592930af-23d2-11e8-a6a3-ec086b02610b.jpg,11,bird,135,2014-08-06 06:54:44,7016b55c-5567-11e8-b9dc-dca9047ef277,3,3,2048,1494
592abe17-23d2-11e8-a6a3-ec086b02610b,592abe17-23d2-11e8-a6a3-ec086b02610b.jpg,11,bird,125,2012-03-19 13:40:41,6f162161-5567-11e8-8cf6-dca9047ef277,1,3,2048,1494
592abe53-23d2-11e8-a6a3-ec086b02610b,592abe53-23d2-11e8-a6a3-ec086b02610b.jpg,11,bird,79,2014-09-20 13:42:06,7017a8eb-5567-11e8-bd7d-dca9047ef277,2,3,2048,1494
592abecd-23d2-11e8-a6a3-ec086b02610b,592abecd-23d2-11e8-a6a3-ec086b02610b.jpg,11,bird,111,2014-11-09 08:10:46,70153e02-5567-11e8-a241-dca9047ef277,1,3,2048,1494
592ac02c-23d2-11e8-a6a3-ec086b02610b,592ac02c-23d2-11e8-a6a3-ec086b02610b.jpg,11,bird,83,2013-12-08 17:25:47,701ed3cf-5567-11e8-ba8c-dca9047ef277,1,3,2048,1494
592ac103-23d2-11e8-a6a3-ec086b02610b,592ac103-23d2-11e8-a6a3-ec086b02610b.jpg,11,bird,134,2014-04-01 11:44:06,70106973-5567-11e8-bf17-dca9047ef277,3,3,2048,1494
592c4d63-23d2-11e8-a6a3-ec086b02610b,592c4d63-23d2-11e8-a6a3-ec086b02610b.jpg,11,bird,118,2013-03-21 11:59:59,700aa96b-5567-11e8-8c7f-dca9047ef277,1,1,2560,1920
592f6fcb-23d2-11e8-a6a3-ec086b02610b,592f6fcb-23d2-11e8-a6a3-ec086b02610b.jpg,11,bird,116,2014-12-16 09:58:52,70132a57-5567-11e8-8fdf-dca9047ef277,3,3,2048,1494
592f712c-23d2-11e8-a6a3-ec086b02610b,592f712c-23d2-11e8-a6a3-ec086b02610b.jpg,11,bird,87,2014-05-19 13:20:39,701acd4c-5567-11e8-9bb4-dca9047ef277,1,3,2048,1494
59328c7e-23d2-11e8-a6a3-ec086b02610b,59328c7e-23d2-11e8-a6a3-ec086b02610b.jpg,11,bird,121,2014-08-22 14:53:21,70184785-5567-11e8-9ac6-dca9047ef277,2,3,2048,1494
59328c8b-23d2-11e8-a6a3-ec086b02610b,59328c8b-23d2-11e8-a6a3-ec086b02610b.jpg,11,bird,136,2014-02-13 17:13:00,701e0033-5567-11e8-8f96-dca9047ef277,3,3,800,584
59341890-23d2-11e8-a6a3-ec086b02610b,59341890-23d2-11e8-a6a3-ec086b02610b.jpg,11,bird,135,2013-02-26 07:34:31,70168e4c-5567-11e8-8252-dca9047ef277,1,3,2048,1494
5934189a-23d2-11e8-a6a3-ec086b02610b,5934189a-23d2-11e8-a6a3-ec086b02610b.jpg,11,bird,104,2014-06-24 17:56:33,701d12ab-5567-11e8-91f3-dca9047ef277,1,3,2048,1494
59341990-23d2-11e8-a6a3-ec086b02610b,59341990-23d2-11e8-a6a3-ec086b02610b.jpg,11,bird,93,2014-11-17 07:56:56,70181138-5567-11e8-9f1e-dca9047ef277,1,3,2048,1494
59341a2e-23d2-11e8-a6a3-ec086b02610b,59341a2e-23d2-11e8-a6a3-ec086b02610b.jpg,11,bird,83,2013-12-16 07:38:40,701ed41c-5567-11e8-9af5-dca9047ef277,1,3,2048,1494
5935a6fb-23d2-11e8-a6a3-ec086b02610b,5935a6fb-23d2-11e8-a6a3-ec086b02610b.jpg,11,bird,85,2014-02-12 17:17:19,7010be73-5567-11e8-bf97-dca9047ef277,2,3,2048,1494
5935a7b1-23d2-11e8-a6a3-ec086b02610b,5935a7b1-23d2-11e8-a6a3-ec086b02610b.jpg,11,bird,129,2013-09-12 07:49:52,70184b38-5567-11e8-b3f5-dca9047ef277,3,3,2048,1494
5935a809-23d2-11e8-a6a3-ec086b02610b,5935a809-23d2-11e8-a6a3-ec086b02610b.jpg,11,bird,134,2014-03-07 10:48:48,70106317-5567-11e8-a152-dca9047ef277,1,3,2048,1494
5935a84e-23d2-11e8-a6a3-ec086b02610b,5935a84e-23d2-11e8-a6a3-ec086b02610b.jpg,11,bird,120,2011-06-30 06:28:00,700d824a-5567-11e8-b6ae-dca9047ef277,1,1,2048,1536
59373532-23d2-11e8-a6a3-ec086b02610b,59373532-23d2-11e8-a6a3-ec086b02610b.jpg,11,bird,87,2014-06-03 08:00:43,701ae84a-5567-11e8-9f6f-dca9047ef277,3,3,2048,1494
5938c23b-23d2-11e8-a6a3-ec086b02610b,5938c23b-23d2-11e8-a6a3-ec086b02610b.jpg,11,bird,88,2011-07-17 09:54:25,6f13c44f-5567-11e8-9363-dca9047ef277,1,3,2048,1494
5938c3c7-23d2-11e8-a6a3-ec086b02610b,5938c3c7-23d2-11e8-a6a3-ec086b02610b.jpg,11,bird,106,2014-03-08 09:55:09,6f6fb2b8-5567-11e8-ad36-dca9047ef277,1,1,2048,1494
593a4f57-23d2-11e8-a6a3-ec086b02610b,593a4f57-23d2-11e8-a6a3-ec086b02610b.jpg,11,bird,76,2014-05-14 07:24:24,6f5e800f-5567-11e8-968b-dca9047ef277,1,1,2048,1494
593a4f64-23d2-11e8-a6a3-ec086b02610b,593a4f64-23d2-11e8-a6a3-ec086b02610b.jpg,11,bird,92,2014-07-16 09:28:14,7018cd45-5567-11e8-b1d5-dca9047ef277,1,5,2048,1494
593a509d-23d2-11e8-a6a3-ec086b02610b,593a509d-23d2-11e8-a6a3-ec086b02610b.jpg,11,bird,111,2014-10-25 17:17:40,70153b21-5567-11e8-b90b-dca9047ef277,1,3,2048,1494
593bdc52-23d2-11e8-a6a3-ec086b02610b,593bdc52-23d2-11e8-a6a3-ec086b02610b.jpg,11,bird,75,2011-11-15 14:43:05,6efd609e-5567-11e8-901a-dca9047ef277,2,3,2048,1494
593bddbf-23d2-11e8-a6a3-ec086b02610b,593bddbf-23d2-11e8-a6a3-ec086b02610b.jpg,11,bird,88,2011-08-29 08:14:22,6f13f099-5567-11e8-b35a-dca9047ef277,1,3,2048,1494
593d6774-23d2-11e8-a6a3-ec086b02610b,593d6774-23d2-11e8-a6a3-ec086b02610b.jpg,11,bird,120,2012-09-23 15:33:18,700f94f3-5567-11e8-b94f-dca9047ef277,1,1,2560,1920
593d690a-23d2-11e8-a6a3-ec086b02610b,593d690a-23d2-11e8-a6a3-ec086b02610b.jpg,11,bird,86,2014-03-01 12:49:26,701989a8-5567-11e8-802b-dca9047ef277,1,3,2048,1494
593d69c5-23d2-11e8-a6a3-ec086b02610b,593d69c5-23d2-11e8-a6a3-ec086b02610b.jpg,11,bird,126,2014-09-23 11:28:39,701c1ad9-5567-11e8-8f45-dca9047ef277,2,3,2048,1494
593d6a09-23d2-11e8-a6a3-ec086b02610b,593d6a09-23d2-11e8-a6a3-ec086b02610b.jpg,11,bird,131,2014-10-28 07:03:03,701d4cdc-5567-11e8-9004-dca9047ef277,3,3,2048,1494
593d6a98-23d2-11e8-a6a3-ec086b02610b,593d6a98-23d2-11e8-a6a3-ec086b02610b.jpg,11,bird,82,2014-12-14 08:38:03,701a7251-5567-11e8-84a0-dca9047ef277,2,3,2048,1494
593d6ae4-23d2-11e8-a6a3-ec086b02610b,593d6ae4-23d2-11e8-a6a3-ec086b02610b.jpg,11,bird,99,2013-08-27 11:31:44,70147cdc-5567-11e8-9e54-dca9047ef277,1,3,2048,1494
593ef47f-23d2-11e8-a6a3-ec086b02610b,593ef47f-23d2-11e8-a6a3-ec086b02610b.jpg,11,bird,81,2011-05-02 12:22:14,6f10a607-5567-11e8-856b-dca9047ef277,3,3,2048,1494
593ef529-23d2-11e8-a6a3-ec086b02610b,593ef529-23d2-11e8-a6a3-ec086b02610b.jpg,11,bird,131,2014-10-12 17:06:17,701d3b0f-5567-11e8-bc4c-dca9047ef277,1,3,2048,1494
593ef530-23d2-11e8-a6a3-ec086b02610b,593ef530-23d2-11e8-a6a3-ec086b02610b.jpg,11,bird,121,2014-08-01 14:06:29,70184342-5567-11e8-876f-dca9047ef277,1,3,2048,1494
593ef54b-23d2-11e8-a6a3-ec086b02610b,593ef54b-23d2-11e8-a6a3-ec086b02610b.jpg,11,bird,91,2014-03-26 15:28:00,7019d48c-5567-11e8-9b43-dca9047ef277,1,3,2048,1494
593ef669-23d2-11e8-a6a3-ec086b02610b,593ef669-23d2-11e8-a6a3-ec086b02610b.jpg,11,bird,76,2014-07-08 12:13:14,6f61dbe6-5567-11e8-a670-dca9047ef277,1,1,2048,1494
593ef74b-23d2-11e8-a6a3-ec086b02610b,593ef74b-23d2-11e8-a6a3-ec086b02610b.jpg,11,bird,101,2014-09-21 14:13:43,701c2fca-5567-11e8-b49d-dca9047ef277,2,3,2048,1494
59408273-23d2-11e8-a6a3-ec086b02610b,59408273-23d2-11e8-a6a3-ec086b02610b.jpg,11,bird,129,2013-09-12 07:49:59,70184b8a-5567-11e8-9025-dca9047ef277,3,3,2048,1494
59408278-23d2-11e8-a6a3-ec086b02610b,59408278-23d2-11e8-a6a3-ec086b02610b.jpg,11,bird,116,2014-12-05 17:03:04,7013278f-5567-11e8-81b6-dca9047ef277,1,3,2048,1494
594082ba-23d2-11e8-a6a3-ec086b02610b,594082ba-23d2-11e8-a6a3-ec086b02610b.jpg,11,bird,138,2013-12-17 08:02:16,701b5211-5567-11e8-91cc-dca9047ef277,2,3,2048,1494
594084ce-23d2-11e8-a6a3-ec086b02610b,594084ce-23d2-11e8-a6a3-ec086b02610b.jpg,11,bird,99,2013-08-26 08:09:31,70147c30-5567-11e8-b9c4-dca9047ef277,2,3,2048,1494
59420f06-23d2-11e8-a6a3-ec086b02610b,59420f06-23d2-11e8-a6a3-ec086b02610b.jpg,11,bird,83,2013-12-08 17:25:16,701ed2d4-5567-11e8-961d-dca9047ef277,3,3,2048,1494
59439c9d-23d2-11e8-a6a3-ec086b02610b,59439c9d-23d2-11e8-a6a3-ec086b02610b.jpg,11,bird,111,2014-11-09 08:17:42,7015471e-5567-11e8-ac67-dca9047ef277,2,3,2048,1494
59439d78-23d2-11e8-a6a3-ec086b02610b,59439d78-23d2-11e8-a6a3-ec086b02610b.jpg,11,bird,108,2011-04-30 19:58:24,6f14b963-5567-11e8-aa3c-dca9047ef277,1,3,2048,1494
59439e15-23d2-11e8-a6a3-ec086b02610b,59439e15-23d2-11e8-a6a3-ec086b02610b.jpg,11,bird,129,2014-05-26 18:37:00,70184fcc-5567-11e8-be23-dca9047ef277,2,3,2048,1494
59452b52-23d2-11e8-a6a3-ec086b02610b,59452b52-23d2-11e8-a6a3-ec086b02610b.jpg,11,bird,108,2012-03-26 23:10:06,6f15147a-5567-11e8-b682-dca9047ef277,1,3,2048,1494
59452ce2-23d2-11e8-a6a3-ec086b02610b,59452ce2-23d2-11e8-a6a3-ec086b02610b.jpg,11,bird,116,2014-11-30 15:17:30,70132628-5567-11e8-9598-dca9047ef277,1,3,2048,1494
59452d0b-23d2-11e8-a6a3-ec086b02610b,59452d0b-23d2-11e8-a6a3-ec086b02610b.jpg,11,bird,106,2013-10-30 11:36:33,6f68e457-5567-11e8-942d-dca9047ef277,1,1,2048,1494
59452e22-23d2-11e8-a6a3-ec086b02610b,59452e22-23d2-11e8-a6a3-ec086b02610b.jpg,11,bird,85,2012-12-06 10:07:43,7010be23-5567-11e8-a3e7-dca9047ef277,1,3,2048,1494
5946b7df-23d2-11e8-a6a3-ec086b02610b,5946b7df-23d2-11e8-a6a3-ec086b02610b.jpg,11,bird,121,2014-08-04 08:17:50,70184478-5567-11e8-a0ed-dca9047ef277,2,3,2048,1494
5946b9a2-23d2-11e8-a6a3-ec086b02610b,5946b9a2-23d2-11e8-a6a3-ec086b02610b.jpg,11,bird,118,2013-04-12 14:05:56,700abdd1-5567-11e8-a3b8-dca9047ef277,1,1,2560,1920
5946ba13-23d2-11e8-a6a3-ec086b02610b,5946ba13-23d2-11e8-a6a3-ec086b02610b.jpg,11,bird,87,2014-09-12 16:00:55,701af221-5567-11e8-8628-dca9047ef277,3,3,2048,1494
5946ba91-23d2-11e8-a6a3-ec086b02610b,5946ba91-23d2-11e8-a6a3-ec086b02610b.jpg,11,bird,87,2013-12-26 09:04:20,701ab468-5567-11e8-a50c-dca9047ef277,1,3,2048,1494
594844a3-23d2-11e8-a6a3-ec086b02610b,594844a3-23d2-11e8-a6a3-ec086b02610b.jpg,11,bird,108,2011-05-19 02:47:12,6f14c1ab-5567-11e8-9219-dca9047ef277,1,3,2048,1494
5948466e-23d2-11e8-a6a3-ec086b02610b,5948466e-23d2-11e8-a6a3-ec086b02610b.jpg,11,bird,79,2014-09-27 07:15:48,7017ab57-5567-11e8-ab9e-dca9047ef277,2,3,2048,1494
5949ceb2-23d2-11e8-a6a3-ec086b02610b,5949ceb2-23d2-11e8-a6a3-ec086b02610b.jpg,11,bird,102,2014-05-24 08:58:10,7010b21c-5567-11e8-9b37-dca9047ef277,1,3,2048,1494
5949d0bf-23d2-11e8-a6a3-ec086b02610b,5949d0bf-23d2-11e8-a6a3-ec086b02610b.jpg,11,bird,118,2013-03-29 12:24:24,700ab43d-5567-11e8-b0cb-dca9047ef277,1,1,2560,1920
594b5c7c-23d2-11e8-a6a3-ec086b02610b,594b5c7c-23d2-11e8-a6a3-ec086b02610b.jpg,11,bird,68,2014-08-03 08:19:37,701dcbe6-5567-11e8-a967-dca9047ef277,2,3,2048,1494
594b5d53-23d2-11e8-a6a3-ec086b02610b,594b5d53-23d2-11e8-a6a3-ec086b02610b.jpg,11,bird,67,2014-05-06 09:04:28,701c4fab-5567-11e8-bfb3-dca9047ef277,2,3,2048,1494
594b5de1-23d2-11e8-a6a3-ec086b02610b,594b5de1-23d2-11e8-a6a3-ec086b02610b.jpg,11,bird,68,2014-11-01 09:14:07,701dcf19-5567-11e8-ad8f-dca9047ef277,2,3,2048,1494
594b5f1d-23d2-11e8-a6a3-ec086b02610b,594b5f1d-23d2-11e8-a6a3-ec086b02610b.jpg,11,bird,70,2014-03-16 12:24:45,6fd4b461-5567-11e8-bbc2-dca9047ef277,1,1,2048,1494
594b5fdc-23d2-11e8-a6a3-ec086b02610b,594b5fdc-23d2-11e8-a6a3-ec086b02610b.jpg,11,bird,67,2014-05-11 16:33:32,701c6e7a-5567-11e8-8df8-dca9047ef277,2,3,2048,1494
594e76ab-23d2-11e8-a6a3-ec086b02610b,594e76ab-23d2-11e8-a6a3-ec086b02610b.jpg,11,bird,70,2014-03-31 10:56:25,6fd57d78-5567-11e8-b886-dca9047ef277,1,1,2048,1494
594e79b8-23d2-11e8-a6a3-ec086b02610b,594e79b8-23d2-11e8-a6a3-ec086b02610b.jpg,11,bird,70,2013-12-07 13:47:39,6fd02633-5567-11e8-b5e9-dca9047ef277,1,1,2048,1494
5950034a-23d2-11e8-a6a3-ec086b02610b,5950034a-23d2-11e8-a6a3-ec086b02610b.jpg,11,bird,67,2014-05-13 07:23:36,701c7a7a-5567-11e8-8afb-dca9047ef277,3,3,2048,1494
5950050a-23d2-11e8-a6a3-ec086b02610b,5950050a-23d2-11e8-a6a3-ec086b02610b.jpg,11,bird,69,2013-12-12 16:59:48,701b4d9c-5567-11e8-97a5-dca9047ef277,2,3,2048,1494
59500556-23d2-11e8-a6a3-ec086b02610b,59500556-23d2-11e8-a6a3-ec086b02610b.jpg,11,bird,70,2014-06-07 15:47:18,6fd898c7-5567-11e8-bdde-dca9047ef277,1,1,2048,1494
59500588-23d2-11e8-a6a3-ec086b02610b,59500588-23d2-11e8-a6a3-ec086b02610b.jpg,11,bird,67,2014-05-12 13:34:31,701c75a3-5567-11e8-9c6e-dca9047ef277,3,3,2048,1494
595005ed-23d2-11e8-a6a3-ec086b02610b,595005ed-23d2-11e8-a6a3-ec086b02610b.jpg,11,bird,67,2014-05-08 12:25:34,701c6917-5567-11e8-ac6e-dca9047ef277,1,3,2048,1494
59500647-23d2-11e8-a6a3-ec086b02610b,59500647-23d2-11e8-a6a3-ec086b02610b.jpg,11,bird,72,2014-08-14 07:06:27,7014740f-5567-11e8-a224-dca9047ef277,1,3,2048,1494
595191b3-23d2-11e8-a6a3-ec086b02610b,595191b3-23d2-11e8-a6a3-ec086b02610b.jpg,11,bird,67,2014-05-08 07:20:35,701c5ef0-5567-11e8-866c-dca9047ef277,3,3,2048,1494
59531a81-23d2-11e8-a6a3-ec086b02610b,59531a81-23d2-11e8-a6a3-ec086b02610b.jpg,11,bird,67,2014-05-15 18:26:27,701c8614-5567-11e8-bbd0-dca9047ef277,3,3,2048,1494
5954a8ee-23d2-11e8-a6a3-ec086b02610b,5954a8ee-23d2-11e8-a6a3-ec086b02610b.jpg,11,bird,66,2011-12-10 10:46:00,700a15ba-5567-11e8-9438-dca9047ef277,1,1,2048,1536
5954aafe-23d2-11e8-a6a3-ec086b02610b,5954aafe-23d2-11e8-a6a3-ec086b02610b.jpg,11,bird,70,2014-08-14 13:26:46,6fdb56b0-5567-11e8-97d4-dca9047ef277,1,1,2048,1494
5956370e-23d2-11e8-a6a3-ec086b02610b,5956370e-23d2-11e8-a6a3-ec086b02610b.jpg,11,bird,70,2014-06-08 10:56:08,6fd8a797-5567-11e8-a11e-dca9047ef277,1,1,2048,1494
59563880-23d2-11e8-a6a3-ec086b02610b,59563880-23d2-11e8-a6a3-ec086b02610b.jpg,11,bird,68,2014-10-20 17:47:26,701dcc85-5567-11e8-b92a-dca9047ef277,2,3,2048,1494
5957c1b3-23d2-11e8-a6a3-ec086b02610b,5957c1b3-23d2-11e8-a6a3-ec086b02610b.jpg,11,bird,72,2013-08-02 14:25:12,7014670c-5567-11e8-89bd-dca9047ef277,3,3,2048,1494
5957c1f7-23d2-11e8-a6a3-ec086b02610b,5957c1f7-23d2-11e8-a6a3-ec086b02610b.jpg,11,bird,68,2014-11-08 09:01:29,701dd0b3-5567-11e8-9972-dca9047ef277,2,3,2048,1494
5957c2ac-23d2-11e8-a6a3-ec086b02610b,5957c2ac-23d2-11e8-a6a3-ec086b02610b.jpg,11,bird,72,2013-08-18 17:03:31,70146ab0-5567-11e8-9837-dca9047ef277,1,3,2048,1494
5957c423-23d2-11e8-a6a3-ec086b02610b,5957c423-23d2-11e8-a6a3-ec086b02610b.jpg,11,bird,70,2014-05-02 12:33:01,6fd6d380-5567-11e8-ac08-dca9047ef277,1,1,2048,1494
5957c4a7-23d2-11e8-a6a3-ec086b02610b,5957c4a7-23d2-11e8-a6a3-ec086b02610b.jpg,11,bird,68,2013-12-25 07:37:34,701dc95c-5567-11e8-b6c4-dca9047ef277,2,3,2048,1494
59595032-23d2-11e8-a6a3-ec086b02610b,59595032-23d2-11e8-a6a3-ec086b02610b.jpg,11,bird,69,2013-12-04 15:56:35,701b4d4f-5567-11e8-9afa-dca9047ef277,3,3,2048,1494
595951bb-23d2-11e8-a6a3-ec086b02610b,595951bb-23d2-11e8-a6a3-ec086b02610b.jpg,11,bird,67,2014-05-08 08:05:38,701c662b-5567-11e8-af03-dca9047ef277,3,3,2048,1494
595adb02-23d2-11e8-a6a3-ec086b02610b,595adb02-23d2-11e8-a6a3-ec086b02610b.jpg,11,bird,67,2014-05-14 17:58:35,701c7e94-5567-11e8-bbb5-dca9047ef277,3,3,2048,1494
595adb0e-23d2-11e8-a6a3-ec086b02610b,595adb0e-23d2-11e8-a6a3-ec086b02610b.jpg,11,bird,67,2014-09-26 14:14:45,701cb0ee-5567-11e8-a52e-dca9047ef277,2,3,2048,1494
595adc16-23d2-11e8-a6a3-ec086b02610b,595adc16-23d2-11e8-a6a3-ec086b02610b.jpg,11,bird,70,2014-03-10 11:40:39,6fd466cc-5567-11e8-b360-dca9047ef277,1,1,2048,1494
595adc98-23d2-11e8-a6a3-ec086b02610b,595adc98-23d2-11e8-a6a3-ec086b02610b.jpg,11,bird,67,2014-05-15 18:10:12,701c84c0-5567-11e8-8b8d-dca9047ef277,2,3,2048,1494
595adcc3-23d2-11e8-a6a3-ec086b02610b,595adcc3-23d2-11e8-a6a3-ec086b02610b.jpg,11,bird,72,2013-08-02 14:25:11,701466c0-5567-11e8-aa42-dca9047ef277,2,3,2048,1494
595adcd1-23d2-11e8-a6a3-ec086b02610b,595adcd1-23d2-11e8-a6a3-ec086b02610b.jpg,11,bird,67,2014-05-15 07:12:19,701c7fde-5567-11e8-946e-dca9047ef277,3,3,2048,1494
595add4b-23d2-11e8-a6a3-ec086b02610b,595add4b-23d2-11e8-a6a3-ec086b02610b.jpg,11,bird,70,2014-03-31 10:56:23,6fd57cb0-5567-11e8-b9f8-dca9047ef277,1,1,2048,1494
595adde1-23d2-11e8-a6a3-ec086b02610b,595adde1-23d2-11e8-a6a3-ec086b02610b.jpg,11,bird,68,2013-12-22 14:25:18,701dc3d9-5567-11e8-94c9-dca9047ef277,2,3,2048,1494
595c6a90-23d2-11e8-a6a3-ec086b02610b,595c6a90-23d2-11e8-a6a3-ec086b02610b.jpg,11,bird,72,2013-08-06 16:19:03,701467b8-5567-11e8-886f-dca9047ef277,1,3,2048,1494
595def76-23d2-11e8-a6a3-ec086b02610b,595def76-23d2-11e8-a6a3-ec086b02610b.jpg,11,bird,66,2013-04-24 18:12:00,700a3ef0-5567-11e8-b4f7-dca9047ef277,1,1,2048,1536
595df02b-23d2-11e8-a6a3-ec086b02610b,595df02b-23d2-11e8-a6a3-ec086b02610b.jpg,11,bird,70,2013-10-20 11:04:49,6fce31a8-5567-11e8-96c9-dca9047ef277,1,1,2048,1494
595df035-23d2-11e8-a6a3-ec086b02610b,595df035-23d2-11e8-a6a3-ec086b02610b.jpg,11,bird,67,2014-05-08 08:05:41,701c6678-5567-11e8-add5-dca9047ef277,1,3,2048,1494
595f7a4e-23d2-11e8-a6a3-ec086b02610b,595f7a4e-23d2-11e8-a6a3-ec086b02610b.jpg,11,bird,68,2014-11-02 13:52:27,701dcfb8-5567-11e8-a002-dca9047ef277,3,3,2048,1494
595f7af4-23d2-11e8-a6a3-ec086b02610b,595f7af4-23d2-11e8-a6a3-ec086b02610b.jpg,11,bird,70,2013-09-17 17:00:01,6fccf945-5567-11e8-a7aa-dca9047ef277,1,1,2048,1494
595f7b24-23d2-11e8-a6a3-ec086b02610b,595f7b24-23d2-11e8-a6a3-ec086b02610b.jpg,11,bird,70,2014-04-09 11:15:31,6fd5d3ae-5567-11e8-a02c-dca9047ef277,1,1,2048,1494
59610661-23d2-11e8-a6a3-ec086b02610b,59610661-23d2-11e8-a6a3-ec086b02610b.jpg,11,bird,67,2014-05-06 09:10:22,701c504a-5567-11e8-af20-dca9047ef277,3,3,2048,1494
5961078d-23d2-11e8-a6a3-ec086b02610b,5961078d-23d2-11e8-a6a3-ec086b02610b.jpg,11,bird,71,2013-05-03 09:34:11,700837ae-5567-11e8-b658-dca9047ef277,1,1,2560,1920
5962916f-23d2-11e8-a6a3-ec086b02610b,5962916f-23d2-11e8-a6a3-ec086b02610b.jpg,11,bird,72,2014-09-05 07:07:43,7014750a-5567-11e8-afde-dca9047ef277,1,3,2048,1494
59629181-23d2-11e8-a6a3-ec086b02610b,59629181-23d2-11e8-a6a3-ec086b02610b.jpg,11,bird,68,2013-12-24 16:06:10,701dc90c-5567-11e8-8a59-dca9047ef277,1,3,2048,1494
596294e8-23d2-11e8-a6a3-ec086b02610b,596294e8-23d2-11e8-a6a3-ec086b02610b.jpg,11,bird,70,2013-12-10 11:45:31,6fd0436b-5567-11e8-ad69-dca9047ef277,1,1,2048,1494
59641cdb-23d2-11e8-a6a3-ec086b02610b,59641cdb-23d2-11e8-a6a3-ec086b02610b.jpg,11,bird,69,2013-10-17 09:46:12,701b4b63-5567-11e8-bce6-dca9047ef277,1,3,2048,1494
59641d23-23d2-11e8-a6a3-ec086b02610b,59641d23-23d2-11e8-a6a3-ec086b02610b.jpg,11,bird,68,2014-11-02 12:42:40,701dcf6b-5567-11e8-a6fb-dca9047ef277,1,3,2048,1494
59641d67-23d2-11e8-a6a3-ec086b02610b,59641d67-23d2-11e8-a6a3-ec086b02610b.jpg,11,bird,20,2014-02-14 18:54:55,7017afcc-5567-11e8-8f6c-dca9047ef277,2,3,2048,1494
59641ee8-23d2-11e8-a6a3-ec086b02610b,59641ee8-23d2-11e8-a6a3-ec086b02610b.jpg,11,bird,53,2014-01-02 16:57:28,70195c9e-5567-11e8-bb8c-dca9047ef277,2,3,2048,1494
59641fa6-23d2-11e8-a6a3-ec086b02610b,59641fa6-23d2-11e8-a6a3-ec086b02610b.jpg,11,bird,7,2012-04-09 08:47:43,6f07a25e-5567-11e8-89d6-dca9047ef277,2,3,2048,1494
59642046-23d2-11e8-a6a3-ec086b02610b,59642046-23d2-11e8-a6a3-ec086b02610b.jpg,11,bird,61,2014-11-05 13:58:36,7014169e-5567-11e8-b0a7-dca9047ef277,3,3,2048,1494
5965a8c2-23d2-11e8-a6a3-ec086b02610b,5965a8c2-23d2-11e8-a6a3-ec086b02610b.jpg,11,bird,59,2014-02-14 09:03:54,7018833d-5567-11e8-b4e2-dca9047ef277,3,3,2048,1494
5965a8f8-23d2-11e8-a6a3-ec086b02610b,5965a8f8-23d2-11e8-a6a3-ec086b02610b.jpg,11,bird,22,2014-02-12 12:06:31,70194057-5567-11e8-9754-dca9047ef277,3,3,2048,1494
5965ac29-23d2-11e8-a6a3-ec086b02610b,5965ac29-23d2-11e8-a6a3-ec086b02610b.jpg,11,bird,46,2011-06-23 13:50:40,6f16cb4f-5567-11e8-802f-dca9047ef277,3,3,2048,1494
59673509-23d2-11e8-a6a3-ec086b02610b,59673509-23d2-11e8-a6a3-ec086b02610b.jpg,11,bird,23,2014-06-09 09:49:25,6fea1a26-5567-11e8-965d-dca9047ef277,1,1,2048,1494
5968bf64-23d2-11e8-a6a3-ec086b02610b,5968bf64-23d2-11e8-a6a3-ec086b02610b.jpg,11,bird,21,2014-11-18 16:26:03,701d1ecf-5567-11e8-a8db-dca9047ef277,1,3,2048,1494
5968c25b-23d2-11e8-a6a3-ec086b02610b,5968c25b-23d2-11e8-a6a3-ec086b02610b.jpg,11,bird,19,2014-04-07 07:31:34,701eb2b8-5567-11e8-8133-dca9047ef277,2,3,2048,1494
5968c313-23d2-11e8-a6a3-ec086b02610b,5968c313-23d2-11e8-a6a3-ec086b02610b.jpg,11,bird,31,2014-09-21 13:28:20,701dc1a8-5567-11e8-b949-dca9047ef277,3,3,2048,1494
596a4c60-23d2-11e8-a6a3-ec086b02610b,596a4c60-23d2-11e8-a6a3-ec086b02610b.jpg,11,bird,30,2015-05-05 15:24:55,7019c547-5567-11e8-aa0d-dca9047ef277,3,3,2048,1494
596a4d54-23d2-11e8-a6a3-ec086b02610b,596a4d54-23d2-11e8-a6a3-ec086b02610b.jpg,11,bird,19,2014-04-06 10:19:22,701eb07d-5567-11e8-b8e8-dca9047ef277,3,3,2048,1494
596a4ff1-23d2-11e8-a6a3-ec086b02610b,596a4ff1-23d2-11e8-a6a3-ec086b02610b.jpg,11,bird,61,2013-09-30 08:25:37,701392c0-5567-11e8-928e-dca9047ef277,1,3,2048,1494
596bd986-23d2-11e8-a6a3-ec086b02610b,596bd986-23d2-11e8-a6a3-ec086b02610b.jpg,11,bird,6,2014-03-24 13:50:04,70173f57-5567-11e8-af16-dca9047ef277,1,3,2048,1494
596bd9bf-23d2-11e8-a6a3-ec086b02610b,596bd9bf-23d2-11e8-a6a3-ec086b02610b.jpg,11,bird,10,2013-12-31 14:40:36,701d7128-5567-11e8-ba20-dca9047ef277,1,3,2048,1494
596bda6d-23d2-11e8-a6a3-ec086b02610b,596bda6d-23d2-11e8-a6a3-ec086b02610b.jpg,11,bird,0,2011-05-21 05:02:00,700ad611-5567-11e8-b364-dca9047ef277,1,1,2048,1536
596d6296-23d2-11e8-a6a3-ec086b02610b,596d6296-23d2-11e8-a6a3-ec086b02610b.jpg,11,bird,22,2014-01-20 12:46:29,70193838-5567-11e8-8cf6-dca9047ef277,2,3,2048,1494
596d6503-23d2-11e8-a6a3-ec086b02610b,596d6503-23d2-11e8-a6a3-ec086b02610b.jpg,11,bird,22,2014-02-12 12:06:53,7019417a-5567-11e8-94ef-dca9047ef277,3,3,2048,1494
596d6607-23d2-11e8-a6a3-ec086b02610b,596d6607-23d2-11e8-a6a3-ec086b02610b.jpg,11,bird,5,2011-07-10 13:50:02,6f192f9c-5567-11e8-8ca4-dca9047ef277,3,3,2048,1494
596d6646-23d2-11e8-a6a3-ec086b02610b,596d6646-23d2-11e8-a6a3-ec086b02610b.jpg,11,bird,22,2015-05-13 07:12:56,70194d1e-5567-11e8-9ee8-dca9047ef277,1,3,2048,1494
596eedb3-23d2-11e8-a6a3-ec086b02610b,596eedb3-23d2-11e8-a6a3-ec086b02610b.jpg,11,bird,17,2011-05-19 09:16:00,7009d533-5567-11e8-919e-dca9047ef277,1,1,2048,1536
596eee25-23d2-11e8-a6a3-ec086b02610b,596eee25-23d2-11e8-a6a3-ec086b02610b.jpg,11,bird,57,2014-04-21 08:19:22,6f87bba6-5567-11e8-849a-dca9047ef277,1,1,2048,1494
596eee2a-23d2-11e8-a6a3-ec086b02610b,596eee2a-23d2-11e8-a6a3-ec086b02610b.jpg,11,bird,39,2014-02-19 18:11:26,701ebcae-5567-11e8-8070-dca9047ef277,3,3,2048,1494
596eeef7-23d2-11e8-a6a3-ec086b02610b,596eeef7-23d2-11e8-a6a3-ec086b02610b.jpg,11,bird,45,2014-10-20 12:28:52,701c4cc5-5567-11e8-9807-dca9047ef277,2,3,2048,1494
596ef02e-23d2-11e8-a6a3-ec086b02610b,596ef02e-23d2-11e8-a6a3-ec086b02610b.jpg,11,bird,59,2014-02-14 10:01:48,701883d4-5567-11e8-af78-dca9047ef277,2,3,2048,1494
596ef079-23d2-11e8-a6a3-ec086b02610b,596ef079-23d2-11e8-a6a3-ec086b02610b.jpg,11,bird,10,2014-05-07 11:29:13,701d79ca-5567-11e8-9217-dca9047ef277,2,5,2048,1494
5971f81a-23d2-11e8-a6a3-ec086b02610b,5971f81a-23d2-11e8-a6a3-ec086b02610b.jpg,11,bird,25,2014-09-09 16:37:05,7010dc23-5567-11e8-ade6-dca9047ef277,1,3,2048,1494
5971f8b8-23d2-11e8-a6a3-ec086b02610b,5971f8b8-23d2-11e8-a6a3-ec086b02610b.jpg,11,bird,46,2011-06-28 08:46:35,6f16e4f8-5567-11e8-8b37-dca9047ef277,3,3,2048,1494
5971f915-23d2-11e8-a6a3-ec086b02610b,5971f915-23d2-11e8-a6a3-ec086b02610b.jpg,11,bird,34,2014-07-10 11:36:53,701523ae-5567-11e8-a1a0-dca9047ef277,2,3,2048,1494
5971f999-23d2-11e8-a6a3-ec086b02610b,5971f999-23d2-11e8-a6a3-ec086b02610b.jpg,11,bird,13,2013-09-18 06:46:28,70157cca-5567-11e8-8c1c-dca9047ef277,3,3,2048,1494
5971f9b0-23d2-11e8-a6a3-ec086b02610b,5971f9b0-23d2-11e8-a6a3-ec086b02610b.jpg,11,bird,64,2012-03-30 11:14:41,6f198cc7-5567-11e8-a2b9-dca9047ef277,2,3,2048,1494
5971fa3a-23d2-11e8-a6a3-ec086b02610b,5971fa3a-23d2-11e8-a6a3-ec086b02610b.jpg,11,bird,45,2014-09-22 08:35:02,701c46f5-5567-11e8-9e66-dca9047ef277,1,3,2048,1494
5971faaa-23d2-11e8-a6a3-ec086b02610b,5971faaa-23d2-11e8-a6a3-ec086b02610b.jpg,11,bird,14,2014-07-19 06:26:20,7019074f-5567-11e8-9c3a-dca9047ef277,3,3,2048,1494
5971face-23d2-11e8-a6a3-ec086b02610b,5971face-23d2-11e8-a6a3-ec086b02610b.jpg,11,bird,48,2014-04-13 12:10:29,701b3c00-5567-11e8-8631-dca9047ef277,3,3,2048,1494
5971fbb1-23d2-11e8-a6a3-ec086b02610b,5971fbb1-23d2-11e8-a6a3-ec086b02610b.jpg,11,bird,13,2013-11-24 13:59:51,70158f42-5567-11e8-90aa-dca9047ef277,2,3,2048,1494
59738747-23d2-11e8-a6a3-ec086b02610b,59738747-23d2-11e8-a6a3-ec086b02610b.jpg,11,bird,19,2014-04-06 10:20:03,701eb11c-5567-11e8-a656-dca9047ef277,3,3,2048,1494
597387ae-23d2-11e8-a6a3-ec086b02610b,597387ae-23d2-11e8-a6a3-ec086b02610b.jpg,11,bird,6,2014-08-01 05:53:50,70174bc0-5567-11e8-80f5-dca9047ef277,2,3,2048,1494
597388e9-23d2-11e8-a6a3-ec086b02610b,597388e9-23d2-11e8-a6a3-ec086b02610b.jpg,11,bird,45,2014-10-06 08:07:11,701c48e6-5567-11e8-95a6-dca9047ef277,1,3,2048,1494
59751385-23d2-11e8-a6a3-ec086b02610b,59751385-23d2-11e8-a6a3-ec086b02610b.jpg,11,bird,25,2014-09-09 16:04:22,7010d9b8-5567-11e8-807f-dca9047ef277,3,3,2048,1494
59751699-23d2-11e8-a6a3-ec086b02610b,59751699-23d2-11e8-a6a3-ec086b02610b.jpg,11,bird,59,2014-02-14 16:41:03,70188500-5567-11e8-8516-dca9047ef277,1,3,2048,1494
5976a21b-23d2-11e8-a6a3-ec086b02610b,5976a21b-23d2-11e8-a6a3-ec086b02610b.jpg,11,bird,49,2014-05-12 12:59:24,701b5d66-5567-11e8-b4d4-dca9047ef277,1,3,2048,1494
5976a27a-23d2-11e8-a6a3-ec086b02610b,5976a27a-23d2-11e8-a6a3-ec086b02610b.jpg,11,bird,14,2014-11-19 12:29:12,70190e8a-5567-11e8-b22c-dca9047ef277,3,3,2048,1494
5976a52b-23d2-11e8-a6a3-ec086b02610b,5976a52b-23d2-11e8-a6a3-ec086b02610b.jpg,11,bird,28,2012-05-05 10:48:38,6f12ecae-5567-11e8-9e10-dca9047ef277,2,3,2048,1494
5976a535-23d2-11e8-a6a3-ec086b02610b,5976a535-23d2-11e8-a6a3-ec086b02610b.jpg,11,bird,13,2013-11-14 07:12:31,70158be8-5567-11e8-b8ae-dca9047ef277,2,3,2048,1494
5976a545-23d2-11e8-a6a3-ec086b02610b,5976a545-23d2-11e8-a6a3-ec086b02610b.jpg,11,bird,46,2012-04-06 09:42:15,6f18aca3-5567-11e8-ab0d-dca9047ef277,3,3,2048,1494
59783037-23d2-11e8-a6a3-ec086b02610b,59783037-23d2-11e8-a6a3-ec086b02610b.jpg,11,bird,45,2014-10-28 08:56:42,701c4dc0-5567-11e8-a9bf-dca9047ef277,3,3,2048,1494
5978303c-23d2-11e8-a6a3-ec086b02610b,5978303c-23d2-11e8-a6a3-ec086b02610b.jpg,11,bird,22,2013-10-04 07:41:03,70193751-5567-11e8-ae2b-dca9047ef277,3,3,2048,1494
59783097-23d2-11e8-a6a3-ec086b02610b,59783097-23d2-11e8-a6a3-ec086b02610b.jpg,11,bird,59,2014-02-13 07:38:40,70187eab-5567-11e8-9d49-dca9047ef277,1,3,2048,1494
59783275-23d2-11e8-a6a3-ec086b02610b,59783275-23d2-11e8-a6a3-ec086b02610b.jpg,11,bird,46,2012-05-04 12:20:04,6f18d3c5-5567-11e8-bd44-dca9047ef277,1,3,2048,1494
5979be33-23d2-11e8-a6a3-ec086b02610b,5979be33-23d2-11e8-a6a3-ec086b02610b.jpg,11,bird,31,2013-11-16 14:12:58,701db8ae-5567-11e8-bee8-dca9047ef277,1,3,2048,1494
597b481f-23d2-11e8-a6a3-ec086b02610b,597b481f-23d2-11e8-a6a3-ec086b02610b.jpg,11,bird,22,2014-02-12 12:05:35,70193fb8-5567-11e8-a2d6-dca9047ef277,1,3,2048,1494
597b4ab2-23d2-11e8-a6a3-ec086b02610b,597b4ab2-23d2-11e8-a6a3-ec086b02610b.jpg,11,bird,27,2014-10-10 15:50:27,701242a6-5567-11e8-a589-dca9047ef277,2,3,2048,1494
597cd487-23d2-11e8-a6a3-ec086b02610b,597cd487-23d2-11e8-a6a3-ec086b02610b.jpg,11,bird,35,2014-07-04 07:54:43,701138e8-5567-11e8-82c4-dca9047ef277,3,3,2048,1494
597cd6d2-23d2-11e8-a6a3-ec086b02610b,597cd6d2-23d2-11e8-a6a3-ec086b02610b.jpg,11,bird,19,2014-04-07 07:46:31,701eb3a8-5567-11e8-b917-dca9047ef277,3,3,2048,1494
597cd76a-23d2-11e8-a6a3-ec086b02610b,597cd76a-23d2-11e8-a6a3-ec086b02610b.jpg,11,bird,1,2014-07-16 11:35:10,7015c130-5567-11e8-82cc-dca9047ef277,1,3,2048,1494
597cd780-23d2-11e8-a6a3-ec086b02610b,597cd780-23d2-11e8-a6a3-ec086b02610b.jpg,11,bird,57,2014-08-16 09:12:12,6f8e0d4c-5567-11e8-b441-dca9047ef277,1,1,2048,1494
597e60e9-23d2-11e8-a6a3-ec086b02610b,597e60e9-23d2-11e8-a6a3-ec086b02610b.jpg,11,bird,56,2013-08-03 10:55:10,7010ee87-5567-11e8-92ad-dca9047ef277,5,5,2048,1494
597e6235-23d2-11e8-a6a3-ec086b02610b,597e6235-23d2-11e8-a6a3-ec086b02610b.jpg,11,bird,37,2014-09-10 17:29:45,70182b45-5567-11e8-a7e4-dca9047ef277,2,3,2048,1494
597e62a7-23d2-11e8-a6a3-ec086b02610b,597e62a7-23d2-11e8-a6a3-ec086b02610b.jpg,11,bird,14,2013-11-11 08:52:45,7018fe8f-5567-11e8-a55c-dca9047ef277,1,3,2048,1494
597e62d9-23d2-11e8-a6a3-ec086b02610b,597e62d9-23d2-11e8-a6a3-ec086b02610b.jpg,11,bird,39,2014-02-16 07:30:25,701ebbb3-5567-11e8-a6ba-dca9047ef277,3,3,2048,1494
597e63e1-23d2-11e8-a6a3-ec086b02610b,597e63e1-23d2-11e8-a6a3-ec086b02610b.jpg,11,bird,59,2014-02-13 11:48:43,701880a8-5567-11e8-b278-dca9047ef277,2,3,2048,1494
597fedad-23d2-11e8-a6a3-ec086b02610b,597fedad-23d2-11e8-a6a3-ec086b02610b.jpg,11,bird,10,2013-12-31 14:40:40,701d7175-5567-11e8-bcdc-dca9047ef277,1,3,2048,1494
597ff03e-23d2-11e8-a6a3-ec086b02610b,597ff03e-23d2-11e8-a6a3-ec086b02610b.jpg,11,bird,19,2013-11-05 13:08:19,701e98b3-5567-11e8-815f-dca9047ef277,2,3,2048,1494
59817a99-23d2-11e8-a6a3-ec086b02610b,59817a99-23d2-11e8-a6a3-ec086b02610b.jpg,11,bird,59,2014-02-15 12:08:59,7018864a-5567-11e8-b531-dca9047ef277,1,3,2048,1494
59817bb0-23d2-11e8-a6a3-ec086b02610b,59817bb0-23d2-11e8-a6a3-ec086b02610b.jpg,11,bird,43,2012-06-06 15:26:19,6f0cde0f-5567-11e8-bd28-dca9047ef277,3,3,2048,1494
59817c6a-23d2-11e8-a6a3-ec086b02610b,59817c6a-23d2-11e8-a6a3-ec086b02610b.jpg,11,bird,20,2014-04-03 15:19:40,7017b6dc-5567-11e8-9776-dca9047ef277,3,3,2048,1494
59817c8f-23d2-11e8-a6a3-ec086b02610b,59817c8f-23d2-11e8-a6a3-ec086b02610b.jpg,11,bird,5,2011-06-27 13:44:45,6f1922e1-5567-11e8-ba4c-dca9047ef277,2,3,2048,1494
59830858-23d2-11e8-a6a3-ec086b02610b,59830858-23d2-11e8-a6a3-ec086b02610b.jpg,11,bird,51,2011-07-29 11:49:17,6f1c9554-5567-11e8-86eb-dca9047ef277,3,3,2048,1494
5983088c-23d2-11e8-a6a3-ec086b02610b,5983088c-23d2-11e8-a6a3-ec086b02610b.jpg,11,bird,33,2012-02-05 13:23:52,6f09bbe8-5567-11e8-be15-dca9047ef277,1,3,2048,1494
5983092b-23d2-11e8-a6a3-ec086b02610b,5983092b-23d2-11e8-a6a3-ec086b02610b.jpg,11,bird,59,2014-02-13 07:38:49,70187f7d-5567-11e8-acb9-dca9047ef277,3,3,2048,1494
598309d5-23d2-11e8-a6a3-ec086b02610b,598309d5-23d2-11e8-a6a3-ec086b02610b.jpg,11,bird,28,2012-04-27 13:22:44,6f12e5eb-5567-11e8-bac7-dca9047ef277,1,3,2048,1494
598494b7-23d2-11e8-a6a3-ec086b02610b,598494b7-23d2-11e8-a6a3-ec086b02610b.jpg,11,bird,49,2014-05-12 12:59:26,701b5db5-5567-11e8-9ed3-dca9047ef277,3,3,2048,1494
598494f5-23d2-11e8-a6a3-ec086b02610b,598494f5-23d2-11e8-a6a3-ec086b02610b.jpg,11,bird,3,2014-11-15 08:35:13,701cc5c0-5567-11e8-870b-dca9047ef277,1,3,2048,1494
5984974f-23d2-11e8-a6a3-ec086b02610b,5984974f-23d2-11e8-a6a3-ec086b02610b.jpg,11,bird,5,2011-06-27 11:02:28,6f191fa3-5567-11e8-b60f-dca9047ef277,1,3,2048,1494
59849780-23d2-11e8-a6a3-ec086b02610b,59849780-23d2-11e8-a6a3-ec086b02610b.jpg,11,bird,57,2014-04-10 11:09:36,6f874fd7-5567-11e8-9e5e-dca9047ef277,1,1,2048,1494
5984978b-23d2-11e8-a6a3-ec086b02610b,5984978b-23d2-11e8-a6a3-ec086b02610b.jpg,11,bird,59,2014-02-13 10:51:42,70188063-5567-11e8-9bd1-dca9047ef277,1,3,2048,1494
598625c4-23d2-11e8-a6a3-ec086b02610b,598625c4-23d2-11e8-a6a3-ec086b02610b.jpg,11,bird,59,2014-02-17 11:06:35,70188775-5567-11e8-b2f0-dca9047ef277,2,3,2048,1494
598625d0-23d2-11e8-a6a3-ec086b02610b,598625d0-23d2-11e8-a6a3-ec086b02610b.jpg,11,bird,61,2013-02-05 16:32:04,70135aba-5567-11e8-9da5-dca9047ef277,2,3,2048,1494
5986267a-23d2-11e8-a6a3-ec086b02610b,5986267a-23d2-11e8-a6a3-ec086b02610b.jpg,11,bird,48,2014-04-17 12:34:56,701b3d9c-5567-11e8-b4ad-dca9047ef277,2,3,2048,1494
5987b1fc-23d2-11e8-a6a3-ec086b02610b,5987b1fc-23d2-11e8-a6a3-ec086b02610b.jpg,11,bird,0,2012-10-22 16:36:13,700c6b9e-5567-11e8-9e40-dca9047ef277,1,1,2560,1920
5987b24d-23d2-11e8-a6a3-ec086b02610b,5987b24d-23d2-11e8-a6a3-ec086b02610b.jpg,11,bird,10,2014-06-04 09:04:36,701d84cf-5567-11e8-bfa7-dca9047ef277,3,5,2048,1494
5987b415-23d2-11e8-a6a3-ec086b02610b,5987b415-23d2-11e8-a6a3-ec086b02610b.jpg,11,bird,39,2014-07-12 14:53:43,701ed054-5567-11e8-8cf5-dca9047ef277,3,3,2048,1494
598941ff-23d2-11e8-a6a3-ec086b02610b,598941ff-23d2-11e8-a6a3-ec086b02610b.jpg,11,bird,3,2014-12-18 09:11:15,701ce54f-5567-11e8-9d4e-dca9047ef277,1,3,2048,1494
598acf51-23d2-11e8-a6a3-ec086b02610b,598acf51-23d2-11e8-a6a3-ec086b02610b.jpg,11,bird,43,2011-09-03 15:17:36,6f0b4d00-5567-11e8-a981-dca9047ef277,1,3,2048,1494
598acf85-23d2-11e8-a6a3-ec086b02610b,598acf85-23d2-11e8-a6a3-ec086b02610b.jpg,11,bird,13,2013-11-24 13:59:24,70158ef3-5567-11e8-bc3e-dca9047ef277,1,3,2048,1494
598ad068-23d2-11e8-a6a3-ec086b02610b,598ad068-23d2-11e8-a6a3-ec086b02610b.jpg,11,bird,20,2014-03-13 07:53:02,7017b1fa-5567-11e8-84be-dca9047ef277,1,3,2048,1494
598ad0a5-23d2-11e8-a6a3-ec086b02610b,598ad0a5-23d2-11e8-a6a3-ec086b02610b.jpg,11,bird,10,2013-12-26 13:49:40,701d6938-5567-11e8-80d9-dca9047ef277,1,3,2048,1494
598ad0e6-23d2-11e8-a6a3-ec086b02610b,598ad0e6-23d2-11e8-a6a3-ec086b02610b.jpg,11,bird,48,2014-04-18 13:17:28,701b3de8-5567-11e8-97b3-dca9047ef277,1,3,2048,1494
598c5a80-23d2-11e8-a6a3-ec086b02610b,598c5a80-23d2-11e8-a6a3-ec086b02610b.jpg,11,bird,13,2014-08-30 05:56:10,7015a735-5567-11e8-be87-dca9047ef277,3,3,2048,1494
598c5bf1-23d2-11e8-a6a3-ec086b02610b,598c5bf1-23d2-11e8-a6a3-ec086b02610b.jpg,11,bird,24,2011-12-22 11:59:06,6f0a72e1-5567-11e8-ad12-dca9047ef277,3,3,2048,1494
598c5d8a-23d2-11e8-a6a3-ec086b02610b,598c5d8a-23d2-11e8-a6a3-ec086b02610b.jpg,11,bird,42,2014-08-18 16:41:21,7019ebca-5567-11e8-a067-dca9047ef277,3,3,2048,1494
598de790-23d2-11e8-a6a3-ec086b02610b,598de790-23d2-11e8-a6a3-ec086b02610b.jpg,11,bird,13,2013-10-18 07:03:50,70158466-5567-11e8-8db6-dca9047ef277,1,3,2048,1494
598de7e0-23d2-11e8-a6a3-ec086b02610b,598de7e0-23d2-11e8-a6a3-ec086b02610b.jpg,11,bird,49,2014-09-20 10:17:05,701b5e54-5567-11e8-ba0d-dca9047ef277,2,3,2048,1494
598f7699-23d2-11e8-a6a3-ec086b02610b,598f7699-23d2-11e8-a6a3-ec086b02610b.jpg,11,bird,53,2014-01-06 16:19:00,70195f2b-5567-11e8-8f42-dca9047ef277,2,3,2048,1494
598f76e3-23d2-11e8-a6a3-ec086b02610b,598f76e3-23d2-11e8-a6a3-ec086b02610b.jpg,11,bird,19,2013-12-14 14:53:33,701ea5ca-5567-11e8-a8c2-dca9047ef277,1,3,2048,1494
598f77ad-23d2-11e8-a6a3-ec086b02610b,598f77ad-23d2-11e8-a6a3-ec086b02610b.jpg,11,bird,39,2014-03-11 07:59:24,701ec3c0-5567-11e8-b6a9-dca9047ef277,1,3,2048,1494
59910563-23d2-11e8-a6a3-ec086b02610b,59910563-23d2-11e8-a6a3-ec086b02610b.jpg,11,bird,19,2014-04-19 09:25:20,701eb591-5567-11e8-8e34-dca9047ef277,2,3,2048,1494
599105a6-23d2-11e8-a6a3-ec086b02610b,599105a6-23d2-11e8-a6a3-ec086b02610b.jpg,11,bird,25,2014-09-09 16:04:32,7010da4f-5567-11e8-94c9-dca9047ef277,1,3,2048,1494
5992908e-23d2-11e8-a6a3-ec086b02610b,5992908e-23d2-11e8-a6a3-ec086b02610b.jpg,11,bird,5,2011-06-25 13:13:56,6f191e57-5567-11e8-82f2-dca9047ef277,2,3,2048,1494
599293a3-23d2-11e8-a6a3-ec086b02610b,599293a3-23d2-11e8-a6a3-ec086b02610b.jpg,11,bird,13,2014-09-02 05:59:20,7015a826-5567-11e8-87d0-dca9047ef277,2,3,2048,1494
59941e02-23d2-11e8-a6a3-ec086b02610b,59941e02-23d2-11e8-a6a3-ec086b02610b.jpg,11,bird,51,2011-12-18 10:33:36,6f1cf3de-5567-11e8-b066-dca9047ef277,2,3,2048,1494
5995ad66-23d2-11e8-a6a3-ec086b02610b,5995ad66-23d2-11e8-a6a3-ec086b02610b.jpg,11,bird,13,2013-10-26 07:25:17,70158561-5567-11e8-beca-dca9047ef277,2,3,2048,1494
5995ad91-23d2-11e8-a6a3-ec086b02610b,5995ad91-23d2-11e8-a6a3-ec086b02610b.jpg,11,bird,31,2013-11-02 14:01:03,701db605-5567-11e8-b293-dca9047ef277,1,3,2048,1494
5995ae3d-23d2-11e8-a6a3-ec086b02610b,5995ae3d-23d2-11e8-a6a3-ec086b02610b.jpg,11,bird,45,2014-10-16 13:32:58,701c4a8a-5567-11e8-97c2-dca9047ef277,3,3,2048,1494
5995aeb9-23d2-11e8-a6a3-ec086b02610b,5995aeb9-23d2-11e8-a6a3-ec086b02610b.jpg,11,bird,25,2014-09-09 16:04:39,7010db3d-5567-11e8-ba77-dca9047ef277,3,3,2048,1494
5995aecf-23d2-11e8-a6a3-ec086b02610b,5995aecf-23d2-11e8-a6a3-ec086b02610b.jpg,11,bird,56,2013-09-23 04:05:39,70110b68-5567-11e8-9b9e-dca9047ef277,5,5,2048,1494
5995af46-23d2-11e8-a6a3-ec086b02610b,5995af46-23d2-11e8-a6a3-ec086b02610b.jpg,11,bird,3,2014-12-17 11:55:35,701ce4b0-5567-11e8-8a0c-dca9047ef277,1,3,2048,1494
59973f01-23d2-11e8-a6a3-ec086b02610b,59973f01-23d2-11e8-a6a3-ec086b02610b.jpg,11,bird,23,2014-04-15 11:29:38,6fe66051-5567-11e8-a6e1-dca9047ef277,1,1,2048,1494
59973f31-23d2-11e8-a6a3-ec086b02610b,59973f31-23d2-11e8-a6a3-ec086b02610b.jpg,11,bird,1,2014-11-22 06:43:09,7015c2ca-5567-11e8-81e9-dca9047ef277,3,3,2048,1494
59973fd8-23d2-11e8-a6a3-ec086b02610b,59973fd8-23d2-11e8-a6a3-ec086b02610b.jpg,11,bird,61,2013-01-14 13:02:58,70134073-5567-11e8-ae8e-dca9047ef277,1,3,2048,1494
5998cf35-23d2-11e8-a6a3-ec086b02610b,5998cf35-23d2-11e8-a6a3-ec086b02610b.jpg,11,bird,57,2014-03-24 10:57:59,6f8681e6-5567-11e8-9716-dca9047ef277,1,1,2048,1494
599a5a4f-23d2-11e8-a6a3-ec086b02610b,599a5a4f-23d2-11e8-a6a3-ec086b02610b.jpg,11,bird,43,2011-08-08 12:55:09,6f0b31ee-5567-11e8-aef0-dca9047ef277,3,3,2048,1494
599a5af4-23d2-11e8-a6a3-ec086b02610b,599a5af4-23d2-11e8-a6a3-ec086b02610b.jpg,11,bird,19,2013-11-25 07:27:25,701e9e19-5567-11e8-9af4-dca9047ef277,3,3,2048,1494
599a5cc5-23d2-11e8-a6a3-ec086b02610b,599a5cc5-23d2-11e8-a6a3-ec086b02610b.jpg,11,bird,46,2012-05-31 12:25:39,6f19042b-5567-11e8-af7f-dca9047ef277,1,3,2048,1494
599be8bb-23d2-11e8-a6a3-ec086b02610b,599be8bb-23d2-11e8-a6a3-ec086b02610b.jpg,11,bird,1,2014-11-25 08:37:04,7015c36b-5567-11e8-81d8-dca9047ef277,3,3,2048,1494
599d7b88-23d2-11e8-a6a3-ec086b02610b,599d7b88-23d2-11e8-a6a3-ec086b02610b.jpg,11,bird,47,2013-03-24 13:14:01,7009f185-5567-11e8-a0a9-dca9047ef277,1,1,2560,1920
599d7bab-23d2-11e8-a6a3-ec086b02610b,599d7bab-23d2-11e8-a6a3-ec086b02610b.jpg,11,bird,61,2014-06-18 14:57:54,7013bbeb-5567-11e8-a97c-dca9047ef277,1,3,2048,1494
599d7be5-23d2-11e8-a6a3-ec086b02610b,599d7be5-23d2-11e8-a6a3-ec086b02610b.jpg,11,bird,25,2014-09-09 16:04:22,7010d973-5567-11e8-8486-dca9047ef277,2,3,2048,1494
599d7d1e-23d2-11e8-a6a3-ec086b02610b,599d7d1e-23d2-11e8-a6a3-ec086b02610b.jpg,11,bird,6,2014-02-16 13:01:56,7017226e-5567-11e8-ab62-dca9047ef277,3,3,2048,1494
599d7ec5-23d2-11e8-a6a3-ec086b02610b,599d7ec5-23d2-11e8-a6a3-ec086b02610b.jpg,11,bird,10,2013-12-16 08:33:31,701d5bfd-5567-11e8-b405-dca9047ef277,1,3,2048,1494
599fbdec-23d2-11e8-a6a3-ec086b02610b,599fbdec-23d2-11e8-a6a3-ec086b02610b.jpg,11,bird,45,2014-10-20 12:28:45,701c4c75-5567-11e8-8a8f-dca9047ef277,2,3,2048,1494
599fbec7-23d2-11e8-a6a3-ec086b02610b,599fbec7-23d2-11e8-a6a3-ec086b02610b.jpg,11,bird,43,2011-09-03 13:01:35,6f0b4be8-5567-11e8-b883-dca9047ef277,2,3,2048,1494
599fc099-23d2-11e8-a6a3-ec086b02610b,599fc099-23d2-11e8-a6a3-ec086b02610b.jpg,11,bird,59,2014-02-13 12:00:47,70188140-5567-11e8-b253-dca9047ef277,1,3,2048,1494
599fc0fe-23d2-11e8-a6a3-ec086b02610b,599fc0fe-23d2-11e8-a6a3-ec086b02610b.jpg,11,bird,0,2013-04-03 09:12:37,700ccd97-5567-11e8-96d0-dca9047ef277,1,1,2560,1920
59a179d3-23d2-11e8-a6a3-ec086b02610b,59a179d3-23d2-11e8-a6a3-ec086b02610b.jpg,11,bird,23,2014-01-06 18:00:00,6fe1ebf8-5567-11e8-bb80-dca9047ef277,1,1,2048,1494
59a17b32-23d2-11e8-a6a3-ec086b02610b,59a17b32-23d2-11e8-a6a3-ec086b02610b.jpg,11,bird,1,2014-12-01 07:01:18,7015c3b8-5567-11e8-87d0-dca9047ef277,2,3,2048,1494
59a17b4e-23d2-11e8-a6a3-ec086b02610b,59a17b4e-23d2-11e8-a6a3-ec086b02610b.jpg,11,bird,46,2012-05-14 12:26:21,6f18e238-5567-11e8-9bf8-dca9047ef277,3,3,2048,1494
59a17be7-23d2-11e8-a6a3-ec086b02610b,59a17be7-23d2-11e8-a6a3-ec086b02610b.jpg,11,bird,32,2014-01-25 11:14:44,70111b75-5567-11e8-909f-dca9047ef277,2,3,2048,1494
59a17c7a-23d2-11e8-a6a3-ec086b02610b,59a17c7a-23d2-11e8-a6a3-ec086b02610b.jpg,11,bird,30,2015-05-05 15:24:46,7019c4f5-5567-11e8-8980-dca9047ef277,1,3,2048,1494
59a17cc6-23d2-11e8-a6a3-ec086b02610b,59a17cc6-23d2-11e8-a6a3-ec086b02610b.jpg,11,bird,56,2014-10-21 11:13:38,70111159-5567-11e8-aafa-dca9047ef277,3,3,2048,1494
59a30a9e-23d2-11e8-a6a3-ec086b02610b,59a30a9e-23d2-11e8-a6a3-ec086b02610b.jpg,11,bird,39,2014-03-16 17:16:36,701ec64a-5567-11e8-a645-dca9047ef277,1,3,2048,1494
59a30c95-23d2-11e8-a6a3-ec086b02610b,59a30c95-23d2-11e8-a6a3-ec086b02610b.jpg,11,bird,39,2014-03-22 13:51:44,701ec8fa-5567-11e8-bea5-dca9047ef277,1,3,2048,1494
59a30cbc-23d2-11e8-a6a3-ec086b02610b,59a30cbc-23d2-11e8-a6a3-ec086b02610b.jpg,11,bird,43,2011-08-08 12:32:16,6f0b3194-5567-11e8-b1c7-dca9047ef277,3,3,2048,1494
59a30d89-23d2-11e8-a6a3-ec086b02610b,59a30d89-23d2-11e8-a6a3-ec086b02610b.jpg,11,bird,1,2014-11-20 07:36:49,7015c266-5567-11e8-9f58-dca9047ef277,3,3,2048,1494
59a7bca0-23d2-11e8-a6a3-ec086b02610b,59a7bca0-23d2-11e8-a6a3-ec086b02610b.jpg,11,bird,10,2013-12-16 08:33:40,701d5ca6-5567-11e8-8093-dca9047ef277,2,3,2048,1494
59a7bde9-23d2-11e8-a6a3-ec086b02610b,59a7bde9-23d2-11e8-a6a3-ec086b02610b.jpg,11,bird,38,2011-12-04 13:14:18,6f012ed7-5567-11e8-9693-dca9047ef277,1,3,2048,1494
59a94b8d-23d2-11e8-a6a3-ec086b02610b,59a94b8d-23d2-11e8-a6a3-ec086b02610b.jpg,11,bird,25,2014-09-09 16:04:27,7010da07-5567-11e8-a0cc-dca9047ef277,2,3,2048,1494
59a94c13-23d2-11e8-a6a3-ec086b02610b,59a94c13-23d2-11e8-a6a3-ec086b02610b.jpg,11,bird,59,2014-02-13 08:19:44,70188014-5567-11e8-9cff-dca9047ef277,3,3,2048,1494
59a94c1c-23d2-11e8-a6a3-ec086b02610b,59a94c1c-23d2-11e8-a6a3-ec086b02610b.jpg,11,bird,14,2013-08-19 15:51:53,7018ed23-5567-11e8-91ca-dca9047ef277,1,3,2048,1494
59a94c37-23d2-11e8-a6a3-ec086b02610b,59a94c37-23d2-11e8-a6a3-ec086b02610b.jpg,11,bird,14,2014-11-19 12:29:15,70190ed9-5567-11e8-89cb-dca9047ef277,2,3,2048,1494
59a94c4c-23d2-11e8-a6a3-ec086b02610b,59a94c4c-23d2-11e8-a6a3-ec086b02610b.jpg,11,bird,1,2014-07-16 11:34:37,7015c091-5567-11e8-b33e-dca9047ef277,1,3,2048,1494
59aada32-23d2-11e8-a6a3-ec086b02610b,59aada32-23d2-11e8-a6a3-ec086b02610b.jpg,11,bird,57,2014-03-03 12:44:38,6f85c13d-5567-11e8-a156-dca9047ef277,1,1,2048,1494
59aadab3-23d2-11e8-a6a3-ec086b02610b,59aadab3-23d2-11e8-a6a3-ec086b02610b.jpg,11,bird,20,2014-02-27 10:29:28,7017b15c-5567-11e8-b6c9-dca9047ef277,3,3,2048,1494
59aadbea-23d2-11e8-a6a3-ec086b02610b,59aadbea-23d2-11e8-a6a3-ec086b02610b.jpg,11,bird,61,2014-10-12 10:33:22,7013ee78-5567-11e8-ac06-dca9047ef277,3,3,2048,1494
59aadcf4-23d2-11e8-a6a3-ec086b02610b,59aadcf4-23d2-11e8-a6a3-ec086b02610b.jpg,11,bird,37,2014-10-01 07:02:55,70183263-5567-11e8-b5d1-dca9047ef277,2,3,2048,1494
59ac6a5a-23d2-11e8-a6a3-ec086b02610b,59ac6a5a-23d2-11e8-a6a3-ec086b02610b.jpg,11,bird,51,2011-12-18 10:33:33,6f1cf397-5567-11e8-be31-dca9047ef277,2,3,2048,1494
59ac6a80-23d2-11e8-a6a3-ec086b02610b,59ac6a80-23d2-11e8-a6a3-ec086b02610b.jpg,11,bird,23,2013-10-05 14:32:35,6fde52ca-5567-11e8-b380-dca9047ef277,1,1,2048,1494
59ac6ad7-23d2-11e8-a6a3-ec086b02610b,59ac6ad7-23d2-11e8-a6a3-ec086b02610b.jpg,11,bird,21,2014-11-18 16:25:57,701d1e80-5567-11e8-bd33-dca9047ef277,1,3,2048,1494
59ac6bb5-23d2-11e8-a6a3-ec086b02610b,59ac6bb5-23d2-11e8-a6a3-ec086b02610b.jpg,11,bird,28,2012-05-14 15:19:59,6f12f528-5567-11e8-a8cb-dca9047ef277,3,3,2048,1494
59ac6bd5-23d2-11e8-a6a3-ec086b02610b,59ac6bd5-23d2-11e8-a6a3-ec086b02610b.jpg,11,bird,2,2013-09-09 15:57:17,7015513a-5567-11e8-a964-dca9047ef277,2,3,2048,1494
59ac6bdb-23d2-11e8-a6a3-ec086b02610b,59ac6bdb-23d2-11e8-a6a3-ec086b02610b.jpg,11,bird,28,2012-04-29 10:48:46,6f12e894-5567-11e8-89e1-dca9047ef277,2,3,2048,1494
59ac6cd1-23d2-11e8-a6a3-ec086b02610b,59ac6cd1-23d2-11e8-a6a3-ec086b02610b.jpg,11,bird,0,2011-05-31 11:54:00,700ae27d-5567-11e8-936f-dca9047ef277,1,1,2048,1536
59adfc05-23d2-11e8-a6a3-ec086b02610b,59adfc05-23d2-11e8-a6a3-ec086b02610b.jpg,11,bird,13,2014-05-07 19:14:12,70159578-5567-11e8-a361-dca9047ef277,3,3,2048,1494
59adfde6-23d2-11e8-a6a3-ec086b02610b,59adfde6-23d2-11e8-a6a3-ec086b02610b.jpg,11,bird,56,2013-08-03 11:06:38,7010ef2b-5567-11e8-8a13-dca9047ef277,5,5,2048,1494
59adfdfd-23d2-11e8-a6a3-ec086b02610b,59adfdfd-23d2-11e8-a6a3-ec086b02610b.jpg,11,bird,33,2011-09-29 13:09:59,6f08e60a-5567-11e8-8c78-dca9047ef277,2,3,2048,1494
59adfe9b-23d2-11e8-a6a3-ec086b02610b,59adfe9b-23d2-11e8-a6a3-ec086b02610b.jpg,11,bird,23,2014-08-24 08:58:04,6fee6c47-5567-11e8-85eb-dca9047ef277,1,1,2048,1494
59af9677-23d2-11e8-a6a3-ec086b02610b,59af9677-23d2-11e8-a6a3-ec086b02610b.jpg,11,bird,16,2014-02-03 12:02:48,701935cc-5567-11e8-81df-dca9047ef277,3,3,2048,1494
59af97a8-23d2-11e8-a6a3-ec086b02610b,59af97a8-23d2-11e8-a6a3-ec086b02610b.jpg,11,bird,20,2014-02-27 10:29:31,7017b1ab-5567-11e8-a177-dca9047ef277,2,3,2048,1494
59af9857-23d2-11e8-a6a3-ec086b02610b,59af9857-23d2-11e8-a6a3-ec086b02610b.jpg,11,bird,31,2014-09-21 13:28:09,701dc151-5567-11e8-8871-dca9047ef277,2,3,2048,1494
59af990e-23d2-11e8-a6a3-ec086b02610b,59af990e-23d2-11e8-a6a3-ec086b02610b.jpg,11,bird,56,2013-08-15 17:58:31,7010fbb3-5567-11e8-88d3-dca9047ef277,4,5,2048,1494
59af9950-23d2-11e8-a6a3-ec086b02610b,59af9950-23d2-11e8-a6a3-ec086b02610b.jpg,11,bird,0,2011-05-28 11:28:00,700ade80-5567-11e8-8cee-dca9047ef277,1,1,2048,1536
59b12fd7-23d2-11e8-a6a3-ec086b02610b,59b12fd7-23d2-11e8-a6a3-ec086b02610b.jpg,11,bird,53,2015-05-16 18:53:06,7019843a-5567-11e8-b350-dca9047ef277,1,3,2048,1494
59b13009-23d2-11e8-a6a3-ec086b02610b,59b13009-23d2-11e8-a6a3-ec086b02610b.jpg,11,bird,1,2014-07-16 11:34:41,7015c0de-5567-11e8-bec2-dca9047ef277,1,3,2048,1494
59b13038-23d2-11e8-a6a3-ec086b02610b,59b13038-23d2-11e8-a6a3-ec086b02610b.jpg,11,bird,14,2013-08-19 16:36:42,7018ed73-5567-11e8-ae1c-dca9047ef277,2,3,2048,1494
59b2e892-23d2-11e8-a6a3-ec086b02610b,59b2e892-23d2-11e8-a6a3-ec086b02610b.jpg,11,bird,61,2013-02-10 10:50:52,70136407-5567-11e8-b265-dca9047ef277,1,3,2048,1494
59b2e976-23d2-11e8-a6a3-ec086b02610b,59b2e976-23d2-11e8-a6a3-ec086b02610b.jpg,11,bird,53,2013-12-30 13:49:53,70195a17-5567-11e8-879a-dca9047ef277,3,3,2048,1494
59b2e999-23d2-11e8-a6a3-ec086b02610b,59b2e999-23d2-11e8-a6a3-ec086b02610b.jpg,11,bird,61,2013-08-02 07:24:07,7013704c-5567-11e8-a7cc-dca9047ef277,1,3,2048,1494
59b2ec20-23d2-11e8-a6a3-ec086b02610b,59b2ec20-23d2-11e8-a6a3-ec086b02610b.jpg,11,bird,5,2011-06-27 13:46:47,6f1923c5-5567-11e8-aca3-dca9047ef277,2,3,2048,1494
59b482be-23d2-11e8-a6a3-ec086b02610b,59b482be-23d2-11e8-a6a3-ec086b02610b.jpg,11,bird,5,2011-06-27 13:45:41,6f192375-5567-11e8-9019-dca9047ef277,2,3,2048,1494
59b48303-23d2-11e8-a6a3-ec086b02610b,59b48303-23d2-11e8-a6a3-ec086b02610b.jpg,11,bird,14,2014-07-19 07:11:19,7019079e-5567-11e8-882e-dca9047ef277,2,3,2048,1494
59b483ab-23d2-11e8-a6a3-ec086b02610b,59b483ab-23d2-11e8-a6a3-ec086b02610b.jpg,11,bird,46,2011-08-13 13:36:25,6f177a8a-5567-11e8-8070-dca9047ef277,3,3,2048,1494
59b485ad-23d2-11e8-a6a3-ec086b02610b,59b485ad-23d2-11e8-a6a3-ec086b02610b.jpg,11,bird,33,2012-05-28 10:13:17,6f0a44e6-5567-11e8-8ab7-dca9047ef277,2,3,2048,1494
59b485af-23d2-11e8-a6a3-ec086b02610b,59b485af-23d2-11e8-a6a3-ec086b02610b.jpg,11,bird,20,2014-04-07 12:23:29,7017b814-5567-11e8-9947-dca9047ef277,1,3,2048,1494
59b613d8-23d2-11e8-a6a3-ec086b02610b,59b613d8-23d2-11e8-a6a3-ec086b02610b.jpg,11,bird,5,2011-06-27 11:59:02,6f19209c-5567-11e8-be3a-dca9047ef277,2,3,2048,1494
59b615ad-23d2-11e8-a6a3-ec086b02610b,59b615ad-23d2-11e8-a6a3-ec086b02610b.jpg,11,bird,43,2011-09-03 13:01:33,6f0b4b8f-5567-11e8-b4f9-dca9047ef277,3,3,2048,1494
59b6169e-23d2-11e8-a6a3-ec086b02610b,59b6169e-23d2-11e8-a6a3-ec086b02610b.jpg,11,bird,39,2014-03-02 17:37:04,701ebef0-5567-11e8-8726-dca9047ef277,1,3,2048,1494
59b616de-23d2-11e8-a6a3-ec086b02610b,59b616de-23d2-11e8-a6a3-ec086b02610b.jpg,11,bird,22,2015-05-19 07:17:40,701950a3-5567-11e8-bb34-dca9047ef277,2,3,2048,1494
59b7a64f-23d2-11e8-a6a3-ec086b02610b,59b7a64f-23d2-11e8-a6a3-ec086b02610b.jpg,11,bird,41,2014-06-23 05:06:20,7011d551-5567-11e8-9d53-dca9047ef277,1,3,2048,1494
59b7a694-23d2-11e8-a6a3-ec086b02610b,59b7a694-23d2-11e8-a6a3-ec086b02610b.jpg,11,bird,23,2014-01-25 09:00:00,6fe2e01c-5567-11e8-8f70-dca9047ef277,1,1,2048,1494
59b7a6f2-23d2-11e8-a6a3-ec086b02610b,59b7a6f2-23d2-11e8-a6a3-ec086b02610b.jpg,11,bird,6,2014-07-21 09:03:18,70174a3d-5567-11e8-9875-dca9047ef277,3,3,2048,1494
59b7a741-23d2-11e8-a6a3-ec086b02610b,59b7a741-23d2-11e8-a6a3-ec086b02610b.jpg,11,bird,46,2012-06-03 12:55:08,6f190bca-5567-11e8-b628-dca9047ef277,2,3,2048,1494
59b7a7dd-23d2-11e8-a6a3-ec086b02610b,59b7a7dd-23d2-11e8-a6a3-ec086b02610b.jpg,11,bird,6,2014-02-24 07:48:44,7017252b-5567-11e8-9f72-dca9047ef277,2,3,2048,1494
59b7a84c-23d2-11e8-a6a3-ec086b02610b,59b7a84c-23d2-11e8-a6a3-ec086b02610b.jpg,11,bird,30,2014-01-16 07:43:50,7019bb45-5567-11e8-9da8-dca9047ef277,3,3,2048,1494
59b7a85c-23d2-11e8-a6a3-ec086b02610b,59b7a85c-23d2-11e8-a6a3-ec086b02610b.jpg,11,bird,30,2015-05-06 11:44:05,7019c5e6-5567-11e8-b675-dca9047ef277,1,3,2048,1494
59b938dc-23d2-11e8-a6a3-ec086b02610b,59b938dc-23d2-11e8-a6a3-ec086b02610b.jpg,11,bird,7,2012-04-21 12:56:16,6f07b4b0-5567-11e8-940f-dca9047ef277,1,3,2048,1494
59b939aa-23d2-11e8-a6a3-ec086b02610b,59b939aa-23d2-11e8-a6a3-ec086b02610b.jpg,11,bird,3,2014-12-12 11:26:28,701cdea1-5567-11e8-972f-dca9047ef277,3,3,2048,1494
59b93a7b-23d2-11e8-a6a3-ec086b02610b,59b93a7b-23d2-11e8-a6a3-ec086b02610b.jpg,11,bird,45,2014-09-30 08:45:37,701c4847-5567-11e8-84db-dca9047ef277,3,3,2048,1494
59bac7b8-23d2-11e8-a6a3-ec086b02610b,59bac7b8-23d2-11e8-a6a3-ec086b02610b.jpg,11,bird,56,2013-08-08 09:37:58,7010f4d4-5567-11e8-9bf2-dca9047ef277,1,5,2048,1494
59bac86e-23d2-11e8-a6a3-ec086b02610b,59bac86e-23d2-11e8-a6a3-ec086b02610b.jpg,11,bird,53,2013-12-05 17:07:31,701953f3-5567-11e8-947b-dca9047ef277,1,3,2048,1494
59be3ea8-23d2-11e8-a6a3-ec086b02610b,59be3ea8-23d2-11e8-a6a3-ec086b02610b.jpg,11,bird,31,2014-09-21 13:28:28,701dc24a-5567-11e8-9189-dca9047ef277,2,3,2048,1494
59be40a7-23d2-11e8-a6a3-ec086b02610b,59be40a7-23d2-11e8-a6a3-ec086b02610b.jpg,11,bird,57,2014-07-13 08:20:32,6f8c9e14-5567-11e8-a9ed-dca9047ef277,1,1,2048,1494
59be4115-23d2-11e8-a6a3-ec086b02610b,59be4115-23d2-11e8-a6a3-ec086b02610b.jpg,11,bird,12,2014-09-06 15:52:22,701be07d-5567-11e8-a19f-dca9047ef277,2,3,2048,1494
59be412c-23d2-11e8-a6a3-ec086b02610b,59be412c-23d2-11e8-a6a3-ec086b02610b.jpg,11,bird,45,2014-09-28 12:52:05,701c479e-5567-11e8-ac11-dca9047ef277,2,3,2048,1494
59bfdcbb-23d2-11e8-a6a3-ec086b02610b,59bfdcbb-23d2-11e8-a6a3-ec086b02610b.jpg,11,bird,30,2015-05-05 13:13:27,7019c49c-5567-11e8-8b8d-dca9047ef277,2,3,2048,1494
59bfdd1c-23d2-11e8-a6a3-ec086b02610b,59bfdd1c-23d2-11e8-a6a3-ec086b02610b.jpg,11,bird,7,2012-02-28 14:03:19,6f075fba-5567-11e8-bea7-dca9047ef277,3,3,2048,1494
59bfdd65-23d2-11e8-a6a3-ec086b02610b,59bfdd65-23d2-11e8-a6a3-ec086b02610b.jpg,11,bird,57,2014-03-09 12:16:41,6f860361-5567-11e8-a395-dca9047ef277,1,1,2048,1494
59bfde92-23d2-11e8-a6a3-ec086b02610b,59bfde92-23d2-11e8-a6a3-ec086b02610b.jpg,11,bird,4,2014-04-10 11:31:20,7016e182-5567-11e8-a403-dca9047ef277,2,3,2048,1494
59bfdf31-23d2-11e8-a6a3-ec086b02610b,59bfdf31-23d2-11e8-a6a3-ec086b02610b.jpg,11,bird,33,2012-02-05 13:23:51,6f09bb85-5567-11e8-b96d-dca9047ef277,3,3,2048,1494
59c1775a-23d2-11e8-a6a3-ec086b02610b,59c1775a-23d2-11e8-a6a3-ec086b02610b.jpg,11,bird,57,2014-02-27 15:04:15,6f85910a-5567-11e8-b623-dca9047ef277,1,1,2048,1494
59c1786e-23d2-11e8-a6a3-ec086b02610b,59c1786e-23d2-11e8-a6a3-ec086b02610b.jpg,11,bird,61,2013-01-29 16:42:02,70135223-5567-11e8-9ec4-dca9047ef277,2,3,2048,1494
59c178ed-23d2-11e8-a6a3-ec086b02610b,59c178ed-23d2-11e8-a6a3-ec086b02610b.jpg,11,bird,2,2013-10-24 12:11:39,701560e6-5567-11e8-83cf-dca9047ef277,3,3,2048,1494
59c3198c-23d2-11e8-a6a3-ec086b02610b,59c3198c-23d2-11e8-a6a3-ec086b02610b.jpg,11,bird,52,2013-12-16 07:33:14,701d9d0f-5567-11e8-92f7-dca9047ef277,2,3,2048,1494
59c4bf0b-23d2-11e8-a6a3-ec086b02610b,59c4bf0b-23d2-11e8-a6a3-ec086b02610b.jpg,11,bird,14,2014-10-27 15:54:31,70190af3-5567-11e8-a0cb-dca9047ef277,3,3,2048,1494
59c4bfc2-23d2-11e8-a6a3-ec086b02610b,59c4bfc2-23d2-11e8-a6a3-ec086b02610b.jpg,11,bird,3,2014-12-16 16:04:10,701ce2ba-5567-11e8-81a4-dca9047ef277,1,3,2048,1494
59c4c09a-23d2-11e8-a6a3-ec086b02610b,59c4c09a-23d2-11e8-a6a3-ec086b02610b.jpg,11,bird,3,2014-12-05 13:38:12,701cd4b5-5567-11e8-a6ab-dca9047ef277,2,3,2048,1494
59c66932-23d2-11e8-a6a3-ec086b02610b,59c66932-23d2-11e8-a6a3-ec086b02610b.jpg,11,bird,41,2015-03-12 15:33:14,7011e240-5567-11e8-b1c5-dca9047ef277,3,3,2048,1494
59c669ed-23d2-11e8-a6a3-ec086b02610b,59c669ed-23d2-11e8-a6a3-ec086b02610b.jpg,11,bird,1,2014-11-25 08:36:35,7015c319-5567-11e8-800f-dca9047ef277,3,3,2048,1494
59c66a12-23d2-11e8-a6a3-ec086b02610b,59c66a12-23d2-11e8-a6a3-ec086b02610b.jpg,11,bird,56,2013-08-03 11:06:42,7010ef70-5567-11e8-a527-dca9047ef277,3,5,2048,1494
59c66c0c-23d2-11e8-a6a3-ec086b02610b,59c66c0c-23d2-11e8-a6a3-ec086b02610b.jpg,11,bird,14,2013-08-16 16:42:18,7018eaf5-5567-11e8-bc38-dca9047ef277,3,3,2048,1494
59c80315-23d2-11e8-a6a3-ec086b02610b,59c80315-23d2-11e8-a6a3-ec086b02610b.jpg,11,bird,39,2014-03-08 09:15:51,701ec275-5567-11e8-b538-dca9047ef277,1,3,2048,1494
59c80378-23d2-11e8-a6a3-ec086b02610b,59c80378-23d2-11e8-a6a3-ec086b02610b.jpg,11,bird,61,2014-10-11 16:47:52,7013ebcf-5567-11e8-ade4-dca9047ef277,3,3,2048,1494
59c805de-23d2-11e8-a6a3-ec086b02610b,59c805de-23d2-11e8-a6a3-ec086b02610b.jpg,11,bird,46,2012-05-17 13:05:30,6f18e7c5-5567-11e8-99e5-dca9047ef277,1,3,2048,1494
59c8064d-23d2-11e8-a6a3-ec086b02610b,59c8064d-23d2-11e8-a6a3-ec086b02610b.jpg,11,bird,3,2014-11-14 15:32:24,701cc426-5567-11e8-a6d1-dca9047ef277,1,3,2048,1494
59c99ce6-23d2-11e8-a6a3-ec086b02610b,59c99ce6-23d2-11e8-a6a3-ec086b02610b.jpg,11,bird,33,2011-05-10 10:14:21,6f0812e8-5567-11e8-9d64-dca9047ef277,2,3,2048,1494
59c99d83-23d2-11e8-a6a3-ec086b02610b,59c99d83-23d2-11e8-a6a3-ec086b02610b.jpg,11,bird,30,2014-08-06 13:57:03,7019c24f-5567-11e8-8e22-dca9047ef277,2,3,2048,1494
59c99e16-23d2-11e8-a6a3-ec086b02610b,59c99e16-23d2-11e8-a6a3-ec086b02610b.jpg,11,bird,48,2014-09-03 13:44:01,701b41c7-5567-11e8-80eb-dca9047ef277,2,3,2048,1494
59cb37cb-23d2-11e8-a6a3-ec086b02610b,59cb37cb-23d2-11e8-a6a3-ec086b02610b.jpg,11,bird,30,2014-01-16 07:43:49,7019baf5-5567-11e8-89d6-dca9047ef277,2,3,2048,1494
59cb3878-23d2-11e8-a6a3-ec086b02610b,59cb3878-23d2-11e8-a6a3-ec086b02610b.jpg,11,bird,3,2014-12-16 16:01:08,701ce26b-5567-11e8-b5ee-dca9047ef277,1,3,2048,1494
59cb387b-23d2-11e8-a6a3-ec086b02610b,59cb387b-23d2-11e8-a6a3-ec086b02610b.jpg,11,bird,17,2011-05-20 10:27:00,7009d64a-5567-11e8-980d-dca9047ef277,1,1,2048,1536
59cb39d3-23d2-11e8-a6a3-ec086b02610b,59cb39d3-23d2-11e8-a6a3-ec086b02610b.jpg,11,bird,53,2014-01-02 16:58:00,70195d47-5567-11e8-beb7-dca9047ef277,2,3,2048,1494
59ccd0fe-23d2-11e8-a6a3-ec086b02610b,59ccd0fe-23d2-11e8-a6a3-ec086b02610b.jpg,11,bird,31,2013-11-16 14:13:37,701dba97-5567-11e8-9f9b-dca9047ef277,2,3,2048,1494
59ccd29a-23d2-11e8-a6a3-ec086b02610b,59ccd29a-23d2-11e8-a6a3-ec086b02610b.jpg,11,bird,3,2014-12-04 11:16:11,701cd073-5567-11e8-a6bd-dca9047ef277,3,3,2048,1494
59cf47ec-23d2-11e8-a6a3-ec086b02610b,59cf47ec-23d2-11e8-a6a3-ec086b02610b.jpg,11,bird,1,2014-12-17 07:18:22,7015c657-5567-11e8-aef1-dca9047ef277,1,3,2048,1494
59d0e174-23d2-11e8-a6a3-ec086b02610b,59d0e174-23d2-11e8-a6a3-ec086b02610b.jpg,11,bird,5,2011-07-06 11:47:41,6f192875-5567-11e8-92d3-dca9047ef277,1,3,2048,1494
59d0e2a2-23d2-11e8-a6a3-ec086b02610b,59d0e2a2-23d2-11e8-a6a3-ec086b02610b.jpg,11,bird,22,2015-05-17 19:36:40,70195000-5567-11e8-8f60-dca9047ef277,1,3,2048,1494
59d0e3d4-23d2-11e8-a6a3-ec086b02610b,59d0e3d4-23d2-11e8-a6a3-ec086b02610b.jpg,11,bird,3,2014-12-06 16:18:23,701cd6a8-5567-11e8-88be-dca9047ef277,2,3,2048,1494
59d27c14-23d2-11e8-a6a3-ec086b02610b,59d27c14-23d2-11e8-a6a3-ec086b02610b.jpg,11,bird,13,2014-05-09 08:29:20,701597a8-5567-11e8-bc68-dca9047ef277,3,3,2048,1494
59d41968-23d2-11e8-a6a3-ec086b02610b,59d41968-23d2-11e8-a6a3-ec086b02610b.jpg,11,bird,19,2013-12-05 08:40:49,701ea247-5567-11e8-8c41-dca9047ef277,2,3,2048,1494
59d41a72-23d2-11e8-a6a3-ec086b02610b,59d41a72-23d2-11e8-a6a3-ec086b02610b.jpg,11,bird,1,2015-04-27 07:28:29,7015c6f8-5567-11e8-9f83-dca9047ef277,3,3,2048,1494
59d5b57d-23d2-11e8-a6a3-ec086b02610b,59d5b57d-23d2-11e8-a6a3-ec086b02610b.jpg,11,bird,39,2014-03-17 10:54:36,701ec6f3-5567-11e8-a78a-dca9047ef277,1,3,2048,1494
59d5b6a7-23d2-11e8-a6a3-ec086b02610b,59d5b6a7-23d2-11e8-a6a3-ec086b02610b.jpg,11,bird,27,2014-10-10 12:03:01,70124259-5567-11e8-88a3-dca9047ef277,1,3,2048,1494
59d5b6ed-23d2-11e8-a6a3-ec086b02610b,59d5b6ed-23d2-11e8-a6a3-ec086b02610b.jpg,11,bird,64,2011-07-08 11:01:47,6f19605c-5567-11e8-a9fb-dca9047ef277,3,3,2048,1494
59d5b767-23d2-11e8-a6a3-ec086b02610b,59d5b767-23d2-11e8-a6a3-ec086b02610b.jpg,11,bird,32,2014-10-26 10:42:35,70112ae3-5567-11e8-aa93-dca9047ef277,3,3,2048,1494
59d5b77c-23d2-11e8-a6a3-ec086b02610b,59d5b77c-23d2-11e8-a6a3-ec086b02610b.jpg,11,bird,43,2011-07-27 13:03:14,6f0b20c7-5567-11e8-8606-dca9047ef277,1,3,2048,1494
59d5b7b4-23d2-11e8-a6a3-ec086b02610b,59d5b7b4-23d2-11e8-a6a3-ec086b02610b.jpg,11,bird,34,2014-07-12 07:58:06,70152400-5567-11e8-8726-dca9047ef277,1,3,2048,1494
59d5b8c5-23d2-11e8-a6a3-ec086b02610b,59d5b8c5-23d2-11e8-a6a3-ec086b02610b.jpg,11,bird,22,2015-05-24 09:49:53,70195399-5567-11e8-bd31-dca9047ef277,1,3,2048,1494
59d750ac-23d2-11e8-a6a3-ec086b02610b,59d750ac-23d2-11e8-a6a3-ec086b02610b.jpg,11,bird,20,2014-12-17 11:44:06,7017bd3d-5567-11e8-b9bc-dca9047ef277,1,3,2048,1494
59d750f6-23d2-11e8-a6a3-ec086b02610b,59d750f6-23d2-11e8-a6a3-ec086b02610b.jpg,11,bird,4,2014-04-08 09:39:37,7016e09c-5567-11e8-9203-dca9047ef277,3,3,2048,1494
59d7511f-23d2-11e8-a6a3-ec086b02610b,59d7511f-23d2-11e8-a6a3-ec086b02610b.jpg,11,bird,20,2014-02-13 08:33:12,7017ada3-5567-11e8-a78e-dca9047ef277,1,3,2048,1494
59d75399-23d2-11e8-a6a3-ec086b02610b,59d75399-23d2-11e8-a6a3-ec086b02610b.jpg,11,bird,43,2012-06-07 05:25:12,6f0cde73-5567-11e8-b929-dca9047ef277,3,3,2048,1494
59d8eaa1-23d2-11e8-a6a3-ec086b02610b,59d8eaa1-23d2-11e8-a6a3-ec086b02610b.jpg,11,bird,6,2013-09-13 09:44:45,7016f5f0-5567-11e8-ab3e-dca9047ef277,1,3,2048,1494
59d8eabc-23d2-11e8-a6a3-ec086b02610b,59d8eabc-23d2-11e8-a6a3-ec086b02610b.jpg,11,bird,56,2013-09-16 10:29:08,70110973-5567-11e8-ac48-dca9047ef277,2,5,2048,1494
59d8eb4c-23d2-11e8-a6a3-ec086b02610b,59d8eb4c-23d2-11e8-a6a3-ec086b02610b.jpg,11,bird,3,2014-02-14 17:49:09,701cbeae-5567-11e8-ab5a-dca9047ef277,1,3,2048,1494
59d8eb7f-23d2-11e8-a6a3-ec086b02610b,59d8eb7f-23d2-11e8-a6a3-ec086b02610b.jpg,11,bird,52,2013-12-16 07:33:09,701d9c78-5567-11e8-9c26-dca9047ef277,1,3,2048,1494
59d8eb89-23d2-11e8-a6a3-ec086b02610b,59d8eb89-23d2-11e8-a6a3-ec086b02610b.jpg,11,bird,10,2013-12-16 08:33:37,701d5c54-5567-11e8-a700-dca9047ef277,2,3,2048,1494
59d8ebbf-23d2-11e8-a6a3-ec086b02610b,59d8ebbf-23d2-11e8-a6a3-ec086b02610b.jpg,11,bird,20,2014-12-12 14:59:48,7017bceb-5567-11e8-b82e-dca9047ef277,2,3,2048,1494
59d8ec11-23d2-11e8-a6a3-ec086b02610b,59d8ec11-23d2-11e8-a6a3-ec086b02610b.jpg,11,bird,43,2011-09-03 13:01:28,6f0b4b33-5567-11e8-8487-dca9047ef277,1,3,2048,1494
59d8ed38-23d2-11e8-a6a3-ec086b02610b,59d8ed38-23d2-11e8-a6a3-ec086b02610b.jpg,11,bird,10,2013-12-10 08:49:32,701d51ab-5567-11e8-ad7c-dca9047ef277,1,3,2048,1494
59d8ed98-23d2-11e8-a6a3-ec086b02610b,59d8ed98-23d2-11e8-a6a3-ec086b02610b.jpg,11,bird,5,2011-06-27 13:36:15,6f192240-5567-11e8-b3af-dca9047ef277,2,3,2048,1494
59d8eddf-23d2-11e8-a6a3-ec086b02610b,59d8eddf-23d2-11e8-a6a3-ec086b02610b.jpg,11,bird,64,2011-07-02 05:34:11,6f195621-5567-11e8-a403-dca9047ef277,2,3,2048,1494
59d8ee53-23d2-11e8-a6a3-ec086b02610b,59d8ee53-23d2-11e8-a6a3-ec086b02610b.jpg,11,bird,0,2012-10-22 16:46:41,700c6bf5-5567-11e8-b80c-dca9047ef277,1,1,2560,1920
59da8aba-23d2-11e8-a6a3-ec086b02610b,59da8aba-23d2-11e8-a6a3-ec086b02610b.jpg,11,bird,33,2012-04-06 09:50:25,6f0a2a75-5567-11e8-9187-dca9047ef277,3,3,2048,1494
59da8b6f-23d2-11e8-a6a3-ec086b02610b,59da8b6f-23d2-11e8-a6a3-ec086b02610b.jpg,11,bird,53,2014-01-05 09:17:57,70195e3a-5567-11e8-bef2-dca9047ef277,2,3,2048,1494
59da8bae-23d2-11e8-a6a3-ec086b02610b,59da8bae-23d2-11e8-a6a3-ec086b02610b.jpg,11,bird,28,2011-07-18 09:09:25,6f12829e-5567-11e8-ae16-dca9047ef277,2,3,2048,1494
59da8bee-23d2-11e8-a6a3-ec086b02610b,59da8bee-23d2-11e8-a6a3-ec086b02610b.jpg,11,bird,61,2014-06-18 14:56:45,7013b99c-5567-11e8-b5b5-dca9047ef277,3,3,2048,1494
59da8ccb-23d2-11e8-a6a3-ec086b02610b,59da8ccb-23d2-11e8-a6a3-ec086b02610b.jpg,11,bird,6,2013-10-19 07:32:55,70171bca-5567-11e8-9993-dca9047ef277,2,3,2048,1494
59dc257f-23d2-11e8-a6a3-ec086b02610b,59dc257f-23d2-11e8-a6a3-ec086b02610b.jpg,11,bird,8,2015-04-28 19:12:27,701770ca-5567-11e8-9e4d-dca9047ef277,3,3,2048,1494
59dc27fd-23d2-11e8-a6a3-ec086b02610b,59dc27fd-23d2-11e8-a6a3-ec086b02610b.jpg,11,bird,29,2013-03-14 11:19:25,700a936e-5567-11e8-bf30-dca9047ef277,1,1,2560,1920
59ddc157-23d2-11e8-a6a3-ec086b02610b,59ddc157-23d2-11e8-a6a3-ec086b02610b.jpg,11,bird,34,2014-07-12 07:58:07,7015244f-5567-11e8-96f4-dca9047ef277,3,3,2048,1494
59ddc270-23d2-11e8-a6a3-ec086b02610b,59ddc270-23d2-11e8-a6a3-ec086b02610b.jpg,11,bird,23,2014-06-23 07:09:30,6fea8a2e-5567-11e8-9dc1-dca9047ef277,1,1,2048,1494
59ddc2a8-23d2-11e8-a6a3-ec086b02610b,59ddc2a8-23d2-11e8-a6a3-ec086b02610b.jpg,11,bird,10,2013-12-10 08:50:42,701d544a-5567-11e8-9591-dca9047ef277,2,3,2048,1494
59ddc2e9-23d2-11e8-a6a3-ec086b02610b,59ddc2e9-23d2-11e8-a6a3-ec086b02610b.jpg,11,bird,2,2013-10-23 14:45:23,70156094-5567-11e8-920a-dca9047ef277,2,3,2048,1494
59df5b31-23d2-11e8-a6a3-ec086b02610b,59df5b31-23d2-11e8-a6a3-ec086b02610b.jpg,11,bird,19,2013-11-06 08:33:44,701e9a9c-5567-11e8-a702-dca9047ef277,1,3,2048,1494
59df5d63-23d2-11e8-a6a3-ec086b02610b,59df5d63-23d2-11e8-a6a3-ec086b02610b.jpg,11,bird,53,2013-12-09 16:31:33,70195533-5567-11e8-b99a-dca9047ef277,1,3,2048,1494
59df5d7a-23d2-11e8-a6a3-ec086b02610b,59df5d7a-23d2-11e8-a6a3-ec086b02610b.jpg,11,bird,53,2014-01-02 16:57:22,70195c51-5567-11e8-a1c6-dca9047ef277,2,3,2048,1494
59e2a209-23d2-11e8-a6a3-ec086b02610b,59e2a209-23d2-11e8-a6a3-ec086b02610b.jpg,11,bird,25,2014-09-09 16:37:16,7010dd00-5567-11e8-a0a3-dca9047ef277,1,3,2048,1494
59e2a36b-23d2-11e8-a6a3-ec086b02610b,59e2a36b-23d2-11e8-a6a3-ec086b02610b.jpg,11,bird,48,2014-08-29 11:03:01,701b411e-5567-11e8-accb-dca9047ef277,1,3,2048,1494
59e2a410-23d2-11e8-a6a3-ec086b02610b,59e2a410-23d2-11e8-a6a3-ec086b02610b.jpg,11,bird,4,2014-04-10 11:31:16,7016e13d-5567-11e8-ae25-dca9047ef277,3,3,2048,1494
59e2a595-23d2-11e8-a6a3-ec086b02610b,59e2a595-23d2-11e8-a6a3-ec086b02610b.jpg,11,bird,39,2014-03-11 07:59:29,701ec411-5567-11e8-a8c9-dca9047ef277,1,3,2048,1494
59e43ed5-23d2-11e8-a6a3-ec086b02610b,59e43ed5-23d2-11e8-a6a3-ec086b02610b.jpg,11,bird,0,2011-07-02 07:22:00,700b01e3-5567-11e8-99e6-dca9047ef277,1,1,2048,1536
59e43eda-23d2-11e8-a6a3-ec086b02610b,59e43eda-23d2-11e8-a6a3-ec086b02610b.jpg,11,bird,25,2014-09-09 16:04:38,7010daee-5567-11e8-917b-dca9047ef277,2,3,2048,1494
59e441a2-23d2-11e8-a6a3-ec086b02610b,59e441a2-23d2-11e8-a6a3-ec086b02610b.jpg,11,bird,25,2014-09-09 16:04:48,7010db85-5567-11e8-b780-dca9047ef277,1,3,2048,1494
59e5df95-23d2-11e8-a6a3-ec086b02610b,59e5df95-23d2-11e8-a6a3-ec086b02610b.jpg,11,bird,34,2014-07-10 11:36:41,70152357-5567-11e8-98cf-dca9047ef277,3,3,2048,1494
59e5e146-23d2-11e8-a6a3-ec086b02610b,59e5e146-23d2-11e8-a6a3-ec086b02610b.jpg,11,bird,13,2013-10-27 12:38:00,701585b3-5567-11e8-a83a-dca9047ef277,2,3,2048,1494
59e5e1bf-23d2-11e8-a6a3-ec086b02610b,59e5e1bf-23d2-11e8-a6a3-ec086b02610b.jpg,11,bird,23,2014-06-01 08:30:00,6fe91a7a-5567-11e8-86ed-dca9047ef277,1,1,2048,1494
59e5e1ef-23d2-11e8-a6a3-ec086b02610b,59e5e1ef-23d2-11e8-a6a3-ec086b02610b.jpg,11,bird,23,2013-10-11 11:19:29,6fde99ba-5567-11e8-801a-dca9047ef277,1,1,2048,1494
59e77c71-23d2-11e8-a6a3-ec086b02610b,59e77c71-23d2-11e8-a6a3-ec086b02610b.jpg,11,bird,5,2011-06-27 11:02:53,6f191ffd-5567-11e8-874e-dca9047ef277,3,3,2048,1494
59e77d20-23d2-11e8-a6a3-ec086b02610b,59e77d20-23d2-11e8-a6a3-ec086b02610b.jpg,11,bird,53,2013-12-30 13:49:43,7019596b-5567-11e8-b3f1-dca9047ef277,3,3,2048,1494
59e77da1-23d2-11e8-a6a3-ec086b02610b,59e77da1-23d2-11e8-a6a3-ec086b02610b.jpg,11,bird,31,2013-11-16 14:12:44,701db802-5567-11e8-b370-dca9047ef277,1,3,2048,1494
59e91a63-23d2-11e8-a6a3-ec086b02610b,59e91a63-23d2-11e8-a6a3-ec086b02610b.jpg,11,bird,23,2014-04-08 09:58:15,6fe60f94-5567-11e8-86eb-dca9047ef277,1,1,2048,1494
59eab88f-23d2-11e8-a6a3-ec086b02610b,59eab88f-23d2-11e8-a6a3-ec086b02610b.jpg,11,bird,32,2014-05-27 09:27:01,7011220f-5567-11e8-81d6-dca9047ef277,2,3,2048,1494
59eab903-23d2-11e8-a6a3-ec086b02610b,59eab903-23d2-11e8-a6a3-ec086b02610b.jpg,11,bird,45,2014-10-11 13:43:10,701c4991-5567-11e8-8763-dca9047ef277,2,3,2048,1494
59ec530a-23d2-11e8-a6a3-ec086b02610b,59ec530a-23d2-11e8-a6a3-ec086b02610b.jpg,11,bird,28,2011-08-28 12:21:49,6f128b61-5567-11e8-803c-dca9047ef277,2,3,2048,1494
59ec53ac-23d2-11e8-a6a3-ec086b02610b,59ec53ac-23d2-11e8-a6a3-ec086b02610b.jpg,11,bird,29,2012-12-23 11:39:38,700a8868-5567-11e8-81be-dca9047ef277,1,1,2560,1920
59ec53d7-23d2-11e8-a6a3-ec086b02610b,59ec53d7-23d2-11e8-a6a3-ec086b02610b.jpg,11,bird,44,2014-02-14 11:17:34,7011f33d-5567-11e8-9519-dca9047ef277,3,3,2048,1494
59ec53ed-23d2-11e8-a6a3-ec086b02610b,59ec53ed-23d2-11e8-a6a3-ec086b02610b.jpg,11,bird,13,2013-10-17 11:43:50,70158417-5567-11e8-93ac-dca9047ef277,3,3,2048,1494
59ec549d-23d2-11e8-a6a3-ec086b02610b,59ec549d-23d2-11e8-a6a3-ec086b02610b.jpg,11,bird,48,2014-08-10 17:11:10,701b3ed9-5567-11e8-ae73-dca9047ef277,3,3,2048,1494
59ec55b9-23d2-11e8-a6a3-ec086b02610b,59ec55b9-23d2-11e8-a6a3-ec086b02610b.jpg,11,bird,6,2014-07-20 18:06:00,70174961-5567-11e8-8ef7-dca9047ef277,2,3,2048,1494
59ec566f-23d2-11e8-a6a3-ec086b02610b,59ec566f-23d2-11e8-a6a3-ec086b02610b.jpg,11,bird,20,2014-08-03 10:47:50,7017bb66-5567-11e8-850e-dca9047ef277,2,3,2048,1494
59edef12-23d2-11e8-a6a3-ec086b02610b,59edef12-23d2-11e8-a6a3-ec086b02610b.jpg,11,bird,23,2014-06-05 10:36:54,6fe9e740-5567-11e8-bc7b-dca9047ef277,1,1,2048,1494
59edef4b-23d2-11e8-a6a3-ec086b02610b,59edef4b-23d2-11e8-a6a3-ec086b02610b.jpg,11,bird,43,2011-08-28 15:56:55,6f0b46dc-5567-11e8-b90a-dca9047ef277,2,3,2048,1494
59edf195-23d2-11e8-a6a3-ec086b02610b,59edf195-23d2-11e8-a6a3-ec086b02610b.jpg,11,bird,43,2011-09-03 15:17:34,6f0b4c9c-5567-11e8-b5e8-dca9047ef277,3,3,2048,1494
59ef8e20-23d2-11e8-a6a3-ec086b02610b,59ef8e20-23d2-11e8-a6a3-ec086b02610b.jpg,11,bird,10,2014-10-20 17:26:38,701d9a40-5567-11e8-810f-dca9047ef277,3,3,2048,1494
59ef8e2a-23d2-11e8-a6a3-ec086b02610b,59ef8e2a-23d2-11e8-a6a3-ec086b02610b.jpg,11,bird,56,2014-10-09 10:15:10,701110b5-5567-11e8-a833-dca9047ef277,1,3,2048,1494
59f12910-23d2-11e8-a6a3-ec086b02610b,59f12910-23d2-11e8-a6a3-ec086b02610b.jpg,11,bird,6,2014-02-07 14:42:18,70171e85-5567-11e8-bff0-dca9047ef277,3,3,2048,1494
59f12922-23d2-11e8-a6a3-ec086b02610b,59f12922-23d2-11e8-a6a3-ec086b02610b.jpg,11,bird,48,2014-08-18 13:37:04,701b4023-5567-11e8-91da-dca9047ef277,3,3,2048,1494
59f1299c-23d2-11e8-a6a3-ec086b02610b,59f1299c-23d2-11e8-a6a3-ec086b02610b.jpg,11,bird,57,2014-03-03 14:20:19,6f85c2a6-5567-11e8-bce0-dca9047ef277,1,1,2048,1494
59f12a40-23d2-11e8-a6a3-ec086b02610b,59f12a40-23d2-11e8-a6a3-ec086b02610b.jpg,11,bird,45,2014-10-15 07:35:16,701c4a33-5567-11e8-99f3-dca9047ef277,2,3,2048,1494
59f2c2cf-23d2-11e8-a6a3-ec086b02610b,59f2c2cf-23d2-11e8-a6a3-ec086b02610b.jpg,11,bird,35,2014-07-04 07:55:42,70113a1e-5567-11e8-a227-dca9047ef277,1,3,2048,1494
59f2c47d-23d2-11e8-a6a3-ec086b02610b,59f2c47d-23d2-11e8-a6a3-ec086b02610b.jpg,11,bird,0,2011-06-03 17:07:00,700ae628-5567-11e8-8106-dca9047ef277,1,1,2048,1536
59f2c54b-23d2-11e8-a6a3-ec086b02610b,59f2c54b-23d2-11e8-a6a3-ec086b02610b.jpg,11,bird,49,2014-09-20 10:16:49,701b5e05-5567-11e8-bf53-dca9047ef277,2,3,2048,1494
59f2c643-23d2-11e8-a6a3-ec086b02610b,59f2c643-23d2-11e8-a6a3-ec086b02610b.jpg,11,bird,35,2014-07-04 07:55:19,7011398a-5567-11e8-859e-dca9047ef277,3,3,2048,1494
59f5fee6-23d2-11e8-a6a3-ec086b02610b,59f5fee6-23d2-11e8-a6a3-ec086b02610b.jpg,11,bird,31,2013-11-16 14:13:40,701dbaf3-5567-11e8-b932-dca9047ef277,1,3,2048,1494
59f7985f-23d2-11e8-a6a3-ec086b02610b,59f7985f-23d2-11e8-a6a3-ec086b02610b.jpg,11,bird,6,2014-08-01 05:53:54,70174c11-5567-11e8-902d-dca9047ef277,3,3,2048,1494
59f79862-23d2-11e8-a6a3-ec086b02610b,59f79862-23d2-11e8-a6a3-ec086b02610b.jpg,11,bird,57,2014-03-09 12:16:50,6f860478-5567-11e8-b328-dca9047ef277,1,1,2048,1494
59f79878-23d2-11e8-a6a3-ec086b02610b,59f79878-23d2-11e8-a6a3-ec086b02610b.jpg,11,bird,0,2011-05-12 15:27:00,700acf63-5567-11e8-af5c-dca9047ef277,1,1,2048,1536
59f798ee-23d2-11e8-a6a3-ec086b02610b,59f798ee-23d2-11e8-a6a3-ec086b02610b.jpg,11,bird,56,2015-03-15 18:27:57,70111247-5567-11e8-82fc-dca9047ef277,3,3,2048,1494
59f798fd-23d2-11e8-a6a3-ec086b02610b,59f798fd-23d2-11e8-a6a3-ec086b02610b.jpg,11,bird,25,2014-09-09 16:04:36,7010da9c-5567-11e8-b0fc-dca9047ef277,2,3,2048,1494
59f79967-23d2-11e8-a6a3-ec086b02610b,59f79967-23d2-11e8-a6a3-ec086b02610b.jpg,11,bird,7,2012-04-09 11:29:59,6f07a2ae-5567-11e8-8d76-dca9047ef277,2,3,2048,1494
59f799f9-23d2-11e8-a6a3-ec086b02610b,59f799f9-23d2-11e8-a6a3-ec086b02610b.jpg,11,bird,26,2014-07-12 13:43:20,6f4aa157-5567-11e8-93d2-dca9047ef277,1,1,2048,1494
59f79bc6-23d2-11e8-a6a3-ec086b02610b,59f79bc6-23d2-11e8-a6a3-ec086b02610b.jpg,11,bird,6,2014-03-29 11:25:07,701743e6-5567-11e8-adca-dca9047ef277,1,3,2048,1494
59f79bde-23d2-11e8-a6a3-ec086b02610b,59f79bde-23d2-11e8-a6a3-ec086b02610b.jpg,11,bird,20,2015-01-08 10:54:55,7017c1b0-5567-11e8-8fc8-dca9047ef277,1,3,2048,1494
59f9445e-23d2-11e8-a6a3-ec086b02610b,59f9445e-23d2-11e8-a6a3-ec086b02610b.jpg,11,bird,48,2014-08-18 13:37:08,701b4073-5567-11e8-ae2f-dca9047ef277,3,3,2048,1494
59f947a1-23d2-11e8-a6a3-ec086b02610b,59f947a1-23d2-11e8-a6a3-ec086b02610b.jpg,11,bird,33,2011-06-25 11:50:14,6f08a9a6-5567-11e8-a665-dca9047ef277,1,3,2048,1494
59f947cb-23d2-11e8-a6a3-ec086b02610b,59f947cb-23d2-11e8-a6a3-ec086b02610b.jpg,11,bird,26,2013-09-29 14:04:59,6f1f1221-5567-11e8-a3fd-dca9047ef277,1,1,2048,1494
59fae3b3-23d2-11e8-a6a3-ec086b02610b,59fae3b3-23d2-11e8-a6a3-ec086b02610b.jpg,11,bird,43,2011-09-03 13:01:42,6f0b4c42-5567-11e8-9249-dca9047ef277,3,3,2048,1494
59fae4db-23d2-11e8-a6a3-ec086b02610b,59fae4db-23d2-11e8-a6a3-ec086b02610b.jpg,11,bird,46,2012-05-14 11:48:12,6f18e1e1-5567-11e8-a05e-dca9047ef277,2,3,2048,1494
59fae5ed-23d2-11e8-a6a3-ec086b02610b,59fae5ed-23d2-11e8-a6a3-ec086b02610b.jpg,11,bird,22,2015-05-04 06:25:50,70194575-5567-11e8-a3bd-dca9047ef277,3,3,2048,1494
59fc7d43-23d2-11e8-a6a3-ec086b02610b,59fc7d43-23d2-11e8-a6a3-ec086b02610b.jpg,11,bird,48,2014-04-17 12:34:49,701b3d4a-5567-11e8-9dd4-dca9047ef277,2,3,2048,1494
59fc7dda-23d2-11e8-a6a3-ec086b02610b,59fc7dda-23d2-11e8-a6a3-ec086b02610b.jpg,11,bird,10,2013-12-10 08:50:38,701d53f0-5567-11e8-bf55-dca9047ef277,3,3,2048,1494
59fe206e-23d2-11e8-a6a3-ec086b02610b,59fe206e-23d2-11e8-a6a3-ec086b02610b.jpg,11,bird,31,2014-09-21 13:28:52,701dc299-5567-11e8-b097-dca9047ef277,3,3,2048,1494
59fe2165-23d2-11e8-a6a3-ec086b02610b,59fe2165-23d2-11e8-a6a3-ec086b02610b.jpg,11,bird,14,2014-11-21 08:04:24,70190fca-5567-11e8-842e-dca9047ef277,3,3,2048,1494
59fe2448-23d2-11e8-a6a3-ec086b02610b,59fe2448-23d2-11e8-a6a3-ec086b02610b.jpg,11,bird,8,2015-04-28 19:12:30,70177119-5567-11e8-8204-dca9047ef277,3,3,2048,1494
59ffb9bd-23d2-11e8-a6a3-ec086b02610b,59ffb9bd-23d2-11e8-a6a3-ec086b02610b.jpg,11,bird,22,2014-01-21 16:57:14,701938d7-5567-11e8-ace0-dca9047ef277,1,3,2048,1494
59ffba18-23d2-11e8-a6a3-ec086b02610b,59ffba18-23d2-11e8-a6a3-ec086b02610b.jpg,11,bird,45,2014-10-28 08:56:45,701c4e0f-5567-11e8-b471-dca9047ef277,2,3,2048,1494
59ffbad3-23d2-11e8-a6a3-ec086b02610b,59ffbad3-23d2-11e8-a6a3-ec086b02610b.jpg,11,bird,20,2014-04-03 15:19:18,7017b59e-5567-11e8-bd80-dca9047ef277,2,3,2048,1494
59ffbb92-23d2-11e8-a6a3-ec086b02610b,59ffbb92-23d2-11e8-a6a3-ec086b02610b.jpg,11,bird,23,2014-05-28 07:05:26,6fe88940-5567-11e8-8d78-dca9047ef277,1,1,2048,1494
59ffbd41-23d2-11e8-a6a3-ec086b02610b,59ffbd41-23d2-11e8-a6a3-ec086b02610b.jpg,11,bird,25,2014-09-09 16:37:21,7010dd4f-5567-11e8-b0f5-dca9047ef277,3,3,2048,1494
5a015bb2-23d2-11e8-a6a3-ec086b02610b,5a015bb2-23d2-11e8-a6a3-ec086b02610b.jpg,11,bird,60,2012-04-21 12:35:33,6f05a31e-5567-11e8-a602-dca9047ef277,1,5,2048,1494
5a015bc5-23d2-11e8-a6a3-ec086b02610b,5a015bc5-23d2-11e8-a6a3-ec086b02610b.jpg,11,bird,56,2013-08-03 10:54:58,7010edde-5567-11e8-b7c3-dca9047ef277,2,5,2048,1494
5a015c22-23d2-11e8-a6a3-ec086b02610b,5a015c22-23d2-11e8-a6a3-ec086b02610b.jpg,11,bird,27,2015-04-02 15:22:06,70129847-5567-11e8-9107-dca9047ef277,2,3,2048,1494
5a015cb9-23d2-11e8-a6a3-ec086b02610b,5a015cb9-23d2-11e8-a6a3-ec086b02610b.jpg,11,bird,43,2011-08-19 14:40:15,6f0b3cde-5567-11e8-b9c1-dca9047ef277,2,3,2048,1494
5a015cf9-23d2-11e8-a6a3-ec086b02610b,5a015cf9-23d2-11e8-a6a3-ec086b02610b.jpg,11,bird,14,2013-08-16 16:42:16,7018eaa3-5567-11e8-9d69-dca9047ef277,1,3,2048,1494
5a015e53-23d2-11e8-a6a3-ec086b02610b,5a015e53-23d2-11e8-a6a3-ec086b02610b.jpg,11,bird,53,2013-12-27 12:17:07,7019571e-5567-11e8-99a4-dca9047ef277,2,3,2048,1494
5a02f970-23d2-11e8-a6a3-ec086b02610b,5a02f970-23d2-11e8-a6a3-ec086b02610b.jpg,11,bird,22,2015-05-04 06:25:36,70194523-5567-11e8-8db2-dca9047ef277,1,3,2048,1494
5a02fbd4-23d2-11e8-a6a3-ec086b02610b,5a02fbd4-23d2-11e8-a6a3-ec086b02610b.jpg,11,bird,5,2011-06-27 13:45:36,6f19232e-5567-11e8-a495-dca9047ef277,1,3,2048,1494
5a0493f0-23d2-11e8-a6a3-ec086b02610b,5a0493f0-23d2-11e8-a6a3-ec086b02610b.jpg,11,bird,45,2014-10-20 10:15:47,701c4bcc-5567-11e8-885d-dca9047ef277,1,3,2048,1494
5a04957d-23d2-11e8-a6a3-ec086b02610b,5a04957d-23d2-11e8-a6a3-ec086b02610b.jpg,11,bird,29,2013-03-25 09:03:23,700a9511-5567-11e8-bed3-dca9047ef277,1,1,2560,1920
5a049591-23d2-11e8-a6a3-ec086b02610b,5a049591-23d2-11e8-a6a3-ec086b02610b.jpg,11,bird,39,2014-03-15 07:21:43,701ec559-5567-11e8-a5b9-dca9047ef277,2,3,2048,1494
5a04963b-23d2-11e8-a6a3-ec086b02610b,5a04963b-23d2-11e8-a6a3-ec086b02610b.jpg,11,bird,4,2014-04-07 08:31:49,7016df63-5567-11e8-b60d-dca9047ef277,3,3,2048,1494
5a049656-23d2-11e8-a6a3-ec086b02610b,5a049656-23d2-11e8-a6a3-ec086b02610b.jpg,11,bird,59,2014-02-15 12:47:43,7018868f-5567-11e8-bfa3-dca9047ef277,3,3,2048,1494
5a062eaa-23d2-11e8-a6a3-ec086b02610b,5a062eaa-23d2-11e8-a6a3-ec086b02610b.jpg,11,bird,31,2013-11-16 14:13:22,701dba4a-5567-11e8-be13-dca9047ef277,2,3,2048,1494
5a062eaf-23d2-11e8-a6a3-ec086b02610b,5a062eaf-23d2-11e8-a6a3-ec086b02610b.jpg,11,bird,53,2013-12-29 11:52:44,70195866-5567-11e8-8280-dca9047ef277,2,3,2048,1494
5a062f72-23d2-11e8-a6a3-ec086b02610b,5a062f72-23d2-11e8-a6a3-ec086b02610b.jpg,11,bird,5,2011-07-10 13:46:59,6f192f57-5567-11e8-bccf-dca9047ef277,3,3,2048,1494
5a06319b-23d2-11e8-a6a3-ec086b02610b,5a06319b-23d2-11e8-a6a3-ec086b02610b.jpg,11,bird,23,2014-02-08 08:40:27,6fe37747-5567-11e8-9596-dca9047ef277,1,1,2048,1494
5a07cb9f-23d2-11e8-a6a3-ec086b02610b,5a07cb9f-23d2-11e8-a6a3-ec086b02610b.jpg,11,bird,20,2014-04-10 09:47:31,7017b8a8-5567-11e8-8722-dca9047ef277,2,3,2048,1494
5a07ccd3-23d2-11e8-a6a3-ec086b02610b,5a07ccd3-23d2-11e8-a6a3-ec086b02610b.jpg,11,bird,32,2014-10-26 10:42:31,70112a94-5567-11e8-946f-dca9047ef277,3,3,2048,1494
5a07ced3-23d2-11e8-a6a3-ec086b02610b,5a07ced3-23d2-11e8-a6a3-ec086b02610b.jpg,11,bird,31,2014-09-21 13:28:05,701dc100-5567-11e8-a07a-dca9047ef277,1,3,2048,1494
5a096be5-23d2-11e8-a6a3-ec086b02610b,5a096be5-23d2-11e8-a6a3-ec086b02610b.jpg,11,bird,30,2014-11-07 06:34:57,7019c29c-5567-11e8-bafa-dca9047ef277,2,3,2048,1494
5a096bfc-23d2-11e8-a6a3-ec086b02610b,5a096bfc-23d2-11e8-a6a3-ec086b02610b.jpg,11,bird,32,2014-10-12 10:05:02,7011283a-5567-11e8-8203-dca9047ef277,2,3,2048,1494
5a096c6c-23d2-11e8-a6a3-ec086b02610b,5a096c6c-23d2-11e8-a6a3-ec086b02610b.jpg,11,bird,28,2012-04-28 12:54:04,6f12e7e8-5567-11e8-9bd5-dca9047ef277,3,3,2048,1494
5a0b036e-23d2-11e8-a6a3-ec086b02610b,5a0b036e-23d2-11e8-a6a3-ec086b02610b.jpg,11,bird,52,2013-12-16 07:33:11,701d9cca-5567-11e8-b026-dca9047ef277,3,3,2048,1494
5a0c9b4e-23d2-11e8-a6a3-ec086b02610b,5a0c9b4e-23d2-11e8-a6a3-ec086b02610b.jpg,11,bird,6,2014-08-13 19:12:43,70174d02-5567-11e8-8435-dca9047ef277,3,3,2048,1494
5a0c9bd7-23d2-11e8-a6a3-ec086b02610b,5a0c9bd7-23d2-11e8-a6a3-ec086b02610b.jpg,11,bird,33,2012-04-02 10:09:18,6f0a27a3-5567-11e8-b875-dca9047ef277,3,3,2048,1494
5a0c9c04-23d2-11e8-a6a3-ec086b02610b,5a0c9c04-23d2-11e8-a6a3-ec086b02610b.jpg,11,bird,14,2013-10-13 06:51:42,7018fc23-5567-11e8-90ae-dca9047ef277,1,3,2048,1494
5a0e34f2-23d2-11e8-a6a3-ec086b02610b,5a0e34f2-23d2-11e8-a6a3-ec086b02610b.jpg,11,bird,64,2011-07-02 05:33:58,6f1955cf-5567-11e8-893d-dca9047ef277,2,3,2048,1494
5a0e37d6-23d2-11e8-a6a3-ec086b02610b,5a0e37d6-23d2-11e8-a6a3-ec086b02610b.jpg,11,bird,64,2011-06-30 11:49:33,6f194b9e-5567-11e8-bafd-dca9047ef277,1,3,2048,1494
5a0fcfa9-23d2-11e8-a6a3-ec086b02610b,5a0fcfa9-23d2-11e8-a6a3-ec086b02610b.jpg,11,bird,22,2015-05-21 19:25:24,701952dc-5567-11e8-83f9-dca9047ef277,3,3,2048,1494
5a0fd050-23d2-11e8-a6a3-ec086b02610b,5a0fd050-23d2-11e8-a6a3-ec086b02610b.jpg,11,bird,59,2014-02-13 11:49:17,701880fa-5567-11e8-b238-dca9047ef277,1,3,2048,1494
5a0fd0b9-23d2-11e8-a6a3-ec086b02610b,5a0fd0b9-23d2-11e8-a6a3-ec086b02610b.jpg,11,bird,45,2014-05-18 13:04:16,701c4351-5567-11e8-8b5c-dca9047ef277,1,3,2048,1494
5a116baf-23d2-11e8-a6a3-ec086b02610b,5a116baf-23d2-11e8-a6a3-ec086b02610b.jpg,11,bird,25,2014-09-09 16:04:53,7010dbd1-5567-11e8-a54a-dca9047ef277,1,3,2048,1494
5a130918-23d2-11e8-a6a3-ec086b02610b,5a130918-23d2-11e8-a6a3-ec086b02610b.jpg,11,bird,42,2014-08-16 07:09:55,7019eadc-5567-11e8-ae17-dca9047ef277,3,3,2048,1494
5a130a01-23d2-11e8-a6a3-ec086b02610b,5a130a01-23d2-11e8-a6a3-ec086b02610b.jpg,11,bird,28,2011-07-18 09:09:22,6f12824f-5567-11e8-b65e-dca9047ef277,2,3,2048,1494
5a130a17-23d2-11e8-a6a3-ec086b02610b,5a130a17-23d2-11e8-a6a3-ec086b02610b.jpg,11,bird,31,2014-09-21 13:28:26,701dc1fa-5567-11e8-8896-dca9047ef277,3,3,2048,1494
5a130a3e-23d2-11e8-a6a3-ec086b02610b,5a130a3e-23d2-11e8-a6a3-ec086b02610b.jpg,11,bird,2,2013-11-06 13:41:44,701562b3-5567-11e8-9bce-dca9047ef277,3,3,2048,1494
5a130a83-23d2-11e8-a6a3-ec086b02610b,5a130a83-23d2-11e8-a6a3-ec086b02610b.jpg,11,bird,10,2013-12-10 08:49:35,701d5205-5567-11e8-b35c-dca9047ef277,1,3,2048,1494
5a14a4e1-23d2-11e8-a6a3-ec086b02610b,5a14a4e1-23d2-11e8-a6a3-ec086b02610b.jpg,11,bird,5,2011-07-06 11:55:39,6f1928c5-5567-11e8-a851-dca9047ef277,3,3,2048,1494
5a14a73f-23d2-11e8-a6a3-ec086b02610b,5a14a73f-23d2-11e8-a6a3-ec086b02610b.jpg,11,bird,7,2011-06-03 21:58:42,6f06c78a-5567-11e8-9384-dca9047ef277,2,3,2048,1494
5a163fd8-23d2-11e8-a6a3-ec086b02610b,5a163fd8-23d2-11e8-a6a3-ec086b02610b.jpg,11,bird,57,2013-09-29 11:00:00,6f7cba1c-5567-11e8-8285-dca9047ef277,1,1,2048,1494
5a164143-23d2-11e8-a6a3-ec086b02610b,5a164143-23d2-11e8-a6a3-ec086b02610b.jpg,11,bird,19,2013-11-26 11:28:31,701e9eb8-5567-11e8-81d2-dca9047ef277,1,3,2048,1494
5a17dcd6-23d2-11e8-a6a3-ec086b02610b,5a17dcd6-23d2-11e8-a6a3-ec086b02610b.jpg,11,bird,25,2014-09-09 16:37:10,7010dc68-5567-11e8-9178-dca9047ef277,2,3,2048,1494
5a17dde7-23d2-11e8-a6a3-ec086b02610b,5a17dde7-23d2-11e8-a6a3-ec086b02610b.jpg,11,bird,3,2014-12-11 09:39:26,701cdb63-5567-11e8-ad96-dca9047ef277,2,3,2048,1494
5a17df11-23d2-11e8-a6a3-ec086b02610b,5a17df11-23d2-11e8-a6a3-ec086b02610b.jpg,11,bird,35,2014-07-04 07:55:15,7011393a-5567-11e8-b945-dca9047ef277,3,3,2048,1494
5a17e011-23d2-11e8-a6a3-ec086b02610b,5a17e011-23d2-11e8-a6a3-ec086b02610b.jpg,11,bird,57,2014-07-10 08:46:14,6f8c7380-5567-11e8-bc4c-dca9047ef277,1,1,2048,1494
5a17e017-23d2-11e8-a6a3-ec086b02610b,5a17e017-23d2-11e8-a6a3-ec086b02610b.jpg,11,bird,46,2011-07-03 10:02:15,6f1703a3-5567-11e8-a9b7-dca9047ef277,3,3,2048,1494
5a1979ee-23d2-11e8-a6a3-ec086b02610b,5a1979ee-23d2-11e8-a6a3-ec086b02610b.jpg,11,bird,22,2013-10-04 07:41:01,70193702-5567-11e8-b3bf-dca9047ef277,1,3,2048,1494
5a197ab2-23d2-11e8-a6a3-ec086b02610b,5a197ab2-23d2-11e8-a6a3-ec086b02610b.jpg,11,bird,39,2014-03-04 09:46:21,701ec08c-5567-11e8-b5fe-dca9047ef277,2,3,2048,1494
5a197c0a-23d2-11e8-a6a3-ec086b02610b,5a197c0a-23d2-11e8-a6a3-ec086b02610b.jpg,11,bird,48,2013-12-03 14:02:14,701b3691-5567-11e8-aa90-dca9047ef277,1,3,2048,1494
5a1b1309-23d2-11e8-a6a3-ec086b02610b,5a1b1309-23d2-11e8-a6a3-ec086b02610b.jpg,11,bird,14,2014-11-20 07:39:31,70190f78-5567-11e8-89c2-dca9047ef277,1,3,2048,1494
5a1b14c6-23d2-11e8-a6a3-ec086b02610b,5a1b14c6-23d2-11e8-a6a3-ec086b02610b.jpg,11,bird,30,2014-01-16 07:43:53,7019bb8a-5567-11e8-b153-dca9047ef277,2,3,2048,1494
5a1b151c-23d2-11e8-a6a3-ec086b02610b,5a1b151c-23d2-11e8-a6a3-ec086b02610b.jpg,11,bird,30,2015-05-06 11:44:01,7019c594-5567-11e8-a1c3-dca9047ef277,2,3,2048,1494
5a1b1579-23d2-11e8-a6a3-ec086b02610b,5a1b1579-23d2-11e8-a6a3-ec086b02610b.jpg,11,bird,33,2011-12-04 12:19:44,6f093ea3-5567-11e8-a6e4-dca9047ef277,2,3,2048,1494
5a1caf7d-23d2-11e8-a6a3-ec086b02610b,5a1caf7d-23d2-11e8-a6a3-ec086b02610b.jpg,11,bird,39,2014-03-08 09:16:05,701ec2c5-5567-11e8-bf18-dca9047ef277,3,3,2048,1494
5a1caf82-23d2-11e8-a6a3-ec086b02610b,5a1caf82-23d2-11e8-a6a3-ec086b02610b.jpg,11,bird,26,2013-10-21 14:04:59,6f277ade-5567-11e8-8cb6-dca9047ef277,1,1,2048,1494
5a1cb005-23d2-11e8-a6a3-ec086b02610b,5a1cb005-23d2-11e8-a6a3-ec086b02610b.jpg,11,bird,20,2014-02-13 08:33:14,7017adf5-5567-11e8-b913-dca9047ef277,3,3,2048,1494
5a1cb017-23d2-11e8-a6a3-ec086b02610b,5a1cb017-23d2-11e8-a6a3-ec086b02610b.jpg,11,bird,45,2014-10-24 07:27:10,701c4d17-5567-11e8-a339-dca9047ef277,2,3,2048,1494
5a1cb137-23d2-11e8-a6a3-ec086b02610b,5a1cb137-23d2-11e8-a6a3-ec086b02610b.jpg,11,bird,6,2013-09-18 12:28:58,7016f775-5567-11e8-9c5f-dca9047ef277,1,3,2048,1494
5a1cb16a-23d2-11e8-a6a3-ec086b02610b,5a1cb16a-23d2-11e8-a6a3-ec086b02610b.jpg,11,bird,23,2013-10-17 16:55:38,6fdecd0f-5567-11e8-846c-dca9047ef277,1,1,2048,1494
5a1cb201-23d2-11e8-a6a3-ec086b02610b,5a1cb201-23d2-11e8-a6a3-ec086b02610b.jpg,11,bird,61,2014-06-18 14:57:08,7013bac0-5567-11e8-b66d-dca9047ef277,1,3,2048,1494
5a1cb23e-23d2-11e8-a6a3-ec086b02610b,5a1cb23e-23d2-11e8-a6a3-ec086b02610b.jpg,11,bird,46,2012-06-01 11:43:32,6f19047d-5567-11e8-916c-dca9047ef277,3,3,2048,1494
5a1cb25c-23d2-11e8-a6a3-ec086b02610b,5a1cb25c-23d2-11e8-a6a3-ec086b02610b.jpg,11,bird,5,2011-06-25 13:01:41,6f191e07-5567-11e8-a209-dca9047ef277,1,3,2048,1494
5a1e501e-23d2-11e8-a6a3-ec086b02610b,5a1e501e-23d2-11e8-a6a3-ec086b02610b.jpg,11,bird,56,2013-09-03 09:38:43,701104e3-5567-11e8-b146-dca9047ef277,1,5,2048,1494
5a1e5099-23d2-11e8-a6a3-ec086b02610b,5a1e5099-23d2-11e8-a6a3-ec086b02610b.jpg,11,bird,6,2014-08-08 05:58:39,70174c63-5567-11e8-b349-dca9047ef277,1,3,2048,1494
5a1e51de-23d2-11e8-a6a3-ec086b02610b,5a1e51de-23d2-11e8-a6a3-ec086b02610b.jpg,11,bird,56,2013-08-08 13:46:48,7010f57d-5567-11e8-a315-dca9047ef277,5,5,2048,1494
5a1e521b-23d2-11e8-a6a3-ec086b02610b,5a1e521b-23d2-11e8-a6a3-ec086b02610b.jpg,11,bird,35,2014-07-04 07:55:27,701139d9-5567-11e8-81a5-dca9047ef277,2,3,2048,1494
5a1e5277-23d2-11e8-a6a3-ec086b02610b,5a1e5277-23d2-11e8-a6a3-ec086b02610b.jpg,11,bird,62,2011-05-21 10:04:00,7009c09c-5567-11e8-939c-dca9047ef277,1,1,2048,1536
5a1e5280-23d2-11e8-a6a3-ec086b02610b,5a1e5280-23d2-11e8-a6a3-ec086b02610b.jpg,11,bird,53,2014-11-04 07:09:31,701961a8-5567-11e8-9900-dca9047ef277,3,3,2048,1494
5a1fe5c2-23d2-11e8-a6a3-ec086b02610b,5a1fe5c2-23d2-11e8-a6a3-ec086b02610b.jpg,11,bird,13,2013-10-05 11:41:15,701581a3-5567-11e8-b3ab-dca9047ef277,2,3,2048,1494
5a1fe949-23d2-11e8-a6a3-ec086b02610b,5a1fe949-23d2-11e8-a6a3-ec086b02610b.jpg,11,bird,25,2014-09-09 16:37:11,7010dcba-5567-11e8-800a-dca9047ef277,3,3,2048,1494
5a217689-23d2-11e8-a6a3-ec086b02610b,5a217689-23d2-11e8-a6a3-ec086b02610b.jpg,11,bird,59,2014-02-14 12:08:30,7018846b-5567-11e8-aa5d-dca9047ef277,1,3,2048,1494
5a21769c-23d2-11e8-a6a3-ec086b02610b,5a21769c-23d2-11e8-a6a3-ec086b02610b.jpg,11,bird,56,2013-09-29 16:47:57,70110cb0-5567-11e8-ba22-dca9047ef277,1,5,2048,1494
5a217825-23d2-11e8-a6a3-ec086b02610b,5a217825-23d2-11e8-a6a3-ec086b02610b.jpg,11,bird,48,2014-04-13 12:10:21,701b3b61-5567-11e8-a16b-dca9047ef277,3,3,2048,1494
5a2178bd-23d2-11e8-a6a3-ec086b02610b,5a2178bd-23d2-11e8-a6a3-ec086b02610b.jpg,11,bird,57,2014-03-09 12:16:43,6f8603ee-5567-11e8-b7d9-dca9047ef277,1,1,2048,1494
5a2178ce-23d2-11e8-a6a3-ec086b02610b,5a2178ce-23d2-11e8-a6a3-ec086b02610b.jpg,11,bird,19,2013-12-06 08:40:31,701ea2e6-5567-11e8-902c-dca9047ef277,3,3,2048,1494
5a230f91-23d2-11e8-a6a3-ec086b02610b,5a230f91-23d2-11e8-a6a3-ec086b02610b.jpg,11,bird,32,2014-10-23 09:06:28,701129fd-5567-11e8-8cc4-dca9047ef277,2,3,2048,1494
5a231039-23d2-11e8-a6a3-ec086b02610b,5a231039-23d2-11e8-a6a3-ec086b02610b.jpg,11,bird,19,2014-04-06 10:14:24,701eafde-5567-11e8-a5b8-dca9047ef277,3,3,2048,1494
5a23108f-23d2-11e8-a6a3-ec086b02610b,5a23108f-23d2-11e8-a6a3-ec086b02610b.jpg,11,bird,61,2013-02-15 09:32:28,70136835-5567-11e8-9c97-dca9047ef277,3,3,2048,1494
5a2310c9-23d2-11e8-a6a3-ec086b02610b,5a2310c9-23d2-11e8-a6a3-ec086b02610b.jpg,11,bird,14,2014-10-29 13:52:14,70190b40-5567-11e8-883d-dca9047ef277,1,3,2048,1494
5a231187-23d2-11e8-a6a3-ec086b02610b,5a231187-23d2-11e8-a6a3-ec086b02610b.jpg,11,bird,33,2011-09-29 13:10:13,6f08e6a1-5567-11e8-a004-dca9047ef277,3,3,2048,1494
5a24a756-23d2-11e8-a6a3-ec086b02610b,5a24a756-23d2-11e8-a6a3-ec086b02610b.jpg,11,bird,48,2014-04-17 12:34:42,701b3cfa-5567-11e8-afa8-dca9047ef277,2,3,2048,1494
5a24a7e2-23d2-11e8-a6a3-ec086b02610b,5a24a7e2-23d2-11e8-a6a3-ec086b02610b.jpg,11,bird,3,2014-12-12 11:25:21,701cddf8-5567-11e8-aff0-dca9047ef277,3,3,2048,1494
5a24aa11-23d2-11e8-a6a3-ec086b02610b,5a24aa11-23d2-11e8-a6a3-ec086b02610b.jpg,11,bird,21,2014-11-18 16:26:12,701d1f21-5567-11e8-a990-dca9047ef277,3,3,2048,1494
5a24aa51-23d2-11e8-a6a3-ec086b02610b,5a24aa51-23d2-11e8-a6a3-ec086b02610b.jpg,11,bird,24,2011-12-22 11:58:57,6f0a727a-5567-11e8-be64-dca9047ef277,2,3,2048,1494
5a263941-23d2-11e8-a6a3-ec086b02610b,5a263941-23d2-11e8-a6a3-ec086b02610b.jpg,11,bird,43,2011-06-15 13:45:29,6f0aeff3-5567-11e8-8fd6-dca9047ef277,3,3,2048,1494
5a263ad1-23d2-11e8-a6a3-ec086b02610b,5a263ad1-23d2-11e8-a6a3-ec086b02610b.jpg,11,bird,46,2012-06-01 12:50:44,6f190602-5567-11e8-9a30-dca9047ef277,1,3,2048,1494
5a27d7c4-23d2-11e8-a6a3-ec086b02610b,5a27d7c4-23d2-11e8-a6a3-ec086b02610b.jpg,11,bird,48,2013-12-03 14:02:19,701b36e1-5567-11e8-8186-dca9047ef277,2,3,2048,1494
5a27db09-23d2-11e8-a6a3-ec086b02610b,5a27db09-23d2-11e8-a6a3-ec086b02610b.jpg,11,bird,1,2014-08-10 07:24:03,7015c1c7-5567-11e8-b9b5-dca9047ef277,1,3,2048,1494
5a27db28-23d2-11e8-a6a3-ec086b02610b,5a27db28-23d2-11e8-a6a3-ec086b02610b.jpg,11,bird,19,2014-04-05 16:11:22,701eae94-5567-11e8-8ccd-dca9047ef277,1,3,2048,1494
5a29632f-23d2-11e8-a6a3-ec086b02610b,5a29632f-23d2-11e8-a6a3-ec086b02610b.jpg,11,bird,64,2012-05-28 11:44:48,6f19aee8-5567-11e8-86fe-dca9047ef277,1,3,2048,1494
5a296338-23d2-11e8-a6a3-ec086b02610b,5a296338-23d2-11e8-a6a3-ec086b02610b.jpg,11,bird,61,2013-01-29 10:17:24,70134cc0-5567-11e8-97ad-dca9047ef277,2,3,2048,1494
5a296373-23d2-11e8-a6a3-ec086b02610b,5a296373-23d2-11e8-a6a3-ec086b02610b.jpg,11,bird,29,2013-03-14 14:20:56,700a93b3-5567-11e8-b030-dca9047ef277,1,1,2560,1920
5a2af34a-23d2-11e8-a6a3-ec086b02610b,5a2af34a-23d2-11e8-a6a3-ec086b02610b.jpg,11,bird,48,2014-04-13 12:10:33,701b3c4f-5567-11e8-9d93-dca9047ef277,3,3,2048,1494
5a2af505-23d2-11e8-a6a3-ec086b02610b,5a2af505-23d2-11e8-a6a3-ec086b02610b.jpg,11,bird,64,2011-07-02 05:33:54,6f195580-5567-11e8-a6e6-dca9047ef277,1,3,2048,1494
5a2c84b1-23d2-11e8-a6a3-ec086b02610b,5a2c84b1-23d2-11e8-a6a3-ec086b02610b.jpg,11,bird,46,2011-06-05 18:43:03,6f16943a-5567-11e8-a700-dca9047ef277,1,3,2048,1494
5a2c8550-23d2-11e8-a6a3-ec086b02610b,5a2c8550-23d2-11e8-a6a3-ec086b02610b.jpg,11,bird,13,2013-11-03 12:06:36,70158757-5567-11e8-b336-dca9047ef277,2,3,2048,1494
5a2c85e1-23d2-11e8-a6a3-ec086b02610b,5a2c85e1-23d2-11e8-a6a3-ec086b02610b.jpg,11,bird,31,2014-09-21 13:28:04,701dc0ae-5567-11e8-aaf6-dca9047ef277,3,3,2048,1494
5a2e130f-23d2-11e8-a6a3-ec086b02610b,5a2e130f-23d2-11e8-a6a3-ec086b02610b.jpg,11,bird,10,2014-10-02 06:39:01,701d96a6-5567-11e8-94e3-dca9047ef277,3,3,2048,1494
5858bf24-23d2-11e8-a6a3-ec086b02610b,5858bf24-23d2-11e8-a6a3-ec086b02610b.jpg,6,bobcat,107,2012-04-24 18:58:08,6f0e1cc2-5567-11e8-904b-dca9047ef277,3,3,2048,1494
5858bffc-23d2-11e8-a6a3-ec086b02610b,5858bffc-23d2-11e8-a6a3-ec086b02610b.jpg,6,bobcat,81,2012-01-11 19:38:51,6f10cdb5-5567-11e8-b3a2-dca9047ef277,1,3,2048,1494
5858c0ce-23d2-11e8-a6a3-ec086b02610b,5858c0ce-23d2-11e8-a6a3-ec086b02610b.jpg,6,bobcat,115,2011-06-20 07:21:06,6f115f91-5567-11e8-9a50-dca9047ef277,2,3,2048,1494
5858c2ca-23d2-11e8-a6a3-ec086b02610b,5858c2ca-23d2-11e8-a6a3-ec086b02610b.jpg,6,bobcat,86,2014-07-26 12:35:17,70199723-5567-11e8-a853-dca9047ef277,2,3,2048,1494
585a62d6-23d2-11e8-a6a3-ec086b02610b,585a62d6-23d2-11e8-a6a3-ec086b02610b.jpg,6,bobcat,76,2014-06-06 04:27:06,6f5fd38c-5567-11e8-883b-dca9047ef277,1,1,2048,1494
585a64fd-23d2-11e8-a6a3-ec086b02610b,585a64fd-23d2-11e8-a6a3-ec086b02610b.jpg,6,bobcat,98,2012-04-09 05:56:32,6f1569c0-5567-11e8-b63b-dca9047ef277,1,3,2048,1494
585a65a6-23d2-11e8-a6a3-ec086b02610b,585a65a6-23d2-11e8-a6a3-ec086b02610b.jpg,6,bobcat,125,2011-04-30 06:24:17,6f15aa97-5567-11e8-9e30-dca9047ef277,2,3,2048,1494
585a65d5-23d2-11e8-a6a3-ec086b02610b,585a65d5-23d2-11e8-a6a3-ec086b02610b.jpg,6,bobcat,128,2013-11-12 04:24:15,701a93d4-5567-11e8-88cd-dca9047ef277,3,3,2048,1494
585daa53-23d2-11e8-a6a3-ec086b02610b,585daa53-23d2-11e8-a6a3-ec086b02610b.jpg,6,bobcat,94,2013-11-09 07:00:41,70167ce1-5567-11e8-9e82-dca9047ef277,3,3,2048,1494
585dab7e-23d2-11e8-a6a3-ec086b02610b,585dab7e-23d2-11e8-a6a3-ec086b02610b.jpg,6,bobcat,78,2012-01-10 23:21:10,6f1bffe1-5567-11e8-b5a7-dca9047ef277,1,3,2048,1494
5860ed36-23d2-11e8-a6a3-ec086b02610b,5860ed36-23d2-11e8-a6a3-ec086b02610b.jpg,6,bobcat,101,2015-04-27 02:07:08,701c3bfa-5567-11e8-8068-dca9047ef277,1,3,2048,1494
5860ed54-23d2-11e8-a6a3-ec086b02610b,5860ed54-23d2-11e8-a6a3-ec086b02610b.jpg,6,bobcat,95,2012-04-29 12:48:04,6f103c7a-5567-11e8-a9a4-dca9047ef277,3,3,2048,1494
5860ed73-23d2-11e8-a6a3-ec086b02610b,5860ed73-23d2-11e8-a6a3-ec086b02610b.jpg,6,bobcat,108,2011-05-28 23:00:38,6f14c8e3-5567-11e8-b32a-dca9047ef277,1,3,2048,1494
5860edda-23d2-11e8-a6a3-ec086b02610b,5860edda-23d2-11e8-a6a3-ec086b02610b.jpg,6,bobcat,96,2013-12-25 23:21:10,6f93ea66-5567-11e8-bbd8-dca9047ef277,1,1,2048,1494
5860eed8-23d2-11e8-a6a3-ec086b02610b,5860eed8-23d2-11e8-a6a3-ec086b02610b.jpg,6,bobcat,107,2011-10-17 12:31:59,6f0dea91-5567-11e8-958e-dca9047ef277,3,3,2048,1494
5860f046-23d2-11e8-a6a3-ec086b02610b,5860f046-23d2-11e8-a6a3-ec086b02610b.jpg,6,bobcat,118,2013-03-01 20:09:34,700a9f45-5567-11e8-bcf2-dca9047ef277,1,1,2560,1920
586291c4-23d2-11e8-a6a3-ec086b02610b,586291c4-23d2-11e8-a6a3-ec086b02610b.jpg,6,bobcat,83,2014-06-03 17:00:16,701ee5a8-5567-11e8-917d-dca9047ef277,2,3,2048,1494
58629313-23d2-11e8-a6a3-ec086b02610b,58629313-23d2-11e8-a6a3-ec086b02610b.jpg,6,bobcat,81,2011-12-28 03:27:03,6f10cb4a-5567-11e8-b830-dca9047ef277,1,3,2048,1494
58629548-23d2-11e8-a6a3-ec086b02610b,58629548-23d2-11e8-a6a3-ec086b02610b.jpg,6,bobcat,112,2012-01-08 06:59:09,6f0f0935-5567-11e8-8a44-dca9047ef277,1,3,2048,1494
58643574-23d2-11e8-a6a3-ec086b02610b,58643574-23d2-11e8-a6a3-ec086b02610b.jpg,6,bobcat,103,2012-04-12 12:16:54,6f1b4d21-5567-11e8-ae19-dca9047ef277,3,3,2048,1494
58643613-23d2-11e8-a6a3-ec086b02610b,58643613-23d2-11e8-a6a3-ec086b02610b.jpg,6,bobcat,75,2012-01-12 05:45:15,6efd81a1-5567-11e8-927d-dca9047ef277,3,3,2048,1494
5865e1ac-23d2-11e8-a6a3-ec086b02610b,5865e1ac-23d2-11e8-a6a3-ec086b02610b.jpg,6,bobcat,125,2011-12-15 15:32:01,6f15ffa1-5567-11e8-9621-dca9047ef277,2,3,2048,1494
5865e293-23d2-11e8-a6a3-ec086b02610b,5865e293-23d2-11e8-a6a3-ec086b02610b.jpg,6,bobcat,129,2014-06-15 22:07:40,70185238-5567-11e8-8148-dca9047ef277,3,3,2048,1494
5865e2f5-23d2-11e8-a6a3-ec086b02610b,5865e2f5-23d2-11e8-a6a3-ec086b02610b.jpg,6,bobcat,98,2011-06-27 12:42:56,6f154917-5567-11e8-a370-dca9047ef277,2,3,2048,1494
5865e471-23d2-11e8-a6a3-ec086b02610b,5865e471-23d2-11e8-a6a3-ec086b02610b.jpg,6,bobcat,120,2011-09-27 01:58:00,700dd20f-5567-11e8-8229-dca9047ef277,1,1,2048,1536
58678bad-23d2-11e8-a6a3-ec086b02610b,58678bad-23d2-11e8-a6a3-ec086b02610b.jpg,6,bobcat,107,2011-09-09 06:20:21,6f0ddd35-5567-11e8-bd1d-dca9047ef277,1,3,2048,1494
58678cb1-23d2-11e8-a6a3-ec086b02610b,58678cb1-23d2-11e8-a6a3-ec086b02610b.jpg,6,bobcat,78,2011-12-21 04:20:25,6f1bf11e-5567-11e8-b58b-dca9047ef277,1,3,2048,1494
58678d43-23d2-11e8-a6a3-ec086b02610b,58678d43-23d2-11e8-a6a3-ec086b02610b.jpg,6,bobcat,105,2012-02-17 22:47:36,6f19f8f0-5567-11e8-b3fb-dca9047ef277,3,3,2048,1494
58678eb1-23d2-11e8-a6a3-ec086b02610b,58678eb1-23d2-11e8-a6a3-ec086b02610b.jpg,6,bobcat,98,2011-07-16 04:22:56,6f154ba1-5567-11e8-a906-dca9047ef277,1,3,2048,1494
58693477-23d2-11e8-a6a3-ec086b02610b,58693477-23d2-11e8-a6a3-ec086b02610b.jpg,6,bobcat,115,2011-08-23 19:50:33,6f119b19-5567-11e8-bb15-dca9047ef277,3,3,2048,1494
586934f8-23d2-11e8-a6a3-ec086b02610b,586934f8-23d2-11e8-a6a3-ec086b02610b.jpg,6,bobcat,81,2011-05-17 18:03:15,6f10b580-5567-11e8-918a-dca9047ef277,1,3,2048,1494
58693532-23d2-11e8-a6a3-ec086b02610b,58693532-23d2-11e8-a6a3-ec086b02610b.jpg,6,bobcat,81,2011-05-12 23:25:03,6f10ad2b-5567-11e8-ac8d-dca9047ef277,3,3,2048,1494
586935a0-23d2-11e8-a6a3-ec086b02610b,586935a0-23d2-11e8-a6a3-ec086b02610b.jpg,6,bobcat,114,2014-04-12 20:24:07,70003f87-5567-11e8-8d5a-dca9047ef277,1,1,2048,1494
586adde7-23d2-11e8-a6a3-ec086b02610b,586adde7-23d2-11e8-a6a3-ec086b02610b.jpg,6,bobcat,114,2014-04-12 02:32:33,70003751-5567-11e8-a60e-dca9047ef277,1,1,2048,1494
586ade32-23d2-11e8-a6a3-ec086b02610b,586ade32-23d2-11e8-a6a3-ec086b02610b.jpg,6,bobcat,91,2014-03-18 23:01:42,7019d428-5567-11e8-bbf0-dca9047ef277,1,3,2048,1494
586c8676-23d2-11e8-a6a3-ec086b02610b,586c8676-23d2-11e8-a6a3-ec086b02610b.jpg,6,bobcat,106,2014-04-01 22:42:56,6f7164d1-5567-11e8-9677-dca9047ef277,1,1,2048,1494
586c8683-23d2-11e8-a6a3-ec086b02610b,586c8683-23d2-11e8-a6a3-ec086b02610b.jpg,6,bobcat,84,2014-09-16 18:28:19,7017a068-5567-11e8-8515-dca9047ef277,3,3,2048,1494
586c8747-23d2-11e8-a6a3-ec086b02610b,586c8747-23d2-11e8-a6a3-ec086b02610b.jpg,6,bobcat,75,2011-08-08 12:18:43,6efd4a1e-5567-11e8-8117-dca9047ef277,1,3,2048,1494
586c8762-23d2-11e8-a6a3-ec086b02610b,586c8762-23d2-11e8-a6a3-ec086b02610b.jpg,6,bobcat,107,2012-02-22 08:58:31,6f0e0d23-5567-11e8-8da9-dca9047ef277,2,3,2048,1494
586c882a-23d2-11e8-a6a3-ec086b02610b,586c882a-23d2-11e8-a6a3-ec086b02610b.jpg,6,bobcat,120,2011-06-25 02:54:00,700d7957-5567-11e8-a292-dca9047ef277,1,1,2048,1536
586c8900-23d2-11e8-a6a3-ec086b02610b,586c8900-23d2-11e8-a6a3-ec086b02610b.jpg,6,bobcat,96,2014-02-22 12:49:26,6f96293d-5567-11e8-8258-dca9047ef277,1,1,2048,1494
586c893a-23d2-11e8-a6a3-ec086b02610b,586c893a-23d2-11e8-a6a3-ec086b02610b.jpg,6,bobcat,98,2012-05-22 01:22:42,6f159507-5567-11e8-8e20-dca9047ef277,1,3,2048,1494
586e2df1-23d2-11e8-a6a3-ec086b02610b,586e2df1-23d2-11e8-a6a3-ec086b02610b.jpg,6,bobcat,105,2011-12-28 09:44:26,6f19d49c-5567-11e8-895f-dca9047ef277,2,3,2048,1494
586e2e5a-23d2-11e8-a6a3-ec086b02610b,586e2e5a-23d2-11e8-a6a3-ec086b02610b.jpg,6,bobcat,112,2012-02-18 03:23:23,6f0f1963-5567-11e8-ba52-dca9047ef277,1,3,2048,1494
586e2ea3-23d2-11e8-a6a3-ec086b02610b,586e2ea3-23d2-11e8-a6a3-ec086b02610b.jpg,6,bobcat,96,2014-09-23 03:27:24,6fcc0f35-5567-11e8-9325-dca9047ef277,1,1,2048,1494
586e2f05-23d2-11e8-a6a3-ec086b02610b,586e2f05-23d2-11e8-a6a3-ec086b02610b.jpg,6,bobcat,78,2012-02-06 07:10:49,6f1c1519-5567-11e8-b7f7-dca9047ef277,3,3,2048,1494
586e2fb6-23d2-11e8-a6a3-ec086b02610b,586e2fb6-23d2-11e8-a6a3-ec086b02610b.jpg,6,bobcat,98,2011-06-16 04:14:33,6f154651-5567-11e8-9cd0-dca9047ef277,3,3,2048,1494
586e3012-23d2-11e8-a6a3-ec086b02610b,586e3012-23d2-11e8-a6a3-ec086b02610b.jpg,6,bobcat,114,2014-05-07 12:15:26,7001301c-5567-11e8-8832-dca9047ef277,1,1,2048,1494
586fdb56-23d2-11e8-a6a3-ec086b02610b,586fdb56-23d2-11e8-a6a3-ec086b02610b.jpg,6,bobcat,75,2012-04-28 09:43:37,6efe25a6-5567-11e8-a3e3-dca9047ef277,2,3,2048,1494
586fdc30-23d2-11e8-a6a3-ec086b02610b,586fdc30-23d2-11e8-a6a3-ec086b02610b.jpg,6,bobcat,120,2013-01-02 23:29:18,700ffed9-5567-11e8-b438-dca9047ef277,1,1,2560,1920
586fddb7-23d2-11e8-a6a3-ec086b02610b,586fddb7-23d2-11e8-a6a3-ec086b02610b.jpg,6,bobcat,125,2012-04-07 13:08:52,6f1635a8-5567-11e8-b1bd-dca9047ef277,2,3,2048,1494
586fddf3-23d2-11e8-a6a3-ec086b02610b,586fddf3-23d2-11e8-a6a3-ec086b02610b.jpg,6,bobcat,96,2013-12-25 23:20:52,6f93e80c-5567-11e8-9215-dca9047ef277,1,1,2048,1494
586fde12-23d2-11e8-a6a3-ec086b02610b,586fde12-23d2-11e8-a6a3-ec086b02610b.jpg,6,bobcat,75,2011-11-30 11:40:43,6efd67ba-5567-11e8-93ab-dca9047ef277,2,3,2048,1494
5871837a-23d2-11e8-a6a3-ec086b02610b,5871837a-23d2-11e8-a6a3-ec086b02610b.jpg,6,bobcat,103,2011-12-17 01:23:40,6f1b18ab-5567-11e8-9f78-dca9047ef277,1,3,2048,1494
587185b9-23d2-11e8-a6a3-ec086b02610b,587185b9-23d2-11e8-a6a3-ec086b02610b.jpg,6,bobcat,106,2014-07-04 22:23:32,6f77a161-5567-11e8-828e-dca9047ef277,1,1,2048,1494
58732c1f-23d2-11e8-a6a3-ec086b02610b,58732c1f-23d2-11e8-a6a3-ec086b02610b.jpg,6,bobcat,101,2015-04-27 02:07:18,701c3d3a-5567-11e8-964e-dca9047ef277,3,3,2048,1494
58732c5b-23d2-11e8-a6a3-ec086b02610b,58732c5b-23d2-11e8-a6a3-ec086b02610b.jpg,6,bobcat,128,2013-11-24 19:30:56,701a9745-5567-11e8-8c2c-dca9047ef277,3,3,2048,1494
58732c6c-23d2-11e8-a6a3-ec086b02610b,58732c6c-23d2-11e8-a6a3-ec086b02610b.jpg,6,bobcat,103,2011-11-21 03:54:34,6f1b0997-5567-11e8-af1f-dca9047ef277,3,3,2048,1494
58732d4a-23d2-11e8-a6a3-ec086b02610b,58732d4a-23d2-11e8-a6a3-ec086b02610b.jpg,6,bobcat,101,2014-08-22 10:20:48,701c2a0c-5567-11e8-b41f-dca9047ef277,2,3,2048,1494
58732dc7-23d2-11e8-a6a3-ec086b02610b,58732dc7-23d2-11e8-a6a3-ec086b02610b.jpg,6,bobcat,128,2013-12-18 19:12:30,701a9c80-5567-11e8-bf1f-dca9047ef277,3,3,2048,1494
58732f31-23d2-11e8-a6a3-ec086b02610b,58732f31-23d2-11e8-a6a3-ec086b02610b.jpg,6,bobcat,103,2011-11-09 21:41:10,6f1affd4-5567-11e8-b261-dca9047ef277,2,3,2048,1494
58732f7e-23d2-11e8-a6a3-ec086b02610b,58732f7e-23d2-11e8-a6a3-ec086b02610b.jpg,6,bobcat,112,2012-02-12 01:57:37,6f0f16e1-5567-11e8-be35-dca9047ef277,1,3,2048,1494
5876814c-23d2-11e8-a6a3-ec086b02610b,5876814c-23d2-11e8-a6a3-ec086b02610b.jpg,6,bobcat,108,2011-12-23 01:17:11,6f15041c-5567-11e8-9936-dca9047ef277,1,3,2048,1494
58782862-23d2-11e8-a6a3-ec086b02610b,58782862-23d2-11e8-a6a3-ec086b02610b.jpg,6,bobcat,138,2014-10-20 03:31:40,701b5d14-5567-11e8-9a8c-dca9047ef277,3,3,2048,1494
587828eb-23d2-11e8-a6a3-ec086b02610b,587828eb-23d2-11e8-a6a3-ec086b02610b.jpg,6,bobcat,115,2012-03-28 11:22:38,6f121502-5567-11e8-a0ef-dca9047ef277,2,3,2048,1494
5878294f-23d2-11e8-a6a3-ec086b02610b,5878294f-23d2-11e8-a6a3-ec086b02610b.jpg,6,bobcat,87,2013-12-18 06:08:44,701ab028-5567-11e8-8575-dca9047ef277,3,3,2048,1494
587829a3-23d2-11e8-a6a3-ec086b02610b,587829a3-23d2-11e8-a6a3-ec086b02610b.jpg,6,bobcat,107,2012-02-25 10:35:43,6f0e0ee6-5567-11e8-9e5a-dca9047ef277,2,3,2048,1494
58782ac3-23d2-11e8-a6a3-ec086b02610b,58782ac3-23d2-11e8-a6a3-ec086b02610b.jpg,6,bobcat,98,2011-05-23 04:27:34,6f153d2e-5567-11e8-930d-dca9047ef277,2,3,2048,1494
58782afe-23d2-11e8-a6a3-ec086b02610b,58782afe-23d2-11e8-a6a3-ec086b02610b.jpg,6,bobcat,76,2014-07-19 02:40:27,6f6257d1-5567-11e8-9da0-dca9047ef277,1,1,2048,1494
58782bf2-23d2-11e8-a6a3-ec086b02610b,58782bf2-23d2-11e8-a6a3-ec086b02610b.jpg,6,bobcat,98,2011-05-23 04:27:45,6f153dcc-5567-11e8-8a1c-dca9047ef277,3,3,2048,1494
5879d1f7-23d2-11e8-a6a3-ec086b02610b,5879d1f7-23d2-11e8-a6a3-ec086b02610b.jpg,6,bobcat,128,2013-12-05 19:16:04,701a9ade-5567-11e8-93ca-dca9047ef277,1,3,2048,1494
5879d229-23d2-11e8-a6a3-ec086b02610b,5879d229-23d2-11e8-a6a3-ec086b02610b.jpg,6,bobcat,108,2011-05-28 22:58:10,6f14c894-5567-11e8-9277-dca9047ef277,3,3,2048,1494
5879d2cb-23d2-11e8-a6a3-ec086b02610b,5879d2cb-23d2-11e8-a6a3-ec086b02610b.jpg,6,bobcat,115,2012-01-23 18:56:41,6f11e69c-5567-11e8-b89e-dca9047ef277,3,3,2048,1494
5879d2f0-23d2-11e8-a6a3-ec086b02610b,5879d2f0-23d2-11e8-a6a3-ec086b02610b.jpg,6,bobcat,114,2014-04-28 22:12:36,7000e742-5567-11e8-8cab-dca9047ef277,1,1,2048,1494
5879d3f2-23d2-11e8-a6a3-ec086b02610b,5879d3f2-23d2-11e8-a6a3-ec086b02610b.jpg,6,bobcat,114,2013-09-26 09:27:35,6ff280c7-5567-11e8-97de-dca9047ef277,1,1,2048,1494
5879d48a-23d2-11e8-a6a3-ec086b02610b,5879d48a-23d2-11e8-a6a3-ec086b02610b.jpg,6,bobcat,115,2011-06-25 12:06:13,6f116847-5567-11e8-9463-dca9047ef277,3,3,2048,1494
5879d4c8-23d2-11e8-a6a3-ec086b02610b,5879d4c8-23d2-11e8-a6a3-ec086b02610b.jpg,6,bobcat,83,2014-05-12 15:37:49,701edb30-5567-11e8-bca6-dca9047ef277,1,3,2048,1494
5879d50b-23d2-11e8-a6a3-ec086b02610b,5879d50b-23d2-11e8-a6a3-ec086b02610b.jpg,6,bobcat,125,2011-06-15 02:16:47,6f15c454-5567-11e8-8f40-dca9047ef277,2,3,2048,1494
587b7c81-23d2-11e8-a6a3-ec086b02610b,587b7c81-23d2-11e8-a6a3-ec086b02610b.jpg,6,bobcat,76,2014-06-06 04:26:50,6f5fd347-5567-11e8-a0be-dca9047ef277,1,1,2048,1494
587d41cf-23d2-11e8-a6a3-ec086b02610b,587d41cf-23d2-11e8-a6a3-ec086b02610b.jpg,6,bobcat,103,2012-04-04 05:23:12,6f1b4691-5567-11e8-a73a-dca9047ef277,3,3,2048,1494
587d4254-23d2-11e8-a6a3-ec086b02610b,587d4254-23d2-11e8-a6a3-ec086b02610b.jpg,6,bobcat,128,2013-12-18 05:08:31,701a9b2e-5567-11e8-adfd-dca9047ef277,1,3,2048,1494
587eec05-23d2-11e8-a6a3-ec086b02610b,587eec05-23d2-11e8-a6a3-ec086b02610b.jpg,6,bobcat,100,2011-03-20 12:05:01,6f1e946e-5567-11e8-aa22-dca9047ef277,2,3,2048,1494
587eec23-23d2-11e8-a6a3-ec086b02610b,587eec23-23d2-11e8-a6a3-ec086b02610b.jpg,6,bobcat,86,2014-07-26 12:35:20,70199775-5567-11e8-8050-dca9047ef277,1,3,2048,1494
587eed03-23d2-11e8-a6a3-ec086b02610b,587eed03-23d2-11e8-a6a3-ec086b02610b.jpg,6,bobcat,96,2013-12-25 23:21:06,6f93e9cf-5567-11e8-a01c-dca9047ef277,1,1,2048,1494
587eed1d-23d2-11e8-a6a3-ec086b02610b,587eed1d-23d2-11e8-a6a3-ec086b02610b.jpg,6,bobcat,94,2013-11-04 09:11:11,701679cc-5567-11e8-b4c6-dca9047ef277,3,3,2048,1494
587eed36-23d2-11e8-a6a3-ec086b02610b,587eed36-23d2-11e8-a6a3-ec086b02610b.jpg,6,bobcat,138,2013-12-25 12:12:25,701b5261-5567-11e8-bbb0-dca9047ef277,2,3,2048,1494
58809460-23d2-11e8-a6a3-ec086b02610b,58809460-23d2-11e8-a6a3-ec086b02610b.jpg,6,bobcat,112,2012-02-16 01:28:48,6f0f18a3-5567-11e8-9425-dca9047ef277,1,3,2048,1494
588094c4-23d2-11e8-a6a3-ec086b02610b,588094c4-23d2-11e8-a6a3-ec086b02610b.jpg,6,bobcat,95,2012-05-06 18:03:32,6f104580-5567-11e8-85c3-dca9047ef277,3,3,2048,1494
588094fa-23d2-11e8-a6a3-ec086b02610b,588094fa-23d2-11e8-a6a3-ec086b02610b.jpg,6,bobcat,96,2014-05-24 03:36:11,6fb64891-5567-11e8-93e7-dca9047ef277,1,1,2048,1494
58823bb9-23d2-11e8-a6a3-ec086b02610b,58823bb9-23d2-11e8-a6a3-ec086b02610b.jpg,6,bobcat,106,2014-01-16 23:43:56,6f6cf423-5567-11e8-bba2-dca9047ef277,1,1,2048,1494
58823be6-23d2-11e8-a6a3-ec086b02610b,58823be6-23d2-11e8-a6a3-ec086b02610b.jpg,6,bobcat,128,2013-11-24 18:21:12,701a9597-5567-11e8-ae81-dca9047ef277,2,3,2048,1494
58823cca-23d2-11e8-a6a3-ec086b02610b,58823cca-23d2-11e8-a6a3-ec086b02610b.jpg,6,bobcat,105,2011-12-22 19:13:47,6f19d275-5567-11e8-a9fb-dca9047ef277,2,3,2048,1494
58823e9e-23d2-11e8-a6a3-ec086b02610b,58823e9e-23d2-11e8-a6a3-ec086b02610b.jpg,6,bobcat,95,2011-05-20 18:06:18,6f0fd154-5567-11e8-8df7-dca9047ef277,1,3,2048,1494
5883e728-23d2-11e8-a6a3-ec086b02610b,5883e728-23d2-11e8-a6a3-ec086b02610b.jpg,6,bobcat,83,2014-05-09 14:07:40,701ed997-5567-11e8-9e78-dca9047ef277,2,3,2048,1494
5883e769-23d2-11e8-a6a3-ec086b02610b,5883e769-23d2-11e8-a6a3-ec086b02610b.jpg,6,bobcat,130,2012-05-23 05:24:56,6f0d888f-5567-11e8-81f1-dca9047ef277,2,3,2048,1494
5883e9a8-23d2-11e8-a6a3-ec086b02610b,5883e9a8-23d2-11e8-a6a3-ec086b02610b.jpg,6,bobcat,94,2013-09-14 06:35:37,7015d440-5567-11e8-8f43-dca9047ef277,2,3,2048,1494
5883ea2c-23d2-11e8-a6a3-ec086b02610b,5883ea2c-23d2-11e8-a6a3-ec086b02610b.jpg,6,bobcat,95,2012-01-22 18:05:39,6f0fd7c7-5567-11e8-9452-dca9047ef277,2,3,2048,1494
58857b77-23d2-11e8-a6a3-ec086b02610b,58857b77-23d2-11e8-a6a3-ec086b02610b.jpg,6,bobcat,128,2013-11-01 19:42:41,701a9282-5567-11e8-9675-dca9047ef277,3,3,2048,1494
58857cff-23d2-11e8-a6a3-ec086b02610b,58857cff-23d2-11e8-a6a3-ec086b02610b.jpg,6,bobcat,128,2013-12-18 05:41:05,701a9b87-5567-11e8-955d-dca9047ef277,2,3,2048,1494
58857d08-23d2-11e8-a6a3-ec086b02610b,58857d08-23d2-11e8-a6a3-ec086b02610b.jpg,6,bobcat,94,2013-11-09 07:09:57,701680dc-5567-11e8-887e-dca9047ef277,3,3,2048,1494
58857d25-23d2-11e8-a6a3-ec086b02610b,58857d25-23d2-11e8-a6a3-ec086b02610b.jpg,6,bobcat,90,2012-04-12 12:15:36,6f0fbcb3-5567-11e8-bc0c-dca9047ef277,2,3,2048,1494
588718f0-23d2-11e8-a6a3-ec086b02610b,588718f0-23d2-11e8-a6a3-ec086b02610b.jpg,6,bobcat,112,2012-03-29 23:06:04,6f0f2bb3-5567-11e8-a92f-dca9047ef277,2,3,2048,1494
5888bd85-23d2-11e8-a6a3-ec086b02610b,5888bd85-23d2-11e8-a6a3-ec086b02610b.jpg,6,bobcat,83,2014-06-03 17:00:11,701ee4fd-5567-11e8-bea9-dca9047ef277,3,3,2048,1494
5888bf06-23d2-11e8-a6a3-ec086b02610b,5888bf06-23d2-11e8-a6a3-ec086b02610b.jpg,6,bobcat,114,2013-09-26 09:26:07,6ff27fe8-5567-11e8-a094-dca9047ef277,1,1,2048,1494
588a67e9-23d2-11e8-a6a3-ec086b02610b,588a67e9-23d2-11e8-a6a3-ec086b02610b.jpg,6,bobcat,115,2011-06-17 20:51:35,6f115b00-5567-11e8-b9a5-dca9047ef277,3,3,2048,1494
588a6857-23d2-11e8-a6a3-ec086b02610b,588a6857-23d2-11e8-a6a3-ec086b02610b.jpg,6,bobcat,120,2011-11-11 21:33:00,700e0c05-5567-11e8-b316-dca9047ef277,1,1,2048,1536
588c11c3-23d2-11e8-a6a3-ec086b02610b,588c11c3-23d2-11e8-a6a3-ec086b02610b.jpg,6,bobcat,128,2013-11-24 19:30:50,701a96f5-5567-11e8-b0cb-dca9047ef277,3,3,2048,1494
588c1333-23d2-11e8-a6a3-ec086b02610b,588c1333-23d2-11e8-a6a3-ec086b02610b.jpg,6,bobcat,120,2011-11-22 03:20:00,700e1f17-5567-11e8-9159-dca9047ef277,1,1,2048,1536
588dbab8-23d2-11e8-a6a3-ec086b02610b,588dbab8-23d2-11e8-a6a3-ec086b02610b.jpg,6,bobcat,103,2011-10-12 23:04:19,6f1af6c2-5567-11e8-ab43-dca9047ef277,2,3,2048,1494
588dbd58-23d2-11e8-a6a3-ec086b02610b,588dbd58-23d2-11e8-a6a3-ec086b02610b.jpg,6,bobcat,98,2011-05-26 03:26:23,6f153f54-5567-11e8-a8fc-dca9047ef277,2,3,2048,1494
588f6595-23d2-11e8-a6a3-ec086b02610b,588f6595-23d2-11e8-a6a3-ec086b02610b.jpg,6,bobcat,128,2013-12-05 12:38:53,701a9a33-5567-11e8-9c86-dca9047ef277,3,3,2048,1494
588f6675-23d2-11e8-a6a3-ec086b02610b,588f6675-23d2-11e8-a6a3-ec086b02610b.jpg,6,bobcat,94,2013-11-09 07:07:31,70168047-5567-11e8-b509-dca9047ef277,2,3,2048,1494
58910d7d-23d2-11e8-a6a3-ec086b02610b,58910d7d-23d2-11e8-a6a3-ec086b02610b.jpg,6,bobcat,125,2011-05-20 08:45:55,6f15b0cc-5567-11e8-bd46-dca9047ef277,2,3,2048,1494
5892b500-23d2-11e8-a6a3-ec086b02610b,5892b500-23d2-11e8-a6a3-ec086b02610b.jpg,6,bobcat,81,2011-11-22 20:31:44,6f10c87a-5567-11e8-8dc0-dca9047ef277,1,3,2048,1494
5892b612-23d2-11e8-a6a3-ec086b02610b,5892b612-23d2-11e8-a6a3-ec086b02610b.jpg,6,bobcat,106,2014-04-26 22:13:36,6f72b94a-5567-11e8-be42-dca9047ef277,1,1,2048,1494
5892b6c0-23d2-11e8-a6a3-ec086b02610b,5892b6c0-23d2-11e8-a6a3-ec086b02610b.jpg,6,bobcat,96,2014-04-09 02:41:47,6f97ec0f-5567-11e8-8a3a-dca9047ef277,1,1,2048,1494
58945fff-23d2-11e8-a6a3-ec086b02610b,58945fff-23d2-11e8-a6a3-ec086b02610b.jpg,6,bobcat,78,2011-12-17 07:25:06,6f1bed23-5567-11e8-858f-dca9047ef277,2,3,2048,1494
5894612c-23d2-11e8-a6a3-ec086b02610b,5894612c-23d2-11e8-a6a3-ec086b02610b.jpg,6,bobcat,106,2014-06-02 22:22:22,6f763191-5567-11e8-8447-dca9047ef277,1,1,2048,1494
58946269-23d2-11e8-a6a3-ec086b02610b,58946269-23d2-11e8-a6a3-ec086b02610b.jpg,6,bobcat,105,2012-06-02 05:45:22,6f1a9a75-5567-11e8-86da-dca9047ef277,1,3,2048,1494
589462a9-23d2-11e8-a6a3-ec086b02610b,589462a9-23d2-11e8-a6a3-ec086b02610b.jpg,6,bobcat,105,2012-04-29 12:59:03,6f1a5aab-5567-11e8-b5bf-dca9047ef277,2,3,2048,1494
589462b3-23d2-11e8-a6a3-ec086b02610b,589462b3-23d2-11e8-a6a3-ec086b02610b.jpg,6,bobcat,103,2012-05-26 02:18:38,6f1b6f59-5567-11e8-bd9b-dca9047ef277,1,3,2048,1494
58960738-23d2-11e8-a6a3-ec086b02610b,58960738-23d2-11e8-a6a3-ec086b02610b.jpg,6,bobcat,106,2014-06-05 02:16:39,6f76493d-5567-11e8-8083-dca9047ef277,1,1,2048,1494
589607ae-23d2-11e8-a6a3-ec086b02610b,589607ae-23d2-11e8-a6a3-ec086b02610b.jpg,6,bobcat,99,2013-09-21 08:08:33,70147e73-5567-11e8-b379-dca9047ef277,3,3,2048,1494
58960999-23d2-11e8-a6a3-ec086b02610b,58960999-23d2-11e8-a6a3-ec086b02610b.jpg,6,bobcat,107,2011-08-10 22:17:52,6f0dccb0-5567-11e8-ae11-dca9047ef277,2,3,2048,1494
5897afe9-23d2-11e8-a6a3-ec086b02610b,5897afe9-23d2-11e8-a6a3-ec086b02610b.jpg,6,bobcat,83,2014-06-03 17:03:13,701ee600-5567-11e8-a440-dca9047ef277,3,3,2048,1494
5897b0c1-23d2-11e8-a6a3-ec086b02610b,5897b0c1-23d2-11e8-a6a3-ec086b02610b.jpg,6,bobcat,114,2014-03-28 20:54:44,6fffa059-5567-11e8-aa7d-dca9047ef277,1,1,2048,1494
5897b177-23d2-11e8-a6a3-ec086b02610b,5897b177-23d2-11e8-a6a3-ec086b02610b.jpg,6,bobcat,114,2013-11-18 03:08:17,6ff5af80-5567-11e8-b2e4-dca9047ef277,1,1,2048,1494
5897b203-23d2-11e8-a6a3-ec086b02610b,5897b203-23d2-11e8-a6a3-ec086b02610b.jpg,6,bobcat,100,2010-12-26 05:15:26,6f1df9bd-5567-11e8-87cf-dca9047ef277,2,3,2048,1494
5897b2fe-23d2-11e8-a6a3-ec086b02610b,5897b2fe-23d2-11e8-a6a3-ec086b02610b.jpg,6,bobcat,83,2014-05-09 14:07:20,701ed7e6-5567-11e8-a453-dca9047ef277,2,3,2048,1494
5897b327-23d2-11e8-a6a3-ec086b02610b,5897b327-23d2-11e8-a6a3-ec086b02610b.jpg,6,bobcat,112,2012-02-18 03:23:28,6f0f19bd-5567-11e8-ab93-dca9047ef277,3,3,2048,1494
5897b36a-23d2-11e8-a6a3-ec086b02610b,5897b36a-23d2-11e8-a6a3-ec086b02610b.jpg,6,bobcat,75,2011-10-19 08:14:52,6efd5630-5567-11e8-a1bb-dca9047ef277,1,3,2048,1494
5897b387-23d2-11e8-a6a3-ec086b02610b,5897b387-23d2-11e8-a6a3-ec086b02610b.jpg,6,bobcat,106,2014-04-16 01:31:58,6f722547-5567-11e8-b530-dca9047ef277,1,1,2048,1494
589b0115-23d2-11e8-a6a3-ec086b02610b,589b0115-23d2-11e8-a6a3-ec086b02610b.jpg,6,bobcat,96,2013-12-25 23:21:28,6f93ebcc-5567-11e8-9458-dca9047ef277,1,1,2048,1494
589b02c9-23d2-11e8-a6a3-ec086b02610b,589b02c9-23d2-11e8-a6a3-ec086b02610b.jpg,6,bobcat,114,2014-08-31 04:34:14,70065ca3-5567-11e8-94aa-dca9047ef277,1,1,2048,1494
589b034a-23d2-11e8-a6a3-ec086b02610b,589b034a-23d2-11e8-a6a3-ec086b02610b.jpg,6,bobcat,125,2011-06-07 11:59:55,6f15bb1e-5567-11e8-8e92-dca9047ef277,2,3,2048,1494
589cb374-23d2-11e8-a6a3-ec086b02610b,589cb374-23d2-11e8-a6a3-ec086b02610b.jpg,6,bobcat,105,2012-02-20 18:09:22,6f19fcf5-5567-11e8-9c7e-dca9047ef277,1,3,2048,1494
589e6844-23d2-11e8-a6a3-ec086b02610b,589e6844-23d2-11e8-a6a3-ec086b02610b.jpg,6,bobcat,107,2011-08-13 13:47:26,6f0dcf80-5567-11e8-9218-dca9047ef277,3,3,2048,1494
589e6855-23d2-11e8-a6a3-ec086b02610b,589e6855-23d2-11e8-a6a3-ec086b02610b.jpg,6,bobcat,130,2012-05-23 05:29:32,6f0d9111-5567-11e8-bf95-dca9047ef277,2,3,2048,1494
589e68d5-23d2-11e8-a6a3-ec086b02610b,589e68d5-23d2-11e8-a6a3-ec086b02610b.jpg,6,bobcat,112,2012-02-15 03:55:13,6f0f1797-5567-11e8-b506-dca9047ef277,2,3,2048,1494
589e68f5-23d2-11e8-a6a3-ec086b02610b,589e68f5-23d2-11e8-a6a3-ec086b02610b.jpg,6,bobcat,108,2011-09-01 21:36:23,6f14e4c7-5567-11e8-a423-dca9047ef277,3,3,2048,1494
589e697c-23d2-11e8-a6a3-ec086b02610b,589e697c-23d2-11e8-a6a3-ec086b02610b.jpg,6,bobcat,130,2011-11-15 20:55:25,6f0d1728-5567-11e8-b60d-dca9047ef277,3,3,2048,1494
589e6983-23d2-11e8-a6a3-ec086b02610b,589e6983-23d2-11e8-a6a3-ec086b02610b.jpg,6,bobcat,103,2011-11-21 19:17:46,6f1b09e6-5567-11e8-87c4-dca9047ef277,1,3,2048,1494
58a02046-23d2-11e8-a6a3-ec086b02610b,58a02046-23d2-11e8-a6a3-ec086b02610b.jpg,6,bobcat,115,2011-06-25 12:06:17,6f1168ab-5567-11e8-b17e-dca9047ef277,3,3,2048,1494
58a023b3-23d2-11e8-a6a3-ec086b02610b,58a023b3-23d2-11e8-a6a3-ec086b02610b.jpg,6,bobcat,76,2014-04-19 05:20:07,6f5cabd1-5567-11e8-a81f-dca9047ef277,1,1,2048,1494
58a1c8d8-23d2-11e8-a6a3-ec086b02610b,58a1c8d8-23d2-11e8-a6a3-ec086b02610b.jpg,6,bobcat,107,2011-08-10 22:17:58,6f0dcd00-5567-11e8-acb6-dca9047ef277,2,3,2048,1494
58a1ca1d-23d2-11e8-a6a3-ec086b02610b,58a1ca1d-23d2-11e8-a6a3-ec086b02610b.jpg,6,bobcat,120,2012-09-13 05:24:25,700f8900-5567-11e8-acb4-dca9047ef277,1,1,2560,1920
58a1cb7c-23d2-11e8-a6a3-ec086b02610b,58a1cb7c-23d2-11e8-a6a3-ec086b02610b.jpg,6,bobcat,112,2012-01-09 07:51:44,6f0f0a9c-5567-11e8-8180-dca9047ef277,2,3,2048,1494
58a379e2-23d2-11e8-a6a3-ec086b02610b,58a379e2-23d2-11e8-a6a3-ec086b02610b.jpg,6,bobcat,95,2011-04-23 20:52:02,6f0fcedc-5567-11e8-8f15-dca9047ef277,2,3,2048,1494
58a37bd6-23d2-11e8-a6a3-ec086b02610b,58a37bd6-23d2-11e8-a6a3-ec086b02610b.jpg,6,bobcat,80,2013-03-20 18:15:32,7009c651-5567-11e8-baa2-dca9047ef277,1,1,2560,1920
58a52f0a-23d2-11e8-a6a3-ec086b02610b,58a52f0a-23d2-11e8-a6a3-ec086b02610b.jpg,6,bobcat,115,2011-12-20 12:42:26,6f11d380-5567-11e8-865a-dca9047ef277,2,3,2048,1494
58a52fcd-23d2-11e8-a6a3-ec086b02610b,58a52fcd-23d2-11e8-a6a3-ec086b02610b.jpg,6,bobcat,107,2011-11-26 17:26:18,6f0df8ae-5567-11e8-8708-dca9047ef277,3,3,2048,1494
58a530bd-23d2-11e8-a6a3-ec086b02610b,58a530bd-23d2-11e8-a6a3-ec086b02610b.jpg,6,bobcat,128,2013-11-01 19:42:42,701a92d1-5567-11e8-a7b5-dca9047ef277,2,3,2048,1494
58a6e694-23d2-11e8-a6a3-ec086b02610b,58a6e694-23d2-11e8-a6a3-ec086b02610b.jpg,6,bobcat,120,2013-01-23 18:31:50,701011e8-5567-11e8-9aad-dca9047ef277,1,1,2560,1920
58a6e698-23d2-11e8-a6a3-ec086b02610b,58a6e698-23d2-11e8-a6a3-ec086b02610b.jpg,6,bobcat,130,2011-12-08 15:27:41,6f0d2d4f-5567-11e8-bb68-dca9047ef277,1,3,2048,1494
58a6e863-23d2-11e8-a6a3-ec086b02610b,58a6e863-23d2-11e8-a6a3-ec086b02610b.jpg,6,bobcat,125,2012-02-04 19:19:36,6f160b0a-5567-11e8-970d-dca9047ef277,3,3,2048,1494
58a6e89b-23d2-11e8-a6a3-ec086b02610b,58a6e89b-23d2-11e8-a6a3-ec086b02610b.jpg,6,bobcat,94,2013-11-09 07:00:31,70167c9c-5567-11e8-b4d2-dca9047ef277,3,3,2048,1494
58a6e8b5-23d2-11e8-a6a3-ec086b02610b,58a6e8b5-23d2-11e8-a6a3-ec086b02610b.jpg,6,bobcat,125,2011-09-20 11:32:43,6f15f1f5-5567-11e8-801c-dca9047ef277,2,3,2048,1494
58a6e944-23d2-11e8-a6a3-ec086b02610b,58a6e944-23d2-11e8-a6a3-ec086b02610b.jpg,6,bobcat,107,2012-04-22 15:44:26,6f0e1c19-5567-11e8-9992-dca9047ef277,2,3,2048,1494
58a8a0e4-23d2-11e8-a6a3-ec086b02610b,58a8a0e4-23d2-11e8-a6a3-ec086b02610b.jpg,6,bobcat,86,2014-07-26 12:35:21,701997c2-5567-11e8-ad7a-dca9047ef277,3,3,2048,1494
58a8a166-23d2-11e8-a6a3-ec086b02610b,58a8a166-23d2-11e8-a6a3-ec086b02610b.jpg,6,bobcat,100,2011-01-27 06:20:08,6f1e2e33-5567-11e8-a747-dca9047ef277,3,3,2048,1494
58aa5b47-23d2-11e8-a6a3-ec086b02610b,58aa5b47-23d2-11e8-a6a3-ec086b02610b.jpg,6,bobcat,75,2011-06-28 02:41:52,6efd3a80-5567-11e8-9973-dca9047ef277,2,3,2048,1494
58ac0c8f-23d2-11e8-a6a3-ec086b02610b,58ac0c8f-23d2-11e8-a6a3-ec086b02610b.jpg,6,bobcat,76,2014-06-06 04:26:49,6f5fd300-5567-11e8-a86f-dca9047ef277,1,1,2048,1494
58ac0ef1-23d2-11e8-a6a3-ec086b02610b,58ac0ef1-23d2-11e8-a6a3-ec086b02610b.jpg,6,bobcat,106,2014-07-22 20:40:54,6f7844d1-5567-11e8-ba06-dca9047ef277,1,1,2048,1494
58adc30e-23d2-11e8-a6a3-ec086b02610b,58adc30e-23d2-11e8-a6a3-ec086b02610b.jpg,6,bobcat,130,2011-11-17 05:30:50,6f0d190a-5567-11e8-ae4f-dca9047ef277,2,3,2048,1494
58adc347-23d2-11e8-a6a3-ec086b02610b,58adc347-23d2-11e8-a6a3-ec086b02610b.jpg,6,bobcat,101,2014-08-22 10:20:43,701c29b3-5567-11e8-80f4-dca9047ef277,2,3,2048,1494
58adc372-23d2-11e8-a6a3-ec086b02610b,58adc372-23d2-11e8-a6a3-ec086b02610b.jpg,6,bobcat,112,2012-02-29 22:19:28,6f0f1c33-5567-11e8-a3c4-dca9047ef277,2,3,2048,1494
58af74ef-23d2-11e8-a6a3-ec086b02610b,58af74ef-23d2-11e8-a6a3-ec086b02610b.jpg,6,bobcat,130,2011-12-27 12:27:15,6f0d3bcc-5567-11e8-a5c4-dca9047ef277,2,3,2048,1494
58af7694-23d2-11e8-a6a3-ec086b02610b,58af7694-23d2-11e8-a6a3-ec086b02610b.jpg,6,bobcat,98,2011-05-18 04:27:12,6f153b8a-5567-11e8-b9aa-dca9047ef277,3,3,2048,1494
58af7762-23d2-11e8-a6a3-ec086b02610b,58af7762-23d2-11e8-a6a3-ec086b02610b.jpg,6,bobcat,94,2013-10-13 10:10:51,701645d9-5567-11e8-a8d7-dca9047ef277,1,3,2048,1494
58b13161-23d2-11e8-a6a3-ec086b02610b,58b13161-23d2-11e8-a6a3-ec086b02610b.jpg,6,bobcat,120,2011-10-23 06:43:00,700de8f0-5567-11e8-be6f-dca9047ef277,1,1,2048,1536
58b13208-23d2-11e8-a6a3-ec086b02610b,58b13208-23d2-11e8-a6a3-ec086b02610b.jpg,6,bobcat,95,2011-04-23 20:52:24,6f0fcf91-5567-11e8-9919-dca9047ef277,2,3,2048,1494
58b132b9-23d2-11e8-a6a3-ec086b02610b,58b132b9-23d2-11e8-a6a3-ec086b02610b.jpg,6,bobcat,78,2011-12-26 01:56:33,6f1bf7ae-5567-11e8-94c6-dca9047ef277,2,3,2048,1494
58b2eec5-23d2-11e8-a6a3-ec086b02610b,58b2eec5-23d2-11e8-a6a3-ec086b02610b.jpg,6,bobcat,103,2011-12-16 12:06:29,6f1b176b-5567-11e8-adf6-dca9047ef277,3,3,2048,1494
58b2f014-23d2-11e8-a6a3-ec086b02610b,58b2f014-23d2-11e8-a6a3-ec086b02610b.jpg,6,bobcat,76,2014-05-31 21:08:28,6f5f8abd-5567-11e8-ba6d-dca9047ef277,1,1,2048,1494
58b2f06f-23d2-11e8-a6a3-ec086b02610b,58b2f06f-23d2-11e8-a6a3-ec086b02610b.jpg,6,bobcat,105,2012-05-21 06:04:11,6f1a6766-5567-11e8-a229-dca9047ef277,2,3,2048,1494
58b4a90e-23d2-11e8-a6a3-ec086b02610b,58b4a90e-23d2-11e8-a6a3-ec086b02610b.jpg,6,bobcat,138,2013-12-15 18:43:52,701b51c2-5567-11e8-b0ff-dca9047ef277,3,3,2048,1494
58b4a942-23d2-11e8-a6a3-ec086b02610b,58b4a942-23d2-11e8-a6a3-ec086b02610b.jpg,6,bobcat,94,2013-11-04 09:11:06,7016797d-5567-11e8-9518-dca9047ef277,1,3,2048,1494
58b4ab99-23d2-11e8-a6a3-ec086b02610b,58b4ab99-23d2-11e8-a6a3-ec086b02610b.jpg,6,bobcat,75,2011-06-28 02:41:49,6efd39eb-5567-11e8-9bf5-dca9047ef277,2,3,2048,1494
58b4ac5d-23d2-11e8-a6a3-ec086b02610b,58b4ac5d-23d2-11e8-a6a3-ec086b02610b.jpg,6,bobcat,94,2013-11-09 07:00:48,70167d82-5567-11e8-99f8-dca9047ef277,3,3,2048,1494
58b821b1-23d2-11e8-a6a3-ec086b02610b,58b821b1-23d2-11e8-a6a3-ec086b02610b.jpg,6,bobcat,78,2012-01-27 06:31:20,6f1c0dae-5567-11e8-9e0b-dca9047ef277,1,3,2048,1494
58b821c5-23d2-11e8-a6a3-ec086b02610b,58b821c5-23d2-11e8-a6a3-ec086b02610b.jpg,6,bobcat,108,2011-11-17 05:27:08,6f150142-5567-11e8-94df-dca9047ef277,2,3,2048,1494
58b821f6-23d2-11e8-a6a3-ec086b02610b,58b821f6-23d2-11e8-a6a3-ec086b02610b.jpg,6,bobcat,78,2012-05-18 04:35:13,6f1c5abd-5567-11e8-9e6e-dca9047ef277,1,3,2048,1494
58b82226-23d2-11e8-a6a3-ec086b02610b,58b82226-23d2-11e8-a6a3-ec086b02610b.jpg,6,bobcat,98,2011-06-18 01:07:40,6f1547d7-5567-11e8-aa71-dca9047ef277,1,3,2048,1494
58b82294-23d2-11e8-a6a3-ec086b02610b,58b82294-23d2-11e8-a6a3-ec086b02610b.jpg,6,bobcat,112,2012-02-16 01:28:53,6f0f18fd-5567-11e8-8c70-dca9047ef277,3,3,2048,1494
58b9d578-23d2-11e8-a6a3-ec086b02610b,58b9d578-23d2-11e8-a6a3-ec086b02610b.jpg,6,bobcat,81,2012-04-30 02:31:03,6f10d875-5567-11e8-867e-dca9047ef277,2,3,2048,1494
58b9d5b5-23d2-11e8-a6a3-ec086b02610b,58b9d5b5-23d2-11e8-a6a3-ec086b02610b.jpg,6,bobcat,98,2011-08-13 12:59:21,6f154f07-5567-11e8-a9cd-dca9047ef277,1,3,2048,1494
58b9d6f7-23d2-11e8-a6a3-ec086b02610b,58b9d6f7-23d2-11e8-a6a3-ec086b02610b.jpg,6,bobcat,106,2014-07-04 22:28:02,6f77a338-5567-11e8-a7fd-dca9047ef277,1,1,2048,1494
58b9d895-23d2-11e8-a6a3-ec086b02610b,58b9d895-23d2-11e8-a6a3-ec086b02610b.jpg,6,bobcat,107,2011-11-08 11:50:09,6f0df685-5567-11e8-bee6-dca9047ef277,1,3,2048,1494
58b9d8cc-23d2-11e8-a6a3-ec086b02610b,58b9d8cc-23d2-11e8-a6a3-ec086b02610b.jpg,6,bobcat,112,2012-02-16 01:28:46,6f0f184a-5567-11e8-a09c-dca9047ef277,2,3,2048,1494
58bb8c53-23d2-11e8-a6a3-ec086b02610b,58bb8c53-23d2-11e8-a6a3-ec086b02610b.jpg,6,bobcat,125,2011-11-24 03:11:03,6f15fd2b-5567-11e8-ba08-dca9047ef277,3,3,2048,1494
58bb8c6c-23d2-11e8-a6a3-ec086b02610b,58bb8c6c-23d2-11e8-a6a3-ec086b02610b.jpg,6,bobcat,101,2014-11-28 05:35:54,701c3b0a-5567-11e8-8443-dca9047ef277,3,3,2048,1494
58bb8cf1-23d2-11e8-a6a3-ec086b02610b,58bb8cf1-23d2-11e8-a6a3-ec086b02610b.jpg,6,bobcat,95,2012-01-22 18:06:10,6f0fd923-5567-11e8-a59c-dca9047ef277,1,3,2048,1494
58bd1a78-23d2-11e8-a6a3-ec086b02610b,58bd1a78-23d2-11e8-a6a3-ec086b02610b.jpg,6,bobcat,94,2013-09-14 06:35:32,7015d3a1-5567-11e8-bd93-dca9047ef277,3,3,2048,1494
58bd1c81-23d2-11e8-a6a3-ec086b02610b,58bd1c81-23d2-11e8-a6a3-ec086b02610b.jpg,6,bobcat,138,2014-01-05 20:45:48,701b5370-5567-11e8-bc77-dca9047ef277,2,3,2048,1494
58bd1cda-23d2-11e8-a6a3-ec086b02610b,58bd1cda-23d2-11e8-a6a3-ec086b02610b.jpg,6,bobcat,81,2012-04-10 18:42:35,6f10d0ca-5567-11e8-8aaa-dca9047ef277,3,3,2048,1494
58bea4bf-23d2-11e8-a6a3-ec086b02610b,58bea4bf-23d2-11e8-a6a3-ec086b02610b.jpg,6,bobcat,114,2014-03-28 20:55:07,6fffa1ab-5567-11e8-b16f-dca9047ef277,1,1,2048,1494
58bea4ca-23d2-11e8-a6a3-ec086b02610b,58bea4ca-23d2-11e8-a6a3-ec086b02610b.jpg,6,bobcat,128,2013-12-18 05:41:07,701a9bd7-5567-11e8-8d1c-dca9047ef277,1,3,2048,1494
58bea4ef-23d2-11e8-a6a3-ec086b02610b,58bea4ef-23d2-11e8-a6a3-ec086b02610b.jpg,6,bobcat,96,2014-04-09 02:42:49,6f97f01e-5567-11e8-b28f-dca9047ef277,1,1,2048,1494
58bea556-23d2-11e8-a6a3-ec086b02610b,58bea556-23d2-11e8-a6a3-ec086b02610b.jpg,6,bobcat,115,2012-01-22 20:57:25,6f11e58c-5567-11e8-bf01-dca9047ef277,2,3,2048,1494
58bea7aa-23d2-11e8-a6a3-ec086b02610b,58bea7aa-23d2-11e8-a6a3-ec086b02610b.jpg,6,bobcat,96,2014-04-09 02:42:43,6f97ef8a-5567-11e8-8a8a-dca9047ef277,1,1,2048,1494
58c033e6-23d2-11e8-a6a3-ec086b02610b,58c033e6-23d2-11e8-a6a3-ec086b02610b.jpg,6,bobcat,96,2014-04-09 02:42:19,6f97ee0f-5567-11e8-b559-dca9047ef277,1,1,2048,1494
58c0348d-23d2-11e8-a6a3-ec086b02610b,58c0348d-23d2-11e8-a6a3-ec086b02610b.jpg,6,bobcat,83,2014-09-19 13:56:00,701eeb66-5567-11e8-8255-dca9047ef277,3,5,2048,1494
58c03523-23d2-11e8-a6a3-ec086b02610b,58c03523-23d2-11e8-a6a3-ec086b02610b.jpg,6,bobcat,76,2014-05-16 17:57:03,6f5ebee1-5567-11e8-af93-dca9047ef277,1,1,2048,1494
58c036d3-23d2-11e8-a6a3-ec086b02610b,58c036d3-23d2-11e8-a6a3-ec086b02610b.jpg,6,bobcat,130,2012-05-23 05:25:51,6f0d8ad4-5567-11e8-a2c3-dca9047ef277,1,3,2048,1494
58c1c15b-23d2-11e8-a6a3-ec086b02610b,58c1c15b-23d2-11e8-a6a3-ec086b02610b.jpg,6,bobcat,81,2011-05-12 23:25:37,6f10ad85-5567-11e8-b228-dca9047ef277,3,3,2048,1494
58c1c249-23d2-11e8-a6a3-ec086b02610b,58c1c249-23d2-11e8-a6a3-ec086b02610b.jpg,6,bobcat,78,2012-03-19 12:16:42,6f1c344f-5567-11e8-9b9b-dca9047ef277,1,3,2048,1494
58c1c2fa-23d2-11e8-a6a3-ec086b02610b,58c1c2fa-23d2-11e8-a6a3-ec086b02610b.jpg,6,bobcat,95,2012-06-02 05:22:05,6f108414-5567-11e8-9364-dca9047ef277,2,3,2048,1494
58c1c32e-23d2-11e8-a6a3-ec086b02610b,58c1c32e-23d2-11e8-a6a3-ec086b02610b.jpg,6,bobcat,95,2012-06-02 05:59:56,6f1084bd-5567-11e8-a095-dca9047ef277,2,3,2048,1494
58c34d0f-23d2-11e8-a6a3-ec086b02610b,58c34d0f-23d2-11e8-a6a3-ec086b02610b.jpg,6,bobcat,100,2011-04-29 23:42:32,6f1ed2bd-5567-11e8-9aa4-dca9047ef277,3,3,2048,1494
58c4d6a4-23d2-11e8-a6a3-ec086b02610b,58c4d6a4-23d2-11e8-a6a3-ec086b02610b.jpg,6,bobcat,125,2011-08-13 11:49:53,6f15e1e8-5567-11e8-b41e-dca9047ef277,1,3,2048,1494
58c4d863-23d2-11e8-a6a3-ec086b02610b,58c4d863-23d2-11e8-a6a3-ec086b02610b.jpg,6,bobcat,87,2014-09-14 03:34:04,701af2cc-5567-11e8-9aa1-dca9047ef277,3,3,2048,1494
58c4d873-23d2-11e8-a6a3-ec086b02610b,58c4d873-23d2-11e8-a6a3-ec086b02610b.jpg,6,bobcat,76,2014-06-06 04:28:18,6f5fd4f5-5567-11e8-a7d9-dca9047ef277,1,1,2048,1494
58c6619c-23d2-11e8-a6a3-ec086b02610b,58c6619c-23d2-11e8-a6a3-ec086b02610b.jpg,6,bobcat,78,2011-11-30 04:50:20,6f1be168-5567-11e8-a353-dca9047ef277,3,3,2048,1494
58c661ae-23d2-11e8-a6a3-ec086b02610b,58c661ae-23d2-11e8-a6a3-ec086b02610b.jpg,6,bobcat,95,2012-01-22 18:06:00,6f0fd870-5567-11e8-81a9-dca9047ef277,3,3,2048,1494
58c66225-23d2-11e8-a6a3-ec086b02610b,58c66225-23d2-11e8-a6a3-ec086b02610b.jpg,6,bobcat,130,2011-07-30 01:12:19,6f0cf70c-5567-11e8-be7f-dca9047ef277,2,3,2048,1494
58c66298-23d2-11e8-a6a3-ec086b02610b,58c66298-23d2-11e8-a6a3-ec086b02610b.jpg,6,bobcat,101,2014-09-27 03:23:46,701c3075-5567-11e8-a3a7-dca9047ef277,2,3,2048,1494
58c66480-23d2-11e8-a6a3-ec086b02610b,58c66480-23d2-11e8-a6a3-ec086b02610b.jpg,6,bobcat,115,2011-06-17 20:51:31,6f115a91-5567-11e8-b169-dca9047ef277,1,3,2048,1494
58c664a4-23d2-11e8-a6a3-ec086b02610b,58c664a4-23d2-11e8-a6a3-ec086b02610b.jpg,6,bobcat,120,2012-03-30 02:08:00,700f7828-5567-11e8-9d11-dca9047ef277,1,1,2048,1536
58c7ef96-23d2-11e8-a6a3-ec086b02610b,58c7ef96-23d2-11e8-a6a3-ec086b02610b.jpg,6,bobcat,94,2013-09-14 06:35:41,7015d48f-5567-11e8-9b16-dca9047ef277,3,3,2048,1494
58c7f076-23d2-11e8-a6a3-ec086b02610b,58c7f076-23d2-11e8-a6a3-ec086b02610b.jpg,6,bobcat,76,2014-05-11 06:45:16,6f5e4707-5567-11e8-a8dd-dca9047ef277,1,1,2048,1494
58c7f2ef-23d2-11e8-a6a3-ec086b02610b,58c7f2ef-23d2-11e8-a6a3-ec086b02610b.jpg,6,bobcat,130,2012-05-23 05:24:02,6f0d8778-5567-11e8-a2a3-dca9047ef277,1,3,2048,1494
58c97c13-23d2-11e8-a6a3-ec086b02610b,58c97c13-23d2-11e8-a6a3-ec086b02610b.jpg,6,bobcat,106,2014-06-14 12:43:01,6f76c22e-5567-11e8-b14f-dca9047ef277,1,1,2048,1494
58cb1127-23d2-11e8-a6a3-ec086b02610b,58cb1127-23d2-11e8-a6a3-ec086b02610b.jpg,6,bobcat,94,2013-11-09 07:04:33,70167ec2-5567-11e8-adce-dca9047ef277,2,3,2048,1494
58cb12b7-23d2-11e8-a6a3-ec086b02610b,58cb12b7-23d2-11e8-a6a3-ec086b02610b.jpg,6,bobcat,105,2011-05-07 02:24:56,6f19bb91-5567-11e8-897f-dca9047ef277,2,3,2048,1494
58cca501-23d2-11e8-a6a3-ec086b02610b,58cca501-23d2-11e8-a6a3-ec086b02610b.jpg,6,bobcat,115,2012-04-14 12:41:38,6f12211e-5567-11e8-8ba3-dca9047ef277,3,3,2048,1494
58cca66c-23d2-11e8-a6a3-ec086b02610b,58cca66c-23d2-11e8-a6a3-ec086b02610b.jpg,6,bobcat,105,2012-01-24 19:17:40,6f19ec00-5567-11e8-93c5-dca9047ef277,1,3,2048,1494
58cca69f-23d2-11e8-a6a3-ec086b02610b,58cca69f-23d2-11e8-a6a3-ec086b02610b.jpg,6,bobcat,130,2012-03-15 03:06:44,6f0d648c-5567-11e8-a016-dca9047ef277,2,3,2048,1494
58cca702-23d2-11e8-a6a3-ec086b02610b,58cca702-23d2-11e8-a6a3-ec086b02610b.jpg,6,bobcat,81,2012-01-11 19:38:46,6f10cd66-5567-11e8-ac6a-dca9047ef277,2,3,2048,1494
58cca70f-23d2-11e8-a6a3-ec086b02610b,58cca70f-23d2-11e8-a6a3-ec086b02610b.jpg,6,bobcat,83,2014-05-09 14:07:23,701ed854-5567-11e8-a920-dca9047ef277,3,3,2048,1494
58cca841-23d2-11e8-a6a3-ec086b02610b,58cca841-23d2-11e8-a6a3-ec086b02610b.jpg,6,bobcat,83,2014-05-22 20:42:48,701ee17a-5567-11e8-a9b9-dca9047ef277,1,3,2048,1494
58ce3efe-23d2-11e8-a6a3-ec086b02610b,58ce3efe-23d2-11e8-a6a3-ec086b02610b.jpg,6,bobcat,114,2014-05-15 12:14:36,70017acc-5567-11e8-8a9f-dca9047ef277,1,1,2048,1494
58cfcb47-23d2-11e8-a6a3-ec086b02610b,58cfcb47-23d2-11e8-a6a3-ec086b02610b.jpg,6,bobcat,105,2012-06-02 05:58:21,6f1a9b14-5567-11e8-8056-dca9047ef277,1,3,2048,1494
58cfcb4a-23d2-11e8-a6a3-ec086b02610b,58cfcb4a-23d2-11e8-a6a3-ec086b02610b.jpg,6,bobcat,86,2014-07-26 12:35:14,701996d4-5567-11e8-b3f7-dca9047ef277,2,3,2048,1494
58cfcced-23d2-11e8-a6a3-ec086b02610b,58cfcced-23d2-11e8-a6a3-ec086b02610b.jpg,6,bobcat,108,2011-05-28 22:58:06,6f14c845-5567-11e8-a38e-dca9047ef277,2,3,2048,1494
58d15f11-23d2-11e8-a6a3-ec086b02610b,58d15f11-23d2-11e8-a6a3-ec086b02610b.jpg,6,bobcat,78,2012-02-06 07:10:50,6f1c1568-5567-11e8-ba55-dca9047ef277,1,3,2048,1494
58d15f71-23d2-11e8-a6a3-ec086b02610b,58d15f71-23d2-11e8-a6a3-ec086b02610b.jpg,6,bobcat,78,2012-03-19 12:16:46,6f1c349c-5567-11e8-8709-dca9047ef277,2,3,2048,1494
58d16082-23d2-11e8-a6a3-ec086b02610b,58d16082-23d2-11e8-a6a3-ec086b02610b.jpg,6,bobcat,75,2011-12-23 07:20:27,6efd74f8-5567-11e8-b1bb-dca9047ef277,1,3,2048,1494
58d16170-23d2-11e8-a6a3-ec086b02610b,58d16170-23d2-11e8-a6a3-ec086b02610b.jpg,6,bobcat,75,2011-06-10 10:05:18,6efd2d38-5567-11e8-a694-dca9047ef277,1,3,2048,1494
58d161af-23d2-11e8-a6a3-ec086b02610b,58d161af-23d2-11e8-a6a3-ec086b02610b.jpg,6,bobcat,94,2013-09-14 06:49:26,7015d52e-5567-11e8-88ed-dca9047ef277,3,3,2048,1494
58d2eb16-23d2-11e8-a6a3-ec086b02610b,58d2eb16-23d2-11e8-a6a3-ec086b02610b.jpg,6,bobcat,108,2011-07-23 03:09:46,6f14d7a6-5567-11e8-9d7b-dca9047ef277,1,3,2048,1494
58d2ebfa-23d2-11e8-a6a3-ec086b02610b,58d2ebfa-23d2-11e8-a6a3-ec086b02610b.jpg,6,bobcat,94,2013-11-09 07:07:25,70167fa6-5567-11e8-b96a-dca9047ef277,3,3,2048,1494
58d2ec3d-23d2-11e8-a6a3-ec086b02610b,58d2ec3d-23d2-11e8-a6a3-ec086b02610b.jpg,6,bobcat,98,2011-05-26 03:26:21,6f153f02-5567-11e8-bf90-dca9047ef277,3,3,2048,1494
58d2ed23-23d2-11e8-a6a3-ec086b02610b,58d2ed23-23d2-11e8-a6a3-ec086b02610b.jpg,6,bobcat,103,2011-12-29 19:18:21,6f1b1b2b-5567-11e8-9d00-dca9047ef277,1,3,2048,1494
58d47c58-23d2-11e8-a6a3-ec086b02610b,58d47c58-23d2-11e8-a6a3-ec086b02610b.jpg,6,bobcat,101,2014-11-28 05:35:49,701c3aba-5567-11e8-9339-dca9047ef277,1,3,2048,1494
58d47d13-23d2-11e8-a6a3-ec086b02610b,58d47d13-23d2-11e8-a6a3-ec086b02610b.jpg,6,bobcat,76,2014-07-07 12:03:30,6f61c21e-5567-11e8-a710-dca9047ef277,1,1,2048,1494
58d47d6e-23d2-11e8-a6a3-ec086b02610b,58d47d6e-23d2-11e8-a6a3-ec086b02610b.jpg,6,bobcat,100,2010-12-22 01:02:59,6f1df3b0-5567-11e8-92fd-dca9047ef277,3,3,2048,1494
58d47d76-23d2-11e8-a6a3-ec086b02610b,58d47d76-23d2-11e8-a6a3-ec086b02610b.jpg,6,bobcat,106,2014-04-22 01:26:48,6f727605-5567-11e8-84c9-dca9047ef277,1,1,2048,1494
58d47df7-23d2-11e8-a6a3-ec086b02610b,58d47df7-23d2-11e8-a6a3-ec086b02610b.jpg,6,bobcat,130,2011-11-17 05:30:44,6f0d18a6-5567-11e8-9bc6-dca9047ef277,2,3,2048,1494
58d47eb4-23d2-11e8-a6a3-ec086b02610b,58d47eb4-23d2-11e8-a6a3-ec086b02610b.jpg,6,bobcat,100,2010-12-22 01:03:01,6f1df400-5567-11e8-bb63-dca9047ef277,2,3,2048,1494
58d611ee-23d2-11e8-a6a3-ec086b02610b,58d611ee-23d2-11e8-a6a3-ec086b02610b.jpg,6,bobcat,139,2011-04-18 19:38:00,7009c7b8-5567-11e8-8308-dca9047ef277,1,1,2048,1536
58d611f6-23d2-11e8-a6a3-ec086b02610b,58d611f6-23d2-11e8-a6a3-ec086b02610b.jpg,6,bobcat,101,2015-04-27 02:07:51,701c3e33-5567-11e8-91ae-dca9047ef277,3,3,2048,1494
58d61368-23d2-11e8-a6a3-ec086b02610b,58d61368-23d2-11e8-a6a3-ec086b02610b.jpg,6,bobcat,101,2015-04-27 02:08:21,701c3fcc-5567-11e8-a402-dca9047ef277,2,3,2048,1494
58d61401-23d2-11e8-a6a3-ec086b02610b,58d61401-23d2-11e8-a6a3-ec086b02610b.jpg,6,bobcat,114,2014-05-15 12:14:38,70017b11-5567-11e8-99a8-dca9047ef277,1,1,2048,1494
58d61455-23d2-11e8-a6a3-ec086b02610b,58d61455-23d2-11e8-a6a3-ec086b02610b.jpg,6,bobcat,138,2014-09-23 05:13:39,701b598a-5567-11e8-8bd3-dca9047ef277,3,3,2048,1494
58d614e8-23d2-11e8-a6a3-ec086b02610b,58d614e8-23d2-11e8-a6a3-ec086b02610b.jpg,6,bobcat,105,2012-05-29 06:25:15,6f1a93e3-5567-11e8-9a74-dca9047ef277,1,3,2048,1494
58d7a0da-23d2-11e8-a6a3-ec086b02610b,58d7a0da-23d2-11e8-a6a3-ec086b02610b.jpg,6,bobcat,115,2012-04-15 08:57:22,6f12224a-5567-11e8-b0ea-dca9047ef277,3,3,2048,1494
58d92faa-23d2-11e8-a6a3-ec086b02610b,58d92faa-23d2-11e8-a6a3-ec086b02610b.jpg,6,bobcat,95,2012-04-28 09:27:19,6f103751-5567-11e8-815a-dca9047ef277,3,3,2048,1494
58d9307d-23d2-11e8-a6a3-ec086b02610b,58d9307d-23d2-11e8-a6a3-ec086b02610b.jpg,6,bobcat,90,2012-02-04 06:44:01,6f0fa39e-5567-11e8-8994-dca9047ef277,3,3,2048,1494
58d931a5-23d2-11e8-a6a3-ec086b02610b,58d931a5-23d2-11e8-a6a3-ec086b02610b.jpg,6,bobcat,106,2014-08-10 03:11:07,6f78ec97-5567-11e8-84fd-dca9047ef277,1,1,2048,1494
58d931b9-23d2-11e8-a6a3-ec086b02610b,58d931b9-23d2-11e8-a6a3-ec086b02610b.jpg,6,bobcat,75,2011-11-20 07:31:47,6efd632b-5567-11e8-80ca-dca9047ef277,3,3,2048,1494
58d9328c-23d2-11e8-a6a3-ec086b02610b,58d9328c-23d2-11e8-a6a3-ec086b02610b.jpg,6,bobcat,103,2011-07-11 21:13:01,6f1abd9e-5567-11e8-b4b5-dca9047ef277,2,3,2048,1494
58dabd55-23d2-11e8-a6a3-ec086b02610b,58dabd55-23d2-11e8-a6a3-ec086b02610b.jpg,6,bobcat,101,2015-04-27 02:07:27,701c3d8a-5567-11e8-b111-dca9047ef277,2,3,2048,1494
58dabdce-23d2-11e8-a6a3-ec086b02610b,58dabdce-23d2-11e8-a6a3-ec086b02610b.jpg,6,bobcat,115,2012-04-15 08:58:55,6f122300-5567-11e8-bfb2-dca9047ef277,1,3,2048,1494
58dabfc3-23d2-11e8-a6a3-ec086b02610b,58dabfc3-23d2-11e8-a6a3-ec086b02610b.jpg,6,bobcat,114,2014-06-15 21:44:21,70036847-5567-11e8-b6fa-dca9047ef277,1,1,2048,1494
58dc4b3f-23d2-11e8-a6a3-ec086b02610b,58dc4b3f-23d2-11e8-a6a3-ec086b02610b.jpg,6,bobcat,106,2014-04-05 02:52:51,6f719178-5567-11e8-8873-dca9047ef277,1,1,2048,1494
58ddd4e4-23d2-11e8-a6a3-ec086b02610b,58ddd4e4-23d2-11e8-a6a3-ec086b02610b.jpg,6,bobcat,97,2014-09-22 08:49:21,701b2da8-5567-11e8-821a-dca9047ef277,2,3,2048,1494
58ddd577-23d2-11e8-a6a3-ec086b02610b,58ddd577-23d2-11e8-a6a3-ec086b02610b.jpg,6,bobcat,75,2012-02-27 07:12:41,6efe139c-5567-11e8-9cf8-dca9047ef277,3,3,2048,1494
58ddd5df-23d2-11e8-a6a3-ec086b02610b,58ddd5df-23d2-11e8-a6a3-ec086b02610b.jpg,6,bobcat,78,2012-01-13 03:44:10,6f1c0347-5567-11e8-a4e8-dca9047ef277,1,3,2048,1494
58ddd897-23d2-11e8-a6a3-ec086b02610b,58ddd897-23d2-11e8-a6a3-ec086b02610b.jpg,6,bobcat,100,2011-05-04 05:05:59,6f1ed578-5567-11e8-9d24-dca9047ef277,2,3,2048,1494
58df676f-23d2-11e8-a6a3-ec086b02610b,58df676f-23d2-11e8-a6a3-ec086b02610b.jpg,6,bobcat,100,2011-01-13 04:05:13,6f1e117d-5567-11e8-9751-dca9047ef277,3,3,2048,1494
58df694e-23d2-11e8-a6a3-ec086b02610b,58df694e-23d2-11e8-a6a3-ec086b02610b.jpg,6,bobcat,100,2011-01-27 06:20:04,6f1e2de3-5567-11e8-ba75-dca9047ef277,2,3,2048,1494
58df6963-23d2-11e8-a6a3-ec086b02610b,58df6963-23d2-11e8-a6a3-ec086b02610b.jpg,6,bobcat,112,2012-03-29 22:52:40,6f0f2b59-5567-11e8-8fdc-dca9047ef277,2,3,2048,1494
58df699d-23d2-11e8-a6a3-ec086b02610b,58df699d-23d2-11e8-a6a3-ec086b02610b.jpg,6,bobcat,125,2012-02-26 17:20:13,6f161242-5567-11e8-811c-dca9047ef277,3,3,2048,1494
58e0f698-23d2-11e8-a6a3-ec086b02610b,58e0f698-23d2-11e8-a6a3-ec086b02610b.jpg,6,bobcat,78,2011-12-11 12:38:42,6f1be79e-5567-11e8-b35e-dca9047ef277,3,3,2048,1494
58e0f6ac-23d2-11e8-a6a3-ec086b02610b,58e0f6ac-23d2-11e8-a6a3-ec086b02610b.jpg,6,bobcat,95,2011-04-23 20:52:14,6f0fcf38-5567-11e8-8b2f-dca9047ef277,2,3,2048,1494
58e0f70e-23d2-11e8-a6a3-ec086b02610b,58e0f70e-23d2-11e8-a6a3-ec086b02610b.jpg,6,bobcat,105,2012-02-17 22:47:32,6f19f89e-5567-11e8-a79b-dca9047ef277,3,3,2048,1494
58e2808d-23d2-11e8-a6a3-ec086b02610b,58e2808d-23d2-11e8-a6a3-ec086b02610b.jpg,6,bobcat,91,2014-03-18 23:01:38,7019d3d7-5567-11e8-939d-dca9047ef277,2,3,2048,1494
58e2839e-23d2-11e8-a6a3-ec086b02610b,58e2839e-23d2-11e8-a6a3-ec086b02610b.jpg,6,bobcat,94,2013-11-09 07:00:26,70167c4c-5567-11e8-a885-dca9047ef277,3,3,2048,1494
58e40ca9-23d2-11e8-a6a3-ec086b02610b,58e40ca9-23d2-11e8-a6a3-ec086b02610b.jpg,6,bobcat,125,2011-07-13 18:31:59,6f15cff8-5567-11e8-a188-dca9047ef277,2,3,2048,1494
58e40e22-23d2-11e8-a6a3-ec086b02610b,58e40e22-23d2-11e8-a6a3-ec086b02610b.jpg,6,bobcat,87,2013-12-18 06:08:47,701ab078-5567-11e8-b955-dca9047ef277,3,3,2048,1494
58e40f79-23d2-11e8-a6a3-ec086b02610b,58e40f79-23d2-11e8-a6a3-ec086b02610b.jpg,6,bobcat,130,2012-05-23 05:23:22,6f0d8611-5567-11e8-b0de-dca9047ef277,3,3,2048,1494
58e59826-23d2-11e8-a6a3-ec086b02610b,58e59826-23d2-11e8-a6a3-ec086b02610b.jpg,6,bobcat,76,2014-06-06 04:28:30,6f5fd5c7-5567-11e8-a700-dca9047ef277,1,1,2048,1494
58e5998e-23d2-11e8-a6a3-ec086b02610b,58e5998e-23d2-11e8-a6a3-ec086b02610b.jpg,6,bobcat,96,2013-12-25 23:21:02,6f93e98a-5567-11e8-a669-dca9047ef277,1,1,2048,1494
58e722fa-23d2-11e8-a6a3-ec086b02610b,58e722fa-23d2-11e8-a6a3-ec086b02610b.jpg,6,bobcat,128,2013-11-19 21:37:02,701a9533-5567-11e8-bbd4-dca9047ef277,1,3,2048,1494
58e72467-23d2-11e8-a6a3-ec086b02610b,58e72467-23d2-11e8-a6a3-ec086b02610b.jpg,6,bobcat,107,2011-09-09 06:20:19,6f0ddce6-5567-11e8-a9ef-dca9047ef277,2,3,2048,1494
58e938e2-23d2-11e8-a6a3-ec086b02610b,58e938e2-23d2-11e8-a6a3-ec086b02610b.jpg,6,bobcat,75,2011-06-09 17:20:32,6efd2c17-5567-11e8-82ac-dca9047ef277,2,3,2048,1494
58e93a2e-23d2-11e8-a6a3-ec086b02610b,58e93a2e-23d2-11e8-a6a3-ec086b02610b.jpg,6,bobcat,100,2011-02-06 07:32:46,6f1e38ca-5567-11e8-b437-dca9047ef277,3,3,2048,1494
58e93a93-23d2-11e8-a6a3-ec086b02610b,58e93a93-23d2-11e8-a6a3-ec086b02610b.jpg,6,bobcat,101,2015-04-27 02:08:24,701c401e-5567-11e8-94b0-dca9047ef277,2,3,2048,1494
58eacaa5-23d2-11e8-a6a3-ec086b02610b,58eacaa5-23d2-11e8-a6a3-ec086b02610b.jpg,6,bobcat,103,2012-01-18 21:06:49,6f1b2111-5567-11e8-9221-dca9047ef277,3,3,2048,1494
58eacb5f-23d2-11e8-a6a3-ec086b02610b,58eacb5f-23d2-11e8-a6a3-ec086b02610b.jpg,6,bobcat,120,2012-11-25 00:44:29,700fe3d1-5567-11e8-8005-dca9047ef277,1,1,2560,1920
58ec5526-23d2-11e8-a6a3-ec086b02610b,58ec5526-23d2-11e8-a6a3-ec086b02610b.jpg,6,bobcat,101,2015-04-27 02:06:59,701c3ba8-5567-11e8-b3e3-dca9047ef277,1,3,2048,1494
58ede0eb-23d2-11e8-a6a3-ec086b02610b,58ede0eb-23d2-11e8-a6a3-ec086b02610b.jpg,6,bobcat,120,2011-05-28 21:31:00,700d527a-5567-11e8-8ac3-dca9047ef277,1,1,2048,1536
58ede45a-23d2-11e8-a6a3-ec086b02610b,58ede45a-23d2-11e8-a6a3-ec086b02610b.jpg,6,bobcat,114,2014-06-15 21:44:48,700368dc-5567-11e8-a6fa-dca9047ef277,1,1,2048,1494
58ef6d86-23d2-11e8-a6a3-ec086b02610b,58ef6d86-23d2-11e8-a6a3-ec086b02610b.jpg,6,bobcat,83,2014-05-22 20:42:56,701ee219-5567-11e8-8447-dca9047ef277,2,3,2048,1494
58ef6e49-23d2-11e8-a6a3-ec086b02610b,58ef6e49-23d2-11e8-a6a3-ec086b02610b.jpg,6,bobcat,78,2011-12-21 04:20:21,6f1bf0cc-5567-11e8-ab65-dca9047ef277,1,3,2048,1494
58ef6f5f-23d2-11e8-a6a3-ec086b02610b,58ef6f5f-23d2-11e8-a6a3-ec086b02610b.jpg,6,bobcat,130,2012-02-02 21:22:35,6f0d4e82-5567-11e8-a7b8-dca9047ef277,3,3,2048,1494
58ef7076-23d2-11e8-a6a3-ec086b02610b,58ef7076-23d2-11e8-a6a3-ec086b02610b.jpg,6,bobcat,101,2014-11-27 05:34:52,701c3a1c-5567-11e8-8919-dca9047ef277,1,3,2048,1494
58f105d4-23d2-11e8-a6a3-ec086b02610b,58f105d4-23d2-11e8-a6a3-ec086b02610b.jpg,6,bobcat,105,2012-06-02 05:45:20,6f1a9a26-5567-11e8-9573-dca9047ef277,3,3,2048,1494
58f10738-23d2-11e8-a6a3-ec086b02610b,58f10738-23d2-11e8-a6a3-ec086b02610b.jpg,6,bobcat,115,2012-04-14 12:41:41,6f122178-5567-11e8-ab47-dca9047ef277,3,3,2048,1494
58f10741-23d2-11e8-a6a3-ec086b02610b,58f10741-23d2-11e8-a6a3-ec086b02610b.jpg,6,bobcat,107,2011-11-22 22:12:09,6f0df7f8-5567-11e8-ae99-dca9047ef277,2,3,2048,1494
58f1086c-23d2-11e8-a6a3-ec086b02610b,58f1086c-23d2-11e8-a6a3-ec086b02610b.jpg,6,bobcat,107,2012-04-23 06:15:13,6f0e1c75-5567-11e8-92d4-dca9047ef277,1,3,2048,1494
58f2962e-23d2-11e8-a6a3-ec086b02610b,58f2962e-23d2-11e8-a6a3-ec086b02610b.jpg,6,bobcat,130,2012-05-23 05:22:58,6f0d849c-5567-11e8-a1c9-dca9047ef277,3,3,2048,1494
58f296c9-23d2-11e8-a6a3-ec086b02610b,58f296c9-23d2-11e8-a6a3-ec086b02610b.jpg,6,bobcat,95,2012-06-02 05:59:50,6f10846e-5567-11e8-b91d-dca9047ef277,1,3,2048,1494
58f42305-23d2-11e8-a6a3-ec086b02610b,58f42305-23d2-11e8-a6a3-ec086b02610b.jpg,6,bobcat,114,2014-05-04 02:22:04,70011382-5567-11e8-9256-dca9047ef277,1,1,2048,1494
58f4234e-23d2-11e8-a6a3-ec086b02610b,58f4234e-23d2-11e8-a6a3-ec086b02610b.jpg,6,bobcat,128,2013-12-19 15:01:14,701a9cd1-5567-11e8-b002-dca9047ef277,3,3,2048,1494
58f42538-23d2-11e8-a6a3-ec086b02610b,58f42538-23d2-11e8-a6a3-ec086b02610b.jpg,6,bobcat,107,2012-02-15 08:12:12,6f0e0b75-5567-11e8-896a-dca9047ef277,2,3,2048,1494
58f5b0f0-23d2-11e8-a6a3-ec086b02610b,58f5b0f0-23d2-11e8-a6a3-ec086b02610b.jpg,6,bobcat,106,2014-04-01 22:42:55,6f71646e-5567-11e8-9907-dca9047ef277,1,1,2048,1494
58f5b198-23d2-11e8-a6a3-ec086b02610b,58f5b198-23d2-11e8-a6a3-ec086b02610b.jpg,6,bobcat,120,2012-11-06 03:41:58,700fc6e8-5567-11e8-b9b3-dca9047ef277,1,1,2560,1920
58f5b273-23d2-11e8-a6a3-ec086b02610b,58f5b273-23d2-11e8-a6a3-ec086b02610b.jpg,6,bobcat,100,2010-12-10 23:46:21,6f1de74f-5567-11e8-8e12-dca9047ef277,1,3,2048,1494
58f73e1a-23d2-11e8-a6a3-ec086b02610b,58f73e1a-23d2-11e8-a6a3-ec086b02610b.jpg,6,bobcat,99,2013-09-21 08:08:35,70147ecc-5567-11e8-8bba-dca9047ef277,2,3,2048,1494
58f8ce58-23d2-11e8-a6a3-ec086b02610b,58f8ce58-23d2-11e8-a6a3-ec086b02610b.jpg,6,bobcat,98,2012-04-09 05:50:54,6f15696e-5567-11e8-b976-dca9047ef277,1,3,2048,1494
58f8cf2c-23d2-11e8-a6a3-ec086b02610b,58f8cf2c-23d2-11e8-a6a3-ec086b02610b.jpg,6,bobcat,114,2014-05-21 23:06:32,7001c48c-5567-11e8-929c-dca9047ef277,1,1,2048,1494
58fa5ebe-23d2-11e8-a6a3-ec086b02610b,58fa5ebe-23d2-11e8-a6a3-ec086b02610b.jpg,6,bobcat,120,2013-04-07 22:19:59,701049cf-5567-11e8-b16d-dca9047ef277,1,1,2560,1920
58fa5ee0-23d2-11e8-a6a3-ec086b02610b,58fa5ee0-23d2-11e8-a6a3-ec086b02610b.jpg,6,bobcat,83,2014-06-03 17:00:13,701ee557-5567-11e8-8011-dca9047ef277,2,3,2048,1494
58fa5ee2-23d2-11e8-a6a3-ec086b02610b,58fa5ee2-23d2-11e8-a6a3-ec086b02610b.jpg,6,bobcat,112,2012-01-08 06:58:38,6f0f08d1-5567-11e8-8cde-dca9047ef277,2,3,2048,1494
58fa6037-23d2-11e8-a6a3-ec086b02610b,58fa6037-23d2-11e8-a6a3-ec086b02610b.jpg,6,bobcat,96,2014-07-01 02:33:20,6fc36959-5567-11e8-9abb-dca9047ef277,1,1,2048,1494
58fbeb46-23d2-11e8-a6a3-ec086b02610b,58fbeb46-23d2-11e8-a6a3-ec086b02610b.jpg,6,bobcat,95,2012-05-16 10:44:13,6f105661-5567-11e8-8281-dca9047ef277,1,3,2048,1494
58fbeb83-23d2-11e8-a6a3-ec086b02610b,58fbeb83-23d2-11e8-a6a3-ec086b02610b.jpg,6,bobcat,103,2011-11-18 23:14:32,6f1b0807-5567-11e8-bc61-dca9047ef277,1,3,2048,1494
58fbebf0-23d2-11e8-a6a3-ec086b02610b,58fbebf0-23d2-11e8-a6a3-ec086b02610b.jpg,6,bobcat,75,2011-06-15 23:35:05,6efd2f85-5567-11e8-9634-dca9047ef277,2,3,2048,1494
58fbecac-23d2-11e8-a6a3-ec086b02610b,58fbecac-23d2-11e8-a6a3-ec086b02610b.jpg,6,bobcat,75,2012-06-10 18:48:48,6efe3866-5567-11e8-acab-dca9047ef277,3,3,2048,1494
58fbef00-23d2-11e8-a6a3-ec086b02610b,58fbef00-23d2-11e8-a6a3-ec086b02610b.jpg,6,bobcat,76,2014-06-06 04:21:14,6f5fcd6e-5567-11e8-b042-dca9047ef277,1,1,2048,1494
58fd7e79-23d2-11e8-a6a3-ec086b02610b,58fd7e79-23d2-11e8-a6a3-ec086b02610b.jpg,6,bobcat,96,2014-04-09 02:41:46,6f97ebc7-5567-11e8-8aa9-dca9047ef277,1,1,2048,1494
58ff0ca2-23d2-11e8-a6a3-ec086b02610b,58ff0ca2-23d2-11e8-a6a3-ec086b02610b.jpg,6,bobcat,130,2011-12-02 14:23:25,6f0d2499-5567-11e8-893f-dca9047ef277,1,3,2048,1494
58ff0cf1-23d2-11e8-a6a3-ec086b02610b,58ff0cf1-23d2-11e8-a6a3-ec086b02610b.jpg,6,bobcat,132,2011-06-04 23:51:00,700cdfe8-5567-11e8-b21e-dca9047ef277,1,1,2048,1536
58ff0edb-23d2-11e8-a6a3-ec086b02610b,58ff0edb-23d2-11e8-a6a3-ec086b02610b.jpg,6,bobcat,83,2014-05-22 20:42:53,701ee1c7-5567-11e8-832c-dca9047ef277,3,3,2048,1494
5900a151-23d2-11e8-a6a3-ec086b02610b,5900a151-23d2-11e8-a6a3-ec086b02610b.jpg,6,bobcat,106,2014-04-26 22:13:33,6f72b88c-5567-11e8-86dc-dca9047ef277,1,1,2048,1494
5900a1f3-23d2-11e8-a6a3-ec086b02610b,5900a1f3-23d2-11e8-a6a3-ec086b02610b.jpg,6,bobcat,125,2011-11-13 08:07:42,6f15fbeb-5567-11e8-9e76-dca9047ef277,3,3,2048,1494
5900a355-23d2-11e8-a6a3-ec086b02610b,5900a355-23d2-11e8-a6a3-ec086b02610b.jpg,6,bobcat,76,2014-06-06 04:22:42,6f5fd03d-5567-11e8-9899-dca9047ef277,1,1,2048,1494
5900a3e1-23d2-11e8-a6a3-ec086b02610b,5900a3e1-23d2-11e8-a6a3-ec086b02610b.jpg,6,bobcat,98,2011-11-14 03:19:19,6f155c6e-5567-11e8-8944-dca9047ef277,3,3,2048,1494
590235ab-23d2-11e8-a6a3-ec086b02610b,590235ab-23d2-11e8-a6a3-ec086b02610b.jpg,6,bobcat,101,2014-11-27 05:34:59,701c3a68-5567-11e8-9797-dca9047ef277,3,3,2048,1494
59023752-23d2-11e8-a6a3-ec086b02610b,59023752-23d2-11e8-a6a3-ec086b02610b.jpg,6,bobcat,98,2011-11-21 19:29:22,6f155cbd-5567-11e8-a03d-dca9047ef277,1,3,2048,1494
5903cd35-23d2-11e8-a6a3-ec086b02610b,5903cd35-23d2-11e8-a6a3-ec086b02610b.jpg,6,bobcat,83,2014-05-22 20:42:39,701ee0d9-5567-11e8-8ab8-dca9047ef277,2,3,2048,1494
5903cdfa-23d2-11e8-a6a3-ec086b02610b,5903cdfa-23d2-11e8-a6a3-ec086b02610b.jpg,6,bobcat,107,2011-08-12 16:47:12,6f0dce17-5567-11e8-bf66-dca9047ef277,2,3,2048,1494
59055f3a-23d2-11e8-a6a3-ec086b02610b,59055f3a-23d2-11e8-a6a3-ec086b02610b.jpg,6,bobcat,112,2012-02-29 22:19:18,6f0f1bd7-5567-11e8-bf9c-dca9047ef277,1,3,2048,1494
5906ef89-23d2-11e8-a6a3-ec086b02610b,5906ef89-23d2-11e8-a6a3-ec086b02610b.jpg,6,bobcat,101,2015-04-27 02:07:38,701c3de3-5567-11e8-8504-dca9047ef277,3,3,2048,1494
5906f02c-23d2-11e8-a6a3-ec086b02610b,5906f02c-23d2-11e8-a6a3-ec086b02610b.jpg,6,bobcat,103,2011-08-12 04:30:19,6f1ad811-5567-11e8-8d57-dca9047ef277,2,3,2048,1494
5906f0e4-23d2-11e8-a6a3-ec086b02610b,5906f0e4-23d2-11e8-a6a3-ec086b02610b.jpg,6,bobcat,101,2015-04-27 02:08:15,701c3f2e-5567-11e8-b9f1-dca9047ef277,2,3,2048,1494
59087f08-23d2-11e8-a6a3-ec086b02610b,59087f08-23d2-11e8-a6a3-ec086b02610b.jpg,6,bobcat,83,2014-05-09 14:07:29,701ed8a6-5567-11e8-96cd-dca9047ef277,1,3,2048,1494
59087f2a-23d2-11e8-a6a3-ec086b02610b,59087f2a-23d2-11e8-a6a3-ec086b02610b.jpg,6,bobcat,81,2012-04-05 19:46:22,6f10d073-5567-11e8-9dc3-dca9047ef277,2,3,2048,1494
59087f9c-23d2-11e8-a6a3-ec086b02610b,59087f9c-23d2-11e8-a6a3-ec086b02610b.jpg,6,bobcat,112,2012-02-15 03:55:25,6f0f17f0-5567-11e8-ae75-dca9047ef277,1,3,2048,1494
59088000-23d2-11e8-a6a3-ec086b02610b,59088000-23d2-11e8-a6a3-ec086b02610b.jpg,6,bobcat,105,2012-06-04 12:32:43,6f1a9db3-5567-11e8-bb8f-dca9047ef277,1,3,2048,1494
590881aa-23d2-11e8-a6a3-ec086b02610b,590881aa-23d2-11e8-a6a3-ec086b02610b.jpg,6,bobcat,100,2011-04-29 23:42:35,6f1ed30c-5567-11e8-8baf-dca9047ef277,3,3,2048,1494
590a0e80-23d2-11e8-a6a3-ec086b02610b,590a0e80-23d2-11e8-a6a3-ec086b02610b.jpg,6,bobcat,95,2012-04-20 17:24:23,6f102e61-5567-11e8-b7e8-dca9047ef277,3,3,2048,1494
590a0fa3-23d2-11e8-a6a3-ec086b02610b,590a0fa3-23d2-11e8-a6a3-ec086b02610b.jpg,6,bobcat,98,2012-05-22 01:22:47,6f159561-5567-11e8-9499-dca9047ef277,2,3,2048,1494
590a0fcc-23d2-11e8-a6a3-ec086b02610b,590a0fcc-23d2-11e8-a6a3-ec086b02610b.jpg,6,bobcat,101,2015-04-27 02:08:49,701c4211-5567-11e8-997a-dca9047ef277,3,3,2048,1494
590a10d4-23d2-11e8-a6a3-ec086b02610b,590a10d4-23d2-11e8-a6a3-ec086b02610b.jpg,6,bobcat,100,2011-01-13 20:10:44,6f1e13de-5567-11e8-8d6f-dca9047ef277,2,3,2048,1494
590b9c44-23d2-11e8-a6a3-ec086b02610b,590b9c44-23d2-11e8-a6a3-ec086b02610b.jpg,6,bobcat,108,2012-05-29 03:07:28,6f152d3d-5567-11e8-8843-dca9047ef277,2,3,2048,1494
590b9dd6-23d2-11e8-a6a3-ec086b02610b,590b9dd6-23d2-11e8-a6a3-ec086b02610b.jpg,6,bobcat,103,2011-07-11 21:13:21,6f1abdf8-5567-11e8-86ba-dca9047ef277,1,3,2048,1494
590b9efe-23d2-11e8-a6a3-ec086b02610b,590b9efe-23d2-11e8-a6a3-ec086b02610b.jpg,6,bobcat,78,2012-04-29 12:01:06,6f1c5000-5567-11e8-ab08-dca9047ef277,3,3,2048,1494
590d2a97-23d2-11e8-a6a3-ec086b02610b,590d2a97-23d2-11e8-a6a3-ec086b02610b.jpg,6,bobcat,96,2014-05-24 03:36:28,6fb649a8-5567-11e8-adfa-dca9047ef277,1,1,2048,1494
590d2cb5-23d2-11e8-a6a3-ec086b02610b,590d2cb5-23d2-11e8-a6a3-ec086b02610b.jpg,6,bobcat,95,2012-05-04 18:35:49,6f1043bd-5567-11e8-a9d0-dca9047ef277,2,3,2048,1494
590d2d6e-23d2-11e8-a6a3-ec086b02610b,590d2d6e-23d2-11e8-a6a3-ec086b02610b.jpg,6,bobcat,76,2014-05-31 21:10:25,6f5f8d5c-5567-11e8-b09c-dca9047ef277,1,1,2048,1494
590d2d82-23d2-11e8-a6a3-ec086b02610b,590d2d82-23d2-11e8-a6a3-ec086b02610b.jpg,6,bobcat,81,2011-05-15 12:53:58,6f10b299-5567-11e8-83fc-dca9047ef277,2,3,2048,1494
590ebbef-23d2-11e8-a6a3-ec086b02610b,590ebbef-23d2-11e8-a6a3-ec086b02610b.jpg,6,bobcat,125,2011-07-14 10:11:53,6f15d08f-5567-11e8-92f9-dca9047ef277,1,3,2048,1494
590ebc67-23d2-11e8-a6a3-ec086b02610b,590ebc67-23d2-11e8-a6a3-ec086b02610b.jpg,6,bobcat,95,2012-01-22 18:05:44,6f0fd821-5567-11e8-bd85-dca9047ef277,2,3,2048,1494
590ebd44-23d2-11e8-a6a3-ec086b02610b,590ebd44-23d2-11e8-a6a3-ec086b02610b.jpg,6,bobcat,114,2014-06-29 04:50:35,7003f36b-5567-11e8-9d16-dca9047ef277,1,1,2048,1494
590ebded-23d2-11e8-a6a3-ec086b02610b,590ebded-23d2-11e8-a6a3-ec086b02610b.jpg,6,bobcat,75,2011-10-21 14:14:35,6efd56bd-5567-11e8-a32f-dca9047ef277,3,3,2048,1494
59104a37-23d2-11e8-a6a3-ec086b02610b,59104a37-23d2-11e8-a6a3-ec086b02610b.jpg,6,bobcat,130,2012-05-23 05:23:50,6f0d871e-5567-11e8-aa94-dca9047ef277,1,3,2048,1494
59104be0-23d2-11e8-a6a3-ec086b02610b,59104be0-23d2-11e8-a6a3-ec086b02610b.jpg,6,bobcat,75,2011-06-09 14:00:08,6efd289c-5567-11e8-ad08-dca9047ef277,1,3,2048,1494
5911d6f6-23d2-11e8-a6a3-ec086b02610b,5911d6f6-23d2-11e8-a6a3-ec086b02610b.jpg,6,bobcat,100,2011-05-04 05:05:57,6f1ed533-5567-11e8-ba06-dca9047ef277,3,3,2048,1494
5911da07-23d2-11e8-a6a3-ec086b02610b,5911da07-23d2-11e8-a6a3-ec086b02610b.jpg,6,bobcat,78,2012-04-29 12:01:01,6f1c4fb0-5567-11e8-aef1-dca9047ef277,1,3,2048,1494
5911da22-23d2-11e8-a6a3-ec086b02610b,5911da22-23d2-11e8-a6a3-ec086b02610b.jpg,6,bobcat,90,2012-04-12 12:15:33,6f0fbc59-5567-11e8-bb34-dca9047ef277,2,3,2048,1494
5913671f-23d2-11e8-a6a3-ec086b02610b,5913671f-23d2-11e8-a6a3-ec086b02610b.jpg,6,bobcat,115,2011-08-03 11:52:50,6f1194f8-5567-11e8-b14d-dca9047ef277,2,3,2048,1494
59136761-23d2-11e8-a6a3-ec086b02610b,59136761-23d2-11e8-a6a3-ec086b02610b.jpg,6,bobcat,105,2012-05-28 06:05:16,6f1a77a8-5567-11e8-898c-dca9047ef277,1,3,2048,1494
591367f8-23d2-11e8-a6a3-ec086b02610b,591367f8-23d2-11e8-a6a3-ec086b02610b.jpg,6,bobcat,98,2011-06-27 12:42:59,6f154968-5567-11e8-8b7e-dca9047ef277,2,3,2048,1494
5914f13c-23d2-11e8-a6a3-ec086b02610b,5914f13c-23d2-11e8-a6a3-ec086b02610b.jpg,6,bobcat,78,2011-12-26 01:56:07,6f1bf751-5567-11e8-b995-dca9047ef277,2,3,2048,1494
5914f1b7-23d2-11e8-a6a3-ec086b02610b,5914f1b7-23d2-11e8-a6a3-ec086b02610b.jpg,6,bobcat,103,2011-12-16 12:09:22,6f1b17ba-5567-11e8-a2bf-dca9047ef277,1,3,2048,1494
59167905-23d2-11e8-a6a3-ec086b02610b,59167905-23d2-11e8-a6a3-ec086b02610b.jpg,6,bobcat,106,2014-07-04 22:23:15,6f77a0cc-5567-11e8-b385-dca9047ef277,1,1,2048,1494
591679dc-23d2-11e8-a6a3-ec086b02610b,591679dc-23d2-11e8-a6a3-ec086b02610b.jpg,6,bobcat,125,2012-03-26 13:11:53,6f162694-5567-11e8-a795-dca9047ef277,1,3,2048,1494
59167a99-23d2-11e8-a6a3-ec086b02610b,59167a99-23d2-11e8-a6a3-ec086b02610b.jpg,6,bobcat,130,2012-05-23 05:17:58,6f0d8175-5567-11e8-94c2-dca9047ef277,2,3,2048,1494
591807ce-23d2-11e8-a6a3-ec086b02610b,591807ce-23d2-11e8-a6a3-ec086b02610b.jpg,6,bobcat,130,2011-12-03 06:57:23,6f0d283d-5567-11e8-9f0c-dca9047ef277,3,3,2048,1494
5919966f-23d2-11e8-a6a3-ec086b02610b,5919966f-23d2-11e8-a6a3-ec086b02610b.jpg,6,bobcat,101,2015-04-27 02:08:33,701c40c7-5567-11e8-8e65-dca9047ef277,2,3,2048,1494
591996f5-23d2-11e8-a6a3-ec086b02610b,591996f5-23d2-11e8-a6a3-ec086b02610b.jpg,6,bobcat,128,2013-12-03 20:08:13,701a99d9-5567-11e8-aecd-dca9047ef277,1,3,2048,1494
591997ed-23d2-11e8-a6a3-ec086b02610b,591997ed-23d2-11e8-a6a3-ec086b02610b.jpg,6,bobcat,128,2013-12-18 19:12:19,701a9c28-5567-11e8-b1be-dca9047ef277,2,3,2048,1494
5919980e-23d2-11e8-a6a3-ec086b02610b,5919980e-23d2-11e8-a6a3-ec086b02610b.jpg,6,bobcat,114,2013-11-18 04:44:45,6ff5b385-5567-11e8-b44c-dca9047ef277,1,1,2048,1494
59199836-23d2-11e8-a6a3-ec086b02610b,59199836-23d2-11e8-a6a3-ec086b02610b.jpg,6,bobcat,100,2011-06-05 05:38:54,6f1ee9bd-5567-11e8-8d5c-dca9047ef277,3,3,2048,1494
59199909-23d2-11e8-a6a3-ec086b02610b,59199909-23d2-11e8-a6a3-ec086b02610b.jpg,6,bobcat,83,2014-05-12 15:37:45,701edade-5567-11e8-b7d2-dca9047ef277,1,3,2048,1494
591b2372-23d2-11e8-a6a3-ec086b02610b,591b2372-23d2-11e8-a6a3-ec086b02610b.jpg,6,bobcat,120,2011-06-26 22:11:00,700d79e3-5567-11e8-ac14-dca9047ef277,1,1,2048,1536
591b2397-23d2-11e8-a6a3-ec086b02610b,591b2397-23d2-11e8-a6a3-ec086b02610b.jpg,6,bobcat,114,2013-11-18 02:25:32,6ff5ac9c-5567-11e8-90dc-dca9047ef277,1,1,2048,1494
591b24bc-23d2-11e8-a6a3-ec086b02610b,591b24bc-23d2-11e8-a6a3-ec086b02610b.jpg,6,bobcat,106,2014-03-03 04:40:19,6f6f5d9c-5567-11e8-b5fe-dca9047ef277,1,1,2048,1494
591b2510-23d2-11e8-a6a3-ec086b02610b,591b2510-23d2-11e8-a6a3-ec086b02610b.jpg,6,bobcat,75,2011-12-31 12:32:07,6efd78cc-5567-11e8-90f2-dca9047ef277,1,3,2048,1494
591b25c3-23d2-11e8-a6a3-ec086b02610b,591b25c3-23d2-11e8-a6a3-ec086b02610b.jpg,6,bobcat,115,2011-09-18 07:45:34,6f11a5cc-5567-11e8-b320-dca9047ef277,1,3,2048,1494
591cb085-23d2-11e8-a6a3-ec086b02610b,591cb085-23d2-11e8-a6a3-ec086b02610b.jpg,6,bobcat,128,2013-12-05 19:16:01,701a9a82-5567-11e8-949f-dca9047ef277,1,3,2048,1494
591cb0bc-23d2-11e8-a6a3-ec086b02610b,591cb0bc-23d2-11e8-a6a3-ec086b02610b.jpg,6,bobcat,96,2014-03-05 01:25:22,6f96a197-5567-11e8-bb9a-dca9047ef277,1,1,2048,1494
591cb148-23d2-11e8-a6a3-ec086b02610b,591cb148-23d2-11e8-a6a3-ec086b02610b.jpg,6,bobcat,95,2012-05-13 10:32:46,6f10528a-5567-11e8-a9c6-dca9047ef277,1,3,2048,1494
591cb34c-23d2-11e8-a6a3-ec086b02610b,591cb34c-23d2-11e8-a6a3-ec086b02610b.jpg,6,bobcat,120,2012-12-09 21:23:20,700fed63-5567-11e8-9032-dca9047ef277,1,1,2560,1920
591e4047-23d2-11e8-a6a3-ec086b02610b,591e4047-23d2-11e8-a6a3-ec086b02610b.jpg,6,bobcat,115,2012-05-11 11:24:53,6f123e59-5567-11e8-beae-dca9047ef277,2,3,2048,1494
591e40d4-23d2-11e8-a6a3-ec086b02610b,591e40d4-23d2-11e8-a6a3-ec086b02610b.jpg,6,bobcat,115,2011-06-17 20:51:30,6f1159f3-5567-11e8-aef1-dca9047ef277,3,3,2048,1494
591e4114-23d2-11e8-a6a3-ec086b02610b,591e4114-23d2-11e8-a6a3-ec086b02610b.jpg,6,bobcat,100,2010-12-21 04:54:50,6f1df27a-5567-11e8-a59c-dca9047ef277,3,3,2048,1494
591fd0b7-23d2-11e8-a6a3-ec086b02610b,591fd0b7-23d2-11e8-a6a3-ec086b02610b.jpg,6,bobcat,96,2014-02-12 01:52:50,6f95c280-5567-11e8-9bcc-dca9047ef277,1,1,2048,1494
591fd149-23d2-11e8-a6a3-ec086b02610b,591fd149-23d2-11e8-a6a3-ec086b02610b.jpg,6,bobcat,98,2011-05-18 07:26:16,6f153bdc-5567-11e8-9d53-dca9047ef277,3,3,2048,1494
592163c3-23d2-11e8-a6a3-ec086b02610b,592163c3-23d2-11e8-a6a3-ec086b02610b.jpg,6,bobcat,103,2011-11-09 21:41:00,6f1aff85-5567-11e8-bffe-dca9047ef277,1,3,2048,1494
592165e9-23d2-11e8-a6a3-ec086b02610b,592165e9-23d2-11e8-a6a3-ec086b02610b.jpg,6,bobcat,76,2014-06-06 04:26:47,6f5fd2ba-5567-11e8-a500-dca9047ef277,1,1,2048,1494
59247a97-23d2-11e8-a6a3-ec086b02610b,59247a97-23d2-11e8-a6a3-ec086b02610b.jpg,6,bobcat,108,2011-12-23 01:17:20,6f15046b-5567-11e8-9330-dca9047ef277,1,3,2048,1494
59247aba-23d2-11e8-a6a3-ec086b02610b,59247aba-23d2-11e8-a6a3-ec086b02610b.jpg,6,bobcat,103,2011-12-16 12:09:26,6f1b180c-5567-11e8-a112-dca9047ef277,1,3,2048,1494
59247aec-23d2-11e8-a6a3-ec086b02610b,59247aec-23d2-11e8-a6a3-ec086b02610b.jpg,6,bobcat,83,2014-06-03 17:00:05,701ee45c-5567-11e8-b309-dca9047ef277,3,3,2048,1494
59247c07-23d2-11e8-a6a3-ec086b02610b,59247c07-23d2-11e8-a6a3-ec086b02610b.jpg,6,bobcat,120,2011-07-19 02:15:00,700d9923-5567-11e8-9221-dca9047ef277,1,1,2048,1536
59247c62-23d2-11e8-a6a3-ec086b02610b,59247c62-23d2-11e8-a6a3-ec086b02610b.jpg,6,bobcat,95,2012-05-16 10:44:21,6f1056b8-5567-11e8-b84c-dca9047ef277,2,3,2048,1494
59260cd3-23d2-11e8-a6a3-ec086b02610b,59260cd3-23d2-11e8-a6a3-ec086b02610b.jpg,6,bobcat,81,2012-01-03 03:00:34,6f10cba3-5567-11e8-b373-dca9047ef277,3,3,2048,1494
59260cdc-23d2-11e8-a6a3-ec086b02610b,59260cdc-23d2-11e8-a6a3-ec086b02610b.jpg,6,bobcat,125,2012-03-31 12:58:50,6f162f2b-5567-11e8-a21c-dca9047ef277,3,3,2048,1494
59260d42-23d2-11e8-a6a3-ec086b02610b,59260d42-23d2-11e8-a6a3-ec086b02610b.jpg,6,bobcat,112,2012-01-08 07:05:10,6f0f098f-5567-11e8-83cc-dca9047ef277,2,3,2048,1494
59260ded-23d2-11e8-a6a3-ec086b02610b,59260ded-23d2-11e8-a6a3-ec086b02610b.jpg,6,bobcat,106,2013-12-25 22:13:47,6f6bc2c0-5567-11e8-8d1a-dca9047ef277,1,1,2048,1494
59279b81-23d2-11e8-a6a3-ec086b02610b,59279b81-23d2-11e8-a6a3-ec086b02610b.jpg,6,bobcat,108,2011-10-03 23:31:41,6f14faa6-5567-11e8-be16-dca9047ef277,1,3,2048,1494
59279dc4-23d2-11e8-a6a3-ec086b02610b,59279dc4-23d2-11e8-a6a3-ec086b02610b.jpg,6,bobcat,107,2012-02-15 08:12:08,6f0e0b1c-5567-11e8-b706-dca9047ef277,1,3,2048,1494
59292d47-23d2-11e8-a6a3-ec086b02610b,59292d47-23d2-11e8-a6a3-ec086b02610b.jpg,6,bobcat,95,2012-04-28 09:27:21,6f1037a3-5567-11e8-94ad-dca9047ef277,1,3,2048,1494
59292da6-23d2-11e8-a6a3-ec086b02610b,59292da6-23d2-11e8-a6a3-ec086b02610b.jpg,6,bobcat,103,2012-02-04 06:46:04,6f1b2717-5567-11e8-9c6e-dca9047ef277,2,3,2048,1494
59292dc8-23d2-11e8-a6a3-ec086b02610b,59292dc8-23d2-11e8-a6a3-ec086b02610b.jpg,6,bobcat,125,2011-06-07 09:48:39,6f15bac5-5567-11e8-a096-dca9047ef277,2,3,2048,1494
59292fad-23d2-11e8-a6a3-ec086b02610b,59292fad-23d2-11e8-a6a3-ec086b02610b.jpg,6,bobcat,105,2011-05-06 05:04:53,6f19bb4c-5567-11e8-99bd-dca9047ef277,1,3,2048,1494
59293099-23d2-11e8-a6a3-ec086b02610b,59293099-23d2-11e8-a6a3-ec086b02610b.jpg,6,bobcat,98,2011-05-21 22:52:27,6f153c85-5567-11e8-8339-dca9047ef277,3,3,2048,1494
592abf52-23d2-11e8-a6a3-ec086b02610b,592abf52-23d2-11e8-a6a3-ec086b02610b.jpg,6,bobcat,103,2012-02-04 23:43:49,6f1b27fa-5567-11e8-8587-dca9047ef277,2,3,2048,1494
592abfb7-23d2-11e8-a6a3-ec086b02610b,592abfb7-23d2-11e8-a6a3-ec086b02610b.jpg,6,bobcat,94,2013-11-09 07:07:29,70167ff8-5567-11e8-8f1c-dca9047ef277,3,3,2048,1494
592c4bb6-23d2-11e8-a6a3-ec086b02610b,592c4bb6-23d2-11e8-a6a3-ec086b02610b.jpg,6,bobcat,83,2014-05-09 14:07:14,701ed747-5567-11e8-8a52-dca9047ef277,3,3,2048,1494
592c4bc4-23d2-11e8-a6a3-ec086b02610b,592c4bc4-23d2-11e8-a6a3-ec086b02610b.jpg,6,bobcat,81,2011-05-15 12:53:55,6f10b240-5567-11e8-9881-dca9047ef277,3,3,2048,1494
592c4c58-23d2-11e8-a6a3-ec086b02610b,592c4c58-23d2-11e8-a6a3-ec086b02610b.jpg,6,bobcat,101,2014-11-27 05:34:47,701c39ca-5567-11e8-8f32-dca9047ef277,1,3,2048,1494
592c4ccb-23d2-11e8-a6a3-ec086b02610b,592c4ccb-23d2-11e8-a6a3-ec086b02610b.jpg,6,bobcat,107,2012-02-22 08:58:35,6f0e0d87-5567-11e8-bc7e-dca9047ef277,2,3,2048,1494
592c4e1f-23d2-11e8-a6a3-ec086b02610b,592c4e1f-23d2-11e8-a6a3-ec086b02610b.jpg,6,bobcat,94,2013-09-14 06:35:34,7015d3f0-5567-11e8-93d8-dca9047ef277,2,3,2048,1494
592c4eb4-23d2-11e8-a6a3-ec086b02610b,592c4eb4-23d2-11e8-a6a3-ec086b02610b.jpg,6,bobcat,100,2011-05-16 03:31:20,6f1edc9e-5567-11e8-bbf0-dca9047ef277,2,3,2048,1494
592f6fce-23d2-11e8-a6a3-ec086b02610b,592f6fce-23d2-11e8-a6a3-ec086b02610b.jpg,6,bobcat,120,2011-07-10 00:52:00,700d8b51-5567-11e8-b8dc-dca9047ef277,1,1,2048,1536
592f711c-23d2-11e8-a6a3-ec086b02610b,592f711c-23d2-11e8-a6a3-ec086b02610b.jpg,6,bobcat,78,2012-06-09 04:32:33,6f1c6c1e-5567-11e8-a2f1-dca9047ef277,3,3,2048,1494
592f7212-23d2-11e8-a6a3-ec086b02610b,592f7212-23d2-11e8-a6a3-ec086b02610b.jpg,6,bobcat,138,2013-11-30 22:27:27,701b501e-5567-11e8-8f74-dca9047ef277,1,3,2048,1494
592f722f-23d2-11e8-a6a3-ec086b02610b,592f722f-23d2-11e8-a6a3-ec086b02610b.jpg,6,bobcat,115,2011-11-13 08:10:04,6f11bba3-5567-11e8-9f43-dca9047ef277,3,3,2048,1494
59310183-23d2-11e8-a6a3-ec086b02610b,59310183-23d2-11e8-a6a3-ec086b02610b.jpg,6,bobcat,96,2014-02-12 01:52:34,6f95c233-5567-11e8-ab95-dca9047ef277,1,1,2048,1494
5931018f-23d2-11e8-a6a3-ec086b02610b,5931018f-23d2-11e8-a6a3-ec086b02610b.jpg,6,bobcat,138,2013-11-30 07:44:55,701b4fcc-5567-11e8-af04-dca9047ef277,1,3,2048,1494
59328b0b-23d2-11e8-a6a3-ec086b02610b,59328b0b-23d2-11e8-a6a3-ec086b02610b.jpg,6,bobcat,78,2012-06-09 04:32:23,6f1c6bcf-5567-11e8-9290-dca9047ef277,1,3,2048,1494
593418a0-23d2-11e8-a6a3-ec086b02610b,593418a0-23d2-11e8-a6a3-ec086b02610b.jpg,6,bobcat,120,2012-11-06 04:10:07,700fc775-5567-11e8-a387-dca9047ef277,1,1,2560,1920
593418d7-23d2-11e8-a6a3-ec086b02610b,593418d7-23d2-11e8-a6a3-ec086b02610b.jpg,6,bobcat,106,2014-06-19 23:23:06,6f770b75-5567-11e8-b2df-dca9047ef277,1,1,2048,1494
593418fd-23d2-11e8-a6a3-ec086b02610b,593418fd-23d2-11e8-a6a3-ec086b02610b.jpg,6,bobcat,105,2012-01-24 19:17:43,6f19ec5c-5567-11e8-8616-dca9047ef277,1,3,2048,1494
593419bc-23d2-11e8-a6a3-ec086b02610b,593419bc-23d2-11e8-a6a3-ec086b02610b.jpg,6,bobcat,75,2012-06-04 12:13:08,6efe32a1-5567-11e8-b61d-dca9047ef277,2,3,2048,1494
59341c24-23d2-11e8-a6a3-ec086b02610b,59341c24-23d2-11e8-a6a3-ec086b02610b.jpg,6,bobcat,78,2012-05-27 23:14:39,6f1c6251-5567-11e8-ac00-dca9047ef277,2,3,2048,1494
5935a65e-23d2-11e8-a6a3-ec086b02610b,5935a65e-23d2-11e8-a6a3-ec086b02610b.jpg,6,bobcat,83,2014-05-22 20:42:43,701ee128-5567-11e8-812f-dca9047ef277,2,3,2048,1494
5935a695-23d2-11e8-a6a3-ec086b02610b,5935a695-23d2-11e8-a6a3-ec086b02610b.jpg,6,bobcat,120,2011-11-26 18:13:00,700e2466-5567-11e8-ae73-dca9047ef277,1,1,2048,1536
5937337b-23d2-11e8-a6a3-ec086b02610b,5937337b-23d2-11e8-a6a3-ec086b02610b.jpg,6,bobcat,76,2014-06-06 04:15:50,6f5fc86b-5567-11e8-8f39-dca9047ef277,1,1,2048,1494
59373617-23d2-11e8-a6a3-ec086b02610b,59373617-23d2-11e8-a6a3-ec086b02610b.jpg,6,bobcat,107,2011-11-08 16:15:31,6f0df6e8-5567-11e8-b26a-dca9047ef277,3,3,2048,1494
5938c1d2-23d2-11e8-a6a3-ec086b02610b,5938c1d2-23d2-11e8-a6a3-ec086b02610b.jpg,6,bobcat,81,2012-04-30 02:31:21,6f10d8c2-5567-11e8-8e48-dca9047ef277,2,3,2048,1494
5938c3bb-23d2-11e8-a6a3-ec086b02610b,5938c3bb-23d2-11e8-a6a3-ec086b02610b.jpg,6,bobcat,87,2014-09-14 03:34:07,701af31c-5567-11e8-959a-dca9047ef277,2,3,2048,1494
593a4e06-23d2-11e8-a6a3-ec086b02610b,593a4e06-23d2-11e8-a6a3-ec086b02610b.jpg,6,bobcat,94,2013-09-14 06:49:21,7015d4e1-5567-11e8-9930-dca9047ef277,3,3,2048,1494
593a4e59-23d2-11e8-a6a3-ec086b02610b,593a4e59-23d2-11e8-a6a3-ec086b02610b.jpg,6,bobcat,120,2011-09-22 02:48:00,700dce57-5567-11e8-82b3-dca9047ef277,1,1,2048,1536
593a4e76-23d2-11e8-a6a3-ec086b02610b,593a4e76-23d2-11e8-a6a3-ec086b02610b.jpg,6,bobcat,87,2013-12-18 06:08:41,701aafd7-5567-11e8-89de-dca9047ef277,3,3,2048,1494
593bdb25-23d2-11e8-a6a3-ec086b02610b,593bdb25-23d2-11e8-a6a3-ec086b02610b.jpg,6,bobcat,100,2011-05-05 08:43:02,6f1ed742-5567-11e8-82e0-dca9047ef277,2,3,2048,1494
593bdd23-23d2-11e8-a6a3-ec086b02610b,593bdd23-23d2-11e8-a6a3-ec086b02610b.jpg,6,bobcat,76,2014-05-12 21:53:38,6f5e61de-5567-11e8-96a8-dca9047ef277,1,1,2048,1494
593bde36-23d2-11e8-a6a3-ec086b02610b,593bde36-23d2-11e8-a6a3-ec086b02610b.jpg,6,bobcat,90,2012-02-04 06:43:42,6f0fa2e3-5567-11e8-848d-dca9047ef277,1,3,2048,1494
593ef550-23d2-11e8-a6a3-ec086b02610b,593ef550-23d2-11e8-a6a3-ec086b02610b.jpg,6,bobcat,75,2011-08-08 12:18:42,6efd49a8-5567-11e8-8cd6-dca9047ef277,3,3,2048,1494
593ef664-23d2-11e8-a6a3-ec086b02610b,593ef664-23d2-11e8-a6a3-ec086b02610b.jpg,6,bobcat,87,2014-06-02 22:39:44,701ae700-5567-11e8-99cc-dca9047ef277,1,3,2048,1494
593ef688-23d2-11e8-a6a3-ec086b02610b,593ef688-23d2-11e8-a6a3-ec086b02610b.jpg,6,bobcat,76,2014-07-07 12:03:15,6f61c05c-5567-11e8-a935-dca9047ef277,1,1,2048,1494
593ef74e-23d2-11e8-a6a3-ec086b02610b,593ef74e-23d2-11e8-a6a3-ec086b02610b.jpg,6,bobcat,107,2012-05-03 19:49:08,6f0e20a1-5567-11e8-a9ae-dca9047ef277,3,3,2048,1494
593ef79f-23d2-11e8-a6a3-ec086b02610b,593ef79f-23d2-11e8-a6a3-ec086b02610b.jpg,6,bobcat,76,2014-05-31 21:10:11,6f5f8c75-5567-11e8-be9a-dca9047ef277,1,1,2048,1494
5940839c-23d2-11e8-a6a3-ec086b02610b,5940839c-23d2-11e8-a6a3-ec086b02610b.jpg,6,bobcat,108,2011-09-01 22:48:56,6f14e585-5567-11e8-a1d2-dca9047ef277,1,3,2048,1494
594083f6-23d2-11e8-a6a3-ec086b02610b,594083f6-23d2-11e8-a6a3-ec086b02610b.jpg,6,bobcat,76,2014-10-13 17:08:51,6f669fa3-5567-11e8-ac3e-dca9047ef277,1,1,2048,1494
59421061-23d2-11e8-a6a3-ec086b02610b,59421061-23d2-11e8-a6a3-ec086b02610b.jpg,6,bobcat,96,2014-05-24 03:36:16,6fb64961-5567-11e8-9f19-dca9047ef277,1,1,2048,1494
5942112d-23d2-11e8-a6a3-ec086b02610b,5942112d-23d2-11e8-a6a3-ec086b02610b.jpg,6,bobcat,75,2012-05-13 10:16:46,6efe2e4a-5567-11e8-bf40-dca9047ef277,2,3,2048,1494
59439cb5-23d2-11e8-a6a3-ec086b02610b,59439cb5-23d2-11e8-a6a3-ec086b02610b.jpg,6,bobcat,114,2013-11-18 02:38:06,6ff5aea3-5567-11e8-8d07-dca9047ef277,1,1,2048,1494
59439e8f-23d2-11e8-a6a3-ec086b02610b,59439e8f-23d2-11e8-a6a3-ec086b02610b.jpg,6,bobcat,125,2012-03-30 14:11:02,6f162e3a-5567-11e8-abed-dca9047ef277,2,3,2048,1494
59452bf9-23d2-11e8-a6a3-ec086b02610b,59452bf9-23d2-11e8-a6a3-ec086b02610b.jpg,6,bobcat,96,2014-02-22 12:49:49,6f962b97-5567-11e8-9dfb-dca9047ef277,1,1,2048,1494
5946b842-23d2-11e8-a6a3-ec086b02610b,5946b842-23d2-11e8-a6a3-ec086b02610b.jpg,6,bobcat,128,2013-11-24 18:21:21,701a969c-5567-11e8-9ef4-dca9047ef277,2,3,2048,1494
5946b85f-23d2-11e8-a6a3-ec086b02610b,5946b85f-23d2-11e8-a6a3-ec086b02610b.jpg,6,bobcat,94,2014-09-01 01:18:26,70168661-5567-11e8-8584-dca9047ef277,3,3,2048,1494
5946b898-23d2-11e8-a6a3-ec086b02610b,5946b898-23d2-11e8-a6a3-ec086b02610b.jpg,6,bobcat,138,2013-11-30 22:27:32,701b5075-5567-11e8-a815-dca9047ef277,3,3,2048,1494
5946b92f-23d2-11e8-a6a3-ec086b02610b,5946b92f-23d2-11e8-a6a3-ec086b02610b.jpg,6,bobcat,115,2012-05-11 11:24:05,6f123dfd-5567-11e8-9ae0-dca9047ef277,3,3,2048,1494
5946b980-23d2-11e8-a6a3-ec086b02610b,5946b980-23d2-11e8-a6a3-ec086b02610b.jpg,6,bobcat,130,2011-11-11 07:42:38,6f0d148c-5567-11e8-b482-dca9047ef277,2,3,2048,1494
594843d3-23d2-11e8-a6a3-ec086b02610b,594843d3-23d2-11e8-a6a3-ec086b02610b.jpg,6,bobcat,128,2013-11-24 18:21:18,701a962e-5567-11e8-9f21-dca9047ef277,1,3,2048,1494
5948440e-23d2-11e8-a6a3-ec086b02610b,5948440e-23d2-11e8-a6a3-ec086b02610b.jpg,6,bobcat,83,2014-09-24 15:21:48,701eebb5-5567-11e8-8bd7-dca9047ef277,1,5,2048,1494
5948449b-23d2-11e8-a6a3-ec086b02610b,5948449b-23d2-11e8-a6a3-ec086b02610b.jpg,6,bobcat,125,2011-07-26 15:03:45,6f15d96e-5567-11e8-ac31-dca9047ef277,2,3,2048,1494
5948450c-23d2-11e8-a6a3-ec086b02610b,5948450c-23d2-11e8-a6a3-ec086b02610b.jpg,6,bobcat,98,2011-05-23 04:27:39,6f153d75-5567-11e8-9965-dca9047ef277,3,3,2048,1494
5948456f-23d2-11e8-a6a3-ec086b02610b,5948456f-23d2-11e8-a6a3-ec086b02610b.jpg,6,bobcat,130,2011-12-03 06:57:05,6f0d27d7-5567-11e8-9e4b-dca9047ef277,2,3,2048,1494
594846ff-23d2-11e8-a6a3-ec086b02610b,594846ff-23d2-11e8-a6a3-ec086b02610b.jpg,6,bobcat,105,2011-05-02 12:14:09,6f19b980-5567-11e8-ae10-dca9047ef277,3,3,2048,1494
59484709-23d2-11e8-a6a3-ec086b02610b,59484709-23d2-11e8-a6a3-ec086b02610b.jpg,6,bobcat,101,2015-04-27 02:07:53,701c3e85-5567-11e8-b044-dca9047ef277,1,3,2048,1494
5949ce0e-23d2-11e8-a6a3-ec086b02610b,5949ce0e-23d2-11e8-a6a3-ec086b02610b.jpg,6,bobcat,105,2011-12-27 12:23:51,6f19d44a-5567-11e8-9e41-dca9047ef277,3,3,2048,1494
5949ce95-23d2-11e8-a6a3-ec086b02610b,5949ce95-23d2-11e8-a6a3-ec086b02610b.jpg,6,bobcat,90,2012-02-04 06:43:51,6f0fa347-5567-11e8-97df-dca9047ef277,3,3,2048,1494
5949cf8a-23d2-11e8-a6a3-ec086b02610b,5949cf8a-23d2-11e8-a6a3-ec086b02610b.jpg,6,bobcat,100,2010-12-26 05:15:29,6f1dfa0f-5567-11e8-93f5-dca9047ef277,2,3,2048,1494
5949cfaf-23d2-11e8-a6a3-ec086b02610b,5949cfaf-23d2-11e8-a6a3-ec086b02610b.jpg,6,bobcat,106,2014-02-24 22:15:38,6f6f03de-5567-11e8-87ab-dca9047ef277,1,1,2048,1494
5949d0de-23d2-11e8-a6a3-ec086b02610b,5949d0de-23d2-11e8-a6a3-ec086b02610b.jpg,6,bobcat,66,2012-07-17 21:30:00,700a2c80-5567-11e8-939e-dca9047ef277,1,1,2048,1536
5949d154-23d2-11e8-a6a3-ec086b02610b,5949d154-23d2-11e8-a6a3-ec086b02610b.jpg,6,bobcat,66,2011-05-15 03:33:00,7009f719-5567-11e8-b553-dca9047ef277,1,1,2048,1536
5949d156-23d2-11e8-a6a3-ec086b02610b,5949d156-23d2-11e8-a6a3-ec086b02610b.jpg,6,bobcat,70,2014-10-02 02:48:42,6fdcfe54-5567-11e8-af04-dca9047ef277,1,1,2048,1494
594b5d48-23d2-11e8-a6a3-ec086b02610b,594b5d48-23d2-11e8-a6a3-ec086b02610b.jpg,6,bobcat,66,2013-04-18 01:36:00,700a3d42-5567-11e8-95cd-dca9047ef277,1,1,2048,1536
594b5fd1-23d2-11e8-a6a3-ec086b02610b,594b5fd1-23d2-11e8-a6a3-ec086b02610b.jpg,6,bobcat,66,2011-05-04 01:51:00,7009f4de-5567-11e8-ba6a-dca9047ef277,1,1,2048,1536
594b5fd8-23d2-11e8-a6a3-ec086b02610b,594b5fd8-23d2-11e8-a6a3-ec086b02610b.jpg,6,bobcat,67,2014-10-07 01:13:13,701cb863-5567-11e8-81b8-dca9047ef277,1,3,2048,1494
594b603d-23d2-11e8-a6a3-ec086b02610b,594b603d-23d2-11e8-a6a3-ec086b02610b.jpg,6,bobcat,68,2013-12-22 18:05:20,701dc5c5-5567-11e8-a1d2-dca9047ef277,2,3,2048,1494
594cea12-23d2-11e8-a6a3-ec086b02610b,594cea12-23d2-11e8-a6a3-ec086b02610b.jpg,6,bobcat,68,2013-12-22 18:05:06,701dc519-5567-11e8-a990-dca9047ef277,2,3,2048,1494
594cebe8-23d2-11e8-a6a3-ec086b02610b,594cebe8-23d2-11e8-a6a3-ec086b02610b.jpg,6,bobcat,71,2013-05-10 03:19:09,70083951-5567-11e8-bd1f-dca9047ef277,1,1,2560,1920
594cec2d-23d2-11e8-a6a3-ec086b02610b,594cec2d-23d2-11e8-a6a3-ec086b02610b.jpg,6,bobcat,66,2011-06-21 22:44:00,7009fe35-5567-11e8-9bbf-dca9047ef277,1,1,2048,1536
594cedc1-23d2-11e8-a6a3-ec086b02610b,594cedc1-23d2-11e8-a6a3-ec086b02610b.jpg,6,bobcat,66,2013-04-28 20:21:00,700a3fc2-5567-11e8-a0d7-dca9047ef277,1,1,2048,1536
594e76f4-23d2-11e8-a6a3-ec086b02610b,594e76f4-23d2-11e8-a6a3-ec086b02610b.jpg,6,bobcat,70,2014-08-22 04:08:08,6fdbb382-5567-11e8-be2d-dca9047ef277,1,1,2048,1494
594e799e-23d2-11e8-a6a3-ec086b02610b,594e799e-23d2-11e8-a6a3-ec086b02610b.jpg,6,bobcat,66,2012-03-31 00:25:00,700a25bd-5567-11e8-a102-dca9047ef277,1,1,2048,1536
59500361-23d2-11e8-a6a3-ec086b02610b,59500361-23d2-11e8-a6a3-ec086b02610b.jpg,6,bobcat,68,2013-12-22 18:05:41,701dc811-5567-11e8-a0b0-dca9047ef277,2,3,2048,1494
595003cb-23d2-11e8-a6a3-ec086b02610b,595003cb-23d2-11e8-a6a3-ec086b02610b.jpg,6,bobcat,68,2013-12-22 18:04:56,701dc42b-5567-11e8-820e-dca9047ef277,3,3,2048,1494
59500507-23d2-11e8-a6a3-ec086b02610b,59500507-23d2-11e8-a6a3-ec086b02610b.jpg,6,bobcat,66,2011-07-30 00:39:00,700a0411-5567-11e8-b313-dca9047ef277,1,1,2048,1536
5950053b-23d2-11e8-a6a3-ec086b02610b,5950053b-23d2-11e8-a6a3-ec086b02610b.jpg,6,bobcat,68,2013-12-22 18:04:59,701dc478-5567-11e8-9560-dca9047ef277,2,3,2048,1494
59518e40-23d2-11e8-a6a3-ec086b02610b,59518e40-23d2-11e8-a6a3-ec086b02610b.jpg,6,bobcat,68,2013-12-22 18:05:50,701dc8ba-5567-11e8-baad-dca9047ef277,1,3,2048,1494
595191fe-23d2-11e8-a6a3-ec086b02610b,595191fe-23d2-11e8-a6a3-ec086b02610b.jpg,6,bobcat,68,2013-12-22 18:05:21,701dc614-5567-11e8-80d9-dca9047ef277,3,3,2048,1494
59531a5a-23d2-11e8-a6a3-ec086b02610b,59531a5a-23d2-11e8-a6a3-ec086b02610b.jpg,6,bobcat,66,2011-11-09 22:13:00,700a1145-5567-11e8-8b9a-dca9047ef277,1,1,2048,1536
59531abf-23d2-11e8-a6a3-ec086b02610b,59531abf-23d2-11e8-a6a3-ec086b02610b.jpg,6,bobcat,66,2011-06-21 22:58:00,7009ff4c-5567-11e8-8ca5-dca9047ef277,1,1,2048,1536
59531b04-23d2-11e8-a6a3-ec086b02610b,59531b04-23d2-11e8-a6a3-ec086b02610b.jpg,6,bobcat,66,2011-07-04 01:08:00,700a00b5-5567-11e8-9926-dca9047ef277,1,1,2048,1536
59531c44-23d2-11e8-a6a3-ec086b02610b,59531c44-23d2-11e8-a6a3-ec086b02610b.jpg,6,bobcat,68,2013-12-22 18:05:26,701dc6b3-5567-11e8-b1a0-dca9047ef277,1,3,2048,1494
59531ca1-23d2-11e8-a6a3-ec086b02610b,59531ca1-23d2-11e8-a6a3-ec086b02610b.jpg,6,bobcat,68,2013-12-22 18:05:15,701dc573-5567-11e8-a7c6-dca9047ef277,2,3,2048,1494
5954a80e-23d2-11e8-a6a3-ec086b02610b,5954a80e-23d2-11e8-a6a3-ec086b02610b.jpg,6,bobcat,66,2011-12-21 20:39:00,700a183a-5567-11e8-b99d-dca9047ef277,1,1,2048,1536
5954a85e-23d2-11e8-a6a3-ec086b02610b,5954a85e-23d2-11e8-a6a3-ec086b02610b.jpg,6,bobcat,66,2011-10-22 18:31:00,700a0f5c-5567-11e8-8fd6-dca9047ef277,1,1,2048,1536
5954aaf5-23d2-11e8-a6a3-ec086b02610b,5954aaf5-23d2-11e8-a6a3-ec086b02610b.jpg,6,bobcat,70,2014-03-27 20:29:32,6fd54f2e-5567-11e8-b34d-dca9047ef277,1,1,2048,1494
5954ab22-23d2-11e8-a6a3-ec086b02610b,5954ab22-23d2-11e8-a6a3-ec086b02610b.jpg,6,bobcat,68,2013-12-22 18:05:44,701dc863-5567-11e8-8d38-dca9047ef277,2,3,2048,1494
5954ab3c-23d2-11e8-a6a3-ec086b02610b,5954ab3c-23d2-11e8-a6a3-ec086b02610b.jpg,6,bobcat,68,2013-12-22 18:05:24,701dc663-5567-11e8-acf7-dca9047ef277,2,3,2048,1494
59563539-23d2-11e8-a6a3-ec086b02610b,59563539-23d2-11e8-a6a3-ec086b02610b.jpg,6,bobcat,70,2014-09-07 02:39:14,6fdc3ee1-5567-11e8-8ee3-dca9047ef277,1,1,2048,1494
59563557-23d2-11e8-a6a3-ec086b02610b,59563557-23d2-11e8-a6a3-ec086b02610b.jpg,6,bobcat,70,2014-09-30 12:52:39,6fdcf2ba-5567-11e8-b3e7-dca9047ef277,1,1,2048,1494
5956370d-23d2-11e8-a6a3-ec086b02610b,5956370d-23d2-11e8-a6a3-ec086b02610b.jpg,6,bobcat,66,2011-08-07 22:57:00,700a0570-5567-11e8-85a0-dca9047ef277,1,1,2048,1536
59563889-23d2-11e8-a6a3-ec086b02610b,59563889-23d2-11e8-a6a3-ec086b02610b.jpg,6,bobcat,71,2013-04-12 20:07:41,70081a26-5567-11e8-9822-dca9047ef277,1,1,2560,1920
5957c197-23d2-11e8-a6a3-ec086b02610b,5957c197-23d2-11e8-a6a3-ec086b02610b.jpg,6,bobcat,71,2013-04-27 01:28:14,70082ee3-5567-11e8-bd87-dca9047ef277,1,1,2560,1920
5957c36d-23d2-11e8-a6a3-ec086b02610b,5957c36d-23d2-11e8-a6a3-ec086b02610b.jpg,6,bobcat,70,2014-05-19 06:37:42,6fd7a878-5567-11e8-999e-dca9047ef277,1,1,2048,1494
5957c482-23d2-11e8-a6a3-ec086b02610b,5957c482-23d2-11e8-a6a3-ec086b02610b.jpg,6,bobcat,70,2014-03-27 20:29:54,6fd55280-5567-11e8-b158-dca9047ef277,1,1,2048,1494
5957c4a9-23d2-11e8-a6a3-ec086b02610b,5957c4a9-23d2-11e8-a6a3-ec086b02610b.jpg,6,bobcat,68,2013-12-22 18:05:37,701dc7ae-5567-11e8-91ab-dca9047ef277,2,3,2048,1494
59594f37-23d2-11e8-a6a3-ec086b02610b,59594f37-23d2-11e8-a6a3-ec086b02610b.jpg,6,bobcat,70,2014-02-14 16:37:21,6fd37582-5567-11e8-80c8-dca9047ef277,1,1,2048,1494
59595127-23d2-11e8-a6a3-ec086b02610b,59595127-23d2-11e8-a6a3-ec086b02610b.jpg,6,bobcat,71,2013-05-01 21:10:07,700835b0-5567-11e8-8827-dca9047ef277,1,1,2560,1920
59595185-23d2-11e8-a6a3-ec086b02610b,59595185-23d2-11e8-a6a3-ec086b02610b.jpg,6,bobcat,71,2013-04-27 03:38:38,70082f28-5567-11e8-b60c-dca9047ef277,1,1,2560,1920
595adaa1-23d2-11e8-a6a3-ec086b02610b,595adaa1-23d2-11e8-a6a3-ec086b02610b.jpg,6,bobcat,70,2014-04-06 19:06:53,6fd5bcf3-5567-11e8-ae38-dca9047ef277,1,1,2048,1494
595adaf4-23d2-11e8-a6a3-ec086b02610b,595adaf4-23d2-11e8-a6a3-ec086b02610b.jpg,6,bobcat,68,2013-12-22 18:05:03,701dc4ca-5567-11e8-bb3f-dca9047ef277,2,3,2048,1494
595adc42-23d2-11e8-a6a3-ec086b02610b,595adc42-23d2-11e8-a6a3-ec086b02610b.jpg,6,bobcat,70,2014-08-22 04:08:06,6fdbb333-5567-11e8-bfed-dca9047ef277,1,1,2048,1494
595adc6d-23d2-11e8-a6a3-ec086b02610b,595adc6d-23d2-11e8-a6a3-ec086b02610b.jpg,6,bobcat,66,2012-04-09 21:16:00,700a2851-5567-11e8-ab13-dca9047ef277,1,1,2048,1536
595adc88-23d2-11e8-a6a3-ec086b02610b,595adc88-23d2-11e8-a6a3-ec086b02610b.jpg,6,bobcat,70,2014-03-27 20:29:19,6fd54d11-5567-11e8-b689-dca9047ef277,1,1,2048,1494
595adcf7-23d2-11e8-a6a3-ec086b02610b,595adcf7-23d2-11e8-a6a3-ec086b02610b.jpg,6,bobcat,68,2013-12-22 18:05:31,701dc705-5567-11e8-97e7-dca9047ef277,1,3,2048,1494
595ade01-23d2-11e8-a6a3-ec086b02610b,595ade01-23d2-11e8-a6a3-ec086b02610b.jpg,6,bobcat,66,2012-03-14 02:01:00,700a2335-5567-11e8-b669-dca9047ef277,1,1,2048,1536
595c6818-23d2-11e8-a6a3-ec086b02610b,595c6818-23d2-11e8-a6a3-ec086b02610b.jpg,6,bobcat,70,2014-01-17 16:17:34,6fd24342-5567-11e8-8f56-dca9047ef277,1,1,2048,1494
595c6956-23d2-11e8-a6a3-ec086b02610b,595c6956-23d2-11e8-a6a3-ec086b02610b.jpg,6,bobcat,70,2014-08-22 04:10:30,6fdbb52e-5567-11e8-ae52-dca9047ef277,1,1,2048,1494
595c6a37-23d2-11e8-a6a3-ec086b02610b,595c6a37-23d2-11e8-a6a3-ec086b02610b.jpg,6,bobcat,70,2014-01-05 02:23:40,6fd176f5-5567-11e8-b8f2-dca9047ef277,1,1,2048,1494
595c6a6e-23d2-11e8-a6a3-ec086b02610b,595c6a6e-23d2-11e8-a6a3-ec086b02610b.jpg,6,bobcat,70,2014-01-15 19:31:06,6fd22845-5567-11e8-9910-dca9047ef277,1,1,2048,1494
595deccd-23d2-11e8-a6a3-ec086b02610b,595deccd-23d2-11e8-a6a3-ec086b02610b.jpg,6,bobcat,71,2013-04-27 20:30:05,700830d9-5567-11e8-86f4-dca9047ef277,1,1,2560,1920
595ded70-23d2-11e8-a6a3-ec086b02610b,595ded70-23d2-11e8-a6a3-ec086b02610b.jpg,6,bobcat,66,2012-03-03 06:06:00,700a20fa-5567-11e8-a5cf-dca9047ef277,1,1,2048,1536
595dedf3-23d2-11e8-a6a3-ec086b02610b,595dedf3-23d2-11e8-a6a3-ec086b02610b.jpg,6,bobcat,66,2011-06-05 04:10:00,7009fb8c-5567-11e8-a002-dca9047ef277,1,1,2048,1536
595defcc-23d2-11e8-a6a3-ec086b02610b,595defcc-23d2-11e8-a6a3-ec086b02610b.jpg,6,bobcat,70,2014-07-28 21:07:42,6fdabd61-5567-11e8-ac00-dca9047ef277,1,1,2048,1494
595df098-23d2-11e8-a6a3-ec086b02610b,595df098-23d2-11e8-a6a3-ec086b02610b.jpg,6,bobcat,71,2013-04-12 03:28:04,70081863-5567-11e8-92e2-dca9047ef277,1,1,2560,1920
595f796f-23d2-11e8-a6a3-ec086b02610b,595f796f-23d2-11e8-a6a3-ec086b02610b.jpg,6,bobcat,70,2013-12-10 12:27:28,6fd04966-5567-11e8-93fc-dca9047ef277,1,1,2048,1494
595f7b0c-23d2-11e8-a6a3-ec086b02610b,595f7b0c-23d2-11e8-a6a3-ec086b02610b.jpg,6,bobcat,70,2014-03-27 20:29:46,6fd55105-5567-11e8-a7a6-dca9047ef277,1,1,2048,1494
595f7b6e-23d2-11e8-a6a3-ec086b02610b,595f7b6e-23d2-11e8-a6a3-ec086b02610b.jpg,6,bobcat,68,2013-12-22 18:05:33,701dc751-5567-11e8-ad2b-dca9047ef277,1,3,2048,1494
595f7bec-23d2-11e8-a6a3-ec086b02610b,595f7bec-23d2-11e8-a6a3-ec086b02610b.jpg,6,bobcat,71,2013-04-22 01:38:28,70082b91-5567-11e8-9515-dca9047ef277,1,1,2560,1920
596107bb-23d2-11e8-a6a3-ec086b02610b,596107bb-23d2-11e8-a6a3-ec086b02610b.jpg,6,bobcat,70,2014-04-04 09:37:09,6fd59f6b-5567-11e8-908c-dca9047ef277,1,1,2048,1494
59610822-23d2-11e8-a6a3-ec086b02610b,59610822-23d2-11e8-a6a3-ec086b02610b.jpg,6,bobcat,67,2014-09-23 01:07:42,701c9bc0-5567-11e8-bc4c-dca9047ef277,2,3,2048,1494
596109cb-23d2-11e8-a6a3-ec086b02610b,596109cb-23d2-11e8-a6a3-ec086b02610b.jpg,6,bobcat,66,2011-11-27 05:20:00,700a14e8-5567-11e8-b4fc-dca9047ef277,1,1,2048,1536
5962927c-23d2-11e8-a6a3-ec086b02610b,5962927c-23d2-11e8-a6a3-ec086b02610b.jpg,6,bobcat,67,2014-09-23 01:07:38,701c9b73-5567-11e8-ae1d-dca9047ef277,3,3,2048,1494
59629497-23d2-11e8-a6a3-ec086b02610b,59629497-23d2-11e8-a6a3-ec086b02610b.jpg,6,bobcat,70,2014-05-13 02:13:17,6fd754e8-5567-11e8-9cea-dca9047ef277,1,1,2048,1494
59641d16-23d2-11e8-a6a3-ec086b02610b,59641d16-23d2-11e8-a6a3-ec086b02610b.jpg,6,bobcat,67,2014-10-07 01:13:12,701cb80a-5567-11e8-8f23-dca9047ef277,3,3,2048,1494
59641ea3-23d2-11e8-a6a3-ec086b02610b,59641ea3-23d2-11e8-a6a3-ec086b02610b.jpg,6,bobcat,28,2012-04-25 18:40:42,6f12e1c0-5567-11e8-9f37-dca9047ef277,2,3,2048,1494
59641fb1-23d2-11e8-a6a3-ec086b02610b,59641fb1-23d2-11e8-a6a3-ec086b02610b.jpg,6,bobcat,28,2011-07-24 16:28:17,6f128407-5567-11e8-83f7-dca9047ef277,3,3,2048,1494
59641fe2-23d2-11e8-a6a3-ec086b02610b,59641fe2-23d2-11e8-a6a3-ec086b02610b.jpg,6,bobcat,64,2012-05-25 23:54:17,6f19aaa6-5567-11e8-82b2-dca9047ef277,3,3,2048,1494
5965ab41-23d2-11e8-a6a3-ec086b02610b,5965ab41-23d2-11e8-a6a3-ec086b02610b.jpg,6,bobcat,34,2013-10-08 12:17:34,7014bf5e-5567-11e8-aefa-dca9047ef277,1,3,800,584
5965abae-23d2-11e8-a6a3-ec086b02610b,5965abae-23d2-11e8-a6a3-ec086b02610b.jpg,6,bobcat,5,2011-12-09 05:49:58,6f193b5e-5567-11e8-9fef-dca9047ef277,1,3,2048,1494
5965ac64-23d2-11e8-a6a3-ec086b02610b,5965ac64-23d2-11e8-a6a3-ec086b02610b.jpg,6,bobcat,29,2011-06-04 23:12:00,700a4c54-5567-11e8-8503-dca9047ef277,1,1,2048,1536
5965ac7a-23d2-11e8-a6a3-ec086b02610b,5965ac7a-23d2-11e8-a6a3-ec086b02610b.jpg,6,bobcat,23,2013-12-16 22:23:06,6fe10e70-5567-11e8-90c4-dca9047ef277,1,1,2048,1494
59673738-23d2-11e8-a6a3-ec086b02610b,59673738-23d2-11e8-a6a3-ec086b02610b.jpg,6,bobcat,61,2013-10-23 18:36:38,70139afd-5567-11e8-ad6b-dca9047ef277,1,3,2048,1494
5967378e-23d2-11e8-a6a3-ec086b02610b,5967378e-23d2-11e8-a6a3-ec086b02610b.jpg,6,bobcat,61,2013-10-25 09:51:53,70139bc5-5567-11e8-bc27-dca9047ef277,3,3,2048,1494
5968c035-23d2-11e8-a6a3-ec086b02610b,5968c035-23d2-11e8-a6a3-ec086b02610b.jpg,6,bobcat,64,2012-02-16 18:40:51,6f197ea1-5567-11e8-9b34-dca9047ef277,1,3,2048,1494
5968c17b-23d2-11e8-a6a3-ec086b02610b,5968c17b-23d2-11e8-a6a3-ec086b02610b.jpg,6,bobcat,43,2011-05-16 09:14:08,6f0aae2b-5567-11e8-a026-dca9047ef277,2,3,2048,1494
596a4f50-23d2-11e8-a6a3-ec086b02610b,596a4f50-23d2-11e8-a6a3-ec086b02610b.jpg,6,bobcat,16,2013-08-16 03:51:05,70193111-5567-11e8-a157-dca9047ef277,3,3,2048,1494
596a4f71-23d2-11e8-a6a3-ec086b02610b,596a4f71-23d2-11e8-a6a3-ec086b02610b.jpg,6,bobcat,62,2011-04-12 05:11:00,7009b76e-5567-11e8-b891-dca9047ef277,1,1,2048,1536
596bd806-23d2-11e8-a6a3-ec086b02610b,596bd806-23d2-11e8-a6a3-ec086b02610b.jpg,6,bobcat,61,2013-08-04 05:32:15,70137451-5567-11e8-aee8-dca9047ef277,2,3,2048,1494
596bda76-23d2-11e8-a6a3-ec086b02610b,596bda76-23d2-11e8-a6a3-ec086b02610b.jpg,6,bobcat,24,2012-02-16 23:44:58,6f0a80f0-5567-11e8-ad97-dca9047ef277,1,3,2048,1494
596d62ca-23d2-11e8-a6a3-ec086b02610b,596d62ca-23d2-11e8-a6a3-ec086b02610b.jpg,6,bobcat,43,2011-07-15 12:24:47,6f0b0f99-5567-11e8-b518-dca9047ef277,1,3,2048,1494
596d636b-23d2-11e8-a6a3-ec086b02610b,596d636b-23d2-11e8-a6a3-ec086b02610b.jpg,6,bobcat,7,2011-12-30 11:12:19,6f073af8-5567-11e8-bc5e-dca9047ef277,3,3,2048,1494
596d6398-23d2-11e8-a6a3-ec086b02610b,596d6398-23d2-11e8-a6a3-ec086b02610b.jpg,6,bobcat,33,2011-12-17 06:24:16,6f096738-5567-11e8-ad78-dca9047ef277,3,3,2048,1494
596eee55-23d2-11e8-a6a3-ec086b02610b,596eee55-23d2-11e8-a6a3-ec086b02610b.jpg,6,bobcat,60,2012-05-16 12:54:52,6f05a89e-5567-11e8-91ab-dca9047ef277,2,3,2048,1494
596eeeee-23d2-11e8-a6a3-ec086b02610b,596eeeee-23d2-11e8-a6a3-ec086b02610b.jpg,6,bobcat,5,2011-11-08 23:19:48,6f193a1c-5567-11e8-83a9-dca9047ef277,1,3,2048,1494
596eef3e-23d2-11e8-a6a3-ec086b02610b,596eef3e-23d2-11e8-a6a3-ec086b02610b.jpg,6,bobcat,29,2012-03-18 11:58:00,700a67fd-5567-11e8-b2b2-dca9047ef277,1,1,2048,1536
596eef46-23d2-11e8-a6a3-ec086b02610b,596eef46-23d2-11e8-a6a3-ec086b02610b.jpg,6,bobcat,18,2012-05-12 05:22:21,6f06c102-5567-11e8-96ae-dca9047ef277,3,3,2048,1494
5971f831-23d2-11e8-a6a3-ec086b02610b,5971f831-23d2-11e8-a6a3-ec086b02610b.jpg,6,bobcat,0,2012-10-24 00:40:38,700c6cd4-5567-11e8-a998-dca9047ef277,1,1,2560,1920
5971f961-23d2-11e8-a6a3-ec086b02610b,5971f961-23d2-11e8-a6a3-ec086b02610b.jpg,6,bobcat,60,2012-03-28 20:40:23,6f0599bd-5567-11e8-bfc3-dca9047ef277,1,5,2048,1494
5971facb-23d2-11e8-a6a3-ec086b02610b,5971facb-23d2-11e8-a6a3-ec086b02610b.jpg,6,bobcat,18,2012-03-02 21:00:37,6f06b4ca-5567-11e8-b038-dca9047ef277,2,3,2048,1494
5971fb0a-23d2-11e8-a6a3-ec086b02610b,5971fb0a-23d2-11e8-a6a3-ec086b02610b.jpg,6,bobcat,61,2014-11-07 04:07:10,70141aa6-5567-11e8-b0cc-dca9047ef277,1,3,2048,1494
59738717-23d2-11e8-a6a3-ec086b02610b,59738717-23d2-11e8-a6a3-ec086b02610b.jpg,6,bobcat,60,2012-03-30 20:25:37,6f059b91-5567-11e8-b814-dca9047ef277,5,5,2048,1494
59751430-23d2-11e8-a6a3-ec086b02610b,59751430-23d2-11e8-a6a3-ec086b02610b.jpg,6,bobcat,41,2012-09-21 03:41:45,701151f3-5567-11e8-9a01-dca9047ef277,3,3,2048,1494
5975155e-23d2-11e8-a6a3-ec086b02610b,5975155e-23d2-11e8-a6a3-ec086b02610b.jpg,6,bobcat,34,2014-01-19 09:51:37,701516d4-5567-11e8-bfc9-dca9047ef277,2,3,2048,1494
59751668-23d2-11e8-a6a3-ec086b02610b,59751668-23d2-11e8-a6a3-ec086b02610b.jpg,6,bobcat,26,2014-01-20 21:17:08,6f2ac159-5567-11e8-b0f2-dca9047ef277,1,1,2048,1494
5975167c-23d2-11e8-a6a3-ec086b02610b,5975167c-23d2-11e8-a6a3-ec086b02610b.jpg,6,bobcat,64,2012-01-29 03:28:49,6f1972e1-5567-11e8-8976-dca9047ef277,2,3,2048,1494
5976a22d-23d2-11e8-a6a3-ec086b02610b,5976a22d-23d2-11e8-a6a3-ec086b02610b.jpg,6,bobcat,46,2011-11-10 21:41:29,6f17c5b3-5567-11e8-a9c7-dca9047ef277,3,3,2048,1494
5976a230-23d2-11e8-a6a3-ec086b02610b,5976a230-23d2-11e8-a6a3-ec086b02610b.jpg,6,bobcat,16,2013-08-16 03:50:38,70192fd1-5567-11e8-b095-dca9047ef277,3,3,2048,1494
5976a26d-23d2-11e8-a6a3-ec086b02610b,5976a26d-23d2-11e8-a6a3-ec086b02610b.jpg,6,bobcat,46,2011-08-07 14:56:38,6f177063-5567-11e8-97af-dca9047ef277,2,3,2048,1494
5976a2d9-23d2-11e8-a6a3-ec086b02610b,5976a2d9-23d2-11e8-a6a3-ec086b02610b.jpg,6,bobcat,14,2013-09-09 01:00:27,7018ef99-5567-11e8-aeb8-dca9047ef277,3,3,2048,1494
5976a311-23d2-11e8-a6a3-ec086b02610b,5976a311-23d2-11e8-a6a3-ec086b02610b.jpg,6,bobcat,39,2014-03-31 19:38:50,701ecb35-5567-11e8-8fbe-dca9047ef277,2,3,2048,1494
5976a414-23d2-11e8-a6a3-ec086b02610b,5976a414-23d2-11e8-a6a3-ec086b02610b.jpg,6,bobcat,19,2014-03-18 06:09:56,701eaab8-5567-11e8-be69-dca9047ef277,1,3,2048,1494
5976a507-23d2-11e8-a6a3-ec086b02610b,5976a507-23d2-11e8-a6a3-ec086b02610b.jpg,6,bobcat,51,2011-07-16 03:49:00,6f1c80fa-5567-11e8-935c-dca9047ef277,2,3,2048,1494
59782f13-23d2-11e8-a6a3-ec086b02610b,59782f13-23d2-11e8-a6a3-ec086b02610b.jpg,6,bobcat,43,2011-08-02 11:24:09,6f0b2919-5567-11e8-a501-dca9047ef277,2,3,2048,1494
59782f72-23d2-11e8-a6a3-ec086b02610b,59782f72-23d2-11e8-a6a3-ec086b02610b.jpg,6,bobcat,64,2012-05-25 23:54:23,6f19ac05-5567-11e8-adf0-dca9047ef277,3,3,2048,1494
5978301d-23d2-11e8-a6a3-ec086b02610b,5978301d-23d2-11e8-a6a3-ec086b02610b.jpg,6,bobcat,23,2014-03-03 07:59:20,6fe46de1-5567-11e8-a957-dca9047ef277,1,1,2048,1494
59783047-23d2-11e8-a6a3-ec086b02610b,59783047-23d2-11e8-a6a3-ec086b02610b.jpg,6,bobcat,61,2014-11-07 04:07:09,70141a54-5567-11e8-bc75-dca9047ef277,3,3,2048,1494
5979bb4b-23d2-11e8-a6a3-ec086b02610b,5979bb4b-23d2-11e8-a6a3-ec086b02610b.jpg,6,bobcat,57,2014-01-13 03:39:03,6f839d82-5567-11e8-a4c1-dca9047ef277,1,1,2048,1494
5979bd4d-23d2-11e8-a6a3-ec086b02610b,5979bd4d-23d2-11e8-a6a3-ec086b02610b.jpg,6,bobcat,51,2011-07-25 22:36:40,6f1c8fab-5567-11e8-ac58-dca9047ef277,2,3,2048,1494
597b4712-23d2-11e8-a6a3-ec086b02610b,597b4712-23d2-11e8-a6a3-ec086b02610b.jpg,6,bobcat,7,2012-02-13 23:17:53,6f075dee-5567-11e8-9b5e-dca9047ef277,1,3,2048,1494
597b4972-23d2-11e8-a6a3-ec086b02610b,597b4972-23d2-11e8-a6a3-ec086b02610b.jpg,6,bobcat,39,2014-03-03 16:22:30,701ebf42-5567-11e8-b9e2-dca9047ef277,3,3,2048,1494
597b4a22-23d2-11e8-a6a3-ec086b02610b,597b4a22-23d2-11e8-a6a3-ec086b02610b.jpg,6,bobcat,57,2013-11-01 08:30:04,6f7f2554-5567-11e8-bf9d-dca9047ef277,1,1,2048,1494
597cd436-23d2-11e8-a6a3-ec086b02610b,597cd436-23d2-11e8-a6a3-ec086b02610b.jpg,6,bobcat,0,2011-11-27 03:26:00,700b62d9-5567-11e8-bbc1-dca9047ef277,1,1,2048,1536
597cd445-23d2-11e8-a6a3-ec086b02610b,597cd445-23d2-11e8-a6a3-ec086b02610b.jpg,6,bobcat,26,2014-03-03 02:27:04,6f2c190c-5567-11e8-b6cc-dca9047ef277,1,1,2048,1494
597cd49b-23d2-11e8-a6a3-ec086b02610b,597cd49b-23d2-11e8-a6a3-ec086b02610b.jpg,6,bobcat,34,2013-11-10 07:50:37,7015088a-5567-11e8-b3b8-dca9047ef277,2,3,2048,1494
597cd516-23d2-11e8-a6a3-ec086b02610b,597cd516-23d2-11e8-a6a3-ec086b02610b.jpg,6,bobcat,57,2013-11-03 23:21:53,6f7f4699-5567-11e8-9a0e-dca9047ef277,1,1,2048,1494
597cd57f-23d2-11e8-a6a3-ec086b02610b,597cd57f-23d2-11e8-a6a3-ec086b02610b.jpg,6,bobcat,10,2014-01-06 01:31:34,701d7402-5567-11e8-871a-dca9047ef277,3,3,2048,1494
597e62be-23d2-11e8-a6a3-ec086b02610b,597e62be-23d2-11e8-a6a3-ec086b02610b.jpg,6,bobcat,34,2013-11-07 13:03:38,701507e8-5567-11e8-bc6f-dca9047ef277,1,3,2048,1494
597e6333-23d2-11e8-a6a3-ec086b02610b,597e6333-23d2-11e8-a6a3-ec086b02610b.jpg,6,bobcat,39,2014-02-24 07:49:28,701ebda8-5567-11e8-ae8b-dca9047ef277,3,3,2048,1494
597e6478-23d2-11e8-a6a3-ec086b02610b,597e6478-23d2-11e8-a6a3-ec086b02610b.jpg,6,bobcat,57,2014-10-12 06:53:52,6f8fc7c2-5567-11e8-bc9d-dca9047ef277,1,1,2048,1494
597fed57-23d2-11e8-a6a3-ec086b02610b,597fed57-23d2-11e8-a6a3-ec086b02610b.jpg,6,bobcat,43,2012-02-27 19:54:02,6f0c4926-5567-11e8-8396-dca9047ef277,1,3,2048,1494
597fee04-23d2-11e8-a6a3-ec086b02610b,597fee04-23d2-11e8-a6a3-ec086b02610b.jpg,6,bobcat,26,2014-01-20 21:17:05,6f2ac0cc-5567-11e8-b917-dca9047ef277,1,1,2048,1494
597fefe8-23d2-11e8-a6a3-ec086b02610b,597fefe8-23d2-11e8-a6a3-ec086b02610b.jpg,6,bobcat,24,2012-04-16 01:21:12,6f0a9070-5567-11e8-b9b7-dca9047ef277,1,3,2048,1494
59817afb-23d2-11e8-a6a3-ec086b02610b,59817afb-23d2-11e8-a6a3-ec086b02610b.jpg,6,bobcat,7,2011-12-30 14:19:13,6f0742b3-5567-11e8-9e32-dca9047ef277,3,3,2048,1494
59817bd8-23d2-11e8-a6a3-ec086b02610b,59817bd8-23d2-11e8-a6a3-ec086b02610b.jpg,6,bobcat,14,2013-09-09 01:00:56,7018f205-5567-11e8-aa79-dca9047ef277,1,3,2048,1494
59817ca4-23d2-11e8-a6a3-ec086b02610b,59817ca4-23d2-11e8-a6a3-ec086b02610b.jpg,6,bobcat,0,2011-08-19 05:07:00,700b15dc-5567-11e8-bb9d-dca9047ef277,1,1,2048,1536
59817cfd-23d2-11e8-a6a3-ec086b02610b,59817cfd-23d2-11e8-a6a3-ec086b02610b.jpg,6,bobcat,10,2013-12-26 12:19:26,701d674f-5567-11e8-82ea-dca9047ef277,1,3,2048,1494
598306f7-23d2-11e8-a6a3-ec086b02610b,598306f7-23d2-11e8-a6a3-ec086b02610b.jpg,6,bobcat,60,2012-03-15 01:35:23,6f058cd9-5567-11e8-85ef-dca9047ef277,4,5,2048,1494
59830829-23d2-11e8-a6a3-ec086b02610b,59830829-23d2-11e8-a6a3-ec086b02610b.jpg,6,bobcat,7,2011-12-30 12:49:27,6f073de6-5567-11e8-ade0-dca9047ef277,2,3,2048,1494
598308fe-23d2-11e8-a6a3-ec086b02610b,598308fe-23d2-11e8-a6a3-ec086b02610b.jpg,6,bobcat,29,2012-04-26 12:53:00,700a6f0f-5567-11e8-8f01-dca9047ef277,1,1,2048,1536
598495a8-23d2-11e8-a6a3-ec086b02610b,598495a8-23d2-11e8-a6a3-ec086b02610b.jpg,6,bobcat,2,2013-10-11 05:18:33,70155eb5-5567-11e8-9d2d-dca9047ef277,3,3,2048,1494
59849793-23d2-11e8-a6a3-ec086b02610b,59849793-23d2-11e8-a6a3-ec086b02610b.jpg,6,bobcat,10,2013-12-26 12:18:16,701d6642-5567-11e8-8201-dca9047ef277,1,3,2048,1494
5984982f-23d2-11e8-a6a3-ec086b02610b,5984982f-23d2-11e8-a6a3-ec086b02610b.jpg,6,bobcat,23,2014-04-29 03:33:15,6fe70c3d-5567-11e8-82a8-dca9047ef277,1,1,2048,1494
5986235a-23d2-11e8-a6a3-ec086b02610b,5986235a-23d2-11e8-a6a3-ec086b02610b.jpg,6,bobcat,26,2014-04-03 02:07:38,6f2d24d1-5567-11e8-a5ad-dca9047ef277,1,1,2048,1494
59862568-23d2-11e8-a6a3-ec086b02610b,59862568-23d2-11e8-a6a3-ec086b02610b.jpg,6,bobcat,36,2011-10-08 04:57:00,7008ac40-5567-11e8-9f1e-dca9047ef277,1,1,2048,1536
59862578-23d2-11e8-a6a3-ec086b02610b,59862578-23d2-11e8-a6a3-ec086b02610b.jpg,6,bobcat,7,2011-12-30 11:19:01,6f073c2e-5567-11e8-9551-dca9047ef277,2,3,2048,1494
59862614-23d2-11e8-a6a3-ec086b02610b,59862614-23d2-11e8-a6a3-ec086b02610b.jpg,6,bobcat,14,2013-09-09 01:00:30,7018efe8-5567-11e8-99db-dca9047ef277,2,3,2048,1494
5987b251-23d2-11e8-a6a3-ec086b02610b,5987b251-23d2-11e8-a6a3-ec086b02610b.jpg,6,bobcat,23,2014-03-11 08:11:23,6fe4d105-5567-11e8-93fa-dca9047ef277,1,1,2048,1494
5989428a-23d2-11e8-a6a3-ec086b02610b,5989428a-23d2-11e8-a6a3-ec086b02610b.jpg,6,bobcat,0,2011-09-04 23:40:00,700b1f75-5567-11e8-9954-dca9047ef277,1,1,2048,1536
598943f2-23d2-11e8-a6a3-ec086b02610b,598943f2-23d2-11e8-a6a3-ec086b02610b.jpg,6,bobcat,43,2011-11-10 06:00:32,6f0b8228-5567-11e8-97ae-dca9047ef277,3,3,2048,1494
598acd7f-23d2-11e8-a6a3-ec086b02610b,598acd7f-23d2-11e8-a6a3-ec086b02610b.jpg,6,bobcat,64,2012-02-02 18:24:30,6f197375-5567-11e8-a4b4-dca9047ef277,2,3,2048,1494
598ace92-23d2-11e8-a6a3-ec086b02610b,598ace92-23d2-11e8-a6a3-ec086b02610b.jpg,6,bobcat,32,2015-03-14 12:37:36,7011330c-5567-11e8-8106-dca9047ef277,2,3,2048,1494
598acf24-23d2-11e8-a6a3-ec086b02610b,598acf24-23d2-11e8-a6a3-ec086b02610b.jpg,6,bobcat,46,2012-05-23 03:05:10,6f18f02b-5567-11e8-ab9c-dca9047ef277,2,3,2048,1494
598acfb8-23d2-11e8-a6a3-ec086b02610b,598acfb8-23d2-11e8-a6a3-ec086b02610b.jpg,6,bobcat,46,2011-11-19 07:41:44,6f17d26e-5567-11e8-85bc-dca9047ef277,3,3,2048,1494
598ad087-23d2-11e8-a6a3-ec086b02610b,598ad087-23d2-11e8-a6a3-ec086b02610b.jpg,6,bobcat,64,2012-02-20 19:05:08,6f197f38-5567-11e8-9c67-dca9047ef277,1,3,2048,1494
598c5b72-23d2-11e8-a6a3-ec086b02610b,598c5b72-23d2-11e8-a6a3-ec086b02610b.jpg,6,bobcat,14,2013-11-06 22:41:16,7018fe4a-5567-11e8-8d64-dca9047ef277,3,3,2048,1494
598c5bba-23d2-11e8-a6a3-ec086b02610b,598c5bba-23d2-11e8-a6a3-ec086b02610b.jpg,6,bobcat,46,2011-07-18 07:43:38,6f174217-5567-11e8-9ffd-dca9047ef277,3,3,2048,1494
598c5bdd-23d2-11e8-a6a3-ec086b02610b,598c5bdd-23d2-11e8-a6a3-ec086b02610b.jpg,6,bobcat,64,2012-05-25 23:23:16,6f19aa11-5567-11e8-b6e0-dca9047ef277,3,3,2048,1494
598c5c36-23d2-11e8-a6a3-ec086b02610b,598c5c36-23d2-11e8-a6a3-ec086b02610b.jpg,6,bobcat,5,2011-08-25 04:16:30,6f193317-5567-11e8-b5fb-dca9047ef277,3,3,2048,1494
598c5c67-23d2-11e8-a6a3-ec086b02610b,598c5c67-23d2-11e8-a6a3-ec086b02610b.jpg,6,bobcat,7,2012-02-13 23:17:51,6f075d80-5567-11e8-ab11-dca9047ef277,2,3,2048,1494
598c5d42-23d2-11e8-a6a3-ec086b02610b,598c5d42-23d2-11e8-a6a3-ec086b02610b.jpg,6,bobcat,24,2012-05-02 01:03:11,6f0a985e-5567-11e8-b58f-dca9047ef277,1,3,2048,1494
598c5d64-23d2-11e8-a6a3-ec086b02610b,598c5d64-23d2-11e8-a6a3-ec086b02610b.jpg,6,bobcat,51,2011-12-14 18:29:06,6f1cf21c-5567-11e8-bdb0-dca9047ef277,1,3,2048,1494
598de8f0-23d2-11e8-a6a3-ec086b02610b,598de8f0-23d2-11e8-a6a3-ec086b02610b.jpg,6,bobcat,29,2013-03-26 22:07:49,700a962b-5567-11e8-a11f-dca9047ef277,1,1,2560,1920
598de96c-23d2-11e8-a6a3-ec086b02610b,598de96c-23d2-11e8-a6a3-ec086b02610b.jpg,6,bobcat,5,2011-12-21 04:45:11,6f193cee-5567-11e8-ad3d-dca9047ef277,2,3,2048,1494
598de977-23d2-11e8-a6a3-ec086b02610b,598de977-23d2-11e8-a6a3-ec086b02610b.jpg,6,bobcat,29,2012-03-21 09:40:00,700a6894-5567-11e8-99ee-dca9047ef277,1,1,2048,1536
598dea81-23d2-11e8-a6a3-ec086b02610b,598dea81-23d2-11e8-a6a3-ec086b02610b.jpg,6,bobcat,43,2011-05-26 08:24:04,6f0abbb8-5567-11e8-8743-dca9047ef277,3,3,2048,1494
598f7558-23d2-11e8-a6a3-ec086b02610b,598f7558-23d2-11e8-a6a3-ec086b02610b.jpg,6,bobcat,29,2013-01-13 10:13:03,700a8ea8-5567-11e8-ad3f-dca9047ef277,1,1,2560,1920
598f755b-23d2-11e8-a6a3-ec086b02610b,598f755b-23d2-11e8-a6a3-ec086b02610b.jpg,6,bobcat,18,2011-11-11 12:40:48,6f068ab8-5567-11e8-b427-dca9047ef277,1,3,2048,1494
598f765e-23d2-11e8-a6a3-ec086b02610b,598f765e-23d2-11e8-a6a3-ec086b02610b.jpg,6,bobcat,29,2012-04-29 15:03:00,700a704f-5567-11e8-bd49-dca9047ef277,1,1,2048,1536
598f771b-23d2-11e8-a6a3-ec086b02610b,598f771b-23d2-11e8-a6a3-ec086b02610b.jpg,6,bobcat,14,2013-09-09 01:00:53,7018f1c0-5567-11e8-8bbc-dca9047ef277,1,3,2048,1494
59910352-23d2-11e8-a6a3-ec086b02610b,59910352-23d2-11e8-a6a3-ec086b02610b.jpg,6,bobcat,23,2013-10-12 21:02:58,6fdea47a-5567-11e8-bc0b-dca9047ef277,1,1,2048,1494
59910516-23d2-11e8-a6a3-ec086b02610b,59910516-23d2-11e8-a6a3-ec086b02610b.jpg,6,bobcat,34,2013-10-08 13:21:31,7014bfba-5567-11e8-8865-dca9047ef277,3,3,800,584
599291cd-23d2-11e8-a6a3-ec086b02610b,599291cd-23d2-11e8-a6a3-ec086b02610b.jpg,6,bobcat,64,2012-01-29 03:28:42,6f197240-5567-11e8-bf93-dca9047ef277,1,3,2048,1494
599292ce-23d2-11e8-a6a3-ec086b02610b,599292ce-23d2-11e8-a6a3-ec086b02610b.jpg,6,bobcat,7,2011-12-30 12:55:32,6f073f30-5567-11e8-940e-dca9047ef277,1,3,2048,1494
599292d7-23d2-11e8-a6a3-ec086b02610b,599292d7-23d2-11e8-a6a3-ec086b02610b.jpg,6,bobcat,36,2011-08-26 21:02:00,70089cb0-5567-11e8-8ef1-dca9047ef277,1,1,2048,1536
599293cb-23d2-11e8-a6a3-ec086b02610b,599293cb-23d2-11e8-a6a3-ec086b02610b.jpg,6,bobcat,43,2011-06-19 07:56:12,6f0af4d4-5567-11e8-a6ba-dca9047ef277,2,3,2048,1494
59941ee4-23d2-11e8-a6a3-ec086b02610b,59941ee4-23d2-11e8-a6a3-ec086b02610b.jpg,6,bobcat,34,2013-10-03 18:15:50,7014be66-5567-11e8-8ba0-dca9047ef277,2,3,800,584
59941f4d-23d2-11e8-a6a3-ec086b02610b,59941f4d-23d2-11e8-a6a3-ec086b02610b.jpg,6,bobcat,28,2012-01-17 02:53:53,6f12b32e-5567-11e8-97d2-dca9047ef277,2,3,2048,1494
59941fc6-23d2-11e8-a6a3-ec086b02610b,59941fc6-23d2-11e8-a6a3-ec086b02610b.jpg,6,bobcat,29,2013-01-06 17:20:07,700a8aa3-5567-11e8-9c04-dca9047ef277,1,1,2560,1920
59942075-23d2-11e8-a6a3-ec086b02610b,59942075-23d2-11e8-a6a3-ec086b02610b.jpg,6,bobcat,14,2013-11-06 22:41:07,7018fdab-5567-11e8-a9e3-dca9047ef277,3,3,2048,1494
5995ac6b-23d2-11e8-a6a3-ec086b02610b,5995ac6b-23d2-11e8-a6a3-ec086b02610b.jpg,6,bobcat,46,2011-11-17 04:33:24,6f17cea3-5567-11e8-8b7a-dca9047ef277,3,3,2048,1494
5995aeb3-23d2-11e8-a6a3-ec086b02610b,5995aeb3-23d2-11e8-a6a3-ec086b02610b.jpg,6,bobcat,10,2014-09-30 15:41:30,701d95f3-5567-11e8-a128-dca9047ef277,2,3,2048,1494
5995af9d-23d2-11e8-a6a3-ec086b02610b,5995af9d-23d2-11e8-a6a3-ec086b02610b.jpg,6,bobcat,14,2013-09-09 01:00:49,7018f170-5567-11e8-a9af-dca9047ef277,2,3,2048,1494
59973c8c-23d2-11e8-a6a3-ec086b02610b,59973c8c-23d2-11e8-a6a3-ec086b02610b.jpg,6,bobcat,33,2012-01-23 06:49:58,6f09a611-5567-11e8-ba72-dca9047ef277,1,3,2048,1494
59973cbd-23d2-11e8-a6a3-ec086b02610b,59973cbd-23d2-11e8-a6a3-ec086b02610b.jpg,6,bobcat,7,2012-05-10 20:47:27,6f07c519-5567-11e8-a877-dca9047ef277,2,3,2048,1494
59973d12-23d2-11e8-a6a3-ec086b02610b,59973d12-23d2-11e8-a6a3-ec086b02610b.jpg,6,bobcat,18,2012-05-30 01:08:38,6f06c259-5567-11e8-a1b2-dca9047ef277,1,3,2048,1494
59973ddd-23d2-11e8-a6a3-ec086b02610b,59973ddd-23d2-11e8-a6a3-ec086b02610b.jpg,6,bobcat,62,2011-04-02 06:11:00,7009b1b8-5567-11e8-8249-dca9047ef277,1,1,2048,1536
59973eeb-23d2-11e8-a6a3-ec086b02610b,59973eeb-23d2-11e8-a6a3-ec086b02610b.jpg,6,bobcat,41,2012-10-12 09:50:51,701156eb-5567-11e8-889f-dca9047ef277,2,3,2048,1494
5998ccb9-23d2-11e8-a6a3-ec086b02610b,5998ccb9-23d2-11e8-a6a3-ec086b02610b.jpg,6,bobcat,51,2011-12-01 02:57:25,6f1cecfd-5567-11e8-ac0d-dca9047ef277,2,3,2048,1494
5998cd25-23d2-11e8-a6a3-ec086b02610b,5998cd25-23d2-11e8-a6a3-ec086b02610b.jpg,6,bobcat,34,2014-01-26 03:41:03,70151a78-5567-11e8-b00a-dca9047ef277,2,3,2048,1494
5998cd94-23d2-11e8-a6a3-ec086b02610b,5998cd94-23d2-11e8-a6a3-ec086b02610b.jpg,6,bobcat,57,2014-09-22 08:00:58,6f8f1ac2-5567-11e8-b70d-dca9047ef277,1,1,2048,1494
5998cddb-23d2-11e8-a6a3-ec086b02610b,5998cddb-23d2-11e8-a6a3-ec086b02610b.jpg,6,bobcat,39,2014-03-06 07:47:00,701ec17d-5567-11e8-812c-dca9047ef277,2,3,2048,1494
5998cf63-23d2-11e8-a6a3-ec086b02610b,5998cf63-23d2-11e8-a6a3-ec086b02610b.jpg,6,bobcat,34,2013-10-03 18:15:54,7014beb5-5567-11e8-8d75-dca9047ef277,3,3,800,584
599a59b5-23d2-11e8-a6a3-ec086b02610b,599a59b5-23d2-11e8-a6a3-ec086b02610b.jpg,6,bobcat,10,2013-12-26 12:19:31,701d67ab-5567-11e8-bd19-dca9047ef277,2,3,2048,1494
599be6e2-23d2-11e8-a6a3-ec086b02610b,599be6e2-23d2-11e8-a6a3-ec086b02610b.jpg,6,bobcat,16,2013-08-16 03:50:50,70193021-5567-11e8-a77c-dca9047ef277,1,3,2048,1494
599be774-23d2-11e8-a6a3-ec086b02610b,599be774-23d2-11e8-a6a3-ec086b02610b.jpg,6,bobcat,37,2014-09-29 04:48:40,701831cc-5567-11e8-97c8-dca9047ef277,1,3,2048,1494
599d7bc2-23d2-11e8-a6a3-ec086b02610b,599d7bc2-23d2-11e8-a6a3-ec086b02610b.jpg,6,bobcat,29,2012-04-23 15:53:00,700a6e7a-5567-11e8-9baa-dca9047ef277,1,1,2048,1536
599d7c22-23d2-11e8-a6a3-ec086b02610b,599d7c22-23d2-11e8-a6a3-ec086b02610b.jpg,6,bobcat,7,2011-12-30 11:49:55,6f073d0a-5567-11e8-ab82-dca9047ef277,3,3,2048,1494
599d7d93-23d2-11e8-a6a3-ec086b02610b,599d7d93-23d2-11e8-a6a3-ec086b02610b.jpg,6,bobcat,41,2012-09-10 21:21:48,70114b9e-5567-11e8-a323-dca9047ef277,2,3,2048,1494
599fbdbc-23d2-11e8-a6a3-ec086b02610b,599fbdbc-23d2-11e8-a6a3-ec086b02610b.jpg,6,bobcat,16,2013-08-16 03:50:59,701930c2-5567-11e8-acd3-dca9047ef277,1,3,2048,1494
599fbe54-23d2-11e8-a6a3-ec086b02610b,599fbe54-23d2-11e8-a6a3-ec086b02610b.jpg,6,bobcat,19,2014-03-17 21:55:29,701eaa0a-5567-11e8-b0db-dca9047ef277,2,3,2048,1494
599fbf73-23d2-11e8-a6a3-ec086b02610b,599fbf73-23d2-11e8-a6a3-ec086b02610b.jpg,6,bobcat,28,2011-05-16 09:27:16,6f1263b0-5567-11e8-8d7d-dca9047ef277,1,3,2048,1494
599fc0fa-23d2-11e8-a6a3-ec086b02610b,599fc0fa-23d2-11e8-a6a3-ec086b02610b.jpg,6,bobcat,34,2014-01-26 03:41:23,70151bcc-5567-11e8-bc92-dca9047ef277,3,3,2048,1494
59a17add-23d2-11e8-a6a3-ec086b02610b,59a17add-23d2-11e8-a6a3-ec086b02610b.jpg,6,bobcat,58,2012-01-02 05:14:52,6f131b00-5567-11e8-a5a6-dca9047ef277,1,3,2048,1494
59a17b0a-23d2-11e8-a6a3-ec086b02610b,59a17b0a-23d2-11e8-a6a3-ec086b02610b.jpg,6,bobcat,46,2011-12-17 18:42:40,6f17ff82-5567-11e8-8438-dca9047ef277,1,3,2048,1494
59a17b24-23d2-11e8-a6a3-ec086b02610b,59a17b24-23d2-11e8-a6a3-ec086b02610b.jpg,6,bobcat,35,2015-04-15 12:07:53,701143e3-5567-11e8-9c04-dca9047ef277,1,3,2048,1494
59a17c44-23d2-11e8-a6a3-ec086b02610b,59a17c44-23d2-11e8-a6a3-ec086b02610b.jpg,6,bobcat,57,2014-01-06 07:05:52,6f832545-5567-11e8-9aec-dca9047ef277,1,1,2048,1494
59a17caa-23d2-11e8-a6a3-ec086b02610b,59a17caa-23d2-11e8-a6a3-ec086b02610b.jpg,6,bobcat,57,2014-01-13 03:46:30,6f839f4c-5567-11e8-a30d-dca9047ef277,1,1,2048,1494
59a30b40-23d2-11e8-a6a3-ec086b02610b,59a30b40-23d2-11e8-a6a3-ec086b02610b.jpg,6,bobcat,5,2011-12-17 06:18:36,6f193c9e-5567-11e8-bedf-dca9047ef277,1,3,2048,1494
59a499a8-23d2-11e8-a6a3-ec086b02610b,59a499a8-23d2-11e8-a6a3-ec086b02610b.jpg,6,bobcat,14,2013-09-27 19:40:12,7018fa11-5567-11e8-9fca-dca9047ef277,1,3,2048,1494
59a49a5b-23d2-11e8-a6a3-ec086b02610b,59a49a5b-23d2-11e8-a6a3-ec086b02610b.jpg,6,bobcat,26,2014-04-03 01:14:34,6f2d2202-5567-11e8-bd7d-dca9047ef277,1,1,2048,1494
59a49b0d-23d2-11e8-a6a3-ec086b02610b,59a49b0d-23d2-11e8-a6a3-ec086b02610b.jpg,6,bobcat,7,2011-12-30 13:38:19,6f074214-5567-11e8-a0a5-dca9047ef277,2,3,2048,1494
59a49d0e-23d2-11e8-a6a3-ec086b02610b,59a49d0e-23d2-11e8-a6a3-ec086b02610b.jpg,6,bobcat,23,2014-01-27 06:34:00,6fe2f37a-5567-11e8-9e4c-dca9047ef277,1,1,2048,1494
59a49d6e-23d2-11e8-a6a3-ec086b02610b,59a49d6e-23d2-11e8-a6a3-ec086b02610b.jpg,6,bobcat,51,2011-07-16 03:49:05,6f1c819c-5567-11e8-a16d-dca9047ef277,1,3,2048,1494
59a62a5e-23d2-11e8-a6a3-ec086b02610b,59a62a5e-23d2-11e8-a6a3-ec086b02610b.jpg,6,bobcat,36,2011-05-27 22:49:00,70087340-5567-11e8-929e-dca9047ef277,1,1,2048,1536
59a62a9c-23d2-11e8-a6a3-ec086b02610b,59a62a9c-23d2-11e8-a6a3-ec086b02610b.jpg,6,bobcat,23,2013-10-12 23:28:11,6fdea675-5567-11e8-bf43-dca9047ef277,1,1,2048,1494
59a62c05-23d2-11e8-a6a3-ec086b02610b,59a62c05-23d2-11e8-a6a3-ec086b02610b.jpg,6,bobcat,36,2011-07-06 23:45:00,70088b78-5567-11e8-b441-dca9047ef277,1,1,2048,1536
59a7bc19-23d2-11e8-a6a3-ec086b02610b,59a7bc19-23d2-11e8-a6a3-ec086b02610b.jpg,6,bobcat,23,2014-02-15 21:07:21,6fe3d7e1-5567-11e8-8af5-dca9047ef277,1,1,2048,1494
59a94d35-23d2-11e8-a6a3-ec086b02610b,59a94d35-23d2-11e8-a6a3-ec086b02610b.jpg,6,bobcat,34,2014-01-26 03:40:49,70151980-5567-11e8-a3be-dca9047ef277,3,3,2048,1494
59a94e94-23d2-11e8-a6a3-ec086b02610b,59a94e94-23d2-11e8-a6a3-ec086b02610b.jpg,6,bobcat,60,2012-03-28 20:40:17,6f05993d-5567-11e8-8e2b-dca9047ef277,3,5,2048,1494
59aadb26-23d2-11e8-a6a3-ec086b02610b,59aadb26-23d2-11e8-a6a3-ec086b02610b.jpg,6,bobcat,62,2011-04-12 04:14:00,7009b71e-5567-11e8-8dbd-dca9047ef277,1,1,2048,1536
59ac6b62-23d2-11e8-a6a3-ec086b02610b,59ac6b62-23d2-11e8-a6a3-ec086b02610b.jpg,6,bobcat,10,2013-12-26 12:19:19,701d6691-5567-11e8-84b6-dca9047ef277,2,3,2048,1494
59ac6cd6-23d2-11e8-a6a3-ec086b02610b,59ac6cd6-23d2-11e8-a6a3-ec086b02610b.jpg,6,bobcat,60,2012-04-12 12:17:50,6f059e82-5567-11e8-99c8-dca9047ef277,1,5,2048,1494
59adfb36-23d2-11e8-a6a3-ec086b02610b,59adfb36-23d2-11e8-a6a3-ec086b02610b.jpg,6,bobcat,60,2012-02-04 23:43:29,6f0584b0-5567-11e8-b10e-dca9047ef277,4,5,2048,1494
59adfc4c-23d2-11e8-a6a3-ec086b02610b,59adfc4c-23d2-11e8-a6a3-ec086b02610b.jpg,6,bobcat,60,2012-05-16 12:50:18,6f05a74c-5567-11e8-82b2-dca9047ef277,2,3,2048,1494
59adfd52-23d2-11e8-a6a3-ec086b02610b,59adfd52-23d2-11e8-a6a3-ec086b02610b.jpg,6,bobcat,13,2013-11-18 07:00:42,70158e02-5567-11e8-abd8-dca9047ef277,2,3,2048,1494
59adfdd5-23d2-11e8-a6a3-ec086b02610b,59adfdd5-23d2-11e8-a6a3-ec086b02610b.jpg,6,bobcat,33,2012-05-04 08:42:29,6f0a38ca-5567-11e8-83f2-dca9047ef277,1,3,2048,1494
59af95dd-23d2-11e8-a6a3-ec086b02610b,59af95dd-23d2-11e8-a6a3-ec086b02610b.jpg,6,bobcat,61,2014-06-11 12:52:15,7013b49e-5567-11e8-9779-dca9047ef277,1,3,2048,1494
59af9630-23d2-11e8-a6a3-ec086b02610b,59af9630-23d2-11e8-a6a3-ec086b02610b.jpg,6,bobcat,64,2012-03-30 19:36:03,6f198d14-5567-11e8-9942-dca9047ef277,3,3,2048,1494
59af963a-23d2-11e8-a6a3-ec086b02610b,59af963a-23d2-11e8-a6a3-ec086b02610b.jpg,6,bobcat,58,2012-02-12 17:12:34,6f133073-5567-11e8-bf71-dca9047ef277,1,3,2048,1494
59af9717-23d2-11e8-a6a3-ec086b02610b,59af9717-23d2-11e8-a6a3-ec086b02610b.jpg,6,bobcat,58,2012-01-24 21:26:44,6f132442-5567-11e8-8282-dca9047ef277,3,3,2048,1494
59af9728-23d2-11e8-a6a3-ec086b02610b,59af9728-23d2-11e8-a6a3-ec086b02610b.jpg,6,bobcat,14,2013-09-09 01:00:16,7018eefa-5567-11e8-8253-dca9047ef277,2,3,2048,1494
59af98e4-23d2-11e8-a6a3-ec086b02610b,59af98e4-23d2-11e8-a6a3-ec086b02610b.jpg,6,bobcat,38,2012-06-09 19:10:17,6f055d9e-5567-11e8-88d4-dca9047ef277,3,3,2048,1494
59af98ec-23d2-11e8-a6a3-ec086b02610b,59af98ec-23d2-11e8-a6a3-ec086b02610b.jpg,6,bobcat,14,2013-09-09 01:00:21,7018ef4a-5567-11e8-93e1-dca9047ef277,2,3,2048,1494
59af994b-23d2-11e8-a6a3-ec086b02610b,59af994b-23d2-11e8-a6a3-ec086b02610b.jpg,6,bobcat,7,2012-04-11 23:32:07,6f07a4b5-5567-11e8-8903-dca9047ef277,2,3,2048,1494
59b12e62-23d2-11e8-a6a3-ec086b02610b,59b12e62-23d2-11e8-a6a3-ec086b02610b.jpg,6,bobcat,29,2013-03-26 22:05:19,700a95e3-5567-11e8-be1b-dca9047ef277,1,1,2560,1920
59b12fbb-23d2-11e8-a6a3-ec086b02610b,59b12fbb-23d2-11e8-a6a3-ec086b02610b.jpg,6,bobcat,46,2011-06-11 19:41:43,6f16a717-5567-11e8-94ff-dca9047ef277,2,3,2048,1494
59b13092-23d2-11e8-a6a3-ec086b02610b,59b13092-23d2-11e8-a6a3-ec086b02610b.jpg,6,bobcat,58,2012-02-18 02:17:47,6f13322e-5567-11e8-b028-dca9047ef277,2,3,2048,1494
59b1311e-23d2-11e8-a6a3-ec086b02610b,59b1311e-23d2-11e8-a6a3-ec086b02610b.jpg,6,bobcat,51,2011-08-25 04:52:46,6f1ca74f-5567-11e8-b641-dca9047ef277,3,3,2048,1494
59b13145-23d2-11e8-a6a3-ec086b02610b,59b13145-23d2-11e8-a6a3-ec086b02610b.jpg,6,bobcat,18,2012-05-05 23:37:14,6f06bfae-5567-11e8-bb91-dca9047ef277,1,3,2048,1494
59b131a2-23d2-11e8-a6a3-ec086b02610b,59b131a2-23d2-11e8-a6a3-ec086b02610b.jpg,6,bobcat,57,2014-05-13 06:53:29,6f88aa66-5567-11e8-b1ee-dca9047ef277,1,1,2048,1494
59b2e936-23d2-11e8-a6a3-ec086b02610b,59b2e936-23d2-11e8-a6a3-ec086b02610b.jpg,6,bobcat,13,2014-05-05 18:55:25,70159297-5567-11e8-bb57-dca9047ef277,2,3,2048,1494
59b2e945-23d2-11e8-a6a3-ec086b02610b,59b2e945-23d2-11e8-a6a3-ec086b02610b.jpg,6,bobcat,36,2011-11-28 23:15:00,7008e06e-5567-11e8-8a1e-dca9047ef277,1,1,2048,1536
59b2e9ff-23d2-11e8-a6a3-ec086b02610b,59b2e9ff-23d2-11e8-a6a3-ec086b02610b.jpg,6,bobcat,26,2014-02-20 02:15:37,6f2bc621-5567-11e8-92cc-dca9047ef277,1,1,2048,1494
59b2ea0e-23d2-11e8-a6a3-ec086b02610b,59b2ea0e-23d2-11e8-a6a3-ec086b02610b.jpg,6,bobcat,7,2011-12-30 11:12:15,6f073a9e-5567-11e8-9442-dca9047ef277,2,3,2048,1494
59b2ea43-23d2-11e8-a6a3-ec086b02610b,59b2ea43-23d2-11e8-a6a3-ec086b02610b.jpg,6,bobcat,26,2013-11-10 02:16:23,6f285c91-5567-11e8-9d3a-dca9047ef277,1,1,2048,1494
59b2ec68-23d2-11e8-a6a3-ec086b02610b,59b2ec68-23d2-11e8-a6a3-ec086b02610b.jpg,6,bobcat,36,2011-08-29 03:23:00,70089d82-5567-11e8-82fa-dca9047ef277,1,1,2048,1536
59b483cd-23d2-11e8-a6a3-ec086b02610b,59b483cd-23d2-11e8-a6a3-ec086b02610b.jpg,6,bobcat,32,2015-03-14 12:37:16,701132bd-5567-11e8-bcb4-dca9047ef277,1,3,2048,1494
59b483e0-23d2-11e8-a6a3-ec086b02610b,59b483e0-23d2-11e8-a6a3-ec086b02610b.jpg,6,bobcat,23,2013-11-26 15:49:18,6fe03f23-5567-11e8-8a07-dca9047ef277,1,1,2048,1494
59b48469-23d2-11e8-a6a3-ec086b02610b,59b48469-23d2-11e8-a6a3-ec086b02610b.jpg,6,bobcat,38,2012-06-07 19:04:19,6f055382-5567-11e8-8f64-dca9047ef277,1,3,2048,1494
59b48526-23d2-11e8-a6a3-ec086b02610b,59b48526-23d2-11e8-a6a3-ec086b02610b.jpg,6,bobcat,62,2011-03-18 18:40:00,7009ab99-5567-11e8-b398-dca9047ef277,1,1,2048,1536
59b61526-23d2-11e8-a6a3-ec086b02610b,59b61526-23d2-11e8-a6a3-ec086b02610b.jpg,6,bobcat,46,2011-06-11 19:41:26,6f16a5c5-5567-11e8-9eb6-dca9047ef277,3,3,2048,1494
59b615b5-23d2-11e8-a6a3-ec086b02610b,59b615b5-23d2-11e8-a6a3-ec086b02610b.jpg,6,bobcat,51,2011-07-28 21:52:21,6f1c94b5-5567-11e8-ba10-dca9047ef277,2,3,2048,1494
59b6160a-23d2-11e8-a6a3-ec086b02610b,59b6160a-23d2-11e8-a6a3-ec086b02610b.jpg,6,bobcat,10,2014-09-30 15:41:35,701d9659-5567-11e8-a781-dca9047ef277,3,3,2048,1494
59b938e7-23d2-11e8-a6a3-ec086b02610b,59b938e7-23d2-11e8-a6a3-ec086b02610b.jpg,6,bobcat,10,2013-12-26 12:19:37,701d6899-5567-11e8-8188-dca9047ef277,2,3,2048,1494
59b93aa6-23d2-11e8-a6a3-ec086b02610b,59b93aa6-23d2-11e8-a6a3-ec086b02610b.jpg,6,bobcat,23,2013-11-19 06:31:10,6fdffc11-5567-11e8-a1b8-dca9047ef277,1,1,2048,1494
59b93ab2-23d2-11e8-a6a3-ec086b02610b,59b93ab2-23d2-11e8-a6a3-ec086b02610b.jpg,6,bobcat,57,2014-07-19 01:37:04,6f8cf38c-5567-11e8-a25e-dca9047ef277,1,1,2048,1494
59bca4bd-23d2-11e8-a6a3-ec086b02610b,59bca4bd-23d2-11e8-a6a3-ec086b02610b.jpg,6,bobcat,51,2012-02-06 21:34:08,6f1cfeee-5567-11e8-88d0-dca9047ef277,1,3,2048,1494
59bca5ff-23d2-11e8-a6a3-ec086b02610b,59bca5ff-23d2-11e8-a6a3-ec086b02610b.jpg,6,bobcat,34,2014-01-26 03:41:31,70151c75-5567-11e8-9c4e-dca9047ef277,2,3,2048,1494
59bca61e-23d2-11e8-a6a3-ec086b02610b,59bca61e-23d2-11e8-a6a3-ec086b02610b.jpg,6,bobcat,13,2014-05-05 18:55:30,7015932b-5567-11e8-836c-dca9047ef277,1,3,2048,1494
59be4071-23d2-11e8-a6a3-ec086b02610b,59be4071-23d2-11e8-a6a3-ec086b02610b.jpg,6,bobcat,24,2012-02-25 20:24:12,6f0a87d9-5567-11e8-909c-dca9047ef277,1,3,2048,1494
59be40da-23d2-11e8-a6a3-ec086b02610b,59be40da-23d2-11e8-a6a3-ec086b02610b.jpg,6,bobcat,0,2012-03-21 04:14:00,700c0e91-5567-11e8-bc51-dca9047ef277,1,1,2048,1536
59be41f1-23d2-11e8-a6a3-ec086b02610b,59be41f1-23d2-11e8-a6a3-ec086b02610b.jpg,6,bobcat,36,2011-06-24 03:54:00,70088519-5567-11e8-bea3-dca9047ef277,1,1,2048,1536
59bfdd03-23d2-11e8-a6a3-ec086b02610b,59bfdd03-23d2-11e8-a6a3-ec086b02610b.jpg,6,bobcat,29,2012-07-17 03:43:00,700a70e6-5567-11e8-a8e5-dca9047ef277,1,1,2048,1536
59bfdd73-23d2-11e8-a6a3-ec086b02610b,59bfdd73-23d2-11e8-a6a3-ec086b02610b.jpg,6,bobcat,46,2011-11-11 20:37:28,6f17c863-5567-11e8-80dc-dca9047ef277,2,3,2048,1494
59bfddd4-23d2-11e8-a6a3-ec086b02610b,59bfddd4-23d2-11e8-a6a3-ec086b02610b.jpg,6,bobcat,32,2014-01-27 03:50:19,70111bba-5567-11e8-bd2d-dca9047ef277,3,3,2048,1494
59bfddfd-23d2-11e8-a6a3-ec086b02610b,59bfddfd-23d2-11e8-a6a3-ec086b02610b.jpg,6,bobcat,61,2013-08-04 05:33:16,7013751c-5567-11e8-8334-dca9047ef277,2,3,2048,1494
59bfdfe3-23d2-11e8-a6a3-ec086b02610b,59bfdfe3-23d2-11e8-a6a3-ec086b02610b.jpg,6,bobcat,57,2013-12-27 02:34:21,6f8270f5-5567-11e8-82d2-dca9047ef277,1,1,2048,1494
59c17969-23d2-11e8-a6a3-ec086b02610b,59c17969-23d2-11e8-a6a3-ec086b02610b.jpg,6,bobcat,23,2014-03-03 07:59:22,6fe46e3a-5567-11e8-ad83-dca9047ef277,1,1,2048,1494
59c31a84-23d2-11e8-a6a3-ec086b02610b,59c31a84-23d2-11e8-a6a3-ec086b02610b.jpg,6,bobcat,0,2011-09-20 03:26:00,700b255e-5567-11e8-8997-dca9047ef277,1,1,2048,1536
59c31a8d-23d2-11e8-a6a3-ec086b02610b,59c31a8d-23d2-11e8-a6a3-ec086b02610b.jpg,6,bobcat,39,2014-03-06 07:47:04,701ec1d7-5567-11e8-87c4-dca9047ef277,2,3,2048,1494
59c4bed7-23d2-11e8-a6a3-ec086b02610b,59c4bed7-23d2-11e8-a6a3-ec086b02610b.jpg,6,bobcat,0,2012-03-31 01:14:00,700c17b5-5567-11e8-ab4f-dca9047ef277,1,1,2048,1536
59c4bfe2-23d2-11e8-a6a3-ec086b02610b,59c4bfe2-23d2-11e8-a6a3-ec086b02610b.jpg,6,bobcat,21,2015-05-14 22:58:33,701d21a8-5567-11e8-b6de-dca9047ef277,2,3,2048,1494
59c4c14a-23d2-11e8-a6a3-ec086b02610b,59c4c14a-23d2-11e8-a6a3-ec086b02610b.jpg,6,bobcat,64,2012-02-16 18:40:48,6f197e51-5567-11e8-b35c-dca9047ef277,1,3,2048,1494
59c4c15a-23d2-11e8-a6a3-ec086b02610b,59c4c15a-23d2-11e8-a6a3-ec086b02610b.jpg,6,bobcat,64,2011-10-21 18:36:23,6f196d68-5567-11e8-8874-dca9047ef277,1,3,2048,1494
59c668c4-23d2-11e8-a6a3-ec086b02610b,59c668c4-23d2-11e8-a6a3-ec086b02610b.jpg,6,bobcat,33,2012-01-10 23:42:20,6f099821-5567-11e8-8918-dca9047ef277,1,3,2048,1494
59c6693b-23d2-11e8-a6a3-ec086b02610b,59c6693b-23d2-11e8-a6a3-ec086b02610b.jpg,6,bobcat,36,2011-06-01 00:00:00,700877a1-5567-11e8-adb9-dca9047ef277,1,1,2048,1536
59c66969-23d2-11e8-a6a3-ec086b02610b,59c66969-23d2-11e8-a6a3-ec086b02610b.jpg,6,bobcat,34,2014-01-26 03:40:59,70151a1e-5567-11e8-84ce-dca9047ef277,2,3,2048,1494
59c66a72-23d2-11e8-a6a3-ec086b02610b,59c66a72-23d2-11e8-a6a3-ec086b02610b.jpg,6,bobcat,23,2014-07-19 11:48:14,6feb6ce6-5567-11e8-95ab-dca9047ef277,1,1,2048,1494
59c66afd-23d2-11e8-a6a3-ec086b02610b,59c66afd-23d2-11e8-a6a3-ec086b02610b.jpg,6,bobcat,34,2014-01-26 03:41:35,70151d21-5567-11e8-b4c0-dca9047ef277,3,3,2048,1494
59c66bc8-23d2-11e8-a6a3-ec086b02610b,59c66bc8-23d2-11e8-a6a3-ec086b02610b.jpg,6,bobcat,28,2011-07-16 14:53:27,6f128142-5567-11e8-9696-dca9047ef277,3,3,2048,1494
59c66c60-23d2-11e8-a6a3-ec086b02610b,59c66c60-23d2-11e8-a6a3-ec086b02610b.jpg,6,bobcat,60,2012-04-12 12:17:54,6f059ef8-5567-11e8-84bd-dca9047ef277,1,5,2048,1494
59c803e2-23d2-11e8-a6a3-ec086b02610b,59c803e2-23d2-11e8-a6a3-ec086b02610b.jpg,6,bobcat,26,2013-11-10 02:17:09,6f285db3-5567-11e8-b8a9-dca9047ef277,1,1,2048,1494
59c8042d-23d2-11e8-a6a3-ec086b02610b,59c8042d-23d2-11e8-a6a3-ec086b02610b.jpg,6,bobcat,60,2012-06-09 01:16:13,6f05a98f-5567-11e8-ab7b-dca9047ef277,2,3,2048,1494
59c80539-23d2-11e8-a6a3-ec086b02610b,59c80539-23d2-11e8-a6a3-ec086b02610b.jpg,6,bobcat,46,2012-01-25 08:17:16,6f183e47-5567-11e8-87f4-dca9047ef277,1,3,2048,1494
59c806a9-23d2-11e8-a6a3-ec086b02610b,59c806a9-23d2-11e8-a6a3-ec086b02610b.jpg,6,bobcat,29,2012-04-26 18:08:00,700a6f61-5567-11e8-a04b-dca9047ef277,1,1,2048,1536
59cb36e3-23d2-11e8-a6a3-ec086b02610b,59cb36e3-23d2-11e8-a6a3-ec086b02610b.jpg,6,bobcat,46,2011-06-13 10:15:14,6f16abee-5567-11e8-9034-dca9047ef277,1,3,2048,1494
59cb3912-23d2-11e8-a6a3-ec086b02610b,59cb3912-23d2-11e8-a6a3-ec086b02610b.jpg,6,bobcat,33,2011-12-24 06:25:13,6f096e35-5567-11e8-b55d-dca9047ef277,2,3,2048,1494
59ccd08b-23d2-11e8-a6a3-ec086b02610b,59ccd08b-23d2-11e8-a6a3-ec086b02610b.jpg,6,bobcat,16,2013-08-16 03:50:58,70193070-5567-11e8-82fc-dca9047ef277,3,3,2048,1494
59ccd182-23d2-11e8-a6a3-ec086b02610b,59ccd182-23d2-11e8-a6a3-ec086b02610b.jpg,6,bobcat,7,2011-12-30 11:18:56,6f073bd4-5567-11e8-9931-dca9047ef277,2,3,2048,1494
59ccd187-23d2-11e8-a6a3-ec086b02610b,59ccd187-23d2-11e8-a6a3-ec086b02610b.jpg,6,bobcat,12,2014-09-14 01:16:16,701be126-5567-11e8-8f5a-dca9047ef277,1,3,2048,1494
59ccd211-23d2-11e8-a6a3-ec086b02610b,59ccd211-23d2-11e8-a6a3-ec086b02610b.jpg,6,bobcat,34,2014-01-26 03:41:11,70151b21-5567-11e8-899c-dca9047ef277,3,3,2048,1494
59ccd2c6-23d2-11e8-a6a3-ec086b02610b,59ccd2c6-23d2-11e8-a6a3-ec086b02610b.jpg,6,bobcat,46,2011-09-11 05:34:21,6f179b6e-5567-11e8-b8a7-dca9047ef277,2,3,2048,1494
59ccd32b-23d2-11e8-a6a3-ec086b02610b,59ccd32b-23d2-11e8-a6a3-ec086b02610b.jpg,6,bobcat,43,2011-06-28 09:05:29,6f0afe99-5567-11e8-a142-dca9047ef277,2,3,2048,1494
59ccd32c-23d2-11e8-a6a3-ec086b02610b,59ccd32c-23d2-11e8-a6a3-ec086b02610b.jpg,6,bobcat,57,2013-11-21 18:50:57,6f80396b-5567-11e8-8a4a-dca9047ef277,1,1,2048,1494
59cf4728-23d2-11e8-a6a3-ec086b02610b,59cf4728-23d2-11e8-a6a3-ec086b02610b.jpg,6,bobcat,5,2011-11-27 03:36:31,6f193ac0-5567-11e8-9090-dca9047ef277,1,3,2048,1494
59cf4790-23d2-11e8-a6a3-ec086b02610b,59cf4790-23d2-11e8-a6a3-ec086b02610b.jpg,6,bobcat,7,2011-12-30 11:12:24,6f073b5c-5567-11e8-be88-dca9047ef277,1,3,2048,1494
59cf47e6-23d2-11e8-a6a3-ec086b02610b,59cf47e6-23d2-11e8-a6a3-ec086b02610b.jpg,6,bobcat,28,2012-06-10 06:26:12,6f12fd3d-5567-11e8-aa86-dca9047ef277,3,3,2048,1494
59cf47f3-23d2-11e8-a6a3-ec086b02610b,59cf47f3-23d2-11e8-a6a3-ec086b02610b.jpg,6,bobcat,16,2013-08-16 03:50:30,70192f3a-5567-11e8-9ed0-dca9047ef277,1,3,2048,1494
59d0e170-23d2-11e8-a6a3-ec086b02610b,59d0e170-23d2-11e8-a6a3-ec086b02610b.jpg,6,bobcat,29,2012-07-19 22:47:00,700a72f5-5567-11e8-89c8-dca9047ef277,1,1,2048,1536
59d0e4eb-23d2-11e8-a6a3-ec086b02610b,59d0e4eb-23d2-11e8-a6a3-ec086b02610b.jpg,6,bobcat,26,2013-11-08 23:25:19,6f28542b-5567-11e8-a8bf-dca9047ef277,1,1,2048,1494
59d27bc6-23d2-11e8-a6a3-ec086b02610b,59d27bc6-23d2-11e8-a6a3-ec086b02610b.jpg,6,bobcat,38,2012-06-07 18:15:49,6f055300-5567-11e8-8fec-dca9047ef277,2,3,2048,1494
59d27bef-23d2-11e8-a6a3-ec086b02610b,59d27bef-23d2-11e8-a6a3-ec086b02610b.jpg,6,bobcat,26,2013-11-10 02:17:11,6f285dfa-5567-11e8-b8ba-dca9047ef277,1,1,2048,1494
59d27c46-23d2-11e8-a6a3-ec086b02610b,59d27c46-23d2-11e8-a6a3-ec086b02610b.jpg,6,bobcat,51,2012-01-08 21:33:05,6f1cfad1-5567-11e8-948f-dca9047ef277,2,3,2048,1494
59d27c5a-23d2-11e8-a6a3-ec086b02610b,59d27c5a-23d2-11e8-a6a3-ec086b02610b.jpg,6,bobcat,10,2014-01-06 01:31:35,701d7451-5567-11e8-bf95-dca9047ef277,1,3,2048,1494
59d27ce6-23d2-11e8-a6a3-ec086b02610b,59d27ce6-23d2-11e8-a6a3-ec086b02610b.jpg,6,bobcat,34,2013-11-10 07:50:41,701508e3-5567-11e8-b0fe-dca9047ef277,2,3,2048,1494
59d27dea-23d2-11e8-a6a3-ec086b02610b,59d27dea-23d2-11e8-a6a3-ec086b02610b.jpg,6,bobcat,17,2011-05-28 01:22:00,7009dc61-5567-11e8-a6be-dca9047ef277,1,1,2048,1536
59d418a8-23d2-11e8-a6a3-ec086b02610b,59d418a8-23d2-11e8-a6a3-ec086b02610b.jpg,6,bobcat,43,2011-12-24 17:26:46,6f0bfc47-5567-11e8-930f-dca9047ef277,2,3,2048,1494
59d5b792-23d2-11e8-a6a3-ec086b02610b,59d5b792-23d2-11e8-a6a3-ec086b02610b.jpg,6,bobcat,60,2012-05-16 12:50:23,6f05a7ba-5567-11e8-b4f5-dca9047ef277,3,3,2048,1494
59d752b3-23d2-11e8-a6a3-ec086b02610b,59d752b3-23d2-11e8-a6a3-ec086b02610b.jpg,6,bobcat,41,2012-09-10 21:21:56,70114c35-5567-11e8-8ca6-dca9047ef277,3,3,2048,1494
59d75440-23d2-11e8-a6a3-ec086b02610b,59d75440-23d2-11e8-a6a3-ec086b02610b.jpg,6,bobcat,60,2012-03-30 20:25:31,6f059b11-5567-11e8-8eec-dca9047ef277,3,5,2048,1494
59d8ec66-23d2-11e8-a6a3-ec086b02610b,59d8ec66-23d2-11e8-a6a3-ec086b02610b.jpg,6,bobcat,28,2011-12-02 01:04:29,6f12a082-5567-11e8-a2a7-dca9047ef277,2,3,2048,1494
59d8ed5e-23d2-11e8-a6a3-ec086b02610b,59d8ed5e-23d2-11e8-a6a3-ec086b02610b.jpg,6,bobcat,33,2012-01-13 04:04:34,6f099940-5567-11e8-9765-dca9047ef277,3,3,2048,1494
59d8edd8-23d2-11e8-a6a3-ec086b02610b,59d8edd8-23d2-11e8-a6a3-ec086b02610b.jpg,6,bobcat,28,2011-11-10 20:47:02,6f129bb3-5567-11e8-bfc1-dca9047ef277,2,3,2048,1494
59d8edfe-23d2-11e8-a6a3-ec086b02610b,59d8edfe-23d2-11e8-a6a3-ec086b02610b.jpg,6,bobcat,60,2012-02-04 23:42:57,6f0583ae-5567-11e8-9333-dca9047ef277,3,5,2048,1494
59da89c2-23d2-11e8-a6a3-ec086b02610b,59da89c2-23d2-11e8-a6a3-ec086b02610b.jpg,6,bobcat,23,2014-01-22 20:07:08,6fe2be21-5567-11e8-8c2d-dca9047ef277,1,1,2048,1494
59da8a25-23d2-11e8-a6a3-ec086b02610b,59da8a25-23d2-11e8-a6a3-ec086b02610b.jpg,6,bobcat,43,2012-04-03 22:39:05,6f0c7680-5567-11e8-99f0-dca9047ef277,1,3,2048,1494
59da8bf2-23d2-11e8-a6a3-ec086b02610b,59da8bf2-23d2-11e8-a6a3-ec086b02610b.jpg,6,bobcat,64,2012-02-16 18:40:46,6f197e0a-5567-11e8-a4b4-dca9047ef277,2,3,2048,1494
59da8c37-23d2-11e8-a6a3-ec086b02610b,59da8c37-23d2-11e8-a6a3-ec086b02610b.jpg,6,bobcat,61,2014-11-06 17:42:21,701417fd-5567-11e8-a919-dca9047ef277,2,3,2048,1494
59da8c8d-23d2-11e8-a6a3-ec086b02610b,59da8c8d-23d2-11e8-a6a3-ec086b02610b.jpg,6,bobcat,59,2014-11-06 19:02:21,70188bd7-5567-11e8-92e4-dca9047ef277,3,3,2048,1494
59da8c99-23d2-11e8-a6a3-ec086b02610b,59da8c99-23d2-11e8-a6a3-ec086b02610b.jpg,6,bobcat,5,2011-06-05 21:05:46,6f191821-5567-11e8-b960-dca9047ef277,3,3,2048,1494
59dc2535-23d2-11e8-a6a3-ec086b02610b,59dc2535-23d2-11e8-a6a3-ec086b02610b.jpg,6,bobcat,26,2013-12-29 01:51:28,6f29f907-5567-11e8-8a43-dca9047ef277,1,1,2048,1494
59dc2560-23d2-11e8-a6a3-ec086b02610b,59dc2560-23d2-11e8-a6a3-ec086b02610b.jpg,6,bobcat,0,2011-12-02 20:23:00,700b662b-5567-11e8-a89d-dca9047ef277,1,1,2048,1536
59dc268c-23d2-11e8-a6a3-ec086b02610b,59dc268c-23d2-11e8-a6a3-ec086b02610b.jpg,6,bobcat,24,2012-02-20 21:18:56,6f0a8530-5567-11e8-aaa6-dca9047ef277,1,3,2048,1494
59ddbfdd-23d2-11e8-a6a3-ec086b02610b,59ddbfdd-23d2-11e8-a6a3-ec086b02610b.jpg,6,bobcat,5,2011-12-06 01:51:28,6f193b0c-5567-11e8-a8af-dca9047ef277,1,3,2048,1494
59ddc280-23d2-11e8-a6a3-ec086b02610b,59ddc280-23d2-11e8-a6a3-ec086b02610b.jpg,6,bobcat,43,2011-08-05 13:00:50,6f0b2c11-5567-11e8-bf0b-dca9047ef277,3,3,2048,1494
59ddc2bb-23d2-11e8-a6a3-ec086b02610b,59ddc2bb-23d2-11e8-a6a3-ec086b02610b.jpg,6,bobcat,57,2014-02-26 05:40:33,6f857bfa-5567-11e8-93f7-dca9047ef277,1,1,2048,1494
59ddc2bf-23d2-11e8-a6a3-ec086b02610b,59ddc2bf-23d2-11e8-a6a3-ec086b02610b.jpg,6,bobcat,41,2012-09-21 03:41:51,7011528a-5567-11e8-99c2-dca9047ef277,3,3,2048,1494
59df5b8d-23d2-11e8-a6a3-ec086b02610b,59df5b8d-23d2-11e8-a6a3-ec086b02610b.jpg,6,bobcat,61,2013-10-18 21:31:42,70139887-5567-11e8-a42f-dca9047ef277,2,3,2048,1494
59df5cc2-23d2-11e8-a6a3-ec086b02610b,59df5cc2-23d2-11e8-a6a3-ec086b02610b.jpg,6,bobcat,23,2013-11-22 18:18:36,6fe01db3-5567-11e8-a983-dca9047ef277,1,1,2048,1494
59e101fe-23d2-11e8-a6a3-ec086b02610b,59e101fe-23d2-11e8-a6a3-ec086b02610b.jpg,6,bobcat,60,2012-02-04 23:42:50,6f05833d-5567-11e8-a546-dca9047ef277,1,5,2048,1494
59e10249-23d2-11e8-a6a3-ec086b02610b,59e10249-23d2-11e8-a6a3-ec086b02610b.jpg,6,bobcat,51,2011-12-28 23:49:08,6f1cf828-5567-11e8-a1be-dca9047ef277,3,3,2048,1494
59e10284-23d2-11e8-a6a3-ec086b02610b,59e10284-23d2-11e8-a6a3-ec086b02610b.jpg,6,bobcat,10,2013-12-26 12:19:35,701d684a-5567-11e8-9ad7-dca9047ef277,3,3,2048,1494
59e102f2-23d2-11e8-a6a3-ec086b02610b,59e102f2-23d2-11e8-a6a3-ec086b02610b.jpg,6,bobcat,0,2011-11-19 05:06:00,700b5f23-5567-11e8-947e-dca9047ef277,1,1,2048,1536
59e10362-23d2-11e8-a6a3-ec086b02610b,59e10362-23d2-11e8-a6a3-ec086b02610b.jpg,6,bobcat,51,2011-12-01 02:57:27,6f1ced4c-5567-11e8-932c-dca9047ef277,1,3,2048,1494
59e103ba-23d2-11e8-a6a3-ec086b02610b,59e103ba-23d2-11e8-a6a3-ec086b02610b.jpg,6,bobcat,58,2012-02-05 23:56:49,6f132d70-5567-11e8-8cb9-dca9047ef277,1,3,2048,1494
59e10521-23d2-11e8-a6a3-ec086b02610b,59e10521-23d2-11e8-a6a3-ec086b02610b.jpg,6,bobcat,10,2013-12-26 12:19:35,701d67f8-5567-11e8-955c-dca9047ef277,1,3,2048,1494
59e105a6-23d2-11e8-a6a3-ec086b02610b,59e105a6-23d2-11e8-a6a3-ec086b02610b.jpg,6,bobcat,61,2014-11-06 17:43:03,7014184c-5567-11e8-96b5-dca9047ef277,2,3,2048,1494
59e2a220-23d2-11e8-a6a3-ec086b02610b,59e2a220-23d2-11e8-a6a3-ec086b02610b.jpg,6,bobcat,36,2011-09-07 04:34:00,7008a0a3-5567-11e8-8e77-dca9047ef277,1,1,2048,1536
59e2a2ed-23d2-11e8-a6a3-ec086b02610b,59e2a2ed-23d2-11e8-a6a3-ec086b02610b.jpg,6,bobcat,14,2013-11-06 22:41:11,7018fdf8-5567-11e8-855f-dca9047ef277,1,3,2048,1494
59e2a31c-23d2-11e8-a6a3-ec086b02610b,59e2a31c-23d2-11e8-a6a3-ec086b02610b.jpg,6,bobcat,29,2012-07-18 05:06:00,700a7263-5567-11e8-b263-dca9047ef277,1,1,2048,1536
59e2a3cf-23d2-11e8-a6a3-ec086b02610b,59e2a3cf-23d2-11e8-a6a3-ec086b02610b.jpg,6,bobcat,36,2011-03-18 19:56:00,70084b5e-5567-11e8-a022-dca9047ef277,1,1,2048,1536
59e2a4fd-23d2-11e8-a6a3-ec086b02610b,59e2a4fd-23d2-11e8-a6a3-ec086b02610b.jpg,6,bobcat,59,2014-11-06 19:02:03,70188aab-5567-11e8-bb3f-dca9047ef277,1,3,2048,1494
59e2a566-23d2-11e8-a6a3-ec086b02610b,59e2a566-23d2-11e8-a6a3-ec086b02610b.jpg,6,bobcat,35,2015-04-15 12:07:50,70114391-5567-11e8-a8d5-dca9047ef277,1,3,2048,1494
59e2a590-23d2-11e8-a6a3-ec086b02610b,59e2a590-23d2-11e8-a6a3-ec086b02610b.jpg,6,bobcat,7,2011-12-30 11:49:48,6f073ca6-5567-11e8-b5bf-dca9047ef277,3,3,2048,1494
59e43e89-23d2-11e8-a6a3-ec086b02610b,59e43e89-23d2-11e8-a6a3-ec086b02610b.jpg,6,bobcat,28,2011-08-13 12:30:37,6f128821-5567-11e8-aab0-dca9047ef277,3,3,2048,1494
59e43ea6-23d2-11e8-a6a3-ec086b02610b,59e43ea6-23d2-11e8-a6a3-ec086b02610b.jpg,6,bobcat,0,2011-09-29 21:22:00,700b29a8-5567-11e8-9a2d-dca9047ef277,1,1,2048,1536
59e43ec2-23d2-11e8-a6a3-ec086b02610b,59e43ec2-23d2-11e8-a6a3-ec086b02610b.jpg,6,bobcat,10,2013-12-26 12:19:23,701d6700-5567-11e8-aad8-dca9047ef277,1,3,2048,1494
59e44093-23d2-11e8-a6a3-ec086b02610b,59e44093-23d2-11e8-a6a3-ec086b02610b.jpg,6,bobcat,6,2013-09-30 07:09:46,7016fe07-5567-11e8-9ee4-dca9047ef277,3,3,2048,1494
59e440ba-23d2-11e8-a6a3-ec086b02610b,59e440ba-23d2-11e8-a6a3-ec086b02610b.jpg,6,bobcat,57,2013-12-26 23:10:16,6f826f70-5567-11e8-a78f-dca9047ef277,1,1,2048,1494
59e44131-23d2-11e8-a6a3-ec086b02610b,59e44131-23d2-11e8-a6a3-ec086b02610b.jpg,6,bobcat,41,2012-09-21 03:41:57,701152d9-5567-11e8-9c2c-dca9047ef277,3,3,2048,1494
59e441b3-23d2-11e8-a6a3-ec086b02610b,59e441b3-23d2-11e8-a6a3-ec086b02610b.jpg,6,bobcat,28,2011-06-11 17:06:52,6f1273fa-5567-11e8-9dc8-dca9047ef277,3,3,2048,1494
59e5dfa1-23d2-11e8-a6a3-ec086b02610b,59e5dfa1-23d2-11e8-a6a3-ec086b02610b.jpg,6,bobcat,41,2012-10-12 09:50:47,70115699-5567-11e8-ac6b-dca9047ef277,1,3,2048,1494
59e5dfcd-23d2-11e8-a6a3-ec086b02610b,59e5dfcd-23d2-11e8-a6a3-ec086b02610b.jpg,6,bobcat,51,2011-07-16 03:39:34,6f1c7eeb-5567-11e8-a436-dca9047ef277,3,3,2048,1494
59e5e0da-23d2-11e8-a6a3-ec086b02610b,59e5e0da-23d2-11e8-a6a3-ec086b02610b.jpg,6,bobcat,18,2012-02-21 20:36:10,6f06b36b-5567-11e8-9f92-dca9047ef277,1,3,2048,1494
59e77ba2-23d2-11e8-a6a3-ec086b02610b,59e77ba2-23d2-11e8-a6a3-ec086b02610b.jpg,6,bobcat,0,2011-10-31 02:06:00,700b3be8-5567-11e8-aa34-dca9047ef277,1,1,2048,1536
59e77c3c-23d2-11e8-a6a3-ec086b02610b,59e77c3c-23d2-11e8-a6a3-ec086b02610b.jpg,6,bobcat,34,2013-10-03 18:15:38,7014be0c-5567-11e8-8747-dca9047ef277,2,3,800,584
59e77c95-23d2-11e8-a6a3-ec086b02610b,59e77c95-23d2-11e8-a6a3-ec086b02610b.jpg,6,bobcat,58,2012-05-05 01:34:02,6f134a8c-5567-11e8-8335-dca9047ef277,2,3,2048,1494
59e77ceb-23d2-11e8-a6a3-ec086b02610b,59e77ceb-23d2-11e8-a6a3-ec086b02610b.jpg,6,bobcat,5,2012-03-18 22:44:31,6f1940e8-5567-11e8-8a45-dca9047ef277,2,3,2048,1494
59e918dc-23d2-11e8-a6a3-ec086b02610b,59e918dc-23d2-11e8-a6a3-ec086b02610b.jpg,6,bobcat,13,2014-05-05 18:55:29,701592e6-5567-11e8-ae26-dca9047ef277,3,3,2048,1494
59e918f9-23d2-11e8-a6a3-ec086b02610b,59e918f9-23d2-11e8-a6a3-ec086b02610b.jpg,6,bobcat,57,2014-01-09 12:11:14,6f83609c-5567-11e8-a642-dca9047ef277,1,1,2048,1494
59e91a13-23d2-11e8-a6a3-ec086b02610b,59e91a13-23d2-11e8-a6a3-ec086b02610b.jpg,6,bobcat,64,2012-03-30 19:36:06,6f198d66-5567-11e8-89c1-dca9047ef277,2,3,2048,1494
59e91aa0-23d2-11e8-a6a3-ec086b02610b,59e91aa0-23d2-11e8-a6a3-ec086b02610b.jpg,6,bobcat,26,2013-12-29 01:50:25,6f29f6a6-5567-11e8-a46a-dca9047ef277,1,1,2048,1494
59e91aa8-23d2-11e8-a6a3-ec086b02610b,59e91aa8-23d2-11e8-a6a3-ec086b02610b.jpg,6,bobcat,28,2012-01-23 17:49:44,6f12b694-5567-11e8-9ac7-dca9047ef277,3,3,2048,1494
59e91aad-23d2-11e8-a6a3-ec086b02610b,59e91aad-23d2-11e8-a6a3-ec086b02610b.jpg,6,bobcat,60,2012-05-10 21:32:45,6f05a65c-5567-11e8-a911-dca9047ef277,3,3,2048,1494
59e91ae0-23d2-11e8-a6a3-ec086b02610b,59e91ae0-23d2-11e8-a6a3-ec086b02610b.jpg,6,bobcat,23,2014-01-22 12:44:42,6fe2b9f3-5567-11e8-8daa-dca9047ef277,1,1,2048,1494
59e91bce-23d2-11e8-a6a3-ec086b02610b,59e91bce-23d2-11e8-a6a3-ec086b02610b.jpg,6,bobcat,26,2014-03-03 02:27:06,6f2c1954-5567-11e8-97fc-dca9047ef277,1,1,2048,1494
59eab75a-23d2-11e8-a6a3-ec086b02610b,59eab75a-23d2-11e8-a6a3-ec086b02610b.jpg,6,bobcat,29,2012-07-17 01:23:00,700a7097-5567-11e8-9815-dca9047ef277,1,1,2048,1536
59eab792-23d2-11e8-a6a3-ec086b02610b,59eab792-23d2-11e8-a6a3-ec086b02610b.jpg,6,bobcat,58,2012-02-21 20:01:47,6f1334ca-5567-11e8-bfd1-dca9047ef277,1,3,2048,1494
59eab795-23d2-11e8-a6a3-ec086b02610b,59eab795-23d2-11e8-a6a3-ec086b02610b.jpg,6,bobcat,46,2011-06-12 16:59:12,6f16aa57-5567-11e8-b717-dca9047ef277,2,3,2048,1494
59eab7bc-23d2-11e8-a6a3-ec086b02610b,59eab7bc-23d2-11e8-a6a3-ec086b02610b.jpg,6,bobcat,64,2012-05-25 23:54:19,6f19abb8-5567-11e8-a4e2-dca9047ef277,2,3,2048,1494
59eab832-23d2-11e8-a6a3-ec086b02610b,59eab832-23d2-11e8-a6a3-ec086b02610b.jpg,6,bobcat,0,2011-09-09 01:19:00,700b21f8-5567-11e8-9a95-dca9047ef277,1,1,2048,1536
59eab855-23d2-11e8-a6a3-ec086b02610b,59eab855-23d2-11e8-a6a3-ec086b02610b.jpg,6,bobcat,38,2012-06-09 19:10:14,6f055d14-5567-11e8-bdf5-dca9047ef277,3,3,2048,1494
59eab8f1-23d2-11e8-a6a3-ec086b02610b,59eab8f1-23d2-11e8-a6a3-ec086b02610b.jpg,6,bobcat,29,2013-03-24 07:59:43,700a94cc-5567-11e8-b57c-dca9047ef277,1,1,2560,1920
59ec52a6-23d2-11e8-a6a3-ec086b02610b,59ec52a6-23d2-11e8-a6a3-ec086b02610b.jpg,6,bobcat,51,2011-12-21 03:22:46,6f1cf514-5567-11e8-91e2-dca9047ef277,2,3,2048,1494
59ec5326-23d2-11e8-a6a3-ec086b02610b,59ec5326-23d2-11e8-a6a3-ec086b02610b.jpg,6,bobcat,26,2014-04-23 14:41:07,6f35b5b8-5567-11e8-9840-dca9047ef277,1,1,2048,1494
59ec54b8-23d2-11e8-a6a3-ec086b02610b,59ec54b8-23d2-11e8-a6a3-ec086b02610b.jpg,6,bobcat,57,2014-03-12 20:14:37,6f862251-5567-11e8-aef3-dca9047ef277,1,1,2048,1494
59ec5603-23d2-11e8-a6a3-ec086b02610b,59ec5603-23d2-11e8-a6a3-ec086b02610b.jpg,6,bobcat,58,2012-03-20 22:59:24,6f133d61-5567-11e8-a3bd-dca9047ef277,1,3,2048,1494
59ec561b-23d2-11e8-a6a3-ec086b02610b,59ec561b-23d2-11e8-a6a3-ec086b02610b.jpg,6,bobcat,63,2013-11-27 23:12:31,70175d42-5567-11e8-a603-dca9047ef277,3,3,2048,1494
59edf071-23d2-11e8-a6a3-ec086b02610b,59edf071-23d2-11e8-a6a3-ec086b02610b.jpg,6,bobcat,23,2014-01-14 19:47:13,6fe254c7-5567-11e8-b90f-dca9047ef277,1,1,2048,1494
59edf07a-23d2-11e8-a6a3-ec086b02610b,59edf07a-23d2-11e8-a6a3-ec086b02610b.jpg,6,bobcat,13,2013-10-04 07:04:28,70158151-5567-11e8-b206-dca9047ef277,1,3,2048,1494
59edf1a6-23d2-11e8-a6a3-ec086b02610b,59edf1a6-23d2-11e8-a6a3-ec086b02610b.jpg,6,bobcat,18,2012-02-21 20:37:53,6f06b3e3-5567-11e8-95a9-dca9047ef277,3,3,2048,1494
59edf1ff-23d2-11e8-a6a3-ec086b02610b,59edf1ff-23d2-11e8-a6a3-ec086b02610b.jpg,6,bobcat,35,2015-04-15 12:07:48,7011434c-5567-11e8-aa06-dca9047ef277,2,3,2048,1494
59edf257-23d2-11e8-a6a3-ec086b02610b,59edf257-23d2-11e8-a6a3-ec086b02610b.jpg,6,bobcat,59,2014-11-06 19:02:11,70188af8-5567-11e8-a720-dca9047ef277,3,3,2048,1494
59edf260-23d2-11e8-a6a3-ec086b02610b,59edf260-23d2-11e8-a6a3-ec086b02610b.jpg,6,bobcat,39,2014-03-03 16:22:32,701ebf91-5567-11e8-9b21-dca9047ef277,2,3,2048,1494
59edf264-23d2-11e8-a6a3-ec086b02610b,59edf264-23d2-11e8-a6a3-ec086b02610b.jpg,6,bobcat,2,2013-08-28 04:27:20,7015504a-5567-11e8-9687-dca9047ef277,3,3,2048,1494
59ef8be0-23d2-11e8-a6a3-ec086b02610b,59ef8be0-23d2-11e8-a6a3-ec086b02610b.jpg,6,bobcat,58,2012-01-14 04:39:11,6f132097-5567-11e8-8ddc-dca9047ef277,3,3,2048,1494
59ef8c44-23d2-11e8-a6a3-ec086b02610b,59ef8c44-23d2-11e8-a6a3-ec086b02610b.jpg,6,bobcat,33,2012-01-10 23:42:05,6f09978a-5567-11e8-bb0d-dca9047ef277,3,3,2048,1494
59ef8c8f-23d2-11e8-a6a3-ec086b02610b,59ef8c8f-23d2-11e8-a6a3-ec086b02610b.jpg,6,bobcat,26,2014-02-20 12:58:13,6f2bcb47-5567-11e8-a5b2-dca9047ef277,1,1,2048,1494
59ef8d27-23d2-11e8-a6a3-ec086b02610b,59ef8d27-23d2-11e8-a6a3-ec086b02610b.jpg,6,bobcat,34,2014-01-26 13:45:05,70151e0f-5567-11e8-b966-dca9047ef277,1,3,2048,1494
59ef8e13-23d2-11e8-a6a3-ec086b02610b,59ef8e13-23d2-11e8-a6a3-ec086b02610b.jpg,6,bobcat,36,2011-07-07 03:46:00,70088bbd-5567-11e8-9235-dca9047ef277,1,1,2048,1536
59ef8eed-23d2-11e8-a6a3-ec086b02610b,59ef8eed-23d2-11e8-a6a3-ec086b02610b.jpg,6,bobcat,26,2014-04-03 23:25:08,6f2d2bfa-5567-11e8-8ce1-dca9047ef277,1,1,2048,1494
59f12ba1-23d2-11e8-a6a3-ec086b02610b,59f12ba1-23d2-11e8-a6a3-ec086b02610b.jpg,6,bobcat,7,2012-04-11 23:32:14,6f07a50f-5567-11e8-a21c-dca9047ef277,2,3,2048,1494
59f2c3ba-23d2-11e8-a6a3-ec086b02610b,59f2c3ba-23d2-11e8-a6a3-ec086b02610b.jpg,6,bobcat,0,2013-01-11 00:18:23,700c8c78-5567-11e8-848d-dca9047ef277,1,1,2560,1920
59f2c496-23d2-11e8-a6a3-ec086b02610b,59f2c496-23d2-11e8-a6a3-ec086b02610b.jpg,6,bobcat,28,2011-11-05 18:37:48,6f129982-5567-11e8-a9a3-dca9047ef277,2,3,2048,1494
59f2c55a-23d2-11e8-a6a3-ec086b02610b,59f2c55a-23d2-11e8-a6a3-ec086b02610b.jpg,6,bobcat,57,2014-09-28 06:53:29,6f8f5563-5567-11e8-8364-dca9047ef277,1,1,2048,1494
59f2c637-23d2-11e8-a6a3-ec086b02610b,59f2c637-23d2-11e8-a6a3-ec086b02610b.jpg,6,bobcat,16,2013-08-16 03:50:32,70192f8c-5567-11e8-b0b7-dca9047ef277,3,3,2048,1494
59f46120-23d2-11e8-a6a3-ec086b02610b,59f46120-23d2-11e8-a6a3-ec086b02610b.jpg,6,bobcat,24,2012-02-20 21:18:27,6f0a8468-5567-11e8-914c-dca9047ef277,3,3,2048,1494
59f4612d-23d2-11e8-a6a3-ec086b02610b,59f4612d-23d2-11e8-a6a3-ec086b02610b.jpg,6,bobcat,17,2011-06-01 00:03:00,7009e342-5567-11e8-bf5f-dca9047ef277,1,1,2048,1536
59f462ab-23d2-11e8-a6a3-ec086b02610b,59f462ab-23d2-11e8-a6a3-ec086b02610b.jpg,6,bobcat,37,2014-05-13 22:55:20,70181bba-5567-11e8-bfb8-dca9047ef277,3,3,2048,1494
59f46354-23d2-11e8-a6a3-ec086b02610b,59f46354-23d2-11e8-a6a3-ec086b02610b.jpg,6,bobcat,61,2013-10-18 21:31:38,70139823-5567-11e8-bcd0-dca9047ef277,1,3,2048,1494
59f5ff04-23d2-11e8-a6a3-ec086b02610b,59f5ff04-23d2-11e8-a6a3-ec086b02610b.jpg,6,bobcat,29,2011-04-14 22:01:00,700a4405-5567-11e8-952a-dca9047ef277,1,1,2048,1536
59f5ff17-23d2-11e8-a6a3-ec086b02610b,59f5ff17-23d2-11e8-a6a3-ec086b02610b.jpg,6,bobcat,7,2011-12-30 12:55:36,6f0740c0-5567-11e8-81a0-dca9047ef277,1,3,2048,1494
59f5ff84-23d2-11e8-a6a3-ec086b02610b,59f5ff84-23d2-11e8-a6a3-ec086b02610b.jpg,6,bobcat,61,2013-10-25 09:51:57,70139c21-5567-11e8-a02e-dca9047ef277,3,3,2048,1494
59f5ffb7-23d2-11e8-a6a3-ec086b02610b,59f5ffb7-23d2-11e8-a6a3-ec086b02610b.jpg,6,bobcat,43,2012-03-21 03:03:20,6f0c6351-5567-11e8-bf94-dca9047ef277,2,3,2048,1494
59f79875-23d2-11e8-a6a3-ec086b02610b,59f79875-23d2-11e8-a6a3-ec086b02610b.jpg,6,bobcat,2,2013-08-28 04:27:21,7015509c-5567-11e8-97bf-dca9047ef277,1,3,2048,1494
59f798e5-23d2-11e8-a6a3-ec086b02610b,59f798e5-23d2-11e8-a6a3-ec086b02610b.jpg,6,bobcat,14,2013-09-09 01:00:43,7018f11e-5567-11e8-9114-dca9047ef277,1,3,2048,1494
59f79a81-23d2-11e8-a6a3-ec086b02610b,59f79a81-23d2-11e8-a6a3-ec086b02610b.jpg,6,bobcat,14,2013-09-09 01:00:37,7018f080-5567-11e8-8aa9-dca9047ef277,2,3,2048,1494
59f944ea-23d2-11e8-a6a3-ec086b02610b,59f944ea-23d2-11e8-a6a3-ec086b02610b.jpg,6,bobcat,43,2012-04-07 05:55:22,6f0c7a40-5567-11e8-ae6f-dca9047ef277,1,3,2048,1494
59f947d1-23d2-11e8-a6a3-ec086b02610b,59f947d1-23d2-11e8-a6a3-ec086b02610b.jpg,6,bobcat,39,2014-03-31 19:38:39,701eca47-5567-11e8-9453-dca9047ef277,1,3,2048,1494
59fc7ced-23d2-11e8-a6a3-ec086b02610b,59fc7ced-23d2-11e8-a6a3-ec086b02610b.jpg,6,bobcat,0,2011-05-31 23:58:00,700ae3ee-5567-11e8-8cf5-dca9047ef277,1,1,2048,1536
59fc7e47-23d2-11e8-a6a3-ec086b02610b,59fc7e47-23d2-11e8-a6a3-ec086b02610b.jpg,6,bobcat,36,2012-02-03 04:19:00,7009812b-5567-11e8-a52d-dca9047ef277,1,1,2048,1536
59fc8002-23d2-11e8-a6a3-ec086b02610b,59fc8002-23d2-11e8-a6a3-ec086b02610b.jpg,6,bobcat,28,2011-12-24 17:21:41,6f12a6d7-5567-11e8-bb7c-dca9047ef277,3,3,2048,1494
59fe206b-23d2-11e8-a6a3-ec086b02610b,59fe206b-23d2-11e8-a6a3-ec086b02610b.jpg,6,bobcat,28,2011-12-15 15:31:56,6f12a3d4-5567-11e8-97c9-dca9047ef277,3,3,2048,1494
59fe207b-23d2-11e8-a6a3-ec086b02610b,59fe207b-23d2-11e8-a6a3-ec086b02610b.jpg,6,bobcat,0,2011-09-16 04:54:00,700b243a-5567-11e8-8976-dca9047ef277,1,1,2048,1536
59fe2117-23d2-11e8-a6a3-ec086b02610b,59fe2117-23d2-11e8-a6a3-ec086b02610b.jpg,6,bobcat,32,2015-03-14 12:37:38,70113368-5567-11e8-9c1a-dca9047ef277,1,3,2048,1494
59fe21d7-23d2-11e8-a6a3-ec086b02610b,59fe21d7-23d2-11e8-a6a3-ec086b02610b.jpg,6,bobcat,39,2014-03-14 14:56:30,701ec500-5567-11e8-b50b-dca9047ef277,2,3,2048,1494
59fe23e8-23d2-11e8-a6a3-ec086b02610b,59fe23e8-23d2-11e8-a6a3-ec086b02610b.jpg,6,bobcat,0,2011-11-27 04:57:00,700b631e-5567-11e8-94f5-dca9047ef277,1,1,2048,1536
59ffb9b6-23d2-11e8-a6a3-ec086b02610b,59ffb9b6-23d2-11e8-a6a3-ec086b02610b.jpg,6,bobcat,43,2011-12-16 05:11:19,6f0befb0-5567-11e8-971b-dca9047ef277,1,3,2048,1494
59ffbaed-23d2-11e8-a6a3-ec086b02610b,59ffbaed-23d2-11e8-a6a3-ec086b02610b.jpg,6,bobcat,26,2014-04-03 02:06:28,6f2d2447-5567-11e8-b2a8-dca9047ef277,1,1,2048,1494
59ffbcd4-23d2-11e8-a6a3-ec086b02610b,59ffbcd4-23d2-11e8-a6a3-ec086b02610b.jpg,6,bobcat,24,2012-03-15 01:33:02,6f0a8b4a-5567-11e8-994c-dca9047ef277,1,3,2048,1494
5a015b52-23d2-11e8-a6a3-ec086b02610b,5a015b52-23d2-11e8-a6a3-ec086b02610b.jpg,6,bobcat,61,2013-08-04 05:33:13,701374b5-5567-11e8-b197-dca9047ef277,3,3,2048,1494
5a015bee-23d2-11e8-a6a3-ec086b02610b,5a015bee-23d2-11e8-a6a3-ec086b02610b.jpg,6,bobcat,51,2011-12-01 02:57:18,6f1cecb8-5567-11e8-8d2f-dca9047ef277,2,3,2048,1494
5a015c90-23d2-11e8-a6a3-ec086b02610b,5a015c90-23d2-11e8-a6a3-ec086b02610b.jpg,6,bobcat,24,2011-12-16 12:04:30,6f0a7217-5567-11e8-9169-dca9047ef277,3,3,2048,1494
5a015dcf-23d2-11e8-a6a3-ec086b02610b,5a015dcf-23d2-11e8-a6a3-ec086b02610b.jpg,6,bobcat,5,2012-01-03 01:32:11,6f193e2e-5567-11e8-82bf-dca9047ef277,3,3,2048,1494
5a015e35-23d2-11e8-a6a3-ec086b02610b,5a015e35-23d2-11e8-a6a3-ec086b02610b.jpg,6,bobcat,58,2011-08-05 04:40:56,6f130a40-5567-11e8-90c2-dca9047ef277,1,3,2048,1494
5a015ee9-23d2-11e8-a6a3-ec086b02610b,5a015ee9-23d2-11e8-a6a3-ec086b02610b.jpg,6,bobcat,24,2011-11-09 21:43:54,6f0a6728-5567-11e8-ab60-dca9047ef277,3,3,2048,1494
5a02f96c-23d2-11e8-a6a3-ec086b02610b,5a02f96c-23d2-11e8-a6a3-ec086b02610b.jpg,6,bobcat,36,2011-10-11 00:51:00,7008ae28-5567-11e8-af65-dca9047ef277,1,1,2048,1536
5a02fa28-23d2-11e8-a6a3-ec086b02610b,5a02fa28-23d2-11e8-a6a3-ec086b02610b.jpg,6,bobcat,51,2011-12-23 22:12:25,6f1cf5c7-5567-11e8-9dec-dca9047ef277,1,3,2048,1494
5a02fa4a-23d2-11e8-a6a3-ec086b02610b,5a02fa4a-23d2-11e8-a6a3-ec086b02610b.jpg,6,bobcat,64,2012-05-25 23:22:21,6f19a9c2-5567-11e8-95c5-dca9047ef277,2,3,2048,1494
5a02fafb-23d2-11e8-a6a3-ec086b02610b,5a02fafb-23d2-11e8-a6a3-ec086b02610b.jpg,6,bobcat,41,2012-09-10 21:22:00,70114c7d-5567-11e8-a9e8-dca9047ef277,2,3,2048,1494
5a02fbb1-23d2-11e8-a6a3-ec086b02610b,5a02fbb1-23d2-11e8-a6a3-ec086b02610b.jpg,6,bobcat,51,2011-07-16 03:49:02,6f1c814c-5567-11e8-9425-dca9047ef277,1,3,2048,1494
5a0493f3-23d2-11e8-a6a3-ec086b02610b,5a0493f3-23d2-11e8-a6a3-ec086b02610b.jpg,6,bobcat,58,2012-02-16 12:51:47,6f133178-5567-11e8-bd29-dca9047ef277,2,3,2048,1494
5a049436-23d2-11e8-a6a3-ec086b02610b,5a049436-23d2-11e8-a6a3-ec086b02610b.jpg,6,bobcat,12,2014-09-14 01:16:15,701be0d9-5567-11e8-989b-dca9047ef277,3,3,2048,1494
5a04958e-23d2-11e8-a6a3-ec086b02610b,5a04958e-23d2-11e8-a6a3-ec086b02610b.jpg,6,bobcat,24,2011-11-27 02:23:50,6f0a6e6b-5567-11e8-8ebf-dca9047ef277,2,3,2048,1494
5a062f4f-23d2-11e8-a6a3-ec086b02610b,5a062f4f-23d2-11e8-a6a3-ec086b02610b.jpg,6,bobcat,61,2014-06-11 12:54:48,7013b500-5567-11e8-9d95-dca9047ef277,2,3,2048,1494
5a06318b-23d2-11e8-a6a3-ec086b02610b,5a06318b-23d2-11e8-a6a3-ec086b02610b.jpg,6,bobcat,24,2012-02-20 21:18:49,6f0a84cc-5567-11e8-9560-dca9047ef277,1,3,2048,1494
5a07cc5a-23d2-11e8-a6a3-ec086b02610b,5a07cc5a-23d2-11e8-a6a3-ec086b02610b.jpg,6,bobcat,5,2011-12-14 17:29:43,6f193bae-5567-11e8-83f9-dca9047ef277,2,3,2048,1494
5a07cc92-23d2-11e8-a6a3-ec086b02610b,5a07cc92-23d2-11e8-a6a3-ec086b02610b.jpg,6,bobcat,51,2011-08-07 04:54:06,6f1ca294-5567-11e8-b460-dca9047ef277,3,3,2048,1494
5a07cd57-23d2-11e8-a6a3-ec086b02610b,5a07cd57-23d2-11e8-a6a3-ec086b02610b.jpg,6,bobcat,0,2011-08-29 03:10:00,700b1a6e-5567-11e8-b29f-dca9047ef277,1,1,2048,1536
5a07cd6c-23d2-11e8-a6a3-ec086b02610b,5a07cd6c-23d2-11e8-a6a3-ec086b02610b.jpg,6,bobcat,40,2011-11-25 06:34:51,6f0624c5-5567-11e8-a1b1-dca9047ef277,5,5,2048,1494
5a07cf3f-23d2-11e8-a6a3-ec086b02610b,5a07cf3f-23d2-11e8-a6a3-ec086b02610b.jpg,6,bobcat,33,2012-01-13 20:11:16,6f099c42-5567-11e8-bf3d-dca9047ef277,1,3,2048,1494
5a096911-23d2-11e8-a6a3-ec086b02610b,5a096911-23d2-11e8-a6a3-ec086b02610b.jpg,6,bobcat,26,2014-04-03 02:06:10,6f2d23ba-5567-11e8-a175-dca9047ef277,1,1,2048,1494
5a096a45-23d2-11e8-a6a3-ec086b02610b,5a096a45-23d2-11e8-a6a3-ec086b02610b.jpg,6,bobcat,43,2012-03-04 04:26:07,6f0c4f00-5567-11e8-a52e-dca9047ef277,1,3,2048,1494
5a096b10-23d2-11e8-a6a3-ec086b02610b,5a096b10-23d2-11e8-a6a3-ec086b02610b.jpg,6,bobcat,34,2014-01-26 03:41:16,70151b70-5567-11e8-997e-dca9047ef277,3,3,2048,1494
5a0b01e6-23d2-11e8-a6a3-ec086b02610b,5a0b01e6-23d2-11e8-a6a3-ec086b02610b.jpg,6,bobcat,14,2013-09-09 01:00:34,7018f03a-5567-11e8-b1c2-dca9047ef277,3,3,2048,1494
5a0b01fa-23d2-11e8-a6a3-ec086b02610b,5a0b01fa-23d2-11e8-a6a3-ec086b02610b.jpg,6,bobcat,24,2011-11-27 02:23:48,6f0a6e07-5567-11e8-885f-dca9047ef277,3,3,2048,1494
5a0b0211-23d2-11e8-a6a3-ec086b02610b,5a0b0211-23d2-11e8-a6a3-ec086b02610b.jpg,6,bobcat,5,2012-01-02 12:11:26,6f193de6-5567-11e8-a1e5-dca9047ef277,1,3,2048,1494
5a0b037b-23d2-11e8-a6a3-ec086b02610b,5a0b037b-23d2-11e8-a6a3-ec086b02610b.jpg,6,bobcat,0,2011-09-19 22:12:00,700b2517-5567-11e8-81e8-dca9047ef277,1,1,2048,1536
5a0c9cfe-23d2-11e8-a6a3-ec086b02610b,5a0c9cfe-23d2-11e8-a6a3-ec086b02610b.jpg,6,bobcat,2,2013-10-11 05:18:34,70155f07-5567-11e8-b3c7-dca9047ef277,1,3,2048,1494
5a0c9d7e-23d2-11e8-a6a3-ec086b02610b,5a0c9d7e-23d2-11e8-a6a3-ec086b02610b.jpg,6,bobcat,60,2012-05-16 12:54:50,6f05a830-5567-11e8-97eb-dca9047ef277,3,3,2048,1494
5a0e34a9-23d2-11e8-a6a3-ec086b02610b,5a0e34a9-23d2-11e8-a6a3-ec086b02610b.jpg,6,bobcat,36,2011-12-20 18:57:00,700918d7-5567-11e8-9eee-dca9047ef277,1,1,2048,1536
5a0e3514-23d2-11e8-a6a3-ec086b02610b,5a0e3514-23d2-11e8-a6a3-ec086b02610b.jpg,6,bobcat,29,2013-01-28 16:58:53,700a9011-5567-11e8-a126-dca9047ef277,1,1,2560,1920
5a0e35b0-23d2-11e8-a6a3-ec086b02610b,5a0e35b0-23d2-11e8-a6a3-ec086b02610b.jpg,6,bobcat,36,2011-08-22 23:43:00,70089bde-5567-11e8-ac7b-dca9047ef277,1,1,2048,1536
5a0e35da-23d2-11e8-a6a3-ec086b02610b,5a0e35da-23d2-11e8-a6a3-ec086b02610b.jpg,6,bobcat,41,2012-10-24 18:32:33,70115870-5567-11e8-a760-dca9047ef277,3,3,2048,1494
5a0e3693-23d2-11e8-a6a3-ec086b02610b,5a0e3693-23d2-11e8-a6a3-ec086b02610b.jpg,6,bobcat,36,2011-09-04 03:12:00,7008a00f-5567-11e8-9db5-dca9047ef277,1,1,2048,1536
5a0e3792-23d2-11e8-a6a3-ec086b02610b,5a0e3792-23d2-11e8-a6a3-ec086b02610b.jpg,6,bobcat,23,2014-02-15 21:07:23,6fe3d833-5567-11e8-9bd9-dca9047ef277,1,1,2048,1494
5a0fcf75-23d2-11e8-a6a3-ec086b02610b,5a0fcf75-23d2-11e8-a6a3-ec086b02610b.jpg,6,bobcat,60,2012-02-04 23:43:04,6f05842e-5567-11e8-a8cc-dca9047ef277,1,5,2048,1494
5a0fcfbf-23d2-11e8-a6a3-ec086b02610b,5a0fcfbf-23d2-11e8-a6a3-ec086b02610b.jpg,6,bobcat,51,2011-07-16 03:50:44,6f1c81eb-5567-11e8-ba3c-dca9047ef277,2,3,2048,1494
5a0fcff1-23d2-11e8-a6a3-ec086b02610b,5a0fcff1-23d2-11e8-a6a3-ec086b02610b.jpg,6,bobcat,24,2011-10-02 02:19:53,6f0a5f42-5567-11e8-8a4c-dca9047ef277,2,3,2048,1494
5a0fd195-23d2-11e8-a6a3-ec086b02610b,5a0fd195-23d2-11e8-a6a3-ec086b02610b.jpg,6,bobcat,7,2011-12-30 12:45:20,6f073d80-5567-11e8-93fd-dca9047ef277,3,3,2048,1494
5a116c17-23d2-11e8-a6a3-ec086b02610b,5a116c17-23d2-11e8-a6a3-ec086b02610b.jpg,6,bobcat,43,2011-12-07 09:12:53,6f0bdebd-5567-11e8-b266-dca9047ef277,2,3,2048,1494
5a116c39-23d2-11e8-a6a3-ec086b02610b,5a116c39-23d2-11e8-a6a3-ec086b02610b.jpg,6,bobcat,5,2012-04-17 04:30:28,6f1941e3-5567-11e8-9af3-dca9047ef277,2,3,2048,1494
5a116c9a-23d2-11e8-a6a3-ec086b02610b,5a116c9a-23d2-11e8-a6a3-ec086b02610b.jpg,6,bobcat,36,2011-10-12 19:44:00,7008af4a-5567-11e8-ba1c-dca9047ef277,1,1,2048,1536
5a116e1b-23d2-11e8-a6a3-ec086b02610b,5a116e1b-23d2-11e8-a6a3-ec086b02610b.jpg,6,bobcat,64,2012-02-20 19:05:06,6f197ef3-5567-11e8-94ea-dca9047ef277,2,3,2048,1494
5a1307cf-23d2-11e8-a6a3-ec086b02610b,5a1307cf-23d2-11e8-a6a3-ec086b02610b.jpg,6,bobcat,7,2011-12-30 12:49:34,6f073e4a-5567-11e8-88c0-dca9047ef277,3,3,2048,1494
5a1309fa-23d2-11e8-a6a3-ec086b02610b,5a1309fa-23d2-11e8-a6a3-ec086b02610b.jpg,6,bobcat,61,2013-10-25 09:51:59,70139c8f-5567-11e8-9f1f-dca9047ef277,2,3,2048,1494
5a130a5c-23d2-11e8-a6a3-ec086b02610b,5a130a5c-23d2-11e8-a6a3-ec086b02610b.jpg,6,bobcat,46,2011-06-23 05:46:03,6f16ca54-5567-11e8-9e6c-dca9047ef277,2,3,2048,1494
5a130a84-23d2-11e8-a6a3-ec086b02610b,5a130a84-23d2-11e8-a6a3-ec086b02610b.jpg,6,bobcat,5,2011-11-13 19:15:07,6f193a6e-5567-11e8-bc9d-dca9047ef277,3,3,2048,1494
5a130abd-23d2-11e8-a6a3-ec086b02610b,5a130abd-23d2-11e8-a6a3-ec086b02610b.jpg,6,bobcat,19,2014-03-18 06:09:51,701eaa66-5567-11e8-a4ae-dca9047ef277,1,3,2048,1494
5a14a453-23d2-11e8-a6a3-ec086b02610b,5a14a453-23d2-11e8-a6a3-ec086b02610b.jpg,6,bobcat,60,2012-03-28 20:40:04,6f0598c2-5567-11e8-836a-dca9047ef277,4,5,2048,1494
5a14a5a3-23d2-11e8-a6a3-ec086b02610b,5a14a5a3-23d2-11e8-a6a3-ec086b02610b.jpg,6,bobcat,43,2011-07-28 16:53:49,6f0b22f8-5567-11e8-b615-dca9047ef277,2,3,2048,1494
5a14a5b4-23d2-11e8-a6a3-ec086b02610b,5a14a5b4-23d2-11e8-a6a3-ec086b02610b.jpg,6,bobcat,5,2012-01-01 04:41:53,6f193d99-5567-11e8-8725-dca9047ef277,1,3,2048,1494
5a14a6b0-23d2-11e8-a6a3-ec086b02610b,5a14a6b0-23d2-11e8-a6a3-ec086b02610b.jpg,6,bobcat,23,2014-03-31 11:49:11,6fe5ac70-5567-11e8-b418-dca9047ef277,1,1,2048,1494
5a164043-23d2-11e8-a6a3-ec086b02610b,5a164043-23d2-11e8-a6a3-ec086b02610b.jpg,6,bobcat,57,2014-02-03 01:09:17,6f84a705-5567-11e8-95ad-dca9047ef277,1,1,2048,1494
5a164175-23d2-11e8-a6a3-ec086b02610b,5a164175-23d2-11e8-a6a3-ec086b02610b.jpg,6,bobcat,12,2014-09-14 01:16:18,701be178-5567-11e8-9ff7-dca9047ef277,1,3,2048,1494
5a164200-23d2-11e8-a6a3-ec086b02610b,5a164200-23d2-11e8-a6a3-ec086b02610b.jpg,6,bobcat,43,2011-12-16 07:38:41,6f0bf0c0-5567-11e8-acaa-dca9047ef277,3,3,2048,1494
5a164239-23d2-11e8-a6a3-ec086b02610b,5a164239-23d2-11e8-a6a3-ec086b02610b.jpg,6,bobcat,2,2013-08-28 04:27:26,701550eb-5567-11e8-8357-dca9047ef277,2,3,2048,1494
5a17dcb2-23d2-11e8-a6a3-ec086b02610b,5a17dcb2-23d2-11e8-a6a3-ec086b02610b.jpg,6,bobcat,36,2011-04-12 04:15:00,70085963-5567-11e8-b9f2-dca9047ef277,1,1,2048,1536
5a17de1a-23d2-11e8-a6a3-ec086b02610b,5a17de1a-23d2-11e8-a6a3-ec086b02610b.jpg,6,bobcat,64,2012-05-25 23:23:19,6f19aa59-5567-11e8-9926-dca9047ef277,2,3,2048,1494
5a17decb-23d2-11e8-a6a3-ec086b02610b,5a17decb-23d2-11e8-a6a3-ec086b02610b.jpg,6,bobcat,34,2014-01-26 03:40:56,701519cc-5567-11e8-b1ac-dca9047ef277,3,3,2048,1494
5a17e033-23d2-11e8-a6a3-ec086b02610b,5a17e033-23d2-11e8-a6a3-ec086b02610b.jpg,6,bobcat,36,2011-07-20 22:42:00,7008928a-5567-11e8-98d8-dca9047ef277,1,1,2048,1536
5a197946-23d2-11e8-a6a3-ec086b02610b,5a197946-23d2-11e8-a6a3-ec086b02610b.jpg,6,bobcat,28,2011-09-25 15:33:51,6f1292fd-5567-11e8-8584-dca9047ef277,3,3,2048,1494
5a197a1c-23d2-11e8-a6a3-ec086b02610b,5a197a1c-23d2-11e8-a6a3-ec086b02610b.jpg,6,bobcat,41,2012-09-21 03:41:47,70115245-5567-11e8-8042-dca9047ef277,2,3,2048,1494
5a197bff-23d2-11e8-a6a3-ec086b02610b,5a197bff-23d2-11e8-a6a3-ec086b02610b.jpg,6,bobcat,10,2013-12-26 12:19:43,701d68eb-5567-11e8-a111-dca9047ef277,3,3,2048,1494
5a197c3b-23d2-11e8-a6a3-ec086b02610b,5a197c3b-23d2-11e8-a6a3-ec086b02610b.jpg,6,bobcat,57,2014-02-14 01:24:26,6f8518ee-5567-11e8-bcd8-dca9047ef277,1,1,2048,1494
5a197c40-23d2-11e8-a6a3-ec086b02610b,5a197c40-23d2-11e8-a6a3-ec086b02610b.jpg,6,bobcat,46,2011-06-20 06:01:02,6f16c35e-5567-11e8-a1c6-dca9047ef277,2,3,2048,1494
5a197c46-23d2-11e8-a6a3-ec086b02610b,5a197c46-23d2-11e8-a6a3-ec086b02610b.jpg,6,bobcat,13,2013-11-18 07:00:38,70158db5-5567-11e8-9a3a-dca9047ef277,2,3,2048,1494
5a197cbe-23d2-11e8-a6a3-ec086b02610b,5a197cbe-23d2-11e8-a6a3-ec086b02610b.jpg,6,bobcat,33,2011-12-21 04:54:03,6f096c75-5567-11e8-bb86-dca9047ef277,2,3,2048,1494
5a1b130d-23d2-11e8-a6a3-ec086b02610b,5a1b130d-23d2-11e8-a6a3-ec086b02610b.jpg,6,bobcat,5,2011-12-21 04:46:33,6f193d3d-5567-11e8-b6a5-dca9047ef277,2,3,2048,1494
5a1b13be-23d2-11e8-a6a3-ec086b02610b,5a1b13be-23d2-11e8-a6a3-ec086b02610b.jpg,6,bobcat,29,2013-03-30 23:33:05,700a9707-5567-11e8-80a3-dca9047ef277,1,1,2560,1920
5a1b13ca-23d2-11e8-a6a3-ec086b02610b,5a1b13ca-23d2-11e8-a6a3-ec086b02610b.jpg,6,bobcat,39,2014-03-10 17:13:51,701ec370-5567-11e8-a335-dca9047ef277,2,3,2048,1494
5a1b1423-23d2-11e8-a6a3-ec086b02610b,5a1b1423-23d2-11e8-a6a3-ec086b02610b.jpg,6,bobcat,26,2014-03-21 04:20:58,6f2ca9d1-5567-11e8-8acc-dca9047ef277,1,1,2048,1494
5a1b1484-23d2-11e8-a6a3-ec086b02610b,5a1b1484-23d2-11e8-a6a3-ec086b02610b.jpg,6,bobcat,64,2012-01-29 03:28:47,6f19728f-5567-11e8-b89e-dca9047ef277,3,3,2048,1494
5a1b14d4-23d2-11e8-a6a3-ec086b02610b,5a1b14d4-23d2-11e8-a6a3-ec086b02610b.jpg,6,bobcat,24,2012-05-02 01:03:08,6f0a97f0-5567-11e8-9d92-dca9047ef277,2,3,2048,1494
5a1b1553-23d2-11e8-a6a3-ec086b02610b,5a1b1553-23d2-11e8-a6a3-ec086b02610b.jpg,6,bobcat,36,2011-10-29 03:22:00,7008b897-5567-11e8-87ad-dca9047ef277,1,1,2048,1536
5a1b1582-23d2-11e8-a6a3-ec086b02610b,5a1b1582-23d2-11e8-a6a3-ec086b02610b.jpg,6,bobcat,51,2011-07-16 03:54:18,6f1c84a6-5567-11e8-b7ad-dca9047ef277,1,3,2048,1494
5a1caf03-23d2-11e8-a6a3-ec086b02610b,5a1caf03-23d2-11e8-a6a3-ec086b02610b.jpg,6,bobcat,46,2012-05-07 22:18:48,6f18d77d-5567-11e8-a3c0-dca9047ef277,3,3,2048,1494
5a1cafa7-23d2-11e8-a6a3-ec086b02610b,5a1cafa7-23d2-11e8-a6a3-ec086b02610b.jpg,6,bobcat,60,2012-05-24 05:02:56,6f05a90f-5567-11e8-8e8d-dca9047ef277,1,3,2048,1494
5a1cb14a-23d2-11e8-a6a3-ec086b02610b,5a1cb14a-23d2-11e8-a6a3-ec086b02610b.jpg,6,bobcat,43,2011-05-16 09:14:26,6f0aaf9e-5567-11e8-9aed-dca9047ef277,1,3,2048,1494
5a1e5282-23d2-11e8-a6a3-ec086b02610b,5a1e5282-23d2-11e8-a6a3-ec086b02610b.jpg,6,bobcat,59,2014-11-06 19:02:16,70188b8f-5567-11e8-a758-dca9047ef277,2,3,2048,1494
5a1e5312-23d2-11e8-a6a3-ec086b02610b,5a1e5312-23d2-11e8-a6a3-ec086b02610b.jpg,6,bobcat,0,2011-07-23 00:20:00,700b0e47-5567-11e8-b15a-dca9047ef277,1,1,2048,1536
5a1fe8cc-23d2-11e8-a6a3-ec086b02610b,5a1fe8cc-23d2-11e8-a6a3-ec086b02610b.jpg,6,bobcat,39,2014-03-31 19:38:43,701eca97-5567-11e8-a29e-dca9047ef277,1,3,2048,1494
5a230e97-23d2-11e8-a6a3-ec086b02610b,5a230e97-23d2-11e8-a6a3-ec086b02610b.jpg,6,bobcat,28,2011-06-19 07:49:11,6f1278bd-5567-11e8-9bc5-dca9047ef277,1,3,2048,1494
5a231130-23d2-11e8-a6a3-ec086b02610b,5a231130-23d2-11e8-a6a3-ec086b02610b.jpg,6,bobcat,61,2014-11-07 04:12:29,70141b00-5567-11e8-bf9e-dca9047ef277,1,3,2048,1494
5a231144-23d2-11e8-a6a3-ec086b02610b,5a231144-23d2-11e8-a6a3-ec086b02610b.jpg,6,bobcat,43,2012-04-15 16:21:24,6f0c8940-5567-11e8-bef1-dca9047ef277,1,3,2048,1494
5a23114e-23d2-11e8-a6a3-ec086b02610b,5a23114e-23d2-11e8-a6a3-ec086b02610b.jpg,6,bobcat,5,2012-01-12 03:49:03,6f193ecf-5567-11e8-9e38-dca9047ef277,2,3,2048,1494
5a23126e-23d2-11e8-a6a3-ec086b02610b,5a23126e-23d2-11e8-a6a3-ec086b02610b.jpg,6,bobcat,37,2014-09-29 04:48:36,7018317a-5567-11e8-9e4e-dca9047ef277,1,3,2048,1494
5a24a765-23d2-11e8-a6a3-ec086b02610b,5a24a765-23d2-11e8-a6a3-ec086b02610b.jpg,6,bobcat,23,2013-12-28 15:18:45,6fe18b05-5567-11e8-8bf8-dca9047ef277,1,1,2048,1494
5a24a77e-23d2-11e8-a6a3-ec086b02610b,5a24a77e-23d2-11e8-a6a3-ec086b02610b.jpg,6,bobcat,46,2012-02-24 06:43:06,6f186b21-5567-11e8-af29-dca9047ef277,1,3,2048,1494
5a24a844-23d2-11e8-a6a3-ec086b02610b,5a24a844-23d2-11e8-a6a3-ec086b02610b.jpg,6,bobcat,7,2011-07-12 09:08:13,6f06e2ba-5567-11e8-80f9-dca9047ef277,3,3,2048,1494
5a24a980-23d2-11e8-a6a3-ec086b02610b,5a24a980-23d2-11e8-a6a3-ec086b02610b.jpg,6,bobcat,62,2011-03-18 19:56:00,7009abde-5567-11e8-86a6-dca9047ef277,1,1,2048,1536
5a263929-23d2-11e8-a6a3-ec086b02610b,5a263929-23d2-11e8-a6a3-ec086b02610b.jpg,6,bobcat,58,2012-02-16 12:51:57,6f1331d1-5567-11e8-99eb-dca9047ef277,2,3,2048,1494
5a26392b-23d2-11e8-a6a3-ec086b02610b,5a26392b-23d2-11e8-a6a3-ec086b02610b.jpg,6,bobcat,57,2014-03-04 13:46:13,6f85d494-5567-11e8-bb28-dca9047ef277,1,1,2048,1494
5a263951-23d2-11e8-a6a3-ec086b02610b,5a263951-23d2-11e8-a6a3-ec086b02610b.jpg,6,bobcat,61,2013-08-01 12:32:44,70136f8c-5567-11e8-b514-dca9047ef277,3,3,2048,1494
5a263a27-23d2-11e8-a6a3-ec086b02610b,5a263a27-23d2-11e8-a6a3-ec086b02610b.jpg,6,bobcat,23,2014-05-19 14:21:54,6fe7f6a6-5567-11e8-9037-dca9047ef277,1,1,2048,1494
5a263a51-23d2-11e8-a6a3-ec086b02610b,5a263a51-23d2-11e8-a6a3-ec086b02610b.jpg,6,bobcat,64,2012-02-25 18:55:36,6f197fe3-5567-11e8-a9b7-dca9047ef277,1,3,2048,1494
5a263b58-23d2-11e8-a6a3-ec086b02610b,5a263b58-23d2-11e8-a6a3-ec086b02610b.jpg,6,bobcat,24,2011-12-08 12:36:41,6f0a6f28-5567-11e8-9a12-dca9047ef277,3,3,2048,1494
5a27d7e9-23d2-11e8-a6a3-ec086b02610b,5a27d7e9-23d2-11e8-a6a3-ec086b02610b.jpg,6,bobcat,24,2011-07-12 03:38:15,6f0a595e-5567-11e8-915b-dca9047ef277,3,3,2048,1494
5a27d886-23d2-11e8-a6a3-ec086b02610b,5a27d886-23d2-11e8-a6a3-ec086b02610b.jpg,6,bobcat,61,2013-02-11 19:00:59,701364d1-5567-11e8-9760-dca9047ef277,2,3,2048,1494
5a27da5a-23d2-11e8-a6a3-ec086b02610b,5a27da5a-23d2-11e8-a6a3-ec086b02610b.jpg,6,bobcat,39,2014-03-31 19:38:46,701ecae6-5567-11e8-addf-dca9047ef277,1,3,2048,1494
5a27db33-23d2-11e8-a6a3-ec086b02610b,5a27db33-23d2-11e8-a6a3-ec086b02610b.jpg,6,bobcat,61,2014-11-06 17:43:06,701418a8-5567-11e8-a38b-dca9047ef277,2,3,2048,1494
5a27db8b-23d2-11e8-a6a3-ec086b02610b,5a27db8b-23d2-11e8-a6a3-ec086b02610b.jpg,6,bobcat,14,2013-09-09 01:00:41,7018f0cf-5567-11e8-98f3-dca9047ef277,3,3,2048,1494
5a296412-23d2-11e8-a6a3-ec086b02610b,5a296412-23d2-11e8-a6a3-ec086b02610b.jpg,6,bobcat,28,2011-07-01 05:49:23,6f127cf5-5567-11e8-9878-dca9047ef277,2,3,2048,1494
5a2964d1-23d2-11e8-a6a3-ec086b02610b,5a2964d1-23d2-11e8-a6a3-ec086b02610b.jpg,6,bobcat,28,2011-04-20 20:39:02,6f125eb0-5567-11e8-bd39-dca9047ef277,1,3,2048,1494
5a29650a-23d2-11e8-a6a3-ec086b02610b,5a29650a-23d2-11e8-a6a3-ec086b02610b.jpg,6,bobcat,61,2014-11-07 04:06:41,701419fd-5567-11e8-8929-dca9047ef277,3,3,2048,1494
5a296618-23d2-11e8-a6a3-ec086b02610b,5a296618-23d2-11e8-a6a3-ec086b02610b.jpg,6,bobcat,51,2011-11-19 01:48:58,6f1ce90c-5567-11e8-8255-dca9047ef277,1,3,2048,1494
5a29661d-23d2-11e8-a6a3-ec086b02610b,5a29661d-23d2-11e8-a6a3-ec086b02610b.jpg,6,bobcat,28,2011-08-02 18:01:22,6f128619-5567-11e8-b703-dca9047ef277,3,3,2048,1494
5a29668c-23d2-11e8-a6a3-ec086b02610b,5a29668c-23d2-11e8-a6a3-ec086b02610b.jpg,6,bobcat,46,2011-07-14 05:47:15,6f172f6e-5567-11e8-b8d6-dca9047ef277,3,3,2048,1494
5a2966a4-23d2-11e8-a6a3-ec086b02610b,5a2966a4-23d2-11e8-a6a3-ec086b02610b.jpg,6,bobcat,33,2012-03-19 12:05:23,6f0a15a1-5567-11e8-9cad-dca9047ef277,3,3,2048,1494
5a2c8498-23d2-11e8-a6a3-ec086b02610b,5a2c8498-23d2-11e8-a6a3-ec086b02610b.jpg,6,bobcat,28,2012-04-01 18:58:15,6f12c421-5567-11e8-b85e-dca9047ef277,3,3,2048,1494
5a2c8500-23d2-11e8-a6a3-ec086b02610b,5a2c8500-23d2-11e8-a6a3-ec086b02610b.jpg,6,bobcat,26,2013-12-29 01:51:16,6f29f7fa-5567-11e8-9bbf-dca9047ef277,1,1,2048,1494
5a2c8504-23d2-11e8-a6a3-ec086b02610b,5a2c8504-23d2-11e8-a6a3-ec086b02610b.jpg,6,bobcat,37,2014-05-13 22:55:08,70181b75-5567-11e8-a783-dca9047ef277,1,3,2048,1494
5a2c8535-23d2-11e8-a6a3-ec086b02610b,5a2c8535-23d2-11e8-a6a3-ec086b02610b.jpg,6,bobcat,63,2013-11-27 23:12:28,70175cf3-5567-11e8-acc0-dca9047ef277,3,3,2048,1494
5a2c856f-23d2-11e8-a6a3-ec086b02610b,5a2c856f-23d2-11e8-a6a3-ec086b02610b.jpg,6,bobcat,29,2012-12-28 03:04:59,700a88ae-5567-11e8-8247-dca9047ef277,1,1,2560,1920
5a2c85a7-23d2-11e8-a6a3-ec086b02610b,5a2c85a7-23d2-11e8-a6a3-ec086b02610b.jpg,6,bobcat,0,2011-08-15 04:43:00,700b1351-5567-11e8-9697-dca9047ef277,1,1,2048,1536
5a2c85e2-23d2-11e8-a6a3-ec086b02610b,5a2c85e2-23d2-11e8-a6a3-ec086b02610b.jpg,6,bobcat,62,2011-04-02 04:00:00,7009b173-5567-11e8-a14a-dca9047ef277,1,1,2048,1536
5a2c8666-23d2-11e8-a6a3-ec086b02610b,5a2c8666-23d2-11e8-a6a3-ec086b02610b.jpg,6,bobcat,59,2014-11-06 19:02:14,70188b40-5567-11e8-9999-dca9047ef277,3,3,2048,1494
5a2e1213-23d2-11e8-a6a3-ec086b02610b,5a2e1213-23d2-11e8-a6a3-ec086b02610b.jpg,6,bobcat,57,2014-07-26 23:02:07,6f8d54f8-5567-11e8-adae-dca9047ef277,1,1,2048,1494
5a2e13e1-23d2-11e8-a6a3-ec086b02610b,5a2e13e1-23d2-11e8-a6a3-ec086b02610b.jpg,6,bobcat,24,2011-11-08 04:27:53,6f0a66c5-5567-11e8-bf45-dca9047ef277,2,3,2048,1494
5858bff0-23d2-11e8-a6a3-ec086b02610b,5858bff0-23d2-11e8-a6a3-ec086b02610b.jpg,9,coyote,125,2011-06-26 05:52:14,6f15c919-5567-11e8-9814-dca9047ef277,2,3,2048,1494
5858c10a-23d2-11e8-a6a3-ec086b02610b,5858c10a-23d2-11e8-a6a3-ec086b02610b.jpg,9,coyote,76,2014-08-02 01:49:27,6f62e7cc-5567-11e8-a713-dca9047ef277,1,1,2048,1494
5858c211-23d2-11e8-a6a3-ec086b02610b,5858c211-23d2-11e8-a6a3-ec086b02610b.jpg,9,coyote,76,2014-10-02 01:28:37,6f660785-5567-11e8-a1de-dca9047ef277,1,1,2048,1494
5858c26f-23d2-11e8-a6a3-ec086b02610b,5858c26f-23d2-11e8-a6a3-ec086b02610b.jpg,9,coyote,88,2012-04-02 02:59:32,6f148c26-5567-11e8-87ee-dca9047ef277,3,3,2048,1494
585a62d3-23d2-11e8-a6a3-ec086b02610b,585a62d3-23d2-11e8-a6a3-ec086b02610b.jpg,9,coyote,117,2013-12-15 19:08:06,701b99f3-5567-11e8-a99b-dca9047ef277,2,3,2048,1494
585a63a2-23d2-11e8-a6a3-ec086b02610b,585a63a2-23d2-11e8-a6a3-ec086b02610b.jpg,9,coyote,88,2012-01-03 23:24:23,6f144cca-5567-11e8-a1e6-dca9047ef277,1,3,2048,1494
585a63fd-23d2-11e8-a6a3-ec086b02610b,585a63fd-23d2-11e8-a6a3-ec086b02610b.jpg,9,coyote,103,2012-05-22 12:34:56,6f1b6b99-5567-11e8-b920-dca9047ef277,1,3,2048,1494
585c0409-23d2-11e8-a6a3-ec086b02610b,585c0409-23d2-11e8-a6a3-ec086b02610b.jpg,9,coyote,137,2014-12-02 04:03:33,701a301c-5567-11e8-9878-dca9047ef277,2,3,2048,1494
585c062a-23d2-11e8-a6a3-ec086b02610b,585c062a-23d2-11e8-a6a3-ec086b02610b.jpg,9,coyote,129,2014-06-19 22:36:14,70185651-5567-11e8-bc1b-dca9047ef277,1,3,2048,1494
585da8a5-23d2-11e8-a6a3-ec086b02610b,585da8a5-23d2-11e8-a6a3-ec086b02610b.jpg,9,coyote,137,2014-11-28 04:22:33,701a286b-5567-11e8-95f0-dca9047ef277,2,3,2048,1494
585da9b3-23d2-11e8-a6a3-ec086b02610b,585da9b3-23d2-11e8-a6a3-ec086b02610b.jpg,9,coyote,86,2015-05-19 07:46:02,7019b9b5-5567-11e8-9412-dca9047ef277,1,3,2048,1494
585dab3c-23d2-11e8-a6a3-ec086b02610b,585dab3c-23d2-11e8-a6a3-ec086b02610b.jpg,9,coyote,78,2012-06-09 17:34:45,6f1c6d19-5567-11e8-b4b4-dca9047ef277,2,3,2048,1494
585dac4d-23d2-11e8-a6a3-ec086b02610b,585dac4d-23d2-11e8-a6a3-ec086b02610b.jpg,9,coyote,130,2012-02-25 10:01:06,6f0d5e42-5567-11e8-95a6-dca9047ef277,1,3,2048,1494
585f4d89-23d2-11e8-a6a3-ec086b02610b,585f4d89-23d2-11e8-a6a3-ec086b02610b.jpg,9,coyote,135,2013-03-28 23:29:58,70169807-5567-11e8-bf1b-dca9047ef277,3,3,2048,1494
585f4e2e-23d2-11e8-a6a3-ec086b02610b,585f4e2e-23d2-11e8-a6a3-ec086b02610b.jpg,9,coyote,81,2011-10-28 02:20:00,6f10c71c-5567-11e8-ace0-dca9047ef277,2,3,2048,1494
5860ecd6-23d2-11e8-a6a3-ec086b02610b,5860ecd6-23d2-11e8-a6a3-ec086b02610b.jpg,9,coyote,104,2014-06-30 20:01:55,701d134a-5567-11e8-b608-dca9047ef277,1,3,2048,1494
5860ee12-23d2-11e8-a6a3-ec086b02610b,5860ee12-23d2-11e8-a6a3-ec086b02610b.jpg,9,coyote,106,2014-01-23 02:54:28,6f6d5554-5567-11e8-a281-dca9047ef277,1,1,2048,1494
5860efea-23d2-11e8-a6a3-ec086b02610b,5860efea-23d2-11e8-a6a3-ec086b02610b.jpg,9,coyote,106,2014-01-23 03:35:14,6f6d5af5-5567-11e8-9658-dca9047ef277,1,1,2048,1494
586294af-23d2-11e8-a6a3-ec086b02610b,586294af-23d2-11e8-a6a3-ec086b02610b.jpg,9,coyote,129,2014-10-19 05:47:40,70185a23-5567-11e8-8bad-dca9047ef277,1,3,2048,1494
586294c9-23d2-11e8-a6a3-ec086b02610b,586294c9-23d2-11e8-a6a3-ec086b02610b.jpg,9,coyote,129,2014-06-19 22:35:54,7018556b-5567-11e8-9c3f-dca9047ef277,2,3,2048,1494
586436bd-23d2-11e8-a6a3-ec086b02610b,586436bd-23d2-11e8-a6a3-ec086b02610b.jpg,9,coyote,92,2014-07-30 20:36:12,7018e1ee-5567-11e8-9ed1-dca9047ef277,1,5,2048,1494
58643703-23d2-11e8-a6a3-ec086b02610b,58643703-23d2-11e8-a6a3-ec086b02610b.jpg,9,coyote,132,2011-05-17 23:21:00,700cdf17-5567-11e8-9c77-dca9047ef277,1,1,2048,1536
586437a4-23d2-11e8-a6a3-ec086b02610b,586437a4-23d2-11e8-a6a3-ec086b02610b.jpg,9,coyote,137,2014-11-30 07:18:44,701a2ce6-5567-11e8-b828-dca9047ef277,2,3,2048,1494
586437eb-23d2-11e8-a6a3-ec086b02610b,586437eb-23d2-11e8-a6a3-ec086b02610b.jpg,9,coyote,86,2014-03-07 07:35:28,70198d2e-5567-11e8-b4a8-dca9047ef277,2,3,2048,1494
58643848-23d2-11e8-a6a3-ec086b02610b,58643848-23d2-11e8-a6a3-ec086b02610b.jpg,9,coyote,108,2011-06-05 01:08:03,6f14cbf0-5567-11e8-8841-dca9047ef277,1,3,2048,1494
5864385f-23d2-11e8-a6a3-ec086b02610b,5864385f-23d2-11e8-a6a3-ec086b02610b.jpg,9,coyote,84,2014-09-12 04:46:56,7017a017-5567-11e8-b693-dca9047ef277,2,3,2048,1494
586438c5-23d2-11e8-a6a3-ec086b02610b,586438c5-23d2-11e8-a6a3-ec086b02610b.jpg,9,coyote,75,2012-01-03 21:00:26,6efd7a66-5567-11e8-bbf1-dca9047ef277,1,3,2048,1494
586438d9-23d2-11e8-a6a3-ec086b02610b,586438d9-23d2-11e8-a6a3-ec086b02610b.jpg,9,coyote,137,2014-11-30 07:22:16,701a2e78-5567-11e8-91f0-dca9047ef277,2,3,2048,1494
58678b77-23d2-11e8-a6a3-ec086b02610b,58678b77-23d2-11e8-a6a3-ec086b02610b.jpg,9,coyote,121,2014-03-30 22:50:58,701841ba-5567-11e8-a929-dca9047ef277,1,3,2048,1494
58678c57-23d2-11e8-a6a3-ec086b02610b,58678c57-23d2-11e8-a6a3-ec086b02610b.jpg,9,coyote,114,2014-07-13 08:51:28,7004865e-5567-11e8-a749-dca9047ef277,1,1,2048,1494
58678e4d-23d2-11e8-a6a3-ec086b02610b,58678e4d-23d2-11e8-a6a3-ec086b02610b.jpg,9,coyote,111,2013-09-13 07:44:29,70152aae-5567-11e8-aa26-dca9047ef277,1,3,2048,1494
58693406-23d2-11e8-a6a3-ec086b02610b,58693406-23d2-11e8-a6a3-ec086b02610b.jpg,9,coyote,108,2011-12-02 04:09:02,6f1501e1-5567-11e8-a963-dca9047ef277,1,3,2048,1494
586934fa-23d2-11e8-a6a3-ec086b02610b,586934fa-23d2-11e8-a6a3-ec086b02610b.jpg,9,coyote,84,2014-04-26 20:28:45,70178928-5567-11e8-b7cc-dca9047ef277,2,3,2048,1494
58693517-23d2-11e8-a6a3-ec086b02610b,58693517-23d2-11e8-a6a3-ec086b02610b.jpg,9,coyote,75,2011-11-10 09:18:50,6efd5e85-5567-11e8-9592-dca9047ef277,3,3,2048,1494
5869352f-23d2-11e8-a6a3-ec086b02610b,5869352f-23d2-11e8-a6a3-ec086b02610b.jpg,9,coyote,90,2011-05-15 23:15:41,6f0f57e3-5567-11e8-9fa8-dca9047ef277,1,3,2048,1494
5869361a-23d2-11e8-a6a3-ec086b02610b,5869361a-23d2-11e8-a6a3-ec086b02610b.jpg,9,coyote,86,2014-12-01 18:46:07,701999ae-5567-11e8-bb39-dca9047ef277,3,3,2048,1494
586936cc-23d2-11e8-a6a3-ec086b02610b,586936cc-23d2-11e8-a6a3-ec086b02610b.jpg,9,coyote,137,2014-11-28 04:22:23,701a2766-5567-11e8-b5f2-dca9047ef277,1,3,2048,1494
58693726-23d2-11e8-a6a3-ec086b02610b,58693726-23d2-11e8-a6a3-ec086b02610b.jpg,9,coyote,111,2013-10-01 19:18:58,70152c5c-5567-11e8-b5c7-dca9047ef277,1,3,2048,1494
586addcf-23d2-11e8-a6a3-ec086b02610b,586addcf-23d2-11e8-a6a3-ec086b02610b.jpg,9,coyote,139,2011-04-14 05:41:00,7009c770-5567-11e8-8fc4-dca9047ef277,1,1,2048,1536
586c897b-23d2-11e8-a6a3-ec086b02610b,586c897b-23d2-11e8-a6a3-ec086b02610b.jpg,9,coyote,77,2014-12-27 09:06:27,701dac07-5567-11e8-9313-dca9047ef277,2,3,2048,1494
586e2f56-23d2-11e8-a6a3-ec086b02610b,586e2f56-23d2-11e8-a6a3-ec086b02610b.jpg,9,coyote,133,2014-09-20 19:33:22,7010d13d-5567-11e8-bfd0-dca9047ef277,1,3,2048,1494
586e3064-23d2-11e8-a6a3-ec086b02610b,586e3064-23d2-11e8-a6a3-ec086b02610b.jpg,9,coyote,137,2014-11-28 04:22:50,701a2a73-5567-11e8-ae55-dca9047ef277,2,3,2048,1494
586fdbf8-23d2-11e8-a6a3-ec086b02610b,586fdbf8-23d2-11e8-a6a3-ec086b02610b.jpg,9,coyote,120,2012-01-14 02:54:00,700f4226-5567-11e8-be3c-dca9047ef277,1,1,2048,1536
586fdc88-23d2-11e8-a6a3-ec086b02610b,586fdc88-23d2-11e8-a6a3-ec086b02610b.jpg,9,coyote,101,2014-08-30 23:46:27,701c2c47-5567-11e8-8384-dca9047ef277,1,3,2048,1494
587184fa-23d2-11e8-a6a3-ec086b02610b,587184fa-23d2-11e8-a6a3-ec086b02610b.jpg,9,coyote,114,2014-06-25 18:43:04,7003d5eb-5567-11e8-8b82-dca9047ef277,1,1,2048,1494
5871866a-23d2-11e8-a6a3-ec086b02610b,5871866a-23d2-11e8-a6a3-ec086b02610b.jpg,9,coyote,99,2013-08-25 01:49:52,70147be1-5567-11e8-9d7a-dca9047ef277,1,3,2048,1494
58732d92-23d2-11e8-a6a3-ec086b02610b,58732d92-23d2-11e8-a6a3-ec086b02610b.jpg,9,coyote,128,2013-12-02 05:20:04,701a998a-5567-11e8-a015-dca9047ef277,2,3,2048,1494
58732ea6-23d2-11e8-a6a3-ec086b02610b,58732ea6-23d2-11e8-a6a3-ec086b02610b.jpg,9,coyote,88,2011-10-27 05:19:35,6f140ea3-5567-11e8-bb90-dca9047ef277,3,3,2048,1494
58732fa8-23d2-11e8-a6a3-ec086b02610b,58732fa8-23d2-11e8-a6a3-ec086b02610b.jpg,9,coyote,137,2014-03-29 06:04:35,701a162b-5567-11e8-8f52-dca9047ef277,3,3,2048,1494
5874d43d-23d2-11e8-a6a3-ec086b02610b,5874d43d-23d2-11e8-a6a3-ec086b02610b.jpg,9,coyote,106,2014-06-05 08:07:20,6f764c85-5567-11e8-a50b-dca9047ef277,1,1,2048,1494
5874d4ca-23d2-11e8-a6a3-ec086b02610b,5874d4ca-23d2-11e8-a6a3-ec086b02610b.jpg,9,coyote,133,2014-09-20 19:33:17,7010d0f8-5567-11e8-9447-dca9047ef277,3,3,2048,1494
5874d511-23d2-11e8-a6a3-ec086b02610b,5874d511-23d2-11e8-a6a3-ec086b02610b.jpg,9,coyote,115,2012-04-27 06:56:06,6f1226e6-5567-11e8-924f-dca9047ef277,2,3,2048,1494
5874d6e3-23d2-11e8-a6a3-ec086b02610b,5874d6e3-23d2-11e8-a6a3-ec086b02610b.jpg,9,coyote,111,2014-10-23 20:40:13,70153935-5567-11e8-bd12-dca9047ef277,2,3,2048,1494
58767f1c-23d2-11e8-a6a3-ec086b02610b,58767f1c-23d2-11e8-a6a3-ec086b02610b.jpg,9,coyote,99,2015-03-13 03:37:19,70148570-5567-11e8-859f-dca9047ef277,2,3,2048,1494
58768035-23d2-11e8-a6a3-ec086b02610b,58768035-23d2-11e8-a6a3-ec086b02610b.jpg,9,coyote,134,2014-02-23 07:58:41,701061e1-5567-11e8-9cc9-dca9047ef277,2,3,2048,1494
5876805a-23d2-11e8-a6a3-ec086b02610b,5876805a-23d2-11e8-a6a3-ec086b02610b.jpg,9,coyote,103,2011-08-14 03:02:31,6f1ad9f0-5567-11e8-9787-dca9047ef277,2,3,2048,1494
5876807f-23d2-11e8-a6a3-ec086b02610b,5876807f-23d2-11e8-a6a3-ec086b02610b.jpg,9,coyote,137,2014-03-29 06:04:29,701a15dc-5567-11e8-84c8-dca9047ef277,1,3,2048,1494
58768264-23d2-11e8-a6a3-ec086b02610b,58768264-23d2-11e8-a6a3-ec086b02610b.jpg,9,coyote,115,2012-05-04 15:26:04,6f123319-5567-11e8-94d2-dca9047ef277,1,3,2048,1494
5878282c-23d2-11e8-a6a3-ec086b02610b,5878282c-23d2-11e8-a6a3-ec086b02610b.jpg,9,coyote,76,2014-07-06 02:37:32,6f61ae97-5567-11e8-aee8-dca9047ef277,1,1,2048,1494
587829b6-23d2-11e8-a6a3-ec086b02610b,587829b6-23d2-11e8-a6a3-ec086b02610b.jpg,9,coyote,78,2012-05-06 17:10:26,6f1c549c-5567-11e8-b86a-dca9047ef277,3,3,2048,1494
58782a59-23d2-11e8-a6a3-ec086b02610b,58782a59-23d2-11e8-a6a3-ec086b02610b.jpg,9,coyote,120,2011-06-04 05:46:00,700d5bf8-5567-11e8-ae25-dca9047ef277,1,1,2048,1536
5879d40f-23d2-11e8-a6a3-ec086b02610b,5879d40f-23d2-11e8-a6a3-ec086b02610b.jpg,9,coyote,117,2014-04-13 08:09:59,701bcb02-5567-11e8-a05c-dca9047ef277,1,3,2048,1494
5879d4f4-23d2-11e8-a6a3-ec086b02610b,5879d4f4-23d2-11e8-a6a3-ec086b02610b.jpg,9,coyote,100,2011-02-05 01:24:20,6f1e3742-5567-11e8-80d7-dca9047ef277,1,3,2048,1494
5879d532-23d2-11e8-a6a3-ec086b02610b,5879d532-23d2-11e8-a6a3-ec086b02610b.jpg,9,coyote,125,2012-05-07 21:51:20,6f16653d-5567-11e8-8352-dca9047ef277,2,3,2048,1494
587b7eef-23d2-11e8-a6a3-ec086b02610b,587b7eef-23d2-11e8-a6a3-ec086b02610b.jpg,9,coyote,128,2013-11-26 18:24:55,701a979e-5567-11e8-a159-dca9047ef277,3,3,2048,1494
587b7fc6-23d2-11e8-a6a3-ec086b02610b,587b7fc6-23d2-11e8-a6a3-ec086b02610b.jpg,9,coyote,90,2011-06-01 06:25:50,6f0f5d51-5567-11e8-af0d-dca9047ef277,3,3,2048,1494
587d3f93-23d2-11e8-a6a3-ec086b02610b,587d3f93-23d2-11e8-a6a3-ec086b02610b.jpg,9,coyote,87,2013-12-23 05:28:09,701ab2c5-5567-11e8-aee2-dca9047ef277,2,3,2048,1494
587d4248-23d2-11e8-a6a3-ec086b02610b,587d4248-23d2-11e8-a6a3-ec086b02610b.jpg,9,coyote,104,2014-06-30 20:02:06,701d1399-5567-11e8-bac3-dca9047ef277,2,3,2048,1494
587eeb24-23d2-11e8-a6a3-ec086b02610b,587eeb24-23d2-11e8-a6a3-ec086b02610b.jpg,9,coyote,84,2014-09-21 19:53:23,7017a25c-5567-11e8-8a37-dca9047ef277,1,3,2048,1494
587eeb8c-23d2-11e8-a6a3-ec086b02610b,587eeb8c-23d2-11e8-a6a3-ec086b02610b.jpg,9,coyote,114,2014-01-10 09:31:18,6ff98a35-5567-11e8-92eb-dca9047ef277,1,1,2048,1494
587eed27-23d2-11e8-a6a3-ec086b02610b,587eed27-23d2-11e8-a6a3-ec086b02610b.jpg,9,coyote,107,2011-07-21 21:39:12,6f0db126-5567-11e8-a259-dca9047ef277,3,3,2048,1494
5880936f-23d2-11e8-a6a3-ec086b02610b,5880936f-23d2-11e8-a6a3-ec086b02610b.jpg,9,coyote,128,2013-12-02 05:20:02,701a9942-5567-11e8-a84d-dca9047ef277,3,3,2048,1494
588094ac-23d2-11e8-a6a3-ec086b02610b,588094ac-23d2-11e8-a6a3-ec086b02610b.jpg,9,coyote,133,2014-08-27 07:44:48,7010cb30-5567-11e8-a6af-dca9047ef277,1,3,2048,1494
58823eef-23d2-11e8-a6a3-ec086b02610b,58823eef-23d2-11e8-a6a3-ec086b02610b.jpg,9,coyote,90,2011-06-01 06:25:44,6f0f5cf5-5567-11e8-b745-dca9047ef277,1,3,2048,1494
5883e791-23d2-11e8-a6a3-ec086b02610b,5883e791-23d2-11e8-a6a3-ec086b02610b.jpg,9,coyote,99,2013-08-25 01:49:50,70147b35-5567-11e8-b929-dca9047ef277,2,3,2048,1494
5883e81a-23d2-11e8-a6a3-ec086b02610b,5883e81a-23d2-11e8-a6a3-ec086b02610b.jpg,9,coyote,104,2014-06-12 21:28:43,701d110f-5567-11e8-bca3-dca9047ef277,2,3,2048,1494
5883e8bd-23d2-11e8-a6a3-ec086b02610b,5883e8bd-23d2-11e8-a6a3-ec086b02610b.jpg,9,coyote,130,2011-12-18 09:25:13,6f0d33fd-5567-11e8-81e3-dca9047ef277,3,3,2048,1494
5883e945-23d2-11e8-a6a3-ec086b02610b,5883e945-23d2-11e8-a6a3-ec086b02610b.jpg,9,coyote,107,2012-05-29 09:20:30,6f0e3678-5567-11e8-b87f-dca9047ef277,3,3,2048,1494
58857a9c-23d2-11e8-a6a3-ec086b02610b,58857a9c-23d2-11e8-a6a3-ec086b02610b.jpg,9,coyote,111,2014-11-01 22:05:39,70153b70-5567-11e8-8753-dca9047ef277,1,3,2048,1494
58857df9-23d2-11e8-a6a3-ec086b02610b,58857df9-23d2-11e8-a6a3-ec086b02610b.jpg,9,coyote,78,2012-06-10 03:37:29,6f1c6d6b-5567-11e8-804e-dca9047ef277,1,3,2048,1494
58871802-23d2-11e8-a6a3-ec086b02610b,58871802-23d2-11e8-a6a3-ec086b02610b.jpg,9,coyote,103,2012-03-22 02:12:34,6f1b3c19-5567-11e8-aaca-dca9047ef277,3,3,2048,1494
5888bd34-23d2-11e8-a6a3-ec086b02610b,5888bd34-23d2-11e8-a6a3-ec086b02610b.jpg,9,coyote,112,2012-05-15 05:10:54,6f0f444f-5567-11e8-a1e2-dca9047ef277,1,3,2048,1494
588a662e-23d2-11e8-a6a3-ec086b02610b,588a662e-23d2-11e8-a6a3-ec086b02610b.jpg,9,coyote,133,2014-09-13 04:58:31,7010ced1-5567-11e8-8cd9-dca9047ef277,1,3,2048,1494
588a663a-23d2-11e8-a6a3-ec086b02610b,588a663a-23d2-11e8-a6a3-ec086b02610b.jpg,9,coyote,84,2014-05-13 22:17:11,70179605-5567-11e8-b7b7-dca9047ef277,3,3,2048,1494
588a665c-23d2-11e8-a6a3-ec086b02610b,588a665c-23d2-11e8-a6a3-ec086b02610b.jpg,9,coyote,114,2014-01-13 18:29:00,6ffa098f-5567-11e8-9335-dca9047ef277,1,1,2048,1494
588a667f-23d2-11e8-a6a3-ec086b02610b,588a667f-23d2-11e8-a6a3-ec086b02610b.jpg,9,coyote,104,2014-01-22 05:47:44,701d051c-5567-11e8-ae20-dca9047ef277,3,3,2048,1494
588a66b3-23d2-11e8-a6a3-ec086b02610b,588a66b3-23d2-11e8-a6a3-ec086b02610b.jpg,9,coyote,88,2011-12-30 02:23:19,6f1445a3-5567-11e8-8eb0-dca9047ef277,1,3,2048,1494
588a6740-23d2-11e8-a6a3-ec086b02610b,588a6740-23d2-11e8-a6a3-ec086b02610b.jpg,9,coyote,103,2012-02-20 02:36:56,6f1b2e8c-5567-11e8-bdde-dca9047ef277,3,3,2048,1494
588a67b2-23d2-11e8-a6a3-ec086b02610b,588a67b2-23d2-11e8-a6a3-ec086b02610b.jpg,9,coyote,107,2012-05-23 21:03:30,6f0e2f5c-5567-11e8-bd5a-dca9047ef277,2,3,2048,1494
588c1192-23d2-11e8-a6a3-ec086b02610b,588c1192-23d2-11e8-a6a3-ec086b02610b.jpg,9,coyote,128,2013-11-26 18:25:00,701a984a-5567-11e8-b8a7-dca9047ef277,2,3,2048,1494
588c1256-23d2-11e8-a6a3-ec086b02610b,588c1256-23d2-11e8-a6a3-ec086b02610b.jpg,9,coyote,103,2012-02-19 18:29:04,6f1b2cab-5567-11e8-a051-dca9047ef277,1,3,2048,1494
588c1365-23d2-11e8-a6a3-ec086b02610b,588c1365-23d2-11e8-a6a3-ec086b02610b.jpg,9,coyote,114,2013-10-02 06:07:33,6ff340c5-5567-11e8-afdc-dca9047ef277,1,1,2048,1494
588c1546-23d2-11e8-a6a3-ec086b02610b,588c1546-23d2-11e8-a6a3-ec086b02610b.jpg,9,coyote,93,2014-11-27 07:36:45,70181607-5567-11e8-a0b5-dca9047ef277,1,3,2048,1494
588dba52-23d2-11e8-a6a3-ec086b02610b,588dba52-23d2-11e8-a6a3-ec086b02610b.jpg,9,coyote,96,2014-02-04 12:29:10,6f956fcf-5567-11e8-9484-dca9047ef277,1,1,2048,1494
588dbacf-23d2-11e8-a6a3-ec086b02610b,588dbacf-23d2-11e8-a6a3-ec086b02610b.jpg,9,coyote,93,2014-11-28 07:34:17,70181817-5567-11e8-97ca-dca9047ef277,2,3,2048,1494
588dbcfc-23d2-11e8-a6a3-ec086b02610b,588dbcfc-23d2-11e8-a6a3-ec086b02610b.jpg,9,coyote,96,2013-10-04 12:22:22,6f904405-5567-11e8-8067-dca9047ef277,1,1,2048,1494
588dbd77-23d2-11e8-a6a3-ec086b02610b,588dbd77-23d2-11e8-a6a3-ec086b02610b.jpg,9,coyote,92,2014-07-18 20:32:05,7018cfc2-5567-11e8-921b-dca9047ef277,5,5,2048,1494
588dbda7-23d2-11e8-a6a3-ec086b02610b,588dbda7-23d2-11e8-a6a3-ec086b02610b.jpg,9,coyote,115,2011-12-21 05:49:55,6f11d485-5567-11e8-b79c-dca9047ef277,3,3,2048,1494
588dbdfc-23d2-11e8-a6a3-ec086b02610b,588dbdfc-23d2-11e8-a6a3-ec086b02610b.jpg,9,coyote,96,2013-10-04 12:21:53,6f9042d9-5567-11e8-85b2-dca9047ef277,1,1,2048,1494
588f6632-23d2-11e8-a6a3-ec086b02610b,588f6632-23d2-11e8-a6a3-ec086b02610b.jpg,9,coyote,132,2011-04-09 01:41:00,700cdc8a-5567-11e8-befc-dca9047ef277,1,1,2048,1536
588f6710-23d2-11e8-a6a3-ec086b02610b,588f6710-23d2-11e8-a6a3-ec086b02610b.jpg,9,coyote,100,2011-02-05 01:24:51,6f1e3794-5567-11e8-8fe5-dca9047ef277,1,3,2048,1494
58910ef6-23d2-11e8-a6a3-ec086b02610b,58910ef6-23d2-11e8-a6a3-ec086b02610b.jpg,9,coyote,128,2014-09-11 04:18:46,701aa07d-5567-11e8-9aef-dca9047ef277,2,3,2048,1494
5891102e-23d2-11e8-a6a3-ec086b02610b,5891102e-23d2-11e8-a6a3-ec086b02610b.jpg,9,coyote,111,2013-09-28 21:14:25,70152b07-5567-11e8-805e-dca9047ef277,3,3,2048,1494
5891109a-23d2-11e8-a6a3-ec086b02610b,5891109a-23d2-11e8-a6a3-ec086b02610b.jpg,9,coyote,106,2014-01-03 02:43:35,6f6c2f3a-5567-11e8-aeeb-dca9047ef277,1,1,2048,1494
5892b3b3-23d2-11e8-a6a3-ec086b02610b,5892b3b3-23d2-11e8-a6a3-ec086b02610b.jpg,9,coyote,133,2014-08-27 07:45:11,7010cc66-5567-11e8-bb14-dca9047ef277,1,3,2048,1494
5892b5bf-23d2-11e8-a6a3-ec086b02610b,5892b5bf-23d2-11e8-a6a3-ec086b02610b.jpg,9,coyote,133,2014-09-09 06:16:32,7010ce3d-5567-11e8-83a0-dca9047ef277,3,3,2048,1494
5892b673-23d2-11e8-a6a3-ec086b02610b,5892b673-23d2-11e8-a6a3-ec086b02610b.jpg,9,coyote,75,2012-01-03 21:01:21,6efd7aeb-5567-11e8-a293-dca9047ef277,1,3,2048,1494
5892b6a7-23d2-11e8-a6a3-ec086b02610b,5892b6a7-23d2-11e8-a6a3-ec086b02610b.jpg,9,coyote,104,2014-01-22 05:47:48,701d056b-5567-11e8-af5f-dca9047ef277,3,3,2048,1494
5892b733-23d2-11e8-a6a3-ec086b02610b,5892b733-23d2-11e8-a6a3-ec086b02610b.jpg,9,coyote,78,2012-06-07 18:07:06,6f1c6b3a-5567-11e8-9003-dca9047ef277,2,3,2048,1494
58946082-23d2-11e8-a6a3-ec086b02610b,58946082-23d2-11e8-a6a3-ec086b02610b.jpg,9,coyote,104,2014-01-23 15:16:27,701d07cf-5567-11e8-8fe6-dca9047ef277,2,3,2048,1494
58960759-23d2-11e8-a6a3-ec086b02610b,58960759-23d2-11e8-a6a3-ec086b02610b.jpg,9,coyote,96,2014-02-04 12:29:09,6f956f80-5567-11e8-ad93-dca9047ef277,1,1,2048,1494
589607a0-23d2-11e8-a6a3-ec086b02610b,589607a0-23d2-11e8-a6a3-ec086b02610b.jpg,9,coyote,76,2014-04-23 21:32:12,6f5d0b8f-5567-11e8-b888-dca9047ef277,1,1,2048,1494
5896088e-23d2-11e8-a6a3-ec086b02610b,5896088e-23d2-11e8-a6a3-ec086b02610b.jpg,9,coyote,114,2014-02-11 22:20:54,6ffda761-5567-11e8-9d4a-dca9047ef277,1,1,2048,1494
58960a4e-23d2-11e8-a6a3-ec086b02610b,58960a4e-23d2-11e8-a6a3-ec086b02610b.jpg,9,coyote,114,2014-02-07 23:57:17,6ffd6a91-5567-11e8-9d33-dca9047ef277,1,1,2048,1494
58960a81-23d2-11e8-a6a3-ec086b02610b,58960a81-23d2-11e8-a6a3-ec086b02610b.jpg,9,coyote,84,2014-04-26 20:28:52,7017896e-5567-11e8-813a-dca9047ef277,1,3,2048,1494
5897b047-23d2-11e8-a6a3-ec086b02610b,5897b047-23d2-11e8-a6a3-ec086b02610b.jpg,9,coyote,130,2011-12-24 08:32:47,6f0d380f-5567-11e8-ae32-dca9047ef277,3,3,2048,1494
5897b0cd-23d2-11e8-a6a3-ec086b02610b,5897b0cd-23d2-11e8-a6a3-ec086b02610b.jpg,9,coyote,77,2013-12-31 22:47:28,701da030-5567-11e8-9305-dca9047ef277,1,3,2048,1494
5897b217-23d2-11e8-a6a3-ec086b02610b,5897b217-23d2-11e8-a6a3-ec086b02610b.jpg,9,coyote,119,2014-08-27 23:08:22,70176e68-5567-11e8-9817-dca9047ef277,3,5,2048,1494
5897b239-23d2-11e8-a6a3-ec086b02610b,5897b239-23d2-11e8-a6a3-ec086b02610b.jpg,9,coyote,104,2014-01-16 18:15:56,701cfdcc-5567-11e8-82a1-dca9047ef277,3,3,2048,1494
5897b2a7-23d2-11e8-a6a3-ec086b02610b,5897b2a7-23d2-11e8-a6a3-ec086b02610b.jpg,9,coyote,120,2011-11-10 07:37:00,700e0a30-5567-11e8-8935-dca9047ef277,1,1,2048,1536
5897b392-23d2-11e8-a6a3-ec086b02610b,5897b392-23d2-11e8-a6a3-ec086b02610b.jpg,9,coyote,114,2014-05-08 22:21:34,70014033-5567-11e8-bd55-dca9047ef277,1,1,2048,1494
58995b02-23d2-11e8-a6a3-ec086b02610b,58995b02-23d2-11e8-a6a3-ec086b02610b.jpg,9,coyote,90,2011-06-01 06:25:54,6f0f5da8-5567-11e8-9868-dca9047ef277,1,3,2048,1494
589b024f-23d2-11e8-a6a3-ec086b02610b,589b024f-23d2-11e8-a6a3-ec086b02610b.jpg,9,coyote,129,2014-06-04 20:32:56,70185102-5567-11e8-8f5f-dca9047ef277,2,3,2048,1494
589b02fd-23d2-11e8-a6a3-ec086b02610b,589b02fd-23d2-11e8-a6a3-ec086b02610b.jpg,9,coyote,134,2014-02-23 07:58:53,70106226-5567-11e8-ad62-dca9047ef277,3,3,2048,1494
589cb212-23d2-11e8-a6a3-ec086b02610b,589cb212-23d2-11e8-a6a3-ec086b02610b.jpg,9,coyote,108,2012-04-12 02:27:55,6f151951-5567-11e8-a699-dca9047ef277,1,3,2048,1494
589cb258-23d2-11e8-a6a3-ec086b02610b,589cb258-23d2-11e8-a6a3-ec086b02610b.jpg,9,coyote,118,2013-03-27 05:02:07,700ab01c-5567-11e8-8b7d-dca9047ef277,1,1,2560,1920
589cb299-23d2-11e8-a6a3-ec086b02610b,589cb299-23d2-11e8-a6a3-ec086b02610b.jpg,9,coyote,118,2013-03-02 07:05:29,700a9fd1-5567-11e8-b09a-dca9047ef277,1,1,2560,1920
589cb5a1-23d2-11e8-a6a3-ec086b02610b,589cb5a1-23d2-11e8-a6a3-ec086b02610b.jpg,9,coyote,138,2014-09-13 06:59:05,701b5938-5567-11e8-aed8-dca9047ef277,2,3,2048,1494
589e66a8-23d2-11e8-a6a3-ec086b02610b,589e66a8-23d2-11e8-a6a3-ec086b02610b.jpg,9,coyote,88,2012-01-20 23:28:04,6f1460fd-5567-11e8-987d-dca9047ef277,1,3,2048,1494
58a02061-23d2-11e8-a6a3-ec086b02610b,58a02061-23d2-11e8-a6a3-ec086b02610b.jpg,9,coyote,133,2014-09-09 06:16:17,7010cdeb-5567-11e8-9681-dca9047ef277,1,3,2048,1494
58a02108-23d2-11e8-a6a3-ec086b02610b,58a02108-23d2-11e8-a6a3-ec086b02610b.jpg,9,coyote,129,2014-06-17 22:35:58,70185314-5567-11e8-9a67-dca9047ef277,3,3,2048,1494
58a02147-23d2-11e8-a6a3-ec086b02610b,58a02147-23d2-11e8-a6a3-ec086b02610b.jpg,9,coyote,137,2014-11-30 07:18:47,701a2d73-5567-11e8-9f64-dca9047ef277,1,3,2048,1494
58a02170-23d2-11e8-a6a3-ec086b02610b,58a02170-23d2-11e8-a6a3-ec086b02610b.jpg,9,coyote,118,2013-03-16 18:58:01,700aa5fa-5567-11e8-893f-dca9047ef277,1,1,2560,1920
58a02197-23d2-11e8-a6a3-ec086b02610b,58a02197-23d2-11e8-a6a3-ec086b02610b.jpg,9,coyote,94,2013-11-07 09:13:47,70167ba1-5567-11e8-8486-dca9047ef277,2,3,2048,1494
58a022cc-23d2-11e8-a6a3-ec086b02610b,58a022cc-23d2-11e8-a6a3-ec086b02610b.jpg,9,coyote,103,2012-01-24 22:11:01,6f1b2200-5567-11e8-8dae-dca9047ef277,2,3,2048,1494
58a02357-23d2-11e8-a6a3-ec086b02610b,58a02357-23d2-11e8-a6a3-ec086b02610b.jpg,9,coyote,130,2012-01-01 04:28:20,6f0d3fa1-5567-11e8-a6f3-dca9047ef277,3,3,2048,1494
58a02381-23d2-11e8-a6a3-ec086b02610b,58a02381-23d2-11e8-a6a3-ec086b02610b.jpg,9,coyote,86,2014-03-03 06:36:50,70198aa3-5567-11e8-9eb6-dca9047ef277,3,3,2048,1494
58a1c948-23d2-11e8-a6a3-ec086b02610b,58a1c948-23d2-11e8-a6a3-ec086b02610b.jpg,9,coyote,115,2012-03-19 06:02:27,6f1207d9-5567-11e8-ac95-dca9047ef277,3,3,2048,1494
58a1c9d4-23d2-11e8-a6a3-ec086b02610b,58a1c9d4-23d2-11e8-a6a3-ec086b02610b.jpg,9,coyote,107,2012-04-09 04:23:40,6f0e1aee-5567-11e8-ab59-dca9047ef277,3,3,2048,1494
58a1c9e4-23d2-11e8-a6a3-ec086b02610b,58a1c9e4-23d2-11e8-a6a3-ec086b02610b.jpg,9,coyote,84,2014-04-26 20:28:56,701789c0-5567-11e8-9194-dca9047ef277,3,3,2048,1494
58a1c9ff-23d2-11e8-a6a3-ec086b02610b,58a1c9ff-23d2-11e8-a6a3-ec086b02610b.jpg,9,coyote,115,2012-05-19 02:49:44,6f1246d1-5567-11e8-8460-dca9047ef277,2,3,2048,1494
58a1cc11-23d2-11e8-a6a3-ec086b02610b,58a1cc11-23d2-11e8-a6a3-ec086b02610b.jpg,9,coyote,132,2011-03-27 00:05:00,700cdb9c-5567-11e8-a795-dca9047ef277,1,1,2048,1536
58a37d66-23d2-11e8-a6a3-ec086b02610b,58a37d66-23d2-11e8-a6a3-ec086b02610b.jpg,9,coyote,108,2012-05-06 01:41:58,6f152559-5567-11e8-9c38-dca9047ef277,3,3,2048,1494
58a52dcd-23d2-11e8-a6a3-ec086b02610b,58a52dcd-23d2-11e8-a6a3-ec086b02610b.jpg,9,coyote,130,2011-09-03 20:44:13,6f0d0117-5567-11e8-a6cd-dca9047ef277,2,3,2048,1494
58a52e21-23d2-11e8-a6a3-ec086b02610b,58a52e21-23d2-11e8-a6a3-ec086b02610b.jpg,9,coyote,115,2012-02-13 03:44:15,6f11f6a8-5567-11e8-9f8d-dca9047ef277,3,3,2048,1494
58a5304f-23d2-11e8-a6a3-ec086b02610b,58a5304f-23d2-11e8-a6a3-ec086b02610b.jpg,9,coyote,125,2012-03-03 09:07:26,6f1615b3-5567-11e8-9c6b-dca9047ef277,3,3,2048,1494
58a6e661-23d2-11e8-a6a3-ec086b02610b,58a6e661-23d2-11e8-a6a3-ec086b02610b.jpg,9,coyote,114,2013-09-28 04:54:33,6ff2f159-5567-11e8-b78d-dca9047ef277,1,1,2048,1494
58a6e74f-23d2-11e8-a6a3-ec086b02610b,58a6e74f-23d2-11e8-a6a3-ec086b02610b.jpg,9,coyote,99,2014-10-24 18:05:31,701482d4-5567-11e8-a8ea-dca9047ef277,3,3,2048,1494
58a6e769-23d2-11e8-a6a3-ec086b02610b,58a6e769-23d2-11e8-a6a3-ec086b02610b.jpg,9,coyote,78,2012-05-06 08:47:32,6f1c53ab-5567-11e8-a441-dca9047ef277,1,3,2048,1494
58a6e877-23d2-11e8-a6a3-ec086b02610b,58a6e877-23d2-11e8-a6a3-ec086b02610b.jpg,9,coyote,88,2012-01-26 01:12:23,6f146691-5567-11e8-a62a-dca9047ef277,2,3,2048,1494
58a6e972-23d2-11e8-a6a3-ec086b02610b,58a6e972-23d2-11e8-a6a3-ec086b02610b.jpg,9,coyote,133,2014-09-09 06:16:35,7010ce8a-5567-11e8-adbd-dca9047ef277,2,3,2048,1494
58a8a0b0-23d2-11e8-a6a3-ec086b02610b,58a8a0b0-23d2-11e8-a6a3-ec086b02610b.jpg,9,coyote,107,2011-05-29 12:41:53,6f0d9e51-5567-11e8-b307-dca9047ef277,2,3,2048,1494
58a8a19d-23d2-11e8-a6a3-ec086b02610b,58a8a19d-23d2-11e8-a6a3-ec086b02610b.jpg,9,coyote,115,2012-02-13 03:40:49,6f11f128-5567-11e8-8920-dca9047ef277,2,3,2048,1494
58a8a3bf-23d2-11e8-a6a3-ec086b02610b,58a8a3bf-23d2-11e8-a6a3-ec086b02610b.jpg,9,coyote,107,2011-07-01 06:06:20,6f0da617-5567-11e8-99c5-dca9047ef277,1,3,2048,1494
58aa58d5-23d2-11e8-a6a3-ec086b02610b,58aa58d5-23d2-11e8-a6a3-ec086b02610b.jpg,9,coyote,78,2012-06-07 14:41:05,6f1c6ae8-5567-11e8-8273-dca9047ef277,3,3,2048,1494
58aa5947-23d2-11e8-a6a3-ec086b02610b,58aa5947-23d2-11e8-a6a3-ec086b02610b.jpg,9,coyote,138,2014-09-27 05:42:26,701b59e1-5567-11e8-9dd8-dca9047ef277,2,3,2048,1494
58aa5a88-23d2-11e8-a6a3-ec086b02610b,58aa5a88-23d2-11e8-a6a3-ec086b02610b.jpg,9,coyote,81,2011-10-28 03:00:50,6f10c775-5567-11e8-a278-dca9047ef277,2,3,2048,1494
58ac0d5b-23d2-11e8-a6a3-ec086b02610b,58ac0d5b-23d2-11e8-a6a3-ec086b02610b.jpg,9,coyote,114,2014-08-01 22:40:54,7005280c-5567-11e8-9c32-dca9047ef277,1,1,2048,1494
58adc173-23d2-11e8-a6a3-ec086b02610b,58adc173-23d2-11e8-a6a3-ec086b02610b.jpg,9,coyote,135,2013-03-28 23:32:24,7016989c-5567-11e8-a553-dca9047ef277,3,3,2048,1494
58adc235-23d2-11e8-a6a3-ec086b02610b,58adc235-23d2-11e8-a6a3-ec086b02610b.jpg,9,coyote,86,2014-03-13 07:31:18,70199063-5567-11e8-af05-dca9047ef277,1,3,2048,1494
58adc2b0-23d2-11e8-a6a3-ec086b02610b,58adc2b0-23d2-11e8-a6a3-ec086b02610b.jpg,9,coyote,120,2011-07-06 22:01:00,700d895c-5567-11e8-a33f-dca9047ef277,1,1,2048,1536
58adc317-23d2-11e8-a6a3-ec086b02610b,58adc317-23d2-11e8-a6a3-ec086b02610b.jpg,9,coyote,130,2012-04-08 23:17:09,6f0d6f17-5567-11e8-be49-dca9047ef277,3,3,2048,1494
58adc45e-23d2-11e8-a6a3-ec086b02610b,58adc45e-23d2-11e8-a6a3-ec086b02610b.jpg,9,coyote,112,2012-05-15 05:07:22,6f0f4342-5567-11e8-9003-dca9047ef277,3,3,2048,1494
58adc4ac-23d2-11e8-a6a3-ec086b02610b,58adc4ac-23d2-11e8-a6a3-ec086b02610b.jpg,9,coyote,132,2011-03-11 05:00:00,700cd459-5567-11e8-b23e-dca9047ef277,1,1,2048,1536
58adc51d-23d2-11e8-a6a3-ec086b02610b,58adc51d-23d2-11e8-a6a3-ec086b02610b.jpg,9,coyote,99,2014-10-24 18:05:34,70148323-5567-11e8-9ff9-dca9047ef277,2,3,2048,1494
58af7491-23d2-11e8-a6a3-ec086b02610b,58af7491-23d2-11e8-a6a3-ec086b02610b.jpg,9,coyote,104,2014-06-14 08:08:38,701d11b0-5567-11e8-b3b6-dca9047ef277,3,3,2048,1494
58af7622-23d2-11e8-a6a3-ec086b02610b,58af7622-23d2-11e8-a6a3-ec086b02610b.jpg,9,coyote,111,2013-08-26 08:30:25,701529b3-5567-11e8-8656-dca9047ef277,3,3,2048,1494
58af76d9-23d2-11e8-a6a3-ec086b02610b,58af76d9-23d2-11e8-a6a3-ec086b02610b.jpg,9,coyote,137,2014-03-08 20:37:22,701a0eb5-5567-11e8-913a-dca9047ef277,3,3,2048,1494
58af7774-23d2-11e8-a6a3-ec086b02610b,58af7774-23d2-11e8-a6a3-ec086b02610b.jpg,9,coyote,137,2014-11-30 07:18:50,701a2dcf-5567-11e8-a9d6-dca9047ef277,1,3,2048,1494
58af7778-23d2-11e8-a6a3-ec086b02610b,58af7778-23d2-11e8-a6a3-ec086b02610b.jpg,9,coyote,88,2011-10-05 23:42:37,6f14029c-5567-11e8-b479-dca9047ef277,2,3,2048,1494
58b13166-23d2-11e8-a6a3-ec086b02610b,58b13166-23d2-11e8-a6a3-ec086b02610b.jpg,9,coyote,120,2011-07-03 07:46:00,700d8575-5567-11e8-a148-dca9047ef277,1,1,2048,1536
58b131a8-23d2-11e8-a6a3-ec086b02610b,58b131a8-23d2-11e8-a6a3-ec086b02610b.jpg,9,coyote,90,2011-06-06 05:21:38,6f0f617d-5567-11e8-afc7-dca9047ef277,3,3,2048,1494
58b13253-23d2-11e8-a6a3-ec086b02610b,58b13253-23d2-11e8-a6a3-ec086b02610b.jpg,9,coyote,125,2012-05-07 21:51:00,6f16649c-5567-11e8-bc01-dca9047ef277,1,3,2048,1494
58b4a8cf-23d2-11e8-a6a3-ec086b02610b,58b4a8cf-23d2-11e8-a6a3-ec086b02610b.jpg,9,coyote,106,2014-08-29 05:36:32,6f79a975-5567-11e8-81ce-dca9047ef277,1,1,2048,1494
58b4aa51-23d2-11e8-a6a3-ec086b02610b,58b4aa51-23d2-11e8-a6a3-ec086b02610b.jpg,9,coyote,106,2014-06-13 21:57:05,6f76bc2b-5567-11e8-9475-dca9047ef277,1,1,2048,1494
58b4aa55-23d2-11e8-a6a3-ec086b02610b,58b4aa55-23d2-11e8-a6a3-ec086b02610b.jpg,9,coyote,115,2011-08-08 03:41:45,6f11964c-5567-11e8-b879-dca9047ef277,3,3,2048,1494
58b663a1-23d2-11e8-a6a3-ec086b02610b,58b663a1-23d2-11e8-a6a3-ec086b02610b.jpg,9,coyote,125,2012-05-07 21:51:36,6f16658a-5567-11e8-b3a1-dca9047ef277,1,3,2048,1494
58b66476-23d2-11e8-a6a3-ec086b02610b,58b66476-23d2-11e8-a6a3-ec086b02610b.jpg,9,coyote,87,2014-05-29 23:08:55,701ae1e1-5567-11e8-b56d-dca9047ef277,3,3,2048,1494
58b66539-23d2-11e8-a6a3-ec086b02610b,58b66539-23d2-11e8-a6a3-ec086b02610b.jpg,9,coyote,125,2012-05-07 07:51:24,6f1663f0-5567-11e8-a044-dca9047ef277,3,3,2048,1494
58b820ed-23d2-11e8-a6a3-ec086b02610b,58b820ed-23d2-11e8-a6a3-ec086b02610b.jpg,9,coyote,135,2013-03-28 23:32:37,701698ee-5567-11e8-b9a6-dca9047ef277,1,3,2048,1494
58b8216b-23d2-11e8-a6a3-ec086b02610b,58b8216b-23d2-11e8-a6a3-ec086b02610b.jpg,9,coyote,75,2011-10-31 13:30:41,6efd581c-5567-11e8-8250-dca9047ef277,1,3,2048,1494
58b9d7dd-23d2-11e8-a6a3-ec086b02610b,58b9d7dd-23d2-11e8-a6a3-ec086b02610b.jpg,9,coyote,96,2013-10-04 12:21:51,6f90428a-5567-11e8-bac7-dca9047ef277,1,1,2048,1494
58b9d868-23d2-11e8-a6a3-ec086b02610b,58b9d868-23d2-11e8-a6a3-ec086b02610b.jpg,9,coyote,130,2012-02-24 08:19:17,6f0d5c11-5567-11e8-842c-dca9047ef277,2,3,2048,1494
58b9d8af-23d2-11e8-a6a3-ec086b02610b,58b9d8af-23d2-11e8-a6a3-ec086b02610b.jpg,9,coyote,103,2012-03-01 21:24:19,6f1b31fd-5567-11e8-831a-dca9047ef277,1,3,2048,1494
58b9d939-23d2-11e8-a6a3-ec086b02610b,58b9d939-23d2-11e8-a6a3-ec086b02610b.jpg,9,coyote,120,2011-04-07 19:07:00,700d0b8a-5567-11e8-8bd2-dca9047ef277,1,1,2048,1536
58bb8985-23d2-11e8-a6a3-ec086b02610b,58bb8985-23d2-11e8-a6a3-ec086b02610b.jpg,9,coyote,117,2014-04-12 20:49:22,701bc81e-5567-11e8-8022-dca9047ef277,1,3,2048,1494
58bb8c3f-23d2-11e8-a6a3-ec086b02610b,58bb8c3f-23d2-11e8-a6a3-ec086b02610b.jpg,9,coyote,112,2012-05-07 03:11:07,6f0f4068-5567-11e8-bd3b-dca9047ef277,1,3,2048,1494
58bb8c49-23d2-11e8-a6a3-ec086b02610b,58bb8c49-23d2-11e8-a6a3-ec086b02610b.jpg,9,coyote,99,2013-10-10 17:12:55,701480e1-5567-11e8-9173-dca9047ef277,2,3,2048,1494
58bd1a84-23d2-11e8-a6a3-ec086b02610b,58bd1a84-23d2-11e8-a6a3-ec086b02610b.jpg,9,coyote,77,2013-12-16 19:50:55,701d9fde-5567-11e8-9b85-dca9047ef277,3,3,2048,1494
58bd1c49-23d2-11e8-a6a3-ec086b02610b,58bd1c49-23d2-11e8-a6a3-ec086b02610b.jpg,9,coyote,106,2013-12-24 08:33:37,6f6baac5-5567-11e8-8ca2-dca9047ef277,1,1,2048,1494
58bd1c58-23d2-11e8-a6a3-ec086b02610b,58bd1c58-23d2-11e8-a6a3-ec086b02610b.jpg,9,coyote,125,2011-11-04 21:06:36,6f15fa17-5567-11e8-a48b-dca9047ef277,1,3,2048,1494
58bea511-23d2-11e8-a6a3-ec086b02610b,58bea511-23d2-11e8-a6a3-ec086b02610b.jpg,9,coyote,125,2012-05-07 21:50:59,6f16644c-5567-11e8-a60b-dca9047ef277,2,3,2048,1494
58bea599-23d2-11e8-a6a3-ec086b02610b,58bea599-23d2-11e8-a6a3-ec086b02610b.jpg,9,coyote,84,2014-04-26 20:28:03,7017888a-5567-11e8-899a-dca9047ef277,1,3,2048,1494
58bea6c7-23d2-11e8-a6a3-ec086b02610b,58bea6c7-23d2-11e8-a6a3-ec086b02610b.jpg,9,coyote,77,2014-01-03 06:36:50,701da0cf-5567-11e8-9fc5-dca9047ef277,3,3,2048,1494
58c033e5-23d2-11e8-a6a3-ec086b02610b,58c033e5-23d2-11e8-a6a3-ec086b02610b.jpg,9,coyote,86,2014-07-26 15:47:19,70199814-5567-11e8-8a26-dca9047ef277,2,3,2048,1494
58c03522-23d2-11e8-a6a3-ec086b02610b,58c03522-23d2-11e8-a6a3-ec086b02610b.jpg,9,coyote,128,2013-11-26 18:25:03,701a9899-5567-11e8-9acd-dca9047ef277,3,3,2048,1494
58c0362d-23d2-11e8-a6a3-ec086b02610b,58c0362d-23d2-11e8-a6a3-ec086b02610b.jpg,9,coyote,101,2014-08-30 23:46:36,701c2ce6-5567-11e8-a976-dca9047ef277,3,3,2048,1494
58c1c258-23d2-11e8-a6a3-ec086b02610b,58c1c258-23d2-11e8-a6a3-ec086b02610b.jpg,9,coyote,100,2011-02-05 01:24:19,6f1e36f5-5567-11e8-9d03-dca9047ef277,3,3,2048,1494
58c1c2e8-23d2-11e8-a6a3-ec086b02610b,58c1c2e8-23d2-11e8-a6a3-ec086b02610b.jpg,9,coyote,107,2011-12-13 02:03:10,6f0e0068-5567-11e8-8d8c-dca9047ef277,1,3,2048,1494
58c34c45-23d2-11e8-a6a3-ec086b02610b,58c34c45-23d2-11e8-a6a3-ec086b02610b.jpg,9,coyote,114,2013-12-25 01:21:09,6ff8b1ee-5567-11e8-b8d4-dca9047ef277,1,1,2048,1494
58c34c46-23d2-11e8-a6a3-ec086b02610b,58c34c46-23d2-11e8-a6a3-ec086b02610b.jpg,9,coyote,133,2014-09-13 04:58:32,7010cf21-5567-11e8-8d58-dca9047ef277,3,3,2048,1494
58c34cd6-23d2-11e8-a6a3-ec086b02610b,58c34cd6-23d2-11e8-a6a3-ec086b02610b.jpg,9,coyote,115,2012-04-16 02:52:46,6f122417-5567-11e8-a15c-dca9047ef277,2,3,2048,1494
58c4d771-23d2-11e8-a6a3-ec086b02610b,58c4d771-23d2-11e8-a6a3-ec086b02610b.jpg,9,coyote,88,2012-03-19 12:25:57,6f1480b5-5567-11e8-b092-dca9047ef277,3,3,2048,1494
58c4d7ba-23d2-11e8-a6a3-ec086b02610b,58c4d7ba-23d2-11e8-a6a3-ec086b02610b.jpg,9,coyote,84,2014-09-21 19:53:19,7017a20c-5567-11e8-a509-dca9047ef277,1,3,2048,1494
58c663a6-23d2-11e8-a6a3-ec086b02610b,58c663a6-23d2-11e8-a6a3-ec086b02610b.jpg,9,coyote,99,2014-10-30 14:13:44,701483cc-5567-11e8-8f52-dca9047ef277,2,3,2048,1494
58c7f24b-23d2-11e8-a6a3-ec086b02610b,58c7f24b-23d2-11e8-a6a3-ec086b02610b.jpg,9,coyote,77,2014-01-03 06:36:49,701da080-5567-11e8-81ef-dca9047ef277,1,3,2048,1494
58c97c5b-23d2-11e8-a6a3-ec086b02610b,58c97c5b-23d2-11e8-a6a3-ec086b02610b.jpg,9,coyote,103,2011-11-29 19:15:36,6f1b106e-5567-11e8-a325-dca9047ef277,2,3,2048,1494
58cb11c6-23d2-11e8-a6a3-ec086b02610b,58cb11c6-23d2-11e8-a6a3-ec086b02610b.jpg,9,coyote,77,2013-12-16 19:50:54,701d9f91-5567-11e8-b2f5-dca9047ef277,2,3,2048,1494
58cb125e-23d2-11e8-a6a3-ec086b02610b,58cb125e-23d2-11e8-a6a3-ec086b02610b.jpg,9,coyote,107,2011-09-29 05:58:05,6f0de114-5567-11e8-b573-dca9047ef277,2,3,2048,1494
58cb129f-23d2-11e8-a6a3-ec086b02610b,58cb129f-23d2-11e8-a6a3-ec086b02610b.jpg,9,coyote,80,2013-03-10 18:41:31,7009c5ba-5567-11e8-bdaf-dca9047ef277,1,1,2560,1920
58cb1335-23d2-11e8-a6a3-ec086b02610b,58cb1335-23d2-11e8-a6a3-ec086b02610b.jpg,9,coyote,84,2014-05-01 23:29:13,70178af5-5567-11e8-a392-dca9047ef277,2,3,2048,1494
58cca657-23d2-11e8-a6a3-ec086b02610b,58cca657-23d2-11e8-a6a3-ec086b02610b.jpg,9,coyote,88,2012-01-13 02:24:06,6f1456ca-5567-11e8-9aa9-dca9047ef277,1,3,2048,1494
58ce3f3a-23d2-11e8-a6a3-ec086b02610b,58ce3f3a-23d2-11e8-a6a3-ec086b02610b.jpg,9,coyote,78,2011-07-29 01:17:10,6f1b9980-5567-11e8-910c-dca9047ef277,3,3,2048,1494
58cfca11-23d2-11e8-a6a3-ec086b02610b,58cfca11-23d2-11e8-a6a3-ec086b02610b.jpg,9,coyote,99,2013-10-10 17:12:58,70148130-5567-11e8-b7a5-dca9047ef277,1,3,2048,1494
58cfca19-23d2-11e8-a6a3-ec086b02610b,58cfca19-23d2-11e8-a6a3-ec086b02610b.jpg,9,coyote,108,2012-01-15 03:59:37,6f1508ae-5567-11e8-a807-dca9047ef277,3,3,2048,1494
58cfca50-23d2-11e8-a6a3-ec086b02610b,58cfca50-23d2-11e8-a6a3-ec086b02610b.jpg,9,coyote,84,2014-05-01 23:29:22,70178b45-5567-11e8-9b6e-dca9047ef277,1,3,2048,1494
58cfca96-23d2-11e8-a6a3-ec086b02610b,58cfca96-23d2-11e8-a6a3-ec086b02610b.jpg,9,coyote,93,2014-11-27 07:36:26,7018151e-5567-11e8-ad79-dca9047ef277,3,3,2048,1494
58cfcc0e-23d2-11e8-a6a3-ec086b02610b,58cfcc0e-23d2-11e8-a6a3-ec086b02610b.jpg,9,coyote,137,2014-11-28 04:22:28,701a27e6-5567-11e8-80ed-dca9047ef277,1,3,2048,1494
58d1600d-23d2-11e8-a6a3-ec086b02610b,58d1600d-23d2-11e8-a6a3-ec086b02610b.jpg,9,coyote,133,2014-09-09 06:16:07,7010cd9c-5567-11e8-9c72-dca9047ef277,2,3,2048,1494
58d16129-23d2-11e8-a6a3-ec086b02610b,58d16129-23d2-11e8-a6a3-ec086b02610b.jpg,9,coyote,125,2011-10-30 10:35:39,6f15f885-5567-11e8-a4a0-dca9047ef277,3,3,2048,1494
58d2ec6a-23d2-11e8-a6a3-ec086b02610b,58d2ec6a-23d2-11e8-a6a3-ec086b02610b.jpg,9,coyote,100,2011-02-05 01:24:57,6f1e37e3-5567-11e8-b79e-dca9047ef277,3,3,2048,1494
58d2ed18-23d2-11e8-a6a3-ec086b02610b,58d2ed18-23d2-11e8-a6a3-ec086b02610b.jpg,9,coyote,130,2011-12-30 08:06:34,6f0d3e11-5567-11e8-be69-dca9047ef277,2,3,2048,1494
58d47c0b-23d2-11e8-a6a3-ec086b02610b,58d47c0b-23d2-11e8-a6a3-ec086b02610b.jpg,9,coyote,118,2013-03-06 05:24:40,700aa29e-5567-11e8-ba0c-dca9047ef277,1,1,2560,1920
58d47ea9-23d2-11e8-a6a3-ec086b02610b,58d47ea9-23d2-11e8-a6a3-ec086b02610b.jpg,9,coyote,86,2015-05-19 07:41:11,7019b917-5567-11e8-8ad4-dca9047ef277,1,3,2048,1494
58d47f21-23d2-11e8-a6a3-ec086b02610b,58d47f21-23d2-11e8-a6a3-ec086b02610b.jpg,9,coyote,78,2012-06-07 18:20:38,6f1c6b80-5567-11e8-8245-dca9047ef277,3,3,2048,1494
58d61231-23d2-11e8-a6a3-ec086b02610b,58d61231-23d2-11e8-a6a3-ec086b02610b.jpg,9,coyote,129,2014-06-17 19:53:05,701852cf-5567-11e8-acf5-dca9047ef277,1,3,2048,1494
58d7a2db-23d2-11e8-a6a3-ec086b02610b,58d7a2db-23d2-11e8-a6a3-ec086b02610b.jpg,9,coyote,93,2014-11-27 07:37:04,70181730-5567-11e8-9f61-dca9047ef277,1,3,2048,1494
58d7a2ff-23d2-11e8-a6a3-ec086b02610b,58d7a2ff-23d2-11e8-a6a3-ec086b02610b.jpg,9,coyote,112,2011-05-17 03:39:09,6f0e5c0c-5567-11e8-8119-dca9047ef277,3,3,2048,1494
58d7a36b-23d2-11e8-a6a3-ec086b02610b,58d7a36b-23d2-11e8-a6a3-ec086b02610b.jpg,9,coyote,80,2013-03-01 02:32:30,7009c36b-5567-11e8-bb24-dca9047ef277,1,1,2560,1920
58d9313e-23d2-11e8-a6a3-ec086b02610b,58d9313e-23d2-11e8-a6a3-ec086b02610b.jpg,9,coyote,132,2011-05-30 02:51:00,700cdf99-5567-11e8-b710-dca9047ef277,1,1,2048,1536
58d93158-23d2-11e8-a6a3-ec086b02610b,58d93158-23d2-11e8-a6a3-ec086b02610b.jpg,9,coyote,114,2014-02-03 09:55:10,6ffc70cc-5567-11e8-b559-dca9047ef277,1,1,2048,1494
58d93212-23d2-11e8-a6a3-ec086b02610b,58d93212-23d2-11e8-a6a3-ec086b02610b.jpg,9,coyote,120,2011-10-21 22:35:00,700de79e-5567-11e8-afea-dca9047ef277,1,1,2048,1536
58d9323f-23d2-11e8-a6a3-ec086b02610b,58d9323f-23d2-11e8-a6a3-ec086b02610b.jpg,9,coyote,86,2014-11-17 07:41:33,70199863-5567-11e8-8d0c-dca9047ef277,2,3,2048,1494
58dabfa6-23d2-11e8-a6a3-ec086b02610b,58dabfa6-23d2-11e8-a6a3-ec086b02610b.jpg,9,coyote,106,2014-02-21 22:22:15,6f6edd2b-5567-11e8-8a9e-dca9047ef277,1,1,2048,1494
58dac0d1-23d2-11e8-a6a3-ec086b02610b,58dac0d1-23d2-11e8-a6a3-ec086b02610b.jpg,9,coyote,117,2013-12-15 01:33:47,701b9902-5567-11e8-815a-dca9047ef277,2,3,2048,1494
58dc4b85-23d2-11e8-a6a3-ec086b02610b,58dc4b85-23d2-11e8-a6a3-ec086b02610b.jpg,9,coyote,137,2014-11-30 07:22:12,701a2e26-5567-11e8-a1e5-dca9047ef277,1,3,2048,1494
58dc4ba3-23d2-11e8-a6a3-ec086b02610b,58dc4ba3-23d2-11e8-a6a3-ec086b02610b.jpg,9,coyote,80,2013-03-01 02:00:51,7009c31c-5567-11e8-b5d9-dca9047ef277,1,1,2560,1920
58dc4d4a-23d2-11e8-a6a3-ec086b02610b,58dc4d4a-23d2-11e8-a6a3-ec086b02610b.jpg,9,coyote,93,2014-11-24 07:52:06,7018130f-5567-11e8-9e57-dca9047ef277,3,3,2048,1494
58ddd736-23d2-11e8-a6a3-ec086b02610b,58ddd736-23d2-11e8-a6a3-ec086b02610b.jpg,9,coyote,88,2012-03-19 12:25:52,6f148063-5567-11e8-8099-dca9047ef277,1,3,2048,1494
58ddd7d6-23d2-11e8-a6a3-ec086b02610b,58ddd7d6-23d2-11e8-a6a3-ec086b02610b.jpg,9,coyote,75,2011-11-03 07:35:24,6efd5aa3-5567-11e8-9b13-dca9047ef277,1,3,2048,1494
58ddd898-23d2-11e8-a6a3-ec086b02610b,58ddd898-23d2-11e8-a6a3-ec086b02610b.jpg,9,coyote,111,2014-10-21 22:21:34,701537f5-5567-11e8-8b4d-dca9047ef277,1,3,2048,1494
58df6800-23d2-11e8-a6a3-ec086b02610b,58df6800-23d2-11e8-a6a3-ec086b02610b.jpg,9,coyote,111,2013-10-01 19:19:08,70152d54-5567-11e8-9d22-dca9047ef277,2,3,2048,1494
58e0f6c4-23d2-11e8-a6a3-ec086b02610b,58e0f6c4-23d2-11e8-a6a3-ec086b02610b.jpg,9,coyote,106,2014-05-31 03:27:26,6f761721-5567-11e8-a389-dca9047ef277,1,1,2048,1494
58e2825d-23d2-11e8-a6a3-ec086b02610b,58e2825d-23d2-11e8-a6a3-ec086b02610b.jpg,9,coyote,99,2014-10-30 14:13:46,70148428-5567-11e8-ae69-dca9047ef277,1,3,2048,1494
58e40cf5-23d2-11e8-a6a3-ec086b02610b,58e40cf5-23d2-11e8-a6a3-ec086b02610b.jpg,9,coyote,104,2014-01-23 15:16:38,701d081c-5567-11e8-a83e-dca9047ef277,1,3,2048,1494
58e40e61-23d2-11e8-a6a3-ec086b02610b,58e40e61-23d2-11e8-a6a3-ec086b02610b.jpg,9,coyote,120,2012-12-07 23:29:19,700febb5-5567-11e8-bdcb-dca9047ef277,1,1,2560,1920
58e597f4-23d2-11e8-a6a3-ec086b02610b,58e597f4-23d2-11e8-a6a3-ec086b02610b.jpg,9,coyote,104,2014-11-06 04:15:14,701d1bb0-5567-11e8-8241-dca9047ef277,3,3,2048,1494
58e59803-23d2-11e8-a6a3-ec086b02610b,58e59803-23d2-11e8-a6a3-ec086b02610b.jpg,9,coyote,117,2013-12-07 23:42:00,701b904c-5567-11e8-bc45-dca9047ef277,1,3,2048,1494
58e5985e-23d2-11e8-a6a3-ec086b02610b,58e5985e-23d2-11e8-a6a3-ec086b02610b.jpg,9,coyote,125,2012-02-07 01:28:05,6f160bfa-5567-11e8-a11a-dca9047ef277,2,3,2048,1494
58e59ae9-23d2-11e8-a6a3-ec086b02610b,58e59ae9-23d2-11e8-a6a3-ec086b02610b.jpg,9,coyote,128,2013-12-02 05:20:01,701a98f5-5567-11e8-920f-dca9047ef277,1,3,2048,1494
58e72478-23d2-11e8-a6a3-ec086b02610b,58e72478-23d2-11e8-a6a3-ec086b02610b.jpg,9,coyote,86,2014-03-03 06:36:47,70198a4a-5567-11e8-9561-dca9047ef277,3,3,2048,1494
58e724a6-23d2-11e8-a6a3-ec086b02610b,58e724a6-23d2-11e8-a6a3-ec086b02610b.jpg,9,coyote,93,2014-11-27 07:36:21,701814d1-5567-11e8-ad81-dca9047ef277,1,3,2048,1494
58e7251b-23d2-11e8-a6a3-ec086b02610b,58e7251b-23d2-11e8-a6a3-ec086b02610b.jpg,9,coyote,120,2011-10-27 19:33:00,700dec63-5567-11e8-b9b2-dca9047ef277,1,1,2048,1536
58e7253f-23d2-11e8-a6a3-ec086b02610b,58e7253f-23d2-11e8-a6a3-ec086b02610b.jpg,9,coyote,75,2011-11-03 07:34:19,6efd5a23-5567-11e8-9647-dca9047ef277,2,3,2048,1494
58e93aeb-23d2-11e8-a6a3-ec086b02610b,58e93aeb-23d2-11e8-a6a3-ec086b02610b.jpg,9,coyote,107,2011-10-20 23:14:44,6f0def7d-5567-11e8-a27e-dca9047ef277,1,3,2048,1494
58e93c11-23d2-11e8-a6a3-ec086b02610b,58e93c11-23d2-11e8-a6a3-ec086b02610b.jpg,9,coyote,88,2012-01-20 23:28:08,6f146157-5567-11e8-b537-dca9047ef277,2,3,2048,1494
58eac80a-23d2-11e8-a6a3-ec086b02610b,58eac80a-23d2-11e8-a6a3-ec086b02610b.jpg,9,coyote,77,2014-03-15 04:33:38,701da166-5567-11e8-abba-dca9047ef277,1,3,2048,1494
58eac94a-23d2-11e8-a6a3-ec086b02610b,58eac94a-23d2-11e8-a6a3-ec086b02610b.jpg,9,coyote,88,2012-01-03 12:28:24,6f1448e1-5567-11e8-bb82-dca9047ef277,1,3,2048,1494
58eaca95-23d2-11e8-a6a3-ec086b02610b,58eaca95-23d2-11e8-a6a3-ec086b02610b.jpg,9,coyote,117,2013-12-09 06:51:49,701b9235-5567-11e8-b17a-dca9047ef277,2,3,2048,1494
58eacb61-23d2-11e8-a6a3-ec086b02610b,58eacb61-23d2-11e8-a6a3-ec086b02610b.jpg,9,coyote,93,2014-11-27 07:36:48,70181654-5567-11e8-ace1-dca9047ef277,1,3,2048,1494
58ec54e8-23d2-11e8-a6a3-ec086b02610b,58ec54e8-23d2-11e8-a6a3-ec086b02610b.jpg,9,coyote,78,2012-05-27 09:14:22,6f1c616b-5567-11e8-b7a3-dca9047ef277,2,3,2048,1494
58ec55ab-23d2-11e8-a6a3-ec086b02610b,58ec55ab-23d2-11e8-a6a3-ec086b02610b.jpg,9,coyote,107,2012-05-31 03:50:16,6f0e3d61-5567-11e8-aa4a-dca9047ef277,2,3,2048,1494
58ec565d-23d2-11e8-a6a3-ec086b02610b,58ec565d-23d2-11e8-a6a3-ec086b02610b.jpg,9,coyote,103,2011-12-10 12:55:34,6f1b1597-5567-11e8-a483-dca9047ef277,1,3,2048,1494
58ec576e-23d2-11e8-a6a3-ec086b02610b,58ec576e-23d2-11e8-a6a3-ec086b02610b.jpg,9,coyote,115,2012-04-05 07:32:49,6f121ca1-5567-11e8-9e5c-dca9047ef277,3,3,2048,1494
58ec57a9-23d2-11e8-a6a3-ec086b02610b,58ec57a9-23d2-11e8-a6a3-ec086b02610b.jpg,9,coyote,87,2013-12-23 05:28:28,701ab321-5567-11e8-8c53-dca9047ef277,1,3,2048,1494
58ec57e9-23d2-11e8-a6a3-ec086b02610b,58ec57e9-23d2-11e8-a6a3-ec086b02610b.jpg,9,coyote,90,2011-07-18 12:46:29,6f0f6c0a-5567-11e8-b7bd-dca9047ef277,2,3,2048,1494
58ec5862-23d2-11e8-a6a3-ec086b02610b,58ec5862-23d2-11e8-a6a3-ec086b02610b.jpg,9,coyote,106,2013-10-15 20:49:08,6f68340c-5567-11e8-900f-dca9047ef277,1,1,2048,1494
58ede482-23d2-11e8-a6a3-ec086b02610b,58ede482-23d2-11e8-a6a3-ec086b02610b.jpg,9,coyote,111,2014-10-23 20:40:11,701538e6-5567-11e8-9ce8-dca9047ef277,3,3,2048,1494
58ef6d3b-23d2-11e8-a6a3-ec086b02610b,58ef6d3b-23d2-11e8-a6a3-ec086b02610b.jpg,9,coyote,103,2012-02-28 01:59:54,6f1b2fcc-5567-11e8-a27a-dca9047ef277,3,3,2048,1494
58ef6ddc-23d2-11e8-a6a3-ec086b02610b,58ef6ddc-23d2-11e8-a6a3-ec086b02610b.jpg,9,coyote,90,2011-06-01 21:11:39,6f0f5fcf-5567-11e8-a9d4-dca9047ef277,2,3,2048,1494
58ef6df6-23d2-11e8-a6a3-ec086b02610b,58ef6df6-23d2-11e8-a6a3-ec086b02610b.jpg,9,coyote,129,2014-06-19 22:36:13,70185602-5567-11e8-b502-dca9047ef277,3,3,2048,1494
58ef7025-23d2-11e8-a6a3-ec086b02610b,58ef7025-23d2-11e8-a6a3-ec086b02610b.jpg,9,coyote,118,2013-03-06 06:42:29,700aa2e6-5567-11e8-8f76-dca9047ef277,1,1,2560,1920
58ef70db-23d2-11e8-a6a3-ec086b02610b,58ef70db-23d2-11e8-a6a3-ec086b02610b.jpg,9,coyote,111,2013-09-13 07:44:24,70152a5e-5567-11e8-8c09-dca9047ef277,1,3,2048,1494
58f105cc-23d2-11e8-a6a3-ec086b02610b,58f105cc-23d2-11e8-a6a3-ec086b02610b.jpg,9,coyote,120,2011-03-11 16:22:00,700ce9ab-5567-11e8-882f-dca9047ef277,1,1,2048,1536
58f10623-23d2-11e8-a6a3-ec086b02610b,58f10623-23d2-11e8-a6a3-ec086b02610b.jpg,9,coyote,76,2014-07-11 03:38:52,6f6203b5-5567-11e8-a58e-dca9047ef277,1,1,2048,1494
58f108d3-23d2-11e8-a6a3-ec086b02610b,58f108d3-23d2-11e8-a6a3-ec086b02610b.jpg,9,coyote,125,2012-04-27 12:57:31,6f165c4a-5567-11e8-9f40-dca9047ef277,3,3,2048,1494
58f294c6-23d2-11e8-a6a3-ec086b02610b,58f294c6-23d2-11e8-a6a3-ec086b02610b.jpg,9,coyote,75,2011-11-03 07:36:26,6efd5bbd-5567-11e8-8fa7-dca9047ef277,2,3,2048,1494
58f29535-23d2-11e8-a6a3-ec086b02610b,58f29535-23d2-11e8-a6a3-ec086b02610b.jpg,9,coyote,128,2013-11-26 18:24:56,701a97f0-5567-11e8-9dd5-dca9047ef277,1,3,2048,1494
58f421b1-23d2-11e8-a6a3-ec086b02610b,58f421b1-23d2-11e8-a6a3-ec086b02610b.jpg,9,coyote,106,2014-10-03 12:27:48,6f7afb33-5567-11e8-bdd4-dca9047ef277,1,1,2048,1494
58f42212-23d2-11e8-a6a3-ec086b02610b,58f42212-23d2-11e8-a6a3-ec086b02610b.jpg,9,coyote,129,2014-10-08 05:01:50,70185773-5567-11e8-9697-dca9047ef277,3,3,2048,1494
58f42265-23d2-11e8-a6a3-ec086b02610b,58f42265-23d2-11e8-a6a3-ec086b02610b.jpg,9,coyote,107,2012-05-31 03:50:21,6f0e3dba-5567-11e8-97e6-dca9047ef277,2,3,2048,1494
58f42269-23d2-11e8-a6a3-ec086b02610b,58f42269-23d2-11e8-a6a3-ec086b02610b.jpg,9,coyote,133,2014-08-27 07:45:10,7010cc17-5567-11e8-a088-dca9047ef277,3,3,2048,1494
58f42412-23d2-11e8-a6a3-ec086b02610b,58f42412-23d2-11e8-a6a3-ec086b02610b.jpg,9,coyote,117,2013-11-29 07:31:19,701b6d4c-5567-11e8-9b7f-dca9047ef277,3,3,2048,1494
58f42416-23d2-11e8-a6a3-ec086b02610b,58f42416-23d2-11e8-a6a3-ec086b02610b.jpg,9,coyote,111,2013-08-26 08:30:24,70152963-5567-11e8-8f91-dca9047ef277,2,3,2048,1494
58f424dc-23d2-11e8-a6a3-ec086b02610b,58f424dc-23d2-11e8-a6a3-ec086b02610b.jpg,9,coyote,76,2014-04-03 06:37:31,6f5b90ba-5567-11e8-84ab-dca9047ef277,1,1,2048,1494
58f5b08c-23d2-11e8-a6a3-ec086b02610b,58f5b08c-23d2-11e8-a6a3-ec086b02610b.jpg,9,coyote,86,2014-12-01 18:46:03,7019995c-5567-11e8-adcb-dca9047ef277,2,3,2048,1494
58f5b0ab-23d2-11e8-a6a3-ec086b02610b,58f5b0ab-23d2-11e8-a6a3-ec086b02610b.jpg,9,coyote,78,2012-06-07 10:09:16,6f1c6a4a-5567-11e8-81d4-dca9047ef277,2,3,2048,1494
58f5b27d-23d2-11e8-a6a3-ec086b02610b,58f5b27d-23d2-11e8-a6a3-ec086b02610b.jpg,9,coyote,130,2012-01-26 08:15:22,6f0d4c05-5567-11e8-87f7-dca9047ef277,2,3,2048,1494
58f73cf5-23d2-11e8-a6a3-ec086b02610b,58f73cf5-23d2-11e8-a6a3-ec086b02610b.jpg,9,coyote,76,2014-05-14 12:06:55,6f5e890c-5567-11e8-a4df-dca9047ef277,1,1,2048,1494
58f8cca2-23d2-11e8-a6a3-ec086b02610b,58f8cca2-23d2-11e8-a6a3-ec086b02610b.jpg,9,coyote,88,2011-08-03 04:06:27,6f13d891-5567-11e8-aaad-dca9047ef277,2,3,2048,1494
58f8cd53-23d2-11e8-a6a3-ec086b02610b,58f8cd53-23d2-11e8-a6a3-ec086b02610b.jpg,9,coyote,102,2013-12-12 18:57:17,7010996b-5567-11e8-a669-dca9047ef277,3,3,2048,1494
58f8ce6e-23d2-11e8-a6a3-ec086b02610b,58f8ce6e-23d2-11e8-a6a3-ec086b02610b.jpg,9,coyote,90,2011-08-29 02:50:24,6f0f7507-5567-11e8-a2b2-dca9047ef277,3,3,2048,1494
58fa5e16-23d2-11e8-a6a3-ec086b02610b,58fa5e16-23d2-11e8-a6a3-ec086b02610b.jpg,9,coyote,129,2014-06-17 22:36:02,70185363-5567-11e8-adac-dca9047ef277,2,3,2048,1494
58fbed5e-23d2-11e8-a6a3-ec086b02610b,58fbed5e-23d2-11e8-a6a3-ec086b02610b.jpg,9,coyote,115,2012-03-08 06:34:31,6f12051e-5567-11e8-adcf-dca9047ef277,1,3,2048,1494
58fbedeb-23d2-11e8-a6a3-ec086b02610b,58fbedeb-23d2-11e8-a6a3-ec086b02610b.jpg,9,coyote,93,2014-11-27 07:36:40,70181570-5567-11e8-97ec-dca9047ef277,2,3,2048,1494
58fbedfa-23d2-11e8-a6a3-ec086b02610b,58fbedfa-23d2-11e8-a6a3-ec086b02610b.jpg,9,coyote,137,2014-11-28 04:22:40,701a2933-5567-11e8-8196-dca9047ef277,2,3,2048,1494
58fd7c76-23d2-11e8-a6a3-ec086b02610b,58fd7c76-23d2-11e8-a6a3-ec086b02610b.jpg,9,coyote,96,2014-02-04 12:29:07,6f956f3a-5567-11e8-a76d-dca9047ef277,1,1,2048,1494
58ff0dd0-23d2-11e8-a6a3-ec086b02610b,58ff0dd0-23d2-11e8-a6a3-ec086b02610b.jpg,9,coyote,108,2012-04-20 17:46:56,6f151efa-5567-11e8-9f78-dca9047ef277,3,3,2048,1494
5900a19c-23d2-11e8-a6a3-ec086b02610b,5900a19c-23d2-11e8-a6a3-ec086b02610b.jpg,9,coyote,90,2012-03-07 12:00:15,6f0faf07-5567-11e8-a604-dca9047ef277,2,3,2048,1494
5900a1b8-23d2-11e8-a6a3-ec086b02610b,5900a1b8-23d2-11e8-a6a3-ec086b02610b.jpg,9,coyote,133,2014-08-27 07:45:00,7010cb75-5567-11e8-8dfb-dca9047ef277,1,3,2048,1494
59023617-23d2-11e8-a6a3-ec086b02610b,59023617-23d2-11e8-a6a3-ec086b02610b.jpg,9,coyote,93,2014-11-27 07:36:15,70181480-5567-11e8-85cc-dca9047ef277,2,3,2048,1494
5903ca63-23d2-11e8-a6a3-ec086b02610b,5903ca63-23d2-11e8-a6a3-ec086b02610b.jpg,9,coyote,101,2014-08-30 23:46:42,701c2d40-5567-11e8-98ac-dca9047ef277,2,3,2048,1494
5903cb1d-23d2-11e8-a6a3-ec086b02610b,5903cb1d-23d2-11e8-a6a3-ec086b02610b.jpg,9,coyote,90,2011-06-01 20:51:06,6f0f5e0c-5567-11e8-adf8-dca9047ef277,2,3,2048,1494
5903ccce-23d2-11e8-a6a3-ec086b02610b,5903ccce-23d2-11e8-a6a3-ec086b02610b.jpg,9,coyote,130,2011-11-01 09:24:19,6f0d0f6e-5567-11e8-8a32-dca9047ef277,2,3,2048,1494
59055d8e-23d2-11e8-a6a3-ec086b02610b,59055d8e-23d2-11e8-a6a3-ec086b02610b.jpg,9,coyote,114,2014-06-30 17:44:00,70040057-5567-11e8-9e36-dca9047ef277,1,1,2048,1494
59055ef4-23d2-11e8-a6a3-ec086b02610b,59055ef4-23d2-11e8-a6a3-ec086b02610b.jpg,9,coyote,112,2012-05-08 23:40:08,6f0f411c-5567-11e8-b7a4-dca9047ef277,3,3,2048,1494
5906ef97-23d2-11e8-a6a3-ec086b02610b,5906ef97-23d2-11e8-a6a3-ec086b02610b.jpg,9,coyote,117,2013-12-20 22:50:13,701b9b82-5567-11e8-a0e9-dca9047ef277,1,3,2048,1494
5906f253-23d2-11e8-a6a3-ec086b02610b,5906f253-23d2-11e8-a6a3-ec086b02610b.jpg,9,coyote,76,2014-04-25 04:31:17,6f5d1cd1-5567-11e8-a28d-dca9047ef277,1,1,2048,1494
59087f22-23d2-11e8-a6a3-ec086b02610b,59087f22-23d2-11e8-a6a3-ec086b02610b.jpg,9,coyote,125,2012-02-10 06:18:03,6f160d3a-5567-11e8-b2d2-dca9047ef277,1,3,2048,1494
59087f50-23d2-11e8-a6a3-ec086b02610b,59087f50-23d2-11e8-a6a3-ec086b02610b.jpg,9,coyote,78,2012-06-10 05:40:20,6f1c6db8-5567-11e8-8a42-dca9047ef277,2,3,2048,1494
59087f8c-23d2-11e8-a6a3-ec086b02610b,59087f8c-23d2-11e8-a6a3-ec086b02610b.jpg,9,coyote,118,2013-05-08 00:17:23,700ac638-5567-11e8-a5e7-dca9047ef277,1,1,2560,1920
59088194-23d2-11e8-a6a3-ec086b02610b,59088194-23d2-11e8-a6a3-ec086b02610b.jpg,9,coyote,121,2014-04-02 07:25:19,7018420c-5567-11e8-99c5-dca9047ef277,2,3,2048,1494
590881e8-23d2-11e8-a6a3-ec086b02610b,590881e8-23d2-11e8-a6a3-ec086b02610b.jpg,9,coyote,75,2011-11-03 07:36:16,6efd5b28-5567-11e8-930e-dca9047ef277,2,3,2048,1494
590a0db4-23d2-11e8-a6a3-ec086b02610b,590a0db4-23d2-11e8-a6a3-ec086b02610b.jpg,9,coyote,103,2011-09-14 12:36:48,6f1ae8e6-5567-11e8-920d-dca9047ef277,3,3,2048,1494
590a0ebd-23d2-11e8-a6a3-ec086b02610b,590a0ebd-23d2-11e8-a6a3-ec086b02610b.jpg,9,coyote,133,2014-04-24 01:40:37,7010c997-5567-11e8-9ca3-dca9047ef277,3,3,2048,1494
590a10b8-23d2-11e8-a6a3-ec086b02610b,590a10b8-23d2-11e8-a6a3-ec086b02610b.jpg,9,coyote,129,2014-06-19 22:35:51,70185499-5567-11e8-945d-dca9047ef277,2,3,2048,1494
590b9d72-23d2-11e8-a6a3-ec086b02610b,590b9d72-23d2-11e8-a6a3-ec086b02610b.jpg,9,coyote,101,2014-08-30 23:46:32,701c2c94-5567-11e8-ac7b-dca9047ef277,2,3,2048,1494
590d2aa1-23d2-11e8-a6a3-ec086b02610b,590d2aa1-23d2-11e8-a6a3-ec086b02610b.jpg,9,coyote,76,2014-08-24 06:38:27,6f6427e8-5567-11e8-a875-dca9047ef277,1,1,2048,1494
590d2cd2-23d2-11e8-a6a3-ec086b02610b,590d2cd2-23d2-11e8-a6a3-ec086b02610b.jpg,9,coyote,120,2011-04-27 01:07:00,700d251e-5567-11e8-aadc-dca9047ef277,1,1,2048,1536
590d2e0c-23d2-11e8-a6a3-ec086b02610b,590d2e0c-23d2-11e8-a6a3-ec086b02610b.jpg,9,coyote,129,2014-06-19 22:36:00,701855ba-5567-11e8-b266-dca9047ef277,2,3,2048,1494
590ebb11-23d2-11e8-a6a3-ec086b02610b,590ebb11-23d2-11e8-a6a3-ec086b02610b.jpg,9,coyote,86,2014-07-25 19:32:47,70199682-5567-11e8-92aa-dca9047ef277,3,3,2048,1494
590ebc00-23d2-11e8-a6a3-ec086b02610b,590ebc00-23d2-11e8-a6a3-ec086b02610b.jpg,9,coyote,90,2011-09-25 05:44:19,6f0f77f3-5567-11e8-98e7-dca9047ef277,3,3,2048,1494
59104a1d-23d2-11e8-a6a3-ec086b02610b,59104a1d-23d2-11e8-a6a3-ec086b02610b.jpg,9,coyote,117,2014-04-14 05:02:19,701bccf5-5567-11e8-b5ad-dca9047ef277,1,3,2048,1494
59104a73-23d2-11e8-a6a3-ec086b02610b,59104a73-23d2-11e8-a6a3-ec086b02610b.jpg,9,coyote,137,2014-11-28 04:22:47,701a29d1-5567-11e8-9686-dca9047ef277,2,3,2048,1494
5911d73e-23d2-11e8-a6a3-ec086b02610b,5911d73e-23d2-11e8-a6a3-ec086b02610b.jpg,9,coyote,75,2011-11-10 09:18:47,6efd5e21-5567-11e8-95ab-dca9047ef277,3,3,2048,1494
5911d750-23d2-11e8-a6a3-ec086b02610b,5911d750-23d2-11e8-a6a3-ec086b02610b.jpg,9,coyote,104,2014-01-22 15:44:18,701d06d4-5567-11e8-b1fb-dca9047ef277,1,3,2048,1494
5911d7dc-23d2-11e8-a6a3-ec086b02610b,5911d7dc-23d2-11e8-a6a3-ec086b02610b.jpg,9,coyote,90,2012-03-07 12:00:27,6f0fafe3-5567-11e8-8c1d-dca9047ef277,1,3,2048,1494
5911d9eb-23d2-11e8-a6a3-ec086b02610b,5911d9eb-23d2-11e8-a6a3-ec086b02610b.jpg,9,coyote,104,2014-10-03 21:04:04,701d16e1-5567-11e8-a24d-dca9047ef277,1,3,2048,1494
5914eed4-23d2-11e8-a6a3-ec086b02610b,5914eed4-23d2-11e8-a6a3-ec086b02610b.jpg,9,coyote,99,2015-03-13 03:36:59,70148523-5567-11e8-a991-dca9047ef277,1,3,2048,1494
5914efa7-23d2-11e8-a6a3-ec086b02610b,5914efa7-23d2-11e8-a6a3-ec086b02610b.jpg,9,coyote,130,2012-02-11 02:33:23,6f0d5245-5567-11e8-9768-dca9047ef277,1,3,2048,1494
5914f0c8-23d2-11e8-a6a3-ec086b02610b,5914f0c8-23d2-11e8-a6a3-ec086b02610b.jpg,9,coyote,120,2011-05-28 02:52:00,700d5235-5567-11e8-aa86-dca9047ef277,1,1,2048,1536
591809df-23d2-11e8-a6a3-ec086b02610b,591809df-23d2-11e8-a6a3-ec086b02610b.jpg,9,coyote,117,2013-11-08 05:53:07,701b6145-5567-11e8-92ec-dca9047ef277,3,3,2048,1494
591809e2-23d2-11e8-a6a3-ec086b02610b,591809e2-23d2-11e8-a6a3-ec086b02610b.jpg,9,coyote,80,2013-03-22 23:06:29,7009c697-5567-11e8-a6f1-dca9047ef277,1,1,2560,1920
59180a86-23d2-11e8-a6a3-ec086b02610b,59180a86-23d2-11e8-a6a3-ec086b02610b.jpg,9,coyote,75,2012-06-11 15:42:03,6efe39e3-5567-11e8-90ff-dca9047ef277,3,3,2048,1494
59180b20-23d2-11e8-a6a3-ec086b02610b,59180b20-23d2-11e8-a6a3-ec086b02610b.jpg,9,coyote,90,2012-04-22 19:46:48,6f0fbed1-5567-11e8-a3e8-dca9047ef277,3,3,2048,1494
591995de-23d2-11e8-a6a3-ec086b02610b,591995de-23d2-11e8-a6a3-ec086b02610b.jpg,9,coyote,117,2014-04-01 08:21:52,701bb61c-5567-11e8-a0b7-dca9047ef277,2,3,2048,1494
5919968b-23d2-11e8-a6a3-ec086b02610b,5919968b-23d2-11e8-a6a3-ec086b02610b.jpg,9,coyote,88,2012-01-03 23:24:13,6f144c7a-5567-11e8-9b47-dca9047ef277,1,3,2048,1494
591996dc-23d2-11e8-a6a3-ec086b02610b,591996dc-23d2-11e8-a6a3-ec086b02610b.jpg,9,coyote,114,2014-03-08 07:54:02,6ffebb3d-5567-11e8-8bba-dca9047ef277,1,1,2048,1494
59199708-23d2-11e8-a6a3-ec086b02610b,59199708-23d2-11e8-a6a3-ec086b02610b.jpg,9,coyote,76,2014-05-01 02:56:57,6f5d7b70-5567-11e8-b3b7-dca9047ef277,1,1,2048,1494
5919982f-23d2-11e8-a6a3-ec086b02610b,5919982f-23d2-11e8-a6a3-ec086b02610b.jpg,9,coyote,76,2013-11-11 06:37:47,6f533f8c-5567-11e8-b099-dca9047ef277,1,1,2048,1494
5919984f-23d2-11e8-a6a3-ec086b02610b,5919984f-23d2-11e8-a6a3-ec086b02610b.jpg,9,coyote,76,2014-04-22 20:39:49,6f5cfb8c-5567-11e8-8776-dca9047ef277,1,1,2048,1494
591998e0-23d2-11e8-a6a3-ec086b02610b,591998e0-23d2-11e8-a6a3-ec086b02610b.jpg,9,coyote,112,2012-05-15 05:10:04,6f0f439c-5567-11e8-9d28-dca9047ef277,3,3,2048,1494
5919992e-23d2-11e8-a6a3-ec086b02610b,5919992e-23d2-11e8-a6a3-ec086b02610b.jpg,9,coyote,125,2012-03-12 01:46:28,6f161b68-5567-11e8-8730-dca9047ef277,1,3,2048,1494
591b231e-23d2-11e8-a6a3-ec086b02610b,591b231e-23d2-11e8-a6a3-ec086b02610b.jpg,9,coyote,93,2014-11-27 19:06:53,70181782-5567-11e8-bfec-dca9047ef277,1,3,2048,1494
591b2368-23d2-11e8-a6a3-ec086b02610b,591b2368-23d2-11e8-a6a3-ec086b02610b.jpg,9,coyote,78,2012-05-06 05:12:04,6f1c5363-5567-11e8-9546-dca9047ef277,2,3,2048,1494
591b23bf-23d2-11e8-a6a3-ec086b02610b,591b23bf-23d2-11e8-a6a3-ec086b02610b.jpg,9,coyote,106,2013-12-13 22:54:49,6f6b1ef5-5567-11e8-b23e-dca9047ef277,1,1,2048,1494
591b246e-23d2-11e8-a6a3-ec086b02610b,591b246e-23d2-11e8-a6a3-ec086b02610b.jpg,9,coyote,111,2014-10-17 08:28:07,701535ba-5567-11e8-ad47-dca9047ef277,1,3,2048,1494
591b2478-23d2-11e8-a6a3-ec086b02610b,591b2478-23d2-11e8-a6a3-ec086b02610b.jpg,9,coyote,112,2012-05-15 05:07:19,6f0f42e6-5567-11e8-a33a-dca9047ef277,3,3,2048,1494
591b24ca-23d2-11e8-a6a3-ec086b02610b,591b24ca-23d2-11e8-a6a3-ec086b02610b.jpg,9,coyote,90,2011-05-03 01:50:02,6f0f54a6-5567-11e8-9b40-dca9047ef277,2,3,2048,1494
591b2629-23d2-11e8-a6a3-ec086b02610b,591b2629-23d2-11e8-a6a3-ec086b02610b.jpg,9,coyote,120,2012-03-03 19:07:00,700f4cb0-5567-11e8-9932-dca9047ef277,1,1,2048,1536
591e3f9b-23d2-11e8-a6a3-ec086b02610b,591e3f9b-23d2-11e8-a6a3-ec086b02610b.jpg,9,coyote,96,2013-10-04 12:21:54,6f904321-5567-11e8-bd86-dca9047ef277,1,1,2048,1494
591e40fc-23d2-11e8-a6a3-ec086b02610b,591e40fc-23d2-11e8-a6a3-ec086b02610b.jpg,9,coyote,76,2014-09-23 05:22:29,6f658a8f-5567-11e8-81b4-dca9047ef277,1,1,2048,1494
591e42a8-23d2-11e8-a6a3-ec086b02610b,591e42a8-23d2-11e8-a6a3-ec086b02610b.jpg,9,coyote,103,2011-11-27 04:15:18,6f1b0da8-5567-11e8-97be-dca9047ef277,3,3,2048,1494
591fd0da-23d2-11e8-a6a3-ec086b02610b,591fd0da-23d2-11e8-a6a3-ec086b02610b.jpg,9,coyote,102,2013-12-12 18:57:19,701099bd-5567-11e8-88bc-dca9047ef277,2,3,2048,1494
591fd48e-23d2-11e8-a6a3-ec086b02610b,591fd48e-23d2-11e8-a6a3-ec086b02610b.jpg,9,coyote,76,2014-05-16 21:36:19,6f5ec29e-5567-11e8-a00f-dca9047ef277,1,1,2048,1494
592162c7-23d2-11e8-a6a3-ec086b02610b,592162c7-23d2-11e8-a6a3-ec086b02610b.jpg,9,coyote,107,2012-04-19 03:06:47,6f0e1b47-5567-11e8-ac8d-dca9047ef277,2,3,2048,1494
59216537-23d2-11e8-a6a3-ec086b02610b,59216537-23d2-11e8-a6a3-ec086b02610b.jpg,9,coyote,138,2014-10-17 04:33:41,701b5b7a-5567-11e8-8d2b-dca9047ef277,2,3,2048,1494
5922eb02-23d2-11e8-a6a3-ec086b02610b,5922eb02-23d2-11e8-a6a3-ec086b02610b.jpg,9,coyote,78,2012-05-06 17:04:14,6f1c544c-5567-11e8-9c1e-dca9047ef277,2,3,2048,1494
5922ec95-23d2-11e8-a6a3-ec086b02610b,5922ec95-23d2-11e8-a6a3-ec086b02610b.jpg,9,coyote,125,2012-05-07 21:51:09,6f1664eb-5567-11e8-9a14-dca9047ef277,3,3,2048,1494
5922ecc5-23d2-11e8-a6a3-ec086b02610b,5922ecc5-23d2-11e8-a6a3-ec086b02610b.jpg,9,coyote,111,2014-10-23 20:40:09,70153894-5567-11e8-aab7-dca9047ef277,2,3,2048,1494
59247be3-23d2-11e8-a6a3-ec086b02610b,59247be3-23d2-11e8-a6a3-ec086b02610b.jpg,9,coyote,135,2013-03-28 23:30:00,7016984f-5567-11e8-9a39-dca9047ef277,1,3,2048,1494
59260b71-23d2-11e8-a6a3-ec086b02610b,59260b71-23d2-11e8-a6a3-ec086b02610b.jpg,9,coyote,117,2013-12-13 13:56:47,701b95c2-5567-11e8-b92b-dca9047ef277,2,3,2048,1494
59260ebb-23d2-11e8-a6a3-ec086b02610b,59260ebb-23d2-11e8-a6a3-ec086b02610b.jpg,9,coyote,106,2014-06-10 12:54:24,6f769697-5567-11e8-acf6-dca9047ef277,1,1,2048,1494
59260ef0-23d2-11e8-a6a3-ec086b02610b,59260ef0-23d2-11e8-a6a3-ec086b02610b.jpg,9,coyote,132,2011-03-30 07:00:00,700cdc3d-5567-11e8-98af-dca9047ef277,1,1,2048,1536
59279b5f-23d2-11e8-a6a3-ec086b02610b,59279b5f-23d2-11e8-a6a3-ec086b02610b.jpg,9,coyote,84,2014-04-26 20:28:15,701788d9-5567-11e8-adb1-dca9047ef277,3,3,2048,1494
59279bac-23d2-11e8-a6a3-ec086b02610b,59279bac-23d2-11e8-a6a3-ec086b02610b.jpg,9,coyote,76,2014-08-12 01:22:58,6f6378ae-5567-11e8-aac7-dca9047ef277,1,1,2048,1494
59279c82-23d2-11e8-a6a3-ec086b02610b,59279c82-23d2-11e8-a6a3-ec086b02610b.jpg,9,coyote,99,2014-10-30 14:13:41,70148380-5567-11e8-9edf-dca9047ef277,3,3,2048,1494
59279cd8-23d2-11e8-a6a3-ec086b02610b,59279cd8-23d2-11e8-a6a3-ec086b02610b.jpg,9,coyote,108,2012-05-06 01:42:04,6f1525a1-5567-11e8-a05a-dca9047ef277,3,3,2048,1494
59279cf3-23d2-11e8-a6a3-ec086b02610b,59279cf3-23d2-11e8-a6a3-ec086b02610b.jpg,9,coyote,84,2014-05-10 20:42:02,7017951c-5567-11e8-8469-dca9047ef277,1,3,2048,1494
59292d83-23d2-11e8-a6a3-ec086b02610b,59292d83-23d2-11e8-a6a3-ec086b02610b.jpg,9,coyote,117,2014-04-14 05:02:09,701bcca6-5567-11e8-aaba-dca9047ef277,2,3,2048,1494
59292ffc-23d2-11e8-a6a3-ec086b02610b,59292ffc-23d2-11e8-a6a3-ec086b02610b.jpg,9,coyote,129,2014-06-19 22:35:45,70185451-5567-11e8-8801-dca9047ef277,1,3,2048,1494
59293087-23d2-11e8-a6a3-ec086b02610b,59293087-23d2-11e8-a6a3-ec086b02610b.jpg,9,coyote,93,2014-11-27 19:07:22,701817d1-5567-11e8-bb61-dca9047ef277,1,3,2048,1494
592abf44-23d2-11e8-a6a3-ec086b02610b,592abf44-23d2-11e8-a6a3-ec086b02610b.jpg,9,coyote,104,2014-01-22 05:47:51,701d05bd-5567-11e8-98a6-dca9047ef277,2,3,2048,1494
592abfee-23d2-11e8-a6a3-ec086b02610b,592abfee-23d2-11e8-a6a3-ec086b02610b.jpg,9,coyote,99,2013-10-10 17:12:49,70148035-5567-11e8-bd9e-dca9047ef277,3,3,2048,1494
592ac0a0-23d2-11e8-a6a3-ec086b02610b,592ac0a0-23d2-11e8-a6a3-ec086b02610b.jpg,9,coyote,75,2011-11-03 06:53:06,6efd5951-5567-11e8-b90d-dca9047ef277,2,3,2048,1494
592ac0a7-23d2-11e8-a6a3-ec086b02610b,592ac0a7-23d2-11e8-a6a3-ec086b02610b.jpg,9,coyote,129,2014-06-17 19:52:57,7018527d-5567-11e8-88cd-dca9047ef277,3,3,2048,1494
592c4c37-23d2-11e8-a6a3-ec086b02610b,592c4c37-23d2-11e8-a6a3-ec086b02610b.jpg,9,coyote,135,2013-03-28 23:33:45,70169940-5567-11e8-8378-dca9047ef277,2,3,2048,1494
592c4d30-23d2-11e8-a6a3-ec086b02610b,592c4d30-23d2-11e8-a6a3-ec086b02610b.jpg,9,coyote,130,2011-12-24 08:32:41,6f0d37b5-5567-11e8-9684-dca9047ef277,1,3,2048,1494
592de31b-23d2-11e8-a6a3-ec086b02610b,592de31b-23d2-11e8-a6a3-ec086b02610b.jpg,9,coyote,108,2012-05-06 01:42:06,6f1525f0-5567-11e8-8c7b-dca9047ef277,1,3,2048,1494
592de500-23d2-11e8-a6a3-ec086b02610b,592de500-23d2-11e8-a6a3-ec086b02610b.jpg,9,coyote,120,2011-08-20 21:35:00,700db2d7-5567-11e8-a254-dca9047ef277,1,1,2048,1536
592f6fd4-23d2-11e8-a6a3-ec086b02610b,592f6fd4-23d2-11e8-a6a3-ec086b02610b.jpg,9,coyote,75,2011-11-03 06:53:08,6efd59c0-5567-11e8-ba8e-dca9047ef277,1,3,2048,1494
592f7044-23d2-11e8-a6a3-ec086b02610b,592f7044-23d2-11e8-a6a3-ec086b02610b.jpg,9,coyote,130,2012-03-14 19:59:33,6f0d6357-5567-11e8-8ee7-dca9047ef277,2,3,2048,1494
592f7120-23d2-11e8-a6a3-ec086b02610b,592f7120-23d2-11e8-a6a3-ec086b02610b.jpg,9,coyote,135,2014-08-18 19:09:31,7016c147-5567-11e8-aafd-dca9047ef277,2,3,2048,1494
592f71a3-23d2-11e8-a6a3-ec086b02610b,592f71a3-23d2-11e8-a6a3-ec086b02610b.jpg,9,coyote,99,2013-10-10 17:12:51,7014808f-5567-11e8-b199-dca9047ef277,2,3,2048,1494
592f72b9-23d2-11e8-a6a3-ec086b02610b,592f72b9-23d2-11e8-a6a3-ec086b02610b.jpg,9,coyote,115,2012-05-20 05:57:21,6f124ad7-5567-11e8-92fa-dca9047ef277,2,3,2048,1494
592f734e-23d2-11e8-a6a3-ec086b02610b,592f734e-23d2-11e8-a6a3-ec086b02610b.jpg,9,coyote,115,2012-02-13 03:41:22,6f11f2de-5567-11e8-b846-dca9047ef277,3,3,2048,1494
5930ffb4-23d2-11e8-a6a3-ec086b02610b,5930ffb4-23d2-11e8-a6a3-ec086b02610b.jpg,9,coyote,104,2014-10-13 08:21:35,701d1980-5567-11e8-8963-dca9047ef277,2,3,2048,1494
59310041-23d2-11e8-a6a3-ec086b02610b,59310041-23d2-11e8-a6a3-ec086b02610b.jpg,9,coyote,103,2011-07-05 12:43:35,6f1ab433-5567-11e8-890a-dca9047ef277,3,3,2048,1494
593100d1-23d2-11e8-a6a3-ec086b02610b,593100d1-23d2-11e8-a6a3-ec086b02610b.jpg,9,coyote,111,2014-11-01 22:05:43,70153bc0-5567-11e8-b318-dca9047ef277,2,3,2048,1494
593100ed-23d2-11e8-a6a3-ec086b02610b,593100ed-23d2-11e8-a6a3-ec086b02610b.jpg,9,coyote,118,2013-03-15 22:26:09,700aa566-5567-11e8-9c59-dca9047ef277,1,1,2560,1920
59328af4-23d2-11e8-a6a3-ec086b02610b,59328af4-23d2-11e8-a6a3-ec086b02610b.jpg,9,coyote,107,2011-07-27 05:34:49,6f0db721-5567-11e8-8524-dca9047ef277,1,3,2048,1494
59341867-23d2-11e8-a6a3-ec086b02610b,59341867-23d2-11e8-a6a3-ec086b02610b.jpg,9,coyote,115,2011-12-28 23:08:32,6f11dc38-5567-11e8-9ba5-dca9047ef277,1,3,2048,1494
593419f6-23d2-11e8-a6a3-ec086b02610b,593419f6-23d2-11e8-a6a3-ec086b02610b.jpg,9,coyote,135,2013-03-28 23:29:48,701697b8-5567-11e8-83d4-dca9047ef277,2,3,2048,1494
5935a8c3-23d2-11e8-a6a3-ec086b02610b,5935a8c3-23d2-11e8-a6a3-ec086b02610b.jpg,9,coyote,93,2014-11-27 07:36:43,701815b5-5567-11e8-b8db-dca9047ef277,2,3,2048,1494
5935a935-23d2-11e8-a6a3-ec086b02610b,5935a935-23d2-11e8-a6a3-ec086b02610b.jpg,9,coyote,117,2014-04-13 08:09:11,701bca11-5567-11e8-bbdc-dca9047ef277,1,3,2048,1494
5935a951-23d2-11e8-a6a3-ec086b02610b,5935a951-23d2-11e8-a6a3-ec086b02610b.jpg,9,coyote,134,2014-02-23 07:58:39,7010618f-5567-11e8-8415-dca9047ef277,3,3,2048,1494
593732d2-23d2-11e8-a6a3-ec086b02610b,593732d2-23d2-11e8-a6a3-ec086b02610b.jpg,9,coyote,78,2012-05-30 10:38:50,6f1c64c0-5567-11e8-bf91-dca9047ef277,2,3,2048,1494
59373380-23d2-11e8-a6a3-ec086b02610b,59373380-23d2-11e8-a6a3-ec086b02610b.jpg,9,coyote,88,2011-12-25 16:29:57,6f143dc0-5567-11e8-92ad-dca9047ef277,3,3,2048,1494
59373613-23d2-11e8-a6a3-ec086b02610b,59373613-23d2-11e8-a6a3-ec086b02610b.jpg,9,coyote,133,2014-09-20 19:33:28,7010d18c-5567-11e8-83a3-dca9047ef277,2,3,2048,1494
5938c158-23d2-11e8-a6a3-ec086b02610b,5938c158-23d2-11e8-a6a3-ec086b02610b.jpg,9,coyote,129,2014-02-04 03:08:12,70184d57-5567-11e8-8f4d-dca9047ef277,2,3,2048,1494
5938c259-23d2-11e8-a6a3-ec086b02610b,5938c259-23d2-11e8-a6a3-ec086b02610b.jpg,9,coyote,120,2012-12-12 00:22:39,700fefdc-5567-11e8-b727-dca9047ef277,1,1,2560,1920
5938c36a-23d2-11e8-a6a3-ec086b02610b,5938c36a-23d2-11e8-a6a3-ec086b02610b.jpg,9,coyote,86,2014-03-13 07:31:17,70199007-5567-11e8-9ab3-dca9047ef277,3,3,2048,1494
593a4d40-23d2-11e8-a6a3-ec086b02610b,593a4d40-23d2-11e8-a6a3-ec086b02610b.jpg,9,coyote,87,2014-05-14 22:17:34,701ac3d7-5567-11e8-9375-dca9047ef277,2,3,2048,1494
593a5029-23d2-11e8-a6a3-ec086b02610b,593a5029-23d2-11e8-a6a3-ec086b02610b.jpg,9,coyote,114,2013-10-02 06:07:44,6ff341dc-5567-11e8-b3ec-dca9047ef277,1,1,2048,1494
593bdd33-23d2-11e8-a6a3-ec086b02610b,593bdd33-23d2-11e8-a6a3-ec086b02610b.jpg,9,coyote,106,2014-07-10 05:11:58,6f77d587-5567-11e8-acb6-dca9047ef277,1,1,2048,1494
593bde2e-23d2-11e8-a6a3-ec086b02610b,593bde2e-23d2-11e8-a6a3-ec086b02610b.jpg,9,coyote,108,2012-04-12 02:27:59,6f1519a1-5567-11e8-b498-dca9047ef277,1,3,2048,1494
593d6789-23d2-11e8-a6a3-ec086b02610b,593d6789-23d2-11e8-a6a3-ec086b02610b.jpg,9,coyote,121,2013-08-11 22:40:37,70183870-5567-11e8-923f-dca9047ef277,1,3,2048,1494
593d67e8-23d2-11e8-a6a3-ec086b02610b,593d67e8-23d2-11e8-a6a3-ec086b02610b.jpg,9,coyote,133,2014-08-27 07:45:04,7010cbc7-5567-11e8-b0cd-dca9047ef277,1,3,2048,1494
593ef754-23d2-11e8-a6a3-ec086b02610b,593ef754-23d2-11e8-a6a3-ec086b02610b.jpg,9,coyote,107,2011-11-04 06:12:08,6f0df4eb-5567-11e8-bd50-dca9047ef277,3,3,2048,1494
593ef79d-23d2-11e8-a6a3-ec086b02610b,593ef79d-23d2-11e8-a6a3-ec086b02610b.jpg,9,coyote,99,2013-10-14 02:30:49,70148180-5567-11e8-9664-dca9047ef277,3,3,2048,1494
593ef7e4-23d2-11e8-a6a3-ec086b02610b,593ef7e4-23d2-11e8-a6a3-ec086b02610b.jpg,9,coyote,106,2014-09-29 01:31:35,6f7ad261-5567-11e8-ad2c-dca9047ef277,1,1,2048,1494
5940817b-23d2-11e8-a6a3-ec086b02610b,5940817b-23d2-11e8-a6a3-ec086b02610b.jpg,9,coyote,103,2011-10-05 02:41:31,6f1af0fa-5567-11e8-a65d-dca9047ef277,2,3,2048,1494
594081b5-23d2-11e8-a6a3-ec086b02610b,594081b5-23d2-11e8-a6a3-ec086b02610b.jpg,9,coyote,84,2014-05-13 22:18:09,70179651-5567-11e8-b495-dca9047ef277,1,3,2048,1494
594082f1-23d2-11e8-a6a3-ec086b02610b,594082f1-23d2-11e8-a6a3-ec086b02610b.jpg,9,coyote,130,2011-11-23 18:10:57,6f0d1bc5-5567-11e8-b81e-dca9047ef277,1,3,2048,1494
59408338-23d2-11e8-a6a3-ec086b02610b,59408338-23d2-11e8-a6a3-ec086b02610b.jpg,9,coyote,93,2014-11-27 07:36:51,701816e1-5567-11e8-85be-dca9047ef277,2,3,2048,1494
59420e8a-23d2-11e8-a6a3-ec086b02610b,59420e8a-23d2-11e8-a6a3-ec086b02610b.jpg,9,coyote,125,2011-04-30 06:32:08,6f15aae8-5567-11e8-9c3a-dca9047ef277,3,3,2048,1494
59420f23-23d2-11e8-a6a3-ec086b02610b,59420f23-23d2-11e8-a6a3-ec086b02610b.jpg,9,coyote,78,2012-06-09 08:41:44,6f1c6c66-5567-11e8-bdd5-dca9047ef277,1,3,2048,1494
59421237-23d2-11e8-a6a3-ec086b02610b,59421237-23d2-11e8-a6a3-ec086b02610b.jpg,9,coyote,107,2011-08-26 01:35:26,6f0dd64c-5567-11e8-9412-dca9047ef277,1,3,2048,1494
5942123b-23d2-11e8-a6a3-ec086b02610b,5942123b-23d2-11e8-a6a3-ec086b02610b.jpg,9,coyote,90,2011-06-01 21:11:26,6f0f5f1c-5567-11e8-a93b-dca9047ef277,2,3,2048,1494
59452e61-23d2-11e8-a6a3-ec086b02610b,59452e61-23d2-11e8-a6a3-ec086b02610b.jpg,9,coyote,115,2012-04-05 07:32:41,6f121c47-5567-11e8-a937-dca9047ef277,1,3,2048,1494
5946b7d2-23d2-11e8-a6a3-ec086b02610b,5946b7d2-23d2-11e8-a6a3-ec086b02610b.jpg,9,coyote,86,2015-05-19 07:41:15,7019b966-5567-11e8-aa2c-dca9047ef277,2,3,2048,1494
5946b803-23d2-11e8-a6a3-ec086b02610b,5946b803-23d2-11e8-a6a3-ec086b02610b.jpg,9,coyote,103,2012-06-06 05:02:53,6f1b7319-5567-11e8-b830-dca9047ef277,1,3,2048,1494
5946b826-23d2-11e8-a6a3-ec086b02610b,5946b826-23d2-11e8-a6a3-ec086b02610b.jpg,9,coyote,112,2012-05-15 05:10:52,6f0f43f8-5567-11e8-a9a2-dca9047ef277,2,3,2048,1494
5946b854-23d2-11e8-a6a3-ec086b02610b,5946b854-23d2-11e8-a6a3-ec086b02610b.jpg,9,coyote,75,2011-11-03 07:36:36,6efd5c40-5567-11e8-84be-dca9047ef277,3,3,2048,1494
5946b9c5-23d2-11e8-a6a3-ec086b02610b,5946b9c5-23d2-11e8-a6a3-ec086b02610b.jpg,9,coyote,129,2014-02-13 09:14:17,70184df5-5567-11e8-afc1-dca9047ef277,3,3,2048,1494
5946b9ff-23d2-11e8-a6a3-ec086b02610b,5946b9ff-23d2-11e8-a6a3-ec086b02610b.jpg,9,coyote,111,2014-10-17 08:28:13,7015360c-5567-11e8-a136-dca9047ef277,3,3,2048,1494
5946ba94-23d2-11e8-a6a3-ec086b02610b,5946ba94-23d2-11e8-a6a3-ec086b02610b.jpg,9,coyote,84,2014-04-26 20:29:01,70178a05-5567-11e8-ae7f-dca9047ef277,3,3,2048,1494
594846de-23d2-11e8-a6a3-ec086b02610b,594846de-23d2-11e8-a6a3-ec086b02610b.jpg,9,coyote,84,2014-05-13 22:15:08,701795bd-5567-11e8-91a3-dca9047ef277,3,3,2048,1494
594846ea-23d2-11e8-a6a3-ec086b02610b,594846ea-23d2-11e8-a6a3-ec086b02610b.jpg,9,coyote,117,2013-11-19 08:19:10,701b67de-5567-11e8-bc0e-dca9047ef277,2,3,2048,1494
594b5deb-23d2-11e8-a6a3-ec086b02610b,594b5deb-23d2-11e8-a6a3-ec086b02610b.jpg,9,coyote,66,2012-11-15 03:26:00,700a364f-5567-11e8-84c7-dca9047ef277,1,1,2048,1536
594b5eb2-23d2-11e8-a6a3-ec086b02610b,594b5eb2-23d2-11e8-a6a3-ec086b02610b.jpg,9,coyote,70,2014-04-06 01:00:01,6fd5b0fd-5567-11e8-8332-dca9047ef277,1,1,2048,1494
594b600d-23d2-11e8-a6a3-ec086b02610b,594b600d-23d2-11e8-a6a3-ec086b02610b.jpg,9,coyote,72,2013-08-14 20:18:12,7014695c-5567-11e8-81d1-dca9047ef277,1,3,2048,1494
594cea1e-23d2-11e8-a6a3-ec086b02610b,594cea1e-23d2-11e8-a6a3-ec086b02610b.jpg,9,coyote,72,2013-09-22 08:24:04,70146eab-5567-11e8-854f-dca9047ef277,1,3,2048,1494
594cea32-23d2-11e8-a6a3-ec086b02610b,594cea32-23d2-11e8-a6a3-ec086b02610b.jpg,9,coyote,71,2013-04-29 19:08:22,70083311-5567-11e8-b76d-dca9047ef277,1,1,2560,1920
594cebd6-23d2-11e8-a6a3-ec086b02610b,594cebd6-23d2-11e8-a6a3-ec086b02610b.jpg,9,coyote,71,2013-04-28 06:05:12,7008311e-5567-11e8-bd1b-dca9047ef277,1,1,2560,1920
594cebf5-23d2-11e8-a6a3-ec086b02610b,594cebf5-23d2-11e8-a6a3-ec086b02610b.jpg,9,coyote,66,2011-09-21 01:37:00,700a07ab-5567-11e8-ba3a-dca9047ef277,1,1,2048,1536
594ceccd-23d2-11e8-a6a3-ec086b02610b,594ceccd-23d2-11e8-a6a3-ec086b02610b.jpg,9,coyote,72,2013-10-26 08:08:42,70147363-5567-11e8-b668-dca9047ef277,2,3,2048,1494
594e7650-23d2-11e8-a6a3-ec086b02610b,594e7650-23d2-11e8-a6a3-ec086b02610b.jpg,9,coyote,67,2014-09-24 05:34:11,701cab30-5567-11e8-85fe-dca9047ef277,2,3,2048,1494
594e7671-23d2-11e8-a6a3-ec086b02610b,594e7671-23d2-11e8-a6a3-ec086b02610b.jpg,9,coyote,71,2013-05-11 05:39:58,70083a2e-5567-11e8-ac90-dca9047ef277,1,1,2560,1920
594e7831-23d2-11e8-a6a3-ec086b02610b,594e7831-23d2-11e8-a6a3-ec086b02610b.jpg,9,coyote,70,2013-11-15 08:35:11,6fcf31ae-5567-11e8-9c7e-dca9047ef277,1,1,2048,1494
594e7893-23d2-11e8-a6a3-ec086b02610b,594e7893-23d2-11e8-a6a3-ec086b02610b.jpg,9,coyote,70,2014-08-23 07:34:58,6fdbbeb8-5567-11e8-b5e5-dca9047ef277,1,1,2048,1494
595003e4-23d2-11e8-a6a3-ec086b02610b,595003e4-23d2-11e8-a6a3-ec086b02610b.jpg,9,coyote,67,2014-05-16 18:45:03,701c86bd-5567-11e8-b3c5-dca9047ef277,2,3,2048,1494
5950041a-23d2-11e8-a6a3-ec086b02610b,5950041a-23d2-11e8-a6a3-ec086b02610b.jpg,9,coyote,66,2011-04-29 00:33:00,7009f454-5567-11e8-94e4-dca9047ef277,1,1,2048,1536
595004c2-23d2-11e8-a6a3-ec086b02610b,595004c2-23d2-11e8-a6a3-ec086b02610b.jpg,9,coyote,71,2013-05-01 05:16:14,7008347a-5567-11e8-baa8-dca9047ef277,1,1,2560,1920
5950055c-23d2-11e8-a6a3-ec086b02610b,5950055c-23d2-11e8-a6a3-ec086b02610b.jpg,9,coyote,70,2014-07-15 23:13:16,6fda53d4-5567-11e8-8185-dca9047ef277,1,1,2048,1494
595005c0-23d2-11e8-a6a3-ec086b02610b,595005c0-23d2-11e8-a6a3-ec086b02610b.jpg,9,coyote,66,2011-05-15 03:21:00,7009f6d4-5567-11e8-9488-dca9047ef277,1,1,2048,1536
59518f08-23d2-11e8-a6a3-ec086b02610b,59518f08-23d2-11e8-a6a3-ec086b02610b.jpg,9,coyote,67,2014-09-27 05:11:15,701cb147-5567-11e8-bbee-dca9047ef277,1,3,2048,1494
59518fbd-23d2-11e8-a6a3-ec086b02610b,59518fbd-23d2-11e8-a6a3-ec086b02610b.jpg,9,coyote,67,2014-09-18 05:26:47,701c8f73-5567-11e8-805b-dca9047ef277,3,3,2048,1494
59518ffc-23d2-11e8-a6a3-ec086b02610b,59518ffc-23d2-11e8-a6a3-ec086b02610b.jpg,9,coyote,66,2011-05-15 03:16:00,7009f68f-5567-11e8-ba9d-dca9047ef277,1,1,2048,1536
5951905a-23d2-11e8-a6a3-ec086b02610b,5951905a-23d2-11e8-a6a3-ec086b02610b.jpg,9,coyote,67,2014-09-24 05:34:15,701cabd9-5567-11e8-82b2-dca9047ef277,3,3,2048,1494
59531ac4-23d2-11e8-a6a3-ec086b02610b,59531ac4-23d2-11e8-a6a3-ec086b02610b.jpg,9,coyote,72,2013-08-06 12:09:58,7014675e-5567-11e8-9d83-dca9047ef277,2,3,2048,1494
59531c8e-23d2-11e8-a6a3-ec086b02610b,59531c8e-23d2-11e8-a6a3-ec086b02610b.jpg,9,coyote,66,2011-06-19 04:12:00,7009fda1-5567-11e8-94c5-dca9047ef277,1,1,2048,1536
59531d25-23d2-11e8-a6a3-ec086b02610b,59531d25-23d2-11e8-a6a3-ec086b02610b.jpg,9,coyote,66,2011-09-14 11:07:00,700a0763-5567-11e8-9e6a-dca9047ef277,1,1,2048,1536
5954a94b-23d2-11e8-a6a3-ec086b02610b,5954a94b-23d2-11e8-a6a3-ec086b02610b.jpg,9,coyote,71,2013-04-30 04:27:51,70083357-5567-11e8-8f93-dca9047ef277,1,1,2560,1920
5954aa0d-23d2-11e8-a6a3-ec086b02610b,5954aa0d-23d2-11e8-a6a3-ec086b02610b.jpg,9,coyote,70,2014-06-17 21:27:21,6fd9291e-5567-11e8-a569-dca9047ef277,1,1,2048,1494
5954aa12-23d2-11e8-a6a3-ec086b02610b,5954aa12-23d2-11e8-a6a3-ec086b02610b.jpg,9,coyote,66,2012-01-01 09:05:00,700a19fd-5567-11e8-8f16-dca9047ef277,1,1,2048,1536
5954ab0b-23d2-11e8-a6a3-ec086b02610b,5954ab0b-23d2-11e8-a6a3-ec086b02610b.jpg,9,coyote,67,2014-09-24 05:33:58,701caa35-5567-11e8-960e-dca9047ef277,1,3,2048,1494
5954ab77-23d2-11e8-a6a3-ec086b02610b,5954ab77-23d2-11e8-a6a3-ec086b02610b.jpg,9,coyote,67,2014-09-25 21:38:42,701caeb5-5567-11e8-98e6-dca9047ef277,3,3,2048,1494
5954abbd-23d2-11e8-a6a3-ec086b02610b,5954abbd-23d2-11e8-a6a3-ec086b02610b.jpg,9,coyote,70,2013-11-03 12:30:05,6fceb4ca-5567-11e8-86f2-dca9047ef277,1,1,2048,1494
595634e9-23d2-11e8-a6a3-ec086b02610b,595634e9-23d2-11e8-a6a3-ec086b02610b.jpg,9,coyote,70,2013-09-30 07:23:36,6fcd7dd1-5567-11e8-990b-dca9047ef277,1,1,2048,1494
595637a3-23d2-11e8-a6a3-ec086b02610b,595637a3-23d2-11e8-a6a3-ec086b02610b.jpg,9,coyote,67,2014-09-13 21:25:36,701c8d30-5567-11e8-ba00-dca9047ef277,2,3,2048,1494
5957c13d-23d2-11e8-a6a3-ec086b02610b,5957c13d-23d2-11e8-a6a3-ec086b02610b.jpg,9,coyote,71,2013-05-01 20:24:33,70083568-5567-11e8-b74b-dca9047ef277,1,1,2560,1920
595950a6-23d2-11e8-a6a3-ec086b02610b,595950a6-23d2-11e8-a6a3-ec086b02610b.jpg,9,coyote,70,2013-10-05 22:10:48,6fcda8f0-5567-11e8-9f8d-dca9047ef277,1,1,2048,1494
595950d2-23d2-11e8-a6a3-ec086b02610b,595950d2-23d2-11e8-a6a3-ec086b02610b.jpg,9,coyote,70,2014-06-10 12:00:13,6fd8befa-5567-11e8-ada2-dca9047ef277,1,1,2048,1494
59595181-23d2-11e8-a6a3-ec086b02610b,59595181-23d2-11e8-a6a3-ec086b02610b.jpg,9,coyote,72,2013-09-19 19:47:56,70146e51-5567-11e8-877e-dca9047ef277,2,3,2048,1494
595951f7-23d2-11e8-a6a3-ec086b02610b,595951f7-23d2-11e8-a6a3-ec086b02610b.jpg,9,coyote,71,2013-04-17 01:03:26,70082002-5567-11e8-8b52-dca9047ef277,1,1,2560,1920
59595218-23d2-11e8-a6a3-ec086b02610b,59595218-23d2-11e8-a6a3-ec086b02610b.jpg,9,coyote,66,2011-10-12 23:57:00,700a0d5e-5567-11e8-8e51-dca9047ef277,1,1,2048,1536
595adbb1-23d2-11e8-a6a3-ec086b02610b,595adbb1-23d2-11e8-a6a3-ec086b02610b.jpg,9,coyote,67,2014-09-24 05:34:17,701cac21-5567-11e8-9e37-dca9047ef277,2,3,2048,1494
595adcff-23d2-11e8-a6a3-ec086b02610b,595adcff-23d2-11e8-a6a3-ec086b02610b.jpg,9,coyote,71,2013-05-07 20:08:07,700838c5-5567-11e8-917b-dca9047ef277,1,1,2560,1920
595addf7-23d2-11e8-a6a3-ec086b02610b,595addf7-23d2-11e8-a6a3-ec086b02610b.jpg,9,coyote,66,2011-10-03 07:54:00,700a09e3-5567-11e8-ab35-dca9047ef277,1,1,2048,1536
595ade02-23d2-11e8-a6a3-ec086b02610b,595ade02-23d2-11e8-a6a3-ec086b02610b.jpg,9,coyote,71,2013-04-18 21:43:22,700821ae-5567-11e8-9261-dca9047ef277,1,1,2560,1920
595ade46-23d2-11e8-a6a3-ec086b02610b,595ade46-23d2-11e8-a6a3-ec086b02610b.jpg,9,coyote,67,2014-09-24 05:34:04,701caa8f-5567-11e8-bc5a-dca9047ef277,2,3,2048,1494
595c6758-23d2-11e8-a6a3-ec086b02610b,595c6758-23d2-11e8-a6a3-ec086b02610b.jpg,9,coyote,71,2013-04-22 23:25:15,70082ca8-5567-11e8-970c-dca9047ef277,1,1,2560,1920
595c675a-23d2-11e8-a6a3-ec086b02610b,595c675a-23d2-11e8-a6a3-ec086b02610b.jpg,9,coyote,71,2013-04-18 18:53:39,70082168-5567-11e8-a89c-dca9047ef277,1,1,2560,1920
595c67f9-23d2-11e8-a6a3-ec086b02610b,595c67f9-23d2-11e8-a6a3-ec086b02610b.jpg,9,coyote,67,2014-09-24 05:34:07,701caae1-5567-11e8-a0d6-dca9047ef277,2,3,2048,1494
595c67ff-23d2-11e8-a6a3-ec086b02610b,595c67ff-23d2-11e8-a6a3-ec086b02610b.jpg,9,coyote,66,2013-04-19 02:28:00,700a3e59-5567-11e8-bcdb-dca9047ef277,1,1,2048,1536
595c69aa-23d2-11e8-a6a3-ec086b02610b,595c69aa-23d2-11e8-a6a3-ec086b02610b.jpg,9,coyote,71,2013-04-21 20:12:44,70082b07-5567-11e8-907f-dca9047ef277,1,1,2560,1920
595c69d3-23d2-11e8-a6a3-ec086b02610b,595c69d3-23d2-11e8-a6a3-ec086b02610b.jpg,9,coyote,71,2013-04-25 03:44:27,70082e11-5567-11e8-a9bf-dca9047ef277,1,1,2560,1920
595c6a1b-23d2-11e8-a6a3-ec086b02610b,595c6a1b-23d2-11e8-a6a3-ec086b02610b.jpg,9,coyote,73,2015-02-07 08:29:35,7019c911-5567-11e8-8a39-dca9047ef277,3,3,2048,1494
595c6a91-23d2-11e8-a6a3-ec086b02610b,595c6a91-23d2-11e8-a6a3-ec086b02610b.jpg,9,coyote,72,2013-08-06 23:08:44,70146857-5567-11e8-8c26-dca9047ef277,2,3,2048,1494
595c6ab5-23d2-11e8-a6a3-ec086b02610b,595c6ab5-23d2-11e8-a6a3-ec086b02610b.jpg,9,coyote,70,2014-06-30 23:09:00,6fd9b923-5567-11e8-a6f4-dca9047ef277,1,1,2048,1494
595ded3b-23d2-11e8-a6a3-ec086b02610b,595ded3b-23d2-11e8-a6a3-ec086b02610b.jpg,9,coyote,70,2013-12-17 03:05:34,6fd08b2e-5567-11e8-94df-dca9047ef277,1,1,2048,1494
595dedbe-23d2-11e8-a6a3-ec086b02610b,595dedbe-23d2-11e8-a6a3-ec086b02610b.jpg,9,coyote,71,2013-04-30 19:53:39,70083428-5567-11e8-88e8-dca9047ef277,1,1,2560,1920
595dedcf-23d2-11e8-a6a3-ec086b02610b,595dedcf-23d2-11e8-a6a3-ec086b02610b.jpg,9,coyote,72,2013-09-22 08:24:08,70146f5e-5567-11e8-a30b-dca9047ef277,3,3,2048,1494
595dee22-23d2-11e8-a6a3-ec086b02610b,595dee22-23d2-11e8-a6a3-ec086b02610b.jpg,9,coyote,70,2014-04-14 23:17:57,6fd618e6-5567-11e8-9484-dca9047ef277,1,1,2048,1494
595deed9-23d2-11e8-a6a3-ec086b02610b,595deed9-23d2-11e8-a6a3-ec086b02610b.jpg,9,coyote,70,2014-07-18 03:49:34,6fda689c-5567-11e8-8546-dca9047ef277,1,1,2048,1494
595f78db-23d2-11e8-a6a3-ec086b02610b,595f78db-23d2-11e8-a6a3-ec086b02610b.jpg,9,coyote,70,2014-01-21 20:14:51,6fd26c3a-5567-11e8-810a-dca9047ef277,1,1,2048,1494
595f78e7-23d2-11e8-a6a3-ec086b02610b,595f78e7-23d2-11e8-a6a3-ec086b02610b.jpg,9,coyote,72,2013-08-06 23:08:28,70146807-5567-11e8-9185-dca9047ef277,1,3,2048,1494
595f7954-23d2-11e8-a6a3-ec086b02610b,595f7954-23d2-11e8-a6a3-ec086b02610b.jpg,9,coyote,67,2014-09-24 05:34:22,701cacc0-5567-11e8-8ad9-dca9047ef277,1,3,2048,1494
595f7958-23d2-11e8-a6a3-ec086b02610b,595f7958-23d2-11e8-a6a3-ec086b02610b.jpg,9,coyote,72,2013-09-13 08:19:25,70146d07-5567-11e8-befa-dca9047ef277,1,3,2048,1494
595f7963-23d2-11e8-a6a3-ec086b02610b,595f7963-23d2-11e8-a6a3-ec086b02610b.jpg,9,coyote,66,2012-04-08 07:06:00,700a271c-5567-11e8-8054-dca9047ef277,1,1,2048,1536
595f79b5-23d2-11e8-a6a3-ec086b02610b,595f79b5-23d2-11e8-a6a3-ec086b02610b.jpg,9,coyote,66,2011-10-03 08:19:00,700a0a6e-5567-11e8-a390-dca9047ef277,1,1,2048,1536
595f7a83-23d2-11e8-a6a3-ec086b02610b,595f7a83-23d2-11e8-a6a3-ec086b02610b.jpg,9,coyote,67,2014-05-17 01:17:55,701c875e-5567-11e8-9a72-dca9047ef277,2,3,2048,1494
595f7a93-23d2-11e8-a6a3-ec086b02610b,595f7a93-23d2-11e8-a6a3-ec086b02610b.jpg,9,coyote,70,2014-03-14 11:00:32,6fd49ad4-5567-11e8-9b92-dca9047ef277,1,1,2048,1494
596106c6-23d2-11e8-a6a3-ec086b02610b,596106c6-23d2-11e8-a6a3-ec086b02610b.jpg,9,coyote,72,2013-08-20 03:55:34,70146b0a-5567-11e8-89ec-dca9047ef277,3,3,2048,1494
59610867-23d2-11e8-a6a3-ec086b02610b,59610867-23d2-11e8-a6a3-ec086b02610b.jpg,9,coyote,71,2013-04-18 18:51:58,70082123-5567-11e8-90d5-dca9047ef277,1,1,2560,1920
5961086e-23d2-11e8-a6a3-ec086b02610b,5961086e-23d2-11e8-a6a3-ec086b02610b.jpg,9,coyote,72,2013-08-14 20:18:01,701468b0-5567-11e8-adcf-dca9047ef277,2,3,2048,1494
59610913-23d2-11e8-a6a3-ec086b02610b,59610913-23d2-11e8-a6a3-ec086b02610b.jpg,9,coyote,67,2014-05-16 18:44:59,701c866e-5567-11e8-961e-dca9047ef277,3,3,2048,1494
59629286-23d2-11e8-a6a3-ec086b02610b,59629286-23d2-11e8-a6a3-ec086b02610b.jpg,9,coyote,72,2013-10-07 11:17:10,70147168-5567-11e8-8a16-dca9047ef277,1,3,2048,1494
5962930b-23d2-11e8-a6a3-ec086b02610b,5962930b-23d2-11e8-a6a3-ec086b02610b.jpg,9,coyote,72,2013-08-14 20:18:10,7014690c-5567-11e8-a55b-dca9047ef277,2,3,2048,1494
59629339-23d2-11e8-a6a3-ec086b02610b,59629339-23d2-11e8-a6a3-ec086b02610b.jpg,9,coyote,72,2013-09-22 08:24:06,70146efd-5567-11e8-b1d1-dca9047ef277,3,3,2048,1494
596293af-23d2-11e8-a6a3-ec086b02610b,596293af-23d2-11e8-a6a3-ec086b02610b.jpg,9,coyote,72,2013-10-26 08:08:45,701473b5-5567-11e8-97c8-dca9047ef277,2,3,2048,1494
596294c7-23d2-11e8-a6a3-ec086b02610b,596294c7-23d2-11e8-a6a3-ec086b02610b.jpg,9,coyote,67,2014-09-27 05:11:20,701cb197-5567-11e8-b045-dca9047ef277,2,3,2048,1494
59641d03-23d2-11e8-a6a3-ec086b02610b,59641d03-23d2-11e8-a6a3-ec086b02610b.jpg,9,coyote,66,2013-05-02 18:22:00,700a4059-5567-11e8-b52e-dca9047ef277,1,1,2048,1536
59641ed5-23d2-11e8-a6a3-ec086b02610b,59641ed5-23d2-11e8-a6a3-ec086b02610b.jpg,9,coyote,24,2012-03-05 04:20:28,6f0a8af0-5567-11e8-a11c-dca9047ef277,2,3,2048,1494
59641fb7-23d2-11e8-a6a3-ec086b02610b,59641fb7-23d2-11e8-a6a3-ec086b02610b.jpg,9,coyote,42,2015-01-02 03:38:36,7019fd70-5567-11e8-8b2e-dca9047ef277,2,3,2048,1494
5965a8f5-23d2-11e8-a6a3-ec086b02610b,5965a8f5-23d2-11e8-a6a3-ec086b02610b.jpg,9,coyote,40,2011-05-14 04:16:45,6f05c22b-5567-11e8-928a-dca9047ef277,3,3,2048,1494
5965a978-23d2-11e8-a6a3-ec086b02610b,5965a978-23d2-11e8-a6a3-ec086b02610b.jpg,9,coyote,46,2012-05-21 18:31:58,6f18eeeb-5567-11e8-b9f5-dca9047ef277,2,3,2048,1494
5965a9a9-23d2-11e8-a6a3-ec086b02610b,5965a9a9-23d2-11e8-a6a3-ec086b02610b.jpg,9,coyote,18,2011-12-15 12:34:15,6f0692c5-5567-11e8-a888-dca9047ef277,2,3,2048,1494
5965aabc-23d2-11e8-a6a3-ec086b02610b,5965aabc-23d2-11e8-a6a3-ec086b02610b.jpg,9,coyote,43,2011-10-29 06:55:04,6f0b7cb0-5567-11e8-87e1-dca9047ef277,3,3,2048,1494
5965ac72-23d2-11e8-a6a3-ec086b02610b,5965ac72-23d2-11e8-a6a3-ec086b02610b.jpg,9,coyote,12,2014-04-28 06:07:11,701bda47-5567-11e8-a79a-dca9047ef277,2,3,2048,1494
596734f9-23d2-11e8-a6a3-ec086b02610b,596734f9-23d2-11e8-a6a3-ec086b02610b.jpg,9,coyote,0,2012-11-06 19:35:52,700c7882-5567-11e8-ab11-dca9047ef277,1,1,2560,1920
59673660-23d2-11e8-a6a3-ec086b02610b,59673660-23d2-11e8-a6a3-ec086b02610b.jpg,9,coyote,22,2015-05-21 01:51:47,7019519c-5567-11e8-adcc-dca9047ef277,1,3,2048,1494
5968c0ff-23d2-11e8-a6a3-ec086b02610b,5968c0ff-23d2-11e8-a6a3-ec086b02610b.jpg,9,coyote,48,2014-09-04 19:42:08,701b4217-5567-11e8-b27d-dca9047ef277,2,3,2048,1494
596a4c83-23d2-11e8-a6a3-ec086b02610b,596a4c83-23d2-11e8-a6a3-ec086b02610b.jpg,9,coyote,0,2011-05-25 03:53:00,700ada8f-5567-11e8-9876-dca9047ef277,1,1,2048,1536
596a4ce5-23d2-11e8-a6a3-ec086b02610b,596a4ce5-23d2-11e8-a6a3-ec086b02610b.jpg,9,coyote,63,2015-05-18 01:36:16,701767ee-5567-11e8-958d-dca9047ef277,2,3,2048,1494
596a4d3b-23d2-11e8-a6a3-ec086b02610b,596a4d3b-23d2-11e8-a6a3-ec086b02610b.jpg,9,coyote,43,2011-12-16 02:48:36,6f0be9c2-5567-11e8-8987-dca9047ef277,2,3,2048,1494
596a4ddf-23d2-11e8-a6a3-ec086b02610b,596a4ddf-23d2-11e8-a6a3-ec086b02610b.jpg,9,coyote,36,2012-01-24 23:55:00,70097d42-5567-11e8-841a-dca9047ef277,1,1,2048,1536
596a4e27-23d2-11e8-a6a3-ec086b02610b,596a4e27-23d2-11e8-a6a3-ec086b02610b.jpg,9,coyote,2,2013-09-29 05:49:07,701556bd-5567-11e8-bc1f-dca9047ef277,3,3,2048,1494
596a4f1c-23d2-11e8-a6a3-ec086b02610b,596a4f1c-23d2-11e8-a6a3-ec086b02610b.jpg,9,coyote,9,2014-09-20 02:31:07,701db070-5567-11e8-8228-dca9047ef277,2,3,2048,1494
596a4f2b-23d2-11e8-a6a3-ec086b02610b,596a4f2b-23d2-11e8-a6a3-ec086b02610b.jpg,9,coyote,2,2014-08-23 21:20:10,70156711-5567-11e8-a04f-dca9047ef277,2,3,800,584
596a4f8c-23d2-11e8-a6a3-ec086b02610b,596a4f8c-23d2-11e8-a6a3-ec086b02610b.jpg,9,coyote,50,2014-04-05 12:59:52,70174fc7-5567-11e8-b1b0-dca9047ef277,1,3,2048,1494
596bd8f6-23d2-11e8-a6a3-ec086b02610b,596bd8f6-23d2-11e8-a6a3-ec086b02610b.jpg,9,coyote,4,2014-03-17 07:29:30,7016dbc2-5567-11e8-819d-dca9047ef277,3,3,2048,1494
596bd92f-23d2-11e8-a6a3-ec086b02610b,596bd92f-23d2-11e8-a6a3-ec086b02610b.jpg,9,coyote,2,2013-10-10 22:41:02,70155e1e-5567-11e8-8d62-dca9047ef277,1,3,2048,1494
596bd9fb-23d2-11e8-a6a3-ec086b02610b,596bd9fb-23d2-11e8-a6a3-ec086b02610b.jpg,9,coyote,64,2012-05-08 12:45:59,6f199e4f-5567-11e8-aef3-dca9047ef277,2,3,2048,1494
596bd9fd-23d2-11e8-a6a3-ec086b02610b,596bd9fd-23d2-11e8-a6a3-ec086b02610b.jpg,9,coyote,7,2012-01-09 17:06:09,6f07487d-5567-11e8-8155-dca9047ef277,1,3,2048,1494
596bda39-23d2-11e8-a6a3-ec086b02610b,596bda39-23d2-11e8-a6a3-ec086b02610b.jpg,9,coyote,7,2012-04-11 19:14:52,6f07a466-5567-11e8-ba08-dca9047ef277,2,3,2048,1494
596bda59-23d2-11e8-a6a3-ec086b02610b,596bda59-23d2-11e8-a6a3-ec086b02610b.jpg,9,coyote,4,2014-04-09 06:27:31,7016e0eb-5567-11e8-b027-dca9047ef277,2,3,2048,1494
596bda70-23d2-11e8-a6a3-ec086b02610b,596bda70-23d2-11e8-a6a3-ec086b02610b.jpg,9,coyote,57,2014-05-29 23:40:34,6f89bfc7-5567-11e8-844f-dca9047ef277,1,1,2048,1494
596d62ff-23d2-11e8-a6a3-ec086b02610b,596d62ff-23d2-11e8-a6a3-ec086b02610b.jpg,9,coyote,62,2011-04-04 17:51:00,7009b294-5567-11e8-b6e0-dca9047ef277,1,1,2048,1536
596d640c-23d2-11e8-a6a3-ec086b02610b,596d640c-23d2-11e8-a6a3-ec086b02610b.jpg,9,coyote,32,2014-10-27 03:30:15,70112b3d-5567-11e8-9550-dca9047ef277,3,3,2048,1494
596d6522-23d2-11e8-a6a3-ec086b02610b,596d6522-23d2-11e8-a6a3-ec086b02610b.jpg,9,coyote,56,2015-04-01 12:54:00,701115ae-5567-11e8-85c3-dca9047ef277,1,3,2048,1494
596d6575-23d2-11e8-a6a3-ec086b02610b,596d6575-23d2-11e8-a6a3-ec086b02610b.jpg,9,coyote,44,2014-05-25 06:13:43,7011fb7a-5567-11e8-aa3c-dca9047ef277,3,3,800,584
596d65b9-23d2-11e8-a6a3-ec086b02610b,596d65b9-23d2-11e8-a6a3-ec086b02610b.jpg,9,coyote,64,2012-04-27 06:24:51,6f19987d-5567-11e8-bf94-dca9047ef277,1,3,2048,1494
596d65eb-23d2-11e8-a6a3-ec086b02610b,596d65eb-23d2-11e8-a6a3-ec086b02610b.jpg,9,coyote,46,2011-09-30 13:06:08,6f17b823-5567-11e8-b8af-dca9047ef277,2,3,2048,1494
596eeeb1-23d2-11e8-a6a3-ec086b02610b,596eeeb1-23d2-11e8-a6a3-ec086b02610b.jpg,9,coyote,18,2011-06-01 20:46:43,6f064b02-5567-11e8-9cb3-dca9047ef277,2,3,2048,1494
596eefa7-23d2-11e8-a6a3-ec086b02610b,596eefa7-23d2-11e8-a6a3-ec086b02610b.jpg,9,coyote,2,2013-09-14 20:49:52,70155235-5567-11e8-bef4-dca9047ef277,1,3,2048,1494
596ef14c-23d2-11e8-a6a3-ec086b02610b,596ef14c-23d2-11e8-a6a3-ec086b02610b.jpg,9,coyote,0,2012-07-18 20:46:12,700c1cca-5567-11e8-9a11-dca9047ef277,1,1,2560,1920
5971f804-23d2-11e8-a6a3-ec086b02610b,5971f804-23d2-11e8-a6a3-ec086b02610b.jpg,9,coyote,12,2014-04-28 06:08:02,701bdb9c-5567-11e8-b8b8-dca9047ef277,2,3,2048,1494
5971f85d-23d2-11e8-a6a3-ec086b02610b,5971f85d-23d2-11e8-a6a3-ec086b02610b.jpg,9,coyote,41,2014-06-07 19:54:43,7011c34f-5567-11e8-b3e6-dca9047ef277,3,3,2048,1494
5971f8c7-23d2-11e8-a6a3-ec086b02610b,5971f8c7-23d2-11e8-a6a3-ec086b02610b.jpg,9,coyote,8,2015-04-23 11:26:37,7017707a-5567-11e8-8182-dca9047ef277,3,3,2048,1494
5971f9a0-23d2-11e8-a6a3-ec086b02610b,5971f9a0-23d2-11e8-a6a3-ec086b02610b.jpg,9,coyote,12,2014-04-28 06:07:16,701bdaf0-5567-11e8-9192-dca9047ef277,1,3,2048,1494
5971fac8-23d2-11e8-a6a3-ec086b02610b,5971fac8-23d2-11e8-a6a3-ec086b02610b.jpg,9,coyote,27,2014-10-22 05:35:47,70124347-5567-11e8-825b-dca9047ef277,2,3,2048,1494
5971fac9-23d2-11e8-a6a3-ec086b02610b,5971fac9-23d2-11e8-a6a3-ec086b02610b.jpg,9,coyote,35,2014-06-29 21:31:00,70113851-5567-11e8-b02b-dca9047ef277,2,3,2048,1494
5971fb96-23d2-11e8-a6a3-ec086b02610b,5971fb96-23d2-11e8-a6a3-ec086b02610b.jpg,9,coyote,17,2011-05-20 00:47:00,7009d5bd-5567-11e8-baab-dca9047ef277,1,1,2048,1536
597386a3-23d2-11e8-a6a3-ec086b02610b,597386a3-23d2-11e8-a6a3-ec086b02610b.jpg,9,coyote,22,2015-04-29 17:59:13,70194326-5567-11e8-b6dc-dca9047ef277,3,3,2048,1494
597386d4-23d2-11e8-a6a3-ec086b02610b,597386d4-23d2-11e8-a6a3-ec086b02610b.jpg,9,coyote,0,2011-06-13 05:17:00,700aeee1-5567-11e8-a4e1-dca9047ef277,1,1,2048,1536
597386f7-23d2-11e8-a6a3-ec086b02610b,597386f7-23d2-11e8-a6a3-ec086b02610b.jpg,9,coyote,1,2014-03-10 05:03:29,7015b738-5567-11e8-bb1e-dca9047ef277,3,3,2048,1494
59738756-23d2-11e8-a6a3-ec086b02610b,59738756-23d2-11e8-a6a3-ec086b02610b.jpg,9,coyote,9,2013-11-21 11:13:09,701daf80-5567-11e8-99ce-dca9047ef277,3,3,2048,1494
597387aa-23d2-11e8-a6a3-ec086b02610b,597387aa-23d2-11e8-a6a3-ec086b02610b.jpg,9,coyote,24,2011-06-01 06:25:50,6f0a5287-5567-11e8-a476-dca9047ef277,2,3,2048,1494
597387bc-23d2-11e8-a6a3-ec086b02610b,597387bc-23d2-11e8-a6a3-ec086b02610b.jpg,9,coyote,38,2012-05-25 07:58:48,6f04f854-5567-11e8-8db3-dca9047ef277,2,3,2048,1494
597388f3-23d2-11e8-a6a3-ec086b02610b,597388f3-23d2-11e8-a6a3-ec086b02610b.jpg,9,coyote,7,2011-08-03 16:05:56,6f06f43a-5567-11e8-b702-dca9047ef277,2,3,2048,1494
597513c8-23d2-11e8-a6a3-ec086b02610b,597513c8-23d2-11e8-a6a3-ec086b02610b.jpg,9,coyote,51,2011-09-15 01:31:33,6f1ce39e-5567-11e8-a2be-dca9047ef277,1,3,2048,1494
597513d3-23d2-11e8-a6a3-ec086b02610b,597513d3-23d2-11e8-a6a3-ec086b02610b.jpg,9,coyote,24,2011-06-01 06:25:55,6f0a52e1-5567-11e8-8645-dca9047ef277,3,3,2048,1494
5975143f-23d2-11e8-a6a3-ec086b02610b,5975143f-23d2-11e8-a6a3-ec086b02610b.jpg,9,coyote,22,2014-01-23 22:41:12,70193a5e-5567-11e8-9063-dca9047ef277,2,3,2048,1494
597514e0-23d2-11e8-a6a3-ec086b02610b,597514e0-23d2-11e8-a6a3-ec086b02610b.jpg,9,coyote,43,2012-04-22 13:22:47,6f0ca485-5567-11e8-8b42-dca9047ef277,1,3,2048,1494
59751570-23d2-11e8-a6a3-ec086b02610b,59751570-23d2-11e8-a6a3-ec086b02610b.jpg,9,coyote,41,2014-05-26 04:56:33,70118bc5-5567-11e8-903b-dca9047ef277,3,3,2048,1494
5975168b-23d2-11e8-a6a3-ec086b02610b,5975168b-23d2-11e8-a6a3-ec086b02610b.jpg,9,coyote,36,2011-04-04 17:52:00,70085445-5567-11e8-9f4f-dca9047ef277,1,1,2048,1536
597516f8-23d2-11e8-a6a3-ec086b02610b,597516f8-23d2-11e8-a6a3-ec086b02610b.jpg,9,coyote,46,2011-07-04 07:16:11,6f170b19-5567-11e8-bae5-dca9047ef277,2,3,2048,1494
5976a32a-23d2-11e8-a6a3-ec086b02610b,5976a32a-23d2-11e8-a6a3-ec086b02610b.jpg,9,coyote,5,2011-06-27 04:19:02,6f191f51-5567-11e8-9c41-dca9047ef277,2,3,2048,1494
5976a387-23d2-11e8-a6a3-ec086b02610b,5976a387-23d2-11e8-a6a3-ec086b02610b.jpg,9,coyote,42,2015-02-05 09:06:26,701a07f3-5567-11e8-9608-dca9047ef277,2,3,2048,1494
5976a54d-23d2-11e8-a6a3-ec086b02610b,5976a54d-23d2-11e8-a6a3-ec086b02610b.jpg,9,coyote,18,2011-08-02 03:09:30,6f065a5c-5567-11e8-baa3-dca9047ef277,3,3,2048,1494
59782eff-23d2-11e8-a6a3-ec086b02610b,59782eff-23d2-11e8-a6a3-ec086b02610b.jpg,9,coyote,0,2011-12-27 07:52:00,700bb21c-5567-11e8-9ce0-dca9047ef277,1,1,2048,1536
59783019-23d2-11e8-a6a3-ec086b02610b,59783019-23d2-11e8-a6a3-ec086b02610b.jpg,9,coyote,23,2014-08-30 03:56:32,6feebc14-5567-11e8-a978-dca9047ef277,1,1,2048,1494
5978310a-23d2-11e8-a6a3-ec086b02610b,5978310a-23d2-11e8-a6a3-ec086b02610b.jpg,9,coyote,48,2013-11-14 12:11:51,701b33fd-5567-11e8-92ba-dca9047ef277,2,3,2048,1494
5979bb2d-23d2-11e8-a6a3-ec086b02610b,5979bb2d-23d2-11e8-a6a3-ec086b02610b.jpg,9,coyote,46,2012-02-29 08:51:17,6f1875f3-5567-11e8-a5c7-dca9047ef277,2,3,2048,1494
5979bd4c-23d2-11e8-a6a3-ec086b02610b,5979bd4c-23d2-11e8-a6a3-ec086b02610b.jpg,9,coyote,0,2012-10-06 01:52:28,700c4df8-5567-11e8-95cb-dca9047ef277,1,1,2560,1920
5979bdc5-23d2-11e8-a6a3-ec086b02610b,5979bdc5-23d2-11e8-a6a3-ec086b02610b.jpg,9,coyote,63,2015-05-18 01:36:44,701769fd-5567-11e8-aee8-dca9047ef277,3,3,2048,1494
5979be4c-23d2-11e8-a6a3-ec086b02610b,5979be4c-23d2-11e8-a6a3-ec086b02610b.jpg,9,coyote,51,2011-12-08 20:40:10,6f1cf08c-5567-11e8-97a1-dca9047ef277,1,3,2048,1494
597b499a-23d2-11e8-a6a3-ec086b02610b,597b499a-23d2-11e8-a6a3-ec086b02610b.jpg,9,coyote,24,2011-09-25 05:41:47,6f0a5e21-5567-11e8-bbd3-dca9047ef277,3,3,2048,1494
597cd4a8-23d2-11e8-a6a3-ec086b02610b,597cd4a8-23d2-11e8-a6a3-ec086b02610b.jpg,9,coyote,61,2013-08-05 07:01:02,7013770c-5567-11e8-9a00-dca9047ef277,1,3,2048,1494
597e617c-23d2-11e8-a6a3-ec086b02610b,597e617c-23d2-11e8-a6a3-ec086b02610b.jpg,9,coyote,35,2014-11-01 04:51:44,70113fa1-5567-11e8-83f6-dca9047ef277,3,3,2048,1494
597e62ba-23d2-11e8-a6a3-ec086b02610b,597e62ba-23d2-11e8-a6a3-ec086b02610b.jpg,9,coyote,63,2015-05-18 01:36:43,701769ae-5567-11e8-976a-dca9047ef277,1,3,2048,1494
597e62fa-23d2-11e8-a6a3-ec086b02610b,597e62fa-23d2-11e8-a6a3-ec086b02610b.jpg,9,coyote,8,2015-04-23 11:26:28,70176f94-5567-11e8-80e4-dca9047ef277,3,3,2048,1494
597e6372-23d2-11e8-a6a3-ec086b02610b,597e6372-23d2-11e8-a6a3-ec086b02610b.jpg,9,coyote,46,2012-03-19 12:07:26,6f18901e-5567-11e8-92ff-dca9047ef277,3,3,2048,1494
597e645c-23d2-11e8-a6a3-ec086b02610b,597e645c-23d2-11e8-a6a3-ec086b02610b.jpg,9,coyote,22,2015-05-01 16:20:20,701944cc-5567-11e8-8144-dca9047ef277,3,3,2048,1494
597fed3a-23d2-11e8-a6a3-ec086b02610b,597fed3a-23d2-11e8-a6a3-ec086b02610b.jpg,9,coyote,51,2011-09-15 01:31:26,6f1ce307-5567-11e8-80e1-dca9047ef277,2,3,2048,1494
597fedb7-23d2-11e8-a6a3-ec086b02610b,597fedb7-23d2-11e8-a6a3-ec086b02610b.jpg,9,coyote,44,2014-01-27 04:41:21,7011ee02-5567-11e8-8a3e-dca9047ef277,2,3,2048,1494
597feded-23d2-11e8-a6a3-ec086b02610b,597feded-23d2-11e8-a6a3-ec086b02610b.jpg,9,coyote,41,2014-06-05 22:59:25,7011b41c-5567-11e8-a96d-dca9047ef277,3,3,2048,1494
597fee5e-23d2-11e8-a6a3-ec086b02610b,597fee5e-23d2-11e8-a6a3-ec086b02610b.jpg,9,coyote,31,2013-11-10 23:52:36,701db74f-5567-11e8-b7a8-dca9047ef277,1,3,2048,1494
597ff0a8-23d2-11e8-a6a3-ec086b02610b,597ff0a8-23d2-11e8-a6a3-ec086b02610b.jpg,9,coyote,48,2013-11-14 12:11:58,701b344c-5567-11e8-8294-dca9047ef277,3,3,2048,1494
59817a5b-23d2-11e8-a6a3-ec086b02610b,59817a5b-23d2-11e8-a6a3-ec086b02610b.jpg,9,coyote,51,2012-02-18 02:44:53,6f1cffd1-5567-11e8-a674-dca9047ef277,3,3,2048,1494
59817b8a-23d2-11e8-a6a3-ec086b02610b,59817b8a-23d2-11e8-a6a3-ec086b02610b.jpg,9,coyote,4,2014-03-04 20:58:30,7016da82-5567-11e8-96a8-dca9047ef277,3,3,2048,1494
59817c36-23d2-11e8-a6a3-ec086b02610b,59817c36-23d2-11e8-a6a3-ec086b02610b.jpg,9,coyote,46,2011-08-23 04:14:46,6f178dae-5567-11e8-9a6a-dca9047ef277,3,3,2048,1494
598308ea-23d2-11e8-a6a3-ec086b02610b,598308ea-23d2-11e8-a6a3-ec086b02610b.jpg,9,coyote,63,2014-01-24 03:28:27,70175e28-5567-11e8-aae5-dca9047ef277,2,3,2048,1494
598308f8-23d2-11e8-a6a3-ec086b02610b,598308f8-23d2-11e8-a6a3-ec086b02610b.jpg,9,coyote,1,2014-03-10 05:03:38,7015b7d9-5567-11e8-b1cd-dca9047ef277,3,3,2048,1494
59830951-23d2-11e8-a6a3-ec086b02610b,59830951-23d2-11e8-a6a3-ec086b02610b.jpg,9,coyote,17,2011-05-25 23:56:00,7009dab3-5567-11e8-ab9a-dca9047ef277,1,1,2048,1536
59849517-23d2-11e8-a6a3-ec086b02610b,59849517-23d2-11e8-a6a3-ec086b02610b.jpg,9,coyote,0,2011-06-21 02:02:00,700af5d1-5567-11e8-bcc0-dca9047ef277,1,1,2048,1536
5984974c-23d2-11e8-a6a3-ec086b02610b,5984974c-23d2-11e8-a6a3-ec086b02610b.jpg,9,coyote,7,2012-05-18 02:37:23,6f07cd68-5567-11e8-8c34-dca9047ef277,1,3,2048,1494
598622db-23d2-11e8-a6a3-ec086b02610b,598622db-23d2-11e8-a6a3-ec086b02610b.jpg,9,coyote,48,2013-11-14 04:51:01,701b33a3-5567-11e8-b058-dca9047ef277,1,3,2048,1494
598622f6-23d2-11e8-a6a3-ec086b02610b,598622f6-23d2-11e8-a6a3-ec086b02610b.jpg,9,coyote,36,2011-04-30 23:09:00,70086466-5567-11e8-9672-dca9047ef277,1,1,2048,1536
59862350-23d2-11e8-a6a3-ec086b02610b,59862350-23d2-11e8-a6a3-ec086b02610b.jpg,9,coyote,4,2014-03-17 07:29:32,7016dc14-5567-11e8-be6d-dca9047ef277,1,3,2048,1494
598623ce-23d2-11e8-a6a3-ec086b02610b,598623ce-23d2-11e8-a6a3-ec086b02610b.jpg,9,coyote,47,2013-02-25 10:23:59,7009f06b-5567-11e8-88d6-dca9047ef277,1,1,2560,1920
59862545-23d2-11e8-a6a3-ec086b02610b,59862545-23d2-11e8-a6a3-ec086b02610b.jpg,9,coyote,9,2013-12-04 07:31:33,701dafd1-5567-11e8-a24c-dca9047ef277,3,3,2048,1494
59862573-23d2-11e8-a6a3-ec086b02610b,59862573-23d2-11e8-a6a3-ec086b02610b.jpg,9,coyote,64,2011-07-08 22:23:43,6f1960a1-5567-11e8-9e28-dca9047ef277,2,3,2048,1494
5987b23d-23d2-11e8-a6a3-ec086b02610b,5987b23d-23d2-11e8-a6a3-ec086b02610b.jpg,9,coyote,7,2012-05-09 03:35:04,6f07c387-5567-11e8-b265-dca9047ef277,2,3,2048,1494
5987b257-23d2-11e8-a6a3-ec086b02610b,5987b257-23d2-11e8-a6a3-ec086b02610b.jpg,9,coyote,24,2011-06-06 05:26:28,6f0a5633-5567-11e8-8d74-dca9047ef277,3,3,2048,1494
5987b28c-23d2-11e8-a6a3-ec086b02610b,5987b28c-23d2-11e8-a6a3-ec086b02610b.jpg,9,coyote,62,2011-04-07 00:06:00,7009b3ae-5567-11e8-98bc-dca9047ef277,1,1,2048,1536
5987b2d9-23d2-11e8-a6a3-ec086b02610b,5987b2d9-23d2-11e8-a6a3-ec086b02610b.jpg,9,coyote,35,2015-04-15 12:13:43,70114482-5567-11e8-9fc6-dca9047ef277,3,3,2048,1494
5987b2df-23d2-11e8-a6a3-ec086b02610b,5987b2df-23d2-11e8-a6a3-ec086b02610b.jpg,9,coyote,0,2011-11-07 18:58:00,700b4f82-5567-11e8-aa34-dca9047ef277,1,1,2048,1536
5987b3f8-23d2-11e8-a6a3-ec086b02610b,5987b3f8-23d2-11e8-a6a3-ec086b02610b.jpg,9,coyote,12,2014-04-28 06:07:07,701bd9f5-5567-11e8-b252-dca9047ef277,2,3,2048,1494
5987b40d-23d2-11e8-a6a3-ec086b02610b,5987b40d-23d2-11e8-a6a3-ec086b02610b.jpg,9,coyote,40,2011-05-14 04:18:15,6f05c41e-5567-11e8-9ee4-dca9047ef277,1,3,2048,1494
5987b4d5-23d2-11e8-a6a3-ec086b02610b,5987b4d5-23d2-11e8-a6a3-ec086b02610b.jpg,9,coyote,17,2011-05-05 22:00:00,7009c95c-5567-11e8-8375-dca9047ef277,1,1,2048,1536
59894366-23d2-11e8-a6a3-ec086b02610b,59894366-23d2-11e8-a6a3-ec086b02610b.jpg,9,coyote,36,2011-03-22 19:04:00,70084e23-5567-11e8-8bc1-dca9047ef277,1,1,2048,1536
598ace2b-23d2-11e8-a6a3-ec086b02610b,598ace2b-23d2-11e8-a6a3-ec086b02610b.jpg,9,coyote,26,2014-10-06 02:23:34,6f4ec614-5567-11e8-8760-dca9047ef277,1,1,2048,1494
598acfe9-23d2-11e8-a6a3-ec086b02610b,598acfe9-23d2-11e8-a6a3-ec086b02610b.jpg,9,coyote,22,2014-01-25 20:05:11,70193be3-5567-11e8-9c07-dca9047ef277,2,3,2048,1494
598ad077-23d2-11e8-a6a3-ec086b02610b,598ad077-23d2-11e8-a6a3-ec086b02610b.jpg,9,coyote,9,2014-09-20 02:32:18,701db111-5567-11e8-9ce8-dca9047ef277,3,3,2048,1494
598ad0d9-23d2-11e8-a6a3-ec086b02610b,598ad0d9-23d2-11e8-a6a3-ec086b02610b.jpg,9,coyote,61,2013-01-26 09:35:05,70134928-5567-11e8-af23-dca9047ef277,2,3,2048,1494
598c5b0b-23d2-11e8-a6a3-ec086b02610b,598c5b0b-23d2-11e8-a6a3-ec086b02610b.jpg,9,coyote,29,2013-01-29 06:53:35,700a9059-5567-11e8-934c-dca9047ef277,1,1,2560,1920
598c5bc3-23d2-11e8-a6a3-ec086b02610b,598c5bc3-23d2-11e8-a6a3-ec086b02610b.jpg,9,coyote,31,2013-11-09 10:45:25,701db6a6-5567-11e8-90cc-dca9047ef277,2,3,2048,1494
598deae7-23d2-11e8-a6a3-ec086b02610b,598deae7-23d2-11e8-a6a3-ec086b02610b.jpg,9,coyote,35,2014-11-03 21:24:26,70114087-5567-11e8-a6e2-dca9047ef277,2,3,2048,1494
598f766f-23d2-11e8-a6a3-ec086b02610b,598f766f-23d2-11e8-a6a3-ec086b02610b.jpg,9,coyote,28,2011-11-07 06:35:36,6f129ab0-5567-11e8-8dd1-dca9047ef277,2,3,2048,1494
598f7766-23d2-11e8-a6a3-ec086b02610b,598f7766-23d2-11e8-a6a3-ec086b02610b.jpg,9,coyote,48,2013-11-14 04:50:58,701b3354-5567-11e8-9950-dca9047ef277,1,3,2048,1494
598f783a-23d2-11e8-a6a3-ec086b02610b,598f783a-23d2-11e8-a6a3-ec086b02610b.jpg,9,coyote,23,2014-09-01 20:49:33,6feeec21-5567-11e8-82c4-dca9047ef277,1,1,2048,1494
59910492-23d2-11e8-a6a3-ec086b02610b,59910492-23d2-11e8-a6a3-ec086b02610b.jpg,9,coyote,5,2011-06-08 22:19:57,6f191a99-5567-11e8-b6fe-dca9047ef277,3,3,2048,1494
599104bb-23d2-11e8-a6a3-ec086b02610b,599104bb-23d2-11e8-a6a3-ec086b02610b.jpg,9,coyote,2,2013-09-24 22:52:43,70155470-5567-11e8-8b25-dca9047ef277,3,3,2048,1494
59910620-23d2-11e8-a6a3-ec086b02610b,59910620-23d2-11e8-a6a3-ec086b02610b.jpg,9,coyote,51,2011-12-06 02:21:40,6f1cefa6-5567-11e8-88b8-dca9047ef277,3,3,2048,1494
5991068a-23d2-11e8-a6a3-ec086b02610b,5991068a-23d2-11e8-a6a3-ec086b02610b.jpg,9,coyote,1,2014-03-15 12:57:07,7015bd3d-5567-11e8-ac1c-dca9047ef277,3,3,2048,1494
599106e6-23d2-11e8-a6a3-ec086b02610b,599106e6-23d2-11e8-a6a3-ec086b02610b.jpg,9,coyote,63,2015-05-18 01:36:41,70176968-5567-11e8-9372-dca9047ef277,3,3,2048,1494
59929081-23d2-11e8-a6a3-ec086b02610b,59929081-23d2-11e8-a6a3-ec086b02610b.jpg,9,coyote,17,2011-06-10 03:37:00,7009ed87-5567-11e8-82ba-dca9047ef277,1,1,2048,1536
599290b0-23d2-11e8-a6a3-ec086b02610b,599290b0-23d2-11e8-a6a3-ec086b02610b.jpg,9,coyote,9,2013-11-21 11:12:54,701dae8f-5567-11e8-ab15-dca9047ef277,3,3,2048,1494
5992932a-23d2-11e8-a6a3-ec086b02610b,5992932a-23d2-11e8-a6a3-ec086b02610b.jpg,9,coyote,41,2014-02-08 11:34:30,70116266-5567-11e8-bdf5-dca9047ef277,3,3,2048,1494
59941e0a-23d2-11e8-a6a3-ec086b02610b,59941e0a-23d2-11e8-a6a3-ec086b02610b.jpg,9,coyote,1,2014-03-15 12:55:37,7015bbb8-5567-11e8-9667-dca9047ef277,1,3,2048,1494
59941e36-23d2-11e8-a6a3-ec086b02610b,59941e36-23d2-11e8-a6a3-ec086b02610b.jpg,9,coyote,24,2011-08-29 02:50:01,6f0a5c40-5567-11e8-ad85-dca9047ef277,1,3,2048,1494
5994202d-23d2-11e8-a6a3-ec086b02610b,5994202d-23d2-11e8-a6a3-ec086b02610b.jpg,9,coyote,44,2014-05-25 03:48:18,7011f9ae-5567-11e8-bfea-dca9047ef277,1,3,800,584
5994205c-23d2-11e8-a6a3-ec086b02610b,5994205c-23d2-11e8-a6a3-ec086b02610b.jpg,9,coyote,46,2012-05-27 06:13:54,6f18f9dc-5567-11e8-bbd9-dca9047ef277,1,3,2048,1494
5995acdb-23d2-11e8-a6a3-ec086b02610b,5995acdb-23d2-11e8-a6a3-ec086b02610b.jpg,9,coyote,17,2011-05-23 23:16:00,7009d882-5567-11e8-a029-dca9047ef277,1,1,2048,1536
5995ae7a-23d2-11e8-a6a3-ec086b02610b,5995ae7a-23d2-11e8-a6a3-ec086b02610b.jpg,9,coyote,1,2014-03-10 03:56:44,7015b317-5567-11e8-b377-dca9047ef277,1,3,2048,1494
5995ae99-23d2-11e8-a6a3-ec086b02610b,5995ae99-23d2-11e8-a6a3-ec086b02610b.jpg,9,coyote,0,2011-05-06 23:23:00,700ac987-5567-11e8-ba64-dca9047ef277,1,1,2048,1536
59973d32-23d2-11e8-a6a3-ec086b02610b,59973d32-23d2-11e8-a6a3-ec086b02610b.jpg,9,coyote,32,2015-03-14 21:38:06,701133b8-5567-11e8-be77-dca9047ef277,1,3,2048,1494
5998cccb-23d2-11e8-a6a3-ec086b02610b,5998cccb-23d2-11e8-a6a3-ec086b02610b.jpg,9,coyote,62,2011-03-25 09:23:00,7009b017-5567-11e8-8e6c-dca9047ef277,1,1,2048,1536
5998ccfe-23d2-11e8-a6a3-ec086b02610b,5998ccfe-23d2-11e8-a6a3-ec086b02610b.jpg,9,coyote,61,2013-08-05 07:01:29,70137770-5567-11e8-ad94-dca9047ef277,3,3,2048,1494
5998cd2a-23d2-11e8-a6a3-ec086b02610b,5998cd2a-23d2-11e8-a6a3-ec086b02610b.jpg,9,coyote,38,2012-06-08 18:55:19,6f05579c-5567-11e8-aaa4-dca9047ef277,3,3,2048,1494
5998cd39-23d2-11e8-a6a3-ec086b02610b,5998cd39-23d2-11e8-a6a3-ec086b02610b.jpg,9,coyote,44,2014-01-27 04:41:22,7011ee51-5567-11e8-95af-dca9047ef277,3,3,2048,1494
5998cdd8-23d2-11e8-a6a3-ec086b02610b,5998cdd8-23d2-11e8-a6a3-ec086b02610b.jpg,9,coyote,57,2013-11-12 23:23:00,6f7fb9f5-5567-11e8-b852-dca9047ef277,1,1,2048,1494
5998cf26-23d2-11e8-a6a3-ec086b02610b,5998cf26-23d2-11e8-a6a3-ec086b02610b.jpg,9,coyote,26,2014-01-19 08:15:58,6f2aaac2-5567-11e8-ae47-dca9047ef277,1,1,2048,1494
599a5a17-23d2-11e8-a6a3-ec086b02610b,599a5a17-23d2-11e8-a6a3-ec086b02610b.jpg,9,coyote,27,2014-10-22 05:35:45,701242f8-5567-11e8-9b67-dca9047ef277,2,3,2048,1494
599a5b5c-23d2-11e8-a6a3-ec086b02610b,599a5b5c-23d2-11e8-a6a3-ec086b02610b.jpg,9,coyote,56,2015-03-23 22:52:20,701114bd-5567-11e8-a778-dca9047ef277,1,3,2048,1494
599a5d06-23d2-11e8-a6a3-ec086b02610b,599a5d06-23d2-11e8-a6a3-ec086b02610b.jpg,9,coyote,48,2013-11-20 05:45:46,701b3547-5567-11e8-9a9c-dca9047ef277,1,3,2048,1494
599be7e2-23d2-11e8-a6a3-ec086b02610b,599be7e2-23d2-11e8-a6a3-ec086b02610b.jpg,9,coyote,29,2012-04-01 07:08:00,700a6c51-5567-11e8-99ba-dca9047ef277,1,1,2048,1536
599be81b-23d2-11e8-a6a3-ec086b02610b,599be81b-23d2-11e8-a6a3-ec086b02610b.jpg,9,coyote,26,2014-08-04 13:53:51,6f4c2a30-5567-11e8-b6b4-dca9047ef277,1,1,2048,1494
599be832-23d2-11e8-a6a3-ec086b02610b,599be832-23d2-11e8-a6a3-ec086b02610b.jpg,9,coyote,0,2011-11-18 21:39:00,700b5e97-5567-11e8-9c23-dca9047ef277,1,1,2048,1536
599be962-23d2-11e8-a6a3-ec086b02610b,599be962-23d2-11e8-a6a3-ec086b02610b.jpg,9,coyote,0,2011-12-27 06:41:00,700bb135-5567-11e8-a338-dca9047ef277,1,1,2048,1536
599d7b01-23d2-11e8-a6a3-ec086b02610b,599d7b01-23d2-11e8-a6a3-ec086b02610b.jpg,9,coyote,57,2014-06-01 07:28:40,6f89f5f5-5567-11e8-b1e3-dca9047ef277,1,1,2048,1494
599d7e11-23d2-11e8-a6a3-ec086b02610b,599d7e11-23d2-11e8-a6a3-ec086b02610b.jpg,9,coyote,29,2011-11-08 10:30:00,700a51d9-5567-11e8-98d5-dca9047ef277,1,1,2048,1536
599d7e72-23d2-11e8-a6a3-ec086b02610b,599d7e72-23d2-11e8-a6a3-ec086b02610b.jpg,9,coyote,31,2013-11-09 10:45:41,701db700-5567-11e8-9900-dca9047ef277,3,3,2048,1494
599fbdd7-23d2-11e8-a6a3-ec086b02610b,599fbdd7-23d2-11e8-a6a3-ec086b02610b.jpg,9,coyote,1,2014-03-10 05:05:49,7015b99c-5567-11e8-b9f2-dca9047ef277,3,3,2048,1494
599fbe95-23d2-11e8-a6a3-ec086b02610b,599fbe95-23d2-11e8-a6a3-ec086b02610b.jpg,9,coyote,51,2011-12-12 02:35:03,6f1cf12b-5567-11e8-931c-dca9047ef277,2,3,2048,1494
599fc039-23d2-11e8-a6a3-ec086b02610b,599fc039-23d2-11e8-a6a3-ec086b02610b.jpg,9,coyote,43,2012-04-02 11:09:28,6f0c74ab-5567-11e8-9bd5-dca9047ef277,3,3,2048,1494
599fc054-23d2-11e8-a6a3-ec086b02610b,599fc054-23d2-11e8-a6a3-ec086b02610b.jpg,9,coyote,40,2011-05-29 22:15:50,6f05e323-5567-11e8-8227-dca9047ef277,2,3,2048,1494
59a17a67-23d2-11e8-a6a3-ec086b02610b,59a17a67-23d2-11e8-a6a3-ec086b02610b.jpg,9,coyote,17,2011-05-11 01:24:00,7009cef3-5567-11e8-bdac-dca9047ef277,1,1,2048,1536
59a17af4-23d2-11e8-a6a3-ec086b02610b,59a17af4-23d2-11e8-a6a3-ec086b02610b.jpg,9,coyote,18,2012-02-06 21:07:44,6f06aea8-5567-11e8-a514-dca9047ef277,3,3,2048,1494
59a17b87-23d2-11e8-a6a3-ec086b02610b,59a17b87-23d2-11e8-a6a3-ec086b02610b.jpg,9,coyote,63,2015-05-18 01:36:45,70176a42-5567-11e8-9193-dca9047ef277,1,3,2048,1494
59a17c46-23d2-11e8-a6a3-ec086b02610b,59a17c46-23d2-11e8-a6a3-ec086b02610b.jpg,9,coyote,36,2011-06-09 01:06:00,70087bcf-5567-11e8-93f6-dca9047ef277,1,1,2048,1536
59a17ca7-23d2-11e8-a6a3-ec086b02610b,59a17ca7-23d2-11e8-a6a3-ec086b02610b.jpg,9,coyote,22,2014-01-25 20:05:30,70193c8f-5567-11e8-afd1-dca9047ef277,3,3,2048,1494
59a17d5a-23d2-11e8-a6a3-ec086b02610b,59a17d5a-23d2-11e8-a6a3-ec086b02610b.jpg,9,coyote,63,2015-05-18 01:36:49,70176a8a-5567-11e8-a77b-dca9047ef277,1,3,2048,1494
59a30a3c-23d2-11e8-a6a3-ec086b02610b,59a30a3c-23d2-11e8-a6a3-ec086b02610b.jpg,9,coyote,61,2013-08-05 07:00:24,70137645-5567-11e8-b348-dca9047ef277,1,3,2048,1494
59a30a57-23d2-11e8-a6a3-ec086b02610b,59a30a57-23d2-11e8-a6a3-ec086b02610b.jpg,9,coyote,18,2012-05-08 12:50:14,6f06c08c-5567-11e8-ae4b-dca9047ef277,1,3,2048,1494
59a30ab4-23d2-11e8-a6a3-ec086b02610b,59a30ab4-23d2-11e8-a6a3-ec086b02610b.jpg,9,coyote,12,2014-04-28 06:07:05,701bd9a8-5567-11e8-86d5-dca9047ef277,3,3,2048,1494
59a30ba3-23d2-11e8-a6a3-ec086b02610b,59a30ba3-23d2-11e8-a6a3-ec086b02610b.jpg,9,coyote,38,2011-12-01 07:16:46,6f01175c-5567-11e8-989a-dca9047ef277,3,3,2048,1494
59a30bae-23d2-11e8-a6a3-ec086b02610b,59a30bae-23d2-11e8-a6a3-ec086b02610b.jpg,9,coyote,41,2014-05-26 04:56:39,70118c59-5567-11e8-9429-dca9047ef277,3,3,2048,1494
59a49a2f-23d2-11e8-a6a3-ec086b02610b,59a49a2f-23d2-11e8-a6a3-ec086b02610b.jpg,9,coyote,64,2012-02-08 03:19:24,6f1975ba-5567-11e8-90a1-dca9047ef277,2,3,2048,1494
59a49a58-23d2-11e8-a6a3-ec086b02610b,59a49a58-23d2-11e8-a6a3-ec086b02610b.jpg,9,coyote,23,2014-04-21 23:57:53,6fe6b138-5567-11e8-9beb-dca9047ef277,1,1,2048,1494
59a49b28-23d2-11e8-a6a3-ec086b02610b,59a49b28-23d2-11e8-a6a3-ec086b02610b.jpg,9,coyote,35,2014-11-03 21:27:11,701140d9-5567-11e8-a89b-dca9047ef277,1,3,2048,1494
59a49bb5-23d2-11e8-a6a3-ec086b02610b,59a49bb5-23d2-11e8-a6a3-ec086b02610b.jpg,9,coyote,24,2011-09-25 05:42:49,6f0a5ede-5567-11e8-8462-dca9047ef277,2,3,2048,1494
59a62aa2-23d2-11e8-a6a3-ec086b02610b,59a62aa2-23d2-11e8-a6a3-ec086b02610b.jpg,9,coyote,7,2012-04-02 22:50:43,6f079551-5567-11e8-abde-dca9047ef277,3,3,2048,1494
59a62ca9-23d2-11e8-a6a3-ec086b02610b,59a62ca9-23d2-11e8-a6a3-ec086b02610b.jpg,9,coyote,61,2014-10-19 07:58:53,7013fd14-5567-11e8-ac60-dca9047ef277,3,3,2048,1494
59a7bce5-23d2-11e8-a6a3-ec086b02610b,59a7bce5-23d2-11e8-a6a3-ec086b02610b.jpg,9,coyote,36,2011-04-08 23:25:00,700857c0-5567-11e8-9635-dca9047ef277,1,1,2048,1536
59a7bdee-23d2-11e8-a6a3-ec086b02610b,59a7bdee-23d2-11e8-a6a3-ec086b02610b.jpg,9,coyote,38,2012-05-05 12:25:42,6f047294-5567-11e8-adc1-dca9047ef277,1,3,2048,1494
59a94c30-23d2-11e8-a6a3-ec086b02610b,59a94c30-23d2-11e8-a6a3-ec086b02610b.jpg,9,coyote,63,2015-05-18 01:36:08,70176757-5567-11e8-9d97-dca9047ef277,1,3,2048,1494
59a94d82-23d2-11e8-a6a3-ec086b02610b,59a94d82-23d2-11e8-a6a3-ec086b02610b.jpg,9,coyote,29,2011-04-13 03:14:00,700a4333-5567-11e8-9dd3-dca9047ef277,1,1,2048,1536
59a94d8a-23d2-11e8-a6a3-ec086b02610b,59a94d8a-23d2-11e8-a6a3-ec086b02610b.jpg,9,coyote,28,2012-05-14 09:10:56,6f12f4cc-5567-11e8-9011-dca9047ef277,3,3,2048,1494
59aadc30-23d2-11e8-a6a3-ec086b02610b,59aadc30-23d2-11e8-a6a3-ec086b02610b.jpg,9,coyote,44,2014-05-25 03:48:10,7011f878-5567-11e8-9a98-dca9047ef277,1,3,800,584
59ac696f-23d2-11e8-a6a3-ec086b02610b,59ac696f-23d2-11e8-a6a3-ec086b02610b.jpg,9,coyote,38,2012-05-05 12:25:35,6f047191-5567-11e8-91d7-dca9047ef277,1,3,2048,1494
59ac69a1-23d2-11e8-a6a3-ec086b02610b,59ac69a1-23d2-11e8-a6a3-ec086b02610b.jpg,9,coyote,18,2012-02-11 01:33:04,6f06b159-5567-11e8-b5cd-dca9047ef277,2,3,2048,1494
59ac6bd3-23d2-11e8-a6a3-ec086b02610b,59ac6bd3-23d2-11e8-a6a3-ec086b02610b.jpg,9,coyote,44,2014-10-16 21:23:40,7012288f-5567-11e8-94fa-dca9047ef277,2,3,2048,1494
59ac6c23-23d2-11e8-a6a3-ec086b02610b,59ac6c23-23d2-11e8-a6a3-ec086b02610b.jpg,9,coyote,57,2014-04-23 12:25:36,6f87d685-5567-11e8-abe8-dca9047ef277,1,1,2048,1494
59ac6cd8-23d2-11e8-a6a3-ec086b02610b,59ac6cd8-23d2-11e8-a6a3-ec086b02610b.jpg,9,coyote,43,2012-02-28 12:11:28,6f0c4b57-5567-11e8-ab93-dca9047ef277,2,3,2048,1494
59ac6d3d-23d2-11e8-a6a3-ec086b02610b,59ac6d3d-23d2-11e8-a6a3-ec086b02610b.jpg,9,coyote,35,2013-09-25 22:32:49,701134f8-5567-11e8-8ea8-dca9047ef277,3,3,2048,1494
59adfc84-23d2-11e8-a6a3-ec086b02610b,59adfc84-23d2-11e8-a6a3-ec086b02610b.jpg,9,coyote,36,2012-03-19 18:06:00,70099700-5567-11e8-b48b-dca9047ef277,1,1,2048,1536
59adfd1c-23d2-11e8-a6a3-ec086b02610b,59adfd1c-23d2-11e8-a6a3-ec086b02610b.jpg,9,coyote,22,2015-04-30 08:05:56,701943d1-5567-11e8-8fe8-dca9047ef277,1,3,2048,1494
59adfd3f-23d2-11e8-a6a3-ec086b02610b,59adfd3f-23d2-11e8-a6a3-ec086b02610b.jpg,9,coyote,57,2013-12-14 06:43:19,6f813d45-5567-11e8-93c1-dca9047ef277,1,1,2048,1494
59adfec5-23d2-11e8-a6a3-ec086b02610b,59adfec5-23d2-11e8-a6a3-ec086b02610b.jpg,9,coyote,1,2014-03-10 05:06:33,7015bb23-5567-11e8-a55d-dca9047ef277,2,3,2048,1494
59adfee2-23d2-11e8-a6a3-ec086b02610b,59adfee2-23d2-11e8-a6a3-ec086b02610b.jpg,9,coyote,51,2012-03-01 20:40:17,6f1d022b-5567-11e8-b272-dca9047ef277,2,3,2048,1494
59af96a7-23d2-11e8-a6a3-ec086b02610b,59af96a7-23d2-11e8-a6a3-ec086b02610b.jpg,9,coyote,36,2012-03-06 02:34:00,70098cba-5567-11e8-874f-dca9047ef277,1,1,2048,1536
59af9750-23d2-11e8-a6a3-ec086b02610b,59af9750-23d2-11e8-a6a3-ec086b02610b.jpg,9,coyote,23,2014-08-18 01:42:45,6fedfb63-5567-11e8-ba88-dca9047ef277,1,1,2048,1494
59af9899-23d2-11e8-a6a3-ec086b02610b,59af9899-23d2-11e8-a6a3-ec086b02610b.jpg,9,coyote,51,2011-07-20 12:59:19,6f1c8a70-5567-11e8-9360-dca9047ef277,3,3,2048,1494
59af9923-23d2-11e8-a6a3-ec086b02610b,59af9923-23d2-11e8-a6a3-ec086b02610b.jpg,9,coyote,22,2014-01-23 22:42:05,70193aae-5567-11e8-b239-dca9047ef277,3,3,2048,1494
59b12fe7-23d2-11e8-a6a3-ec086b02610b,59b12fe7-23d2-11e8-a6a3-ec086b02610b.jpg,9,coyote,26,2014-01-19 08:13:51,6f2aa90c-5567-11e8-8e87-dca9047ef277,1,1,2048,1494
59b13198-23d2-11e8-a6a3-ec086b02610b,59b13198-23d2-11e8-a6a3-ec086b02610b.jpg,9,coyote,43,2011-11-21 22:33:48,6f0bc207-5567-11e8-8652-dca9047ef277,2,3,2048,1494
59b13221-23d2-11e8-a6a3-ec086b02610b,59b13221-23d2-11e8-a6a3-ec086b02610b.jpg,9,coyote,56,2015-03-23 19:57:32,70111338-5567-11e8-b9ea-dca9047ef277,3,3,2048,1494
59b2e902-23d2-11e8-a6a3-ec086b02610b,59b2e902-23d2-11e8-a6a3-ec086b02610b.jpg,9,coyote,27,2013-08-10 21:31:13,70122923-5567-11e8-9801-dca9047ef277,3,3,2048,1494
59b2e9b3-23d2-11e8-a6a3-ec086b02610b,59b2e9b3-23d2-11e8-a6a3-ec086b02610b.jpg,9,coyote,64,2012-04-20 12:40:47,6f199661-5567-11e8-b5df-dca9047ef277,1,3,2048,1494
59b2e9b8-23d2-11e8-a6a3-ec086b02610b,59b2e9b8-23d2-11e8-a6a3-ec086b02610b.jpg,9,coyote,28,2012-06-12 06:04:36,6f12fe87-5567-11e8-bd28-dca9047ef277,2,3,2048,1494
59b2ea08-23d2-11e8-a6a3-ec086b02610b,59b2ea08-23d2-11e8-a6a3-ec086b02610b.jpg,9,coyote,28,2012-06-04 23:29:48,6f12faf0-5567-11e8-b298-dca9047ef277,3,3,2048,1494
59b2eb1f-23d2-11e8-a6a3-ec086b02610b,59b2eb1f-23d2-11e8-a6a3-ec086b02610b.jpg,9,coyote,44,2014-05-25 03:48:41,7011fae6-5567-11e8-8447-dca9047ef277,1,3,800,584
59b2eb67-23d2-11e8-a6a3-ec086b02610b,59b2eb67-23d2-11e8-a6a3-ec086b02610b.jpg,9,coyote,36,2012-02-05 17:42:00,70098287-5567-11e8-95e2-dca9047ef277,1,1,2048,1536
59b2ec27-23d2-11e8-a6a3-ec086b02610b,59b2ec27-23d2-11e8-a6a3-ec086b02610b.jpg,9,coyote,48,2014-04-12 22:08:19,701b3b0f-5567-11e8-b78a-dca9047ef277,3,3,2048,1494
59b2ec46-23d2-11e8-a6a3-ec086b02610b,59b2ec46-23d2-11e8-a6a3-ec086b02610b.jpg,9,coyote,41,2014-05-27 19:29:24,70119cc2-5567-11e8-ab05-dca9047ef277,3,3,2048,1494
59b483c9-23d2-11e8-a6a3-ec086b02610b,59b483c9-23d2-11e8-a6a3-ec086b02610b.jpg,9,coyote,43,2012-04-21 09:02:54,6f0c921e-5567-11e8-94f0-dca9047ef277,2,3,2048,1494
59b484ee-23d2-11e8-a6a3-ec086b02610b,59b484ee-23d2-11e8-a6a3-ec086b02610b.jpg,9,coyote,35,2014-11-06 19:30:38,701141bd-5567-11e8-9434-dca9047ef277,1,3,2048,1494
59b485b9-23d2-11e8-a6a3-ec086b02610b,59b485b9-23d2-11e8-a6a3-ec086b02610b.jpg,9,coyote,27,2014-10-24 04:39:15,701243dc-5567-11e8-b57d-dca9047ef277,3,3,2048,1494
59b614aa-23d2-11e8-a6a3-ec086b02610b,59b614aa-23d2-11e8-a6a3-ec086b02610b.jpg,9,coyote,18,2011-12-17 23:20:14,6f069470-5567-11e8-838a-dca9047ef277,3,3,2048,1494
59b6154f-23d2-11e8-a6a3-ec086b02610b,59b6154f-23d2-11e8-a6a3-ec086b02610b.jpg,9,coyote,12,2014-04-28 06:08:00,701bdb4c-5567-11e8-9242-dca9047ef277,3,3,2048,1494
59b6165c-23d2-11e8-a6a3-ec086b02610b,59b6165c-23d2-11e8-a6a3-ec086b02610b.jpg,9,coyote,18,2012-04-30 20:05:34,6f06bdcf-5567-11e8-93af-dca9047ef277,1,3,2048,1494
59b61722-23d2-11e8-a6a3-ec086b02610b,59b61722-23d2-11e8-a6a3-ec086b02610b.jpg,9,coyote,35,2014-06-18 12:38:19,7011376e-5567-11e8-b2c6-dca9047ef277,1,3,2048,1494
59b7a710-23d2-11e8-a6a3-ec086b02610b,59b7a710-23d2-11e8-a6a3-ec086b02610b.jpg,9,coyote,17,2011-05-14 00:35:00,7009d1b8-5567-11e8-bb4c-dca9047ef277,1,1,2048,1536
59b7a7e6-23d2-11e8-a6a3-ec086b02610b,59b7a7e6-23d2-11e8-a6a3-ec086b02610b.jpg,9,coyote,28,2011-10-29 05:43:39,6f1297d7-5567-11e8-abca-dca9047ef277,2,3,2048,1494
59b7a87e-23d2-11e8-a6a3-ec086b02610b,59b7a87e-23d2-11e8-a6a3-ec086b02610b.jpg,9,coyote,22,2015-04-29 17:59:17,70194382-5567-11e8-86f9-dca9047ef277,1,3,2048,1494
59b7a997-23d2-11e8-a6a3-ec086b02610b,59b7a997-23d2-11e8-a6a3-ec086b02610b.jpg,9,coyote,28,2011-10-30 10:35:35,6f129823-5567-11e8-a2c4-dca9047ef277,3,3,2048,1494
59b93938-23d2-11e8-a6a3-ec086b02610b,59b93938-23d2-11e8-a6a3-ec086b02610b.jpg,9,coyote,27,2013-08-10 21:31:11,701228de-5567-11e8-a52b-dca9047ef277,1,3,2048,1494
59b9394b-23d2-11e8-a6a3-ec086b02610b,59b9394b-23d2-11e8-a6a3-ec086b02610b.jpg,9,coyote,31,2013-12-17 06:07:03,701dbf66-5567-11e8-94fa-dca9047ef277,1,3,2048,1494
59b93978-23d2-11e8-a6a3-ec086b02610b,59b93978-23d2-11e8-a6a3-ec086b02610b.jpg,9,coyote,38,2012-05-05 12:25:40,6f047207-5567-11e8-8ee9-dca9047ef277,3,3,2048,1494
59b939c5-23d2-11e8-a6a3-ec086b02610b,59b939c5-23d2-11e8-a6a3-ec086b02610b.jpg,9,coyote,61,2015-04-04 07:07:52,701438ba-5567-11e8-a801-dca9047ef277,3,3,2048,1494
59b93a55-23d2-11e8-a6a3-ec086b02610b,59b93a55-23d2-11e8-a6a3-ec086b02610b.jpg,9,coyote,18,2011-12-15 12:34:17,6f06933a-5567-11e8-855c-dca9047ef277,1,3,2048,1494
59bac80d-23d2-11e8-a6a3-ec086b02610b,59bac80d-23d2-11e8-a6a3-ec086b02610b.jpg,9,coyote,37,2014-05-07 17:29:03,701819e3-5567-11e8-aeae-dca9047ef277,2,3,2048,1494
59bac8e5-23d2-11e8-a6a3-ec086b02610b,59bac8e5-23d2-11e8-a6a3-ec086b02610b.jpg,9,coyote,63,2015-05-18 01:36:57,70176b21-5567-11e8-a655-dca9047ef277,2,3,2048,1494
59bac8ee-23d2-11e8-a6a3-ec086b02610b,59bac8ee-23d2-11e8-a6a3-ec086b02610b.jpg,9,coyote,26,2014-06-03 08:09:32,6f44f763-5567-11e8-a3e2-dca9047ef277,1,1,2048,1494
59bac93a-23d2-11e8-a6a3-ec086b02610b,59bac93a-23d2-11e8-a6a3-ec086b02610b.jpg,9,coyote,27,2014-01-26 15:38:19,701229ba-5567-11e8-9ab5-dca9047ef277,2,3,2048,1494
59baca5f-23d2-11e8-a6a3-ec086b02610b,59baca5f-23d2-11e8-a6a3-ec086b02610b.jpg,9,coyote,12,2014-04-28 06:06:58,701bd900-5567-11e8-816c-dca9047ef277,3,3,2048,1494
59bca3ce-23d2-11e8-a6a3-ec086b02610b,59bca3ce-23d2-11e8-a6a3-ec086b02610b.jpg,9,coyote,57,2014-08-23 23:06:09,6f8e49ee-5567-11e8-9b40-dca9047ef277,1,1,2048,1494
59bca3ed-23d2-11e8-a6a3-ec086b02610b,59bca3ed-23d2-11e8-a6a3-ec086b02610b.jpg,9,coyote,29,2012-09-18 07:03:00,700a7af8-5567-11e8-bc80-dca9047ef277,1,1,2048,1536
59bca40b-23d2-11e8-a6a3-ec086b02610b,59bca40b-23d2-11e8-a6a3-ec086b02610b.jpg,9,coyote,9,2014-09-20 02:31:10,701db0c0-5567-11e8-b78c-dca9047ef277,3,3,2048,1494
59bca538-23d2-11e8-a6a3-ec086b02610b,59bca538-23d2-11e8-a6a3-ec086b02610b.jpg,9,coyote,62,2011-04-09 03:26:00,7009b64c-5567-11e8-9274-dca9047ef277,1,1,2048,1536
59bca55a-23d2-11e8-a6a3-ec086b02610b,59bca55a-23d2-11e8-a6a3-ec086b02610b.jpg,9,coyote,2,2013-09-19 23:17:29,701553ba-5567-11e8-9ba1-dca9047ef277,2,3,2048,1494
59bca56a-23d2-11e8-a6a3-ec086b02610b,59bca56a-23d2-11e8-a6a3-ec086b02610b.jpg,9,coyote,1,2014-03-10 05:05:21,7015b828-5567-11e8-b791-dca9047ef277,1,3,2048,1494
59bca66d-23d2-11e8-a6a3-ec086b02610b,59bca66d-23d2-11e8-a6a3-ec086b02610b.jpg,9,coyote,43,2011-12-06 10:17:15,6f0bddba-5567-11e8-8d10-dca9047ef277,3,3,2048,1494
59be3e93-23d2-11e8-a6a3-ec086b02610b,59be3e93-23d2-11e8-a6a3-ec086b02610b.jpg,9,coyote,5,2011-06-27 04:18:58,6f191f02-5567-11e8-8dbd-dca9047ef277,1,3,2048,1494
59be3e94-23d2-11e8-a6a3-ec086b02610b,59be3e94-23d2-11e8-a6a3-ec086b02610b.jpg,9,coyote,48,2014-04-18 20:20:27,701b3e3a-5567-11e8-9b4b-dca9047ef277,1,3,2048,1494
59be3f2f-23d2-11e8-a6a3-ec086b02610b,59be3f2f-23d2-11e8-a6a3-ec086b02610b.jpg,9,coyote,23,2014-08-18 04:05:22,6fedfdcf-5567-11e8-b0c6-dca9047ef277,1,1,2048,1494
59be4065-23d2-11e8-a6a3-ec086b02610b,59be4065-23d2-11e8-a6a3-ec086b02610b.jpg,9,coyote,57,2013-12-16 01:43:03,6f815cf0-5567-11e8-a75c-dca9047ef277,1,1,2048,1494
59be4089-23d2-11e8-a6a3-ec086b02610b,59be4089-23d2-11e8-a6a3-ec086b02610b.jpg,9,coyote,38,2012-05-05 12:25:25,6f0470a1-5567-11e8-9ba1-dca9047ef277,2,3,2048,1494
59be40be-23d2-11e8-a6a3-ec086b02610b,59be40be-23d2-11e8-a6a3-ec086b02610b.jpg,9,coyote,12,2014-04-28 06:07:01,701bd957-5567-11e8-a2f5-dca9047ef277,2,3,2048,1494
59bfdcbe-23d2-11e8-a6a3-ec086b02610b,59bfdcbe-23d2-11e8-a6a3-ec086b02610b.jpg,9,coyote,17,2011-05-06 23:25:00,7009cb4f-5567-11e8-a73f-dca9047ef277,1,1,2048,1536
59bfdee9-23d2-11e8-a6a3-ec086b02610b,59bfdee9-23d2-11e8-a6a3-ec086b02610b.jpg,9,coyote,28,2011-11-08 07:05:23,6f129b0a-5567-11e8-a94c-dca9047ef277,1,3,2048,1494
59bfdf27-23d2-11e8-a6a3-ec086b02610b,59bfdf27-23d2-11e8-a6a3-ec086b02610b.jpg,9,coyote,31,2013-12-09 19:39:17,701dbd7d-5567-11e8-a925-dca9047ef277,1,3,2048,1494
59bfdfc4-23d2-11e8-a6a3-ec086b02610b,59bfdfc4-23d2-11e8-a6a3-ec086b02610b.jpg,9,coyote,29,2012-09-24 22:28:00,700a7d7a-5567-11e8-a721-dca9047ef277,1,1,2048,1536
59bfdfc6-23d2-11e8-a6a3-ec086b02610b,59bfdfc6-23d2-11e8-a6a3-ec086b02610b.jpg,9,coyote,1,2014-03-10 05:07:08,7015bb70-5567-11e8-b12d-dca9047ef277,2,3,2048,1494
59c17708-23d2-11e8-a6a3-ec086b02610b,59c17708-23d2-11e8-a6a3-ec086b02610b.jpg,9,coyote,17,2011-05-16 21:35:00,7009d1fd-5567-11e8-b429-dca9047ef277,1,1,2048,1536
59c1771e-23d2-11e8-a6a3-ec086b02610b,59c1771e-23d2-11e8-a6a3-ec086b02610b.jpg,9,coyote,46,2011-07-03 12:25:14,6f1704b0-5567-11e8-a9f4-dca9047ef277,3,3,2048,1494
59c177f3-23d2-11e8-a6a3-ec086b02610b,59c177f3-23d2-11e8-a6a3-ec086b02610b.jpg,9,coyote,23,2014-02-19 12:09:14,6fe4006e-5567-11e8-81db-dca9047ef277,1,1,2048,1494
59c318dc-23d2-11e8-a6a3-ec086b02610b,59c318dc-23d2-11e8-a6a3-ec086b02610b.jpg,9,coyote,63,2014-01-24 03:28:31,70175e78-5567-11e8-ad8b-dca9047ef277,3,3,2048,1494
59c31a26-23d2-11e8-a6a3-ec086b02610b,59c31a26-23d2-11e8-a6a3-ec086b02610b.jpg,9,coyote,44,2014-02-01 14:45:48,7011ef91-5567-11e8-bb48-dca9047ef277,1,3,2048,1494
59c31b2f-23d2-11e8-a6a3-ec086b02610b,59c31b2f-23d2-11e8-a6a3-ec086b02610b.jpg,9,coyote,62,2011-04-08 03:19:00,7009b517-5567-11e8-8519-dca9047ef277,1,1,2048,1536
59c31bbc-23d2-11e8-a6a3-ec086b02610b,59c31bbc-23d2-11e8-a6a3-ec086b02610b.jpg,9,coyote,22,2014-01-25 20:05:25,70193c3d-5567-11e8-9a16-dca9047ef277,1,3,2048,1494
59c4bfa0-23d2-11e8-a6a3-ec086b02610b,59c4bfa0-23d2-11e8-a6a3-ec086b02610b.jpg,9,coyote,38,2011-10-12 02:51:16,6f005275-5567-11e8-8aa2-dca9047ef277,2,3,2048,1494
59c4bff0-23d2-11e8-a6a3-ec086b02610b,59c4bff0-23d2-11e8-a6a3-ec086b02610b.jpg,9,coyote,36,2011-12-19 01:49:00,70090cd7-5567-11e8-a21e-dca9047ef277,1,1,2048,1536
59c4c11d-23d2-11e8-a6a3-ec086b02610b,59c4c11d-23d2-11e8-a6a3-ec086b02610b.jpg,9,coyote,64,2012-05-26 05:56:30,6f19ad28-5567-11e8-9432-dca9047ef277,3,3,2048,1494
59c4c142-23d2-11e8-a6a3-ec086b02610b,59c4c142-23d2-11e8-a6a3-ec086b02610b.jpg,9,coyote,24,2011-06-06 05:26:29,6f0a568c-5567-11e8-9841-dca9047ef277,1,3,2048,1494
59c4c21c-23d2-11e8-a6a3-ec086b02610b,59c4c21c-23d2-11e8-a6a3-ec086b02610b.jpg,9,coyote,57,2014-07-11 12:28:51,6f8c849c-5567-11e8-b8f6-dca9047ef277,1,1,2048,1494
59c66991-23d2-11e8-a6a3-ec086b02610b,59c66991-23d2-11e8-a6a3-ec086b02610b.jpg,9,coyote,62,2011-04-09 19:20:00,7009b691-5567-11e8-958b-dca9047ef277,1,1,2048,1536
59c66a4b-23d2-11e8-a6a3-ec086b02610b,59c66a4b-23d2-11e8-a6a3-ec086b02610b.jpg,9,coyote,26,2014-01-19 08:15:55,6f2aaa7d-5567-11e8-867e-dca9047ef277,1,1,2048,1494
59c66a88-23d2-11e8-a6a3-ec086b02610b,59c66a88-23d2-11e8-a6a3-ec086b02610b.jpg,9,coyote,46,2011-06-30 08:37:09,6f16f43d-5567-11e8-aa0f-dca9047ef277,1,3,2048,1494
59c66aa8-23d2-11e8-a6a3-ec086b02610b,59c66aa8-23d2-11e8-a6a3-ec086b02610b.jpg,9,coyote,23,2014-04-02 13:18:20,6fe5c994-5567-11e8-b7a2-dca9047ef277,1,1,2048,1494
59c8037b-23d2-11e8-a6a3-ec086b02610b,59c8037b-23d2-11e8-a6a3-ec086b02610b.jpg,9,coyote,24,2011-09-25 05:42:04,6f0a5e87-5567-11e8-82ab-dca9047ef277,1,3,2048,1494
59c80521-23d2-11e8-a6a3-ec086b02610b,59c80521-23d2-11e8-a6a3-ec086b02610b.jpg,9,coyote,12,2014-04-28 06:08:06,701bdbeb-5567-11e8-a348-dca9047ef277,3,3,2048,1494
59c80534-23d2-11e8-a6a3-ec086b02610b,59c80534-23d2-11e8-a6a3-ec086b02610b.jpg,9,coyote,38,2012-05-25 08:56:11,6f04f8c5-5567-11e8-aa4f-dca9047ef277,1,3,2048,1494
59c8058e-23d2-11e8-a6a3-ec086b02610b,59c8058e-23d2-11e8-a6a3-ec086b02610b.jpg,9,coyote,29,2011-06-27 19:30:00,700a4d82-5567-11e8-836c-dca9047ef277,1,1,2048,1536
59c80668-23d2-11e8-a6a3-ec086b02610b,59c80668-23d2-11e8-a6a3-ec086b02610b.jpg,9,coyote,48,2013-12-27 18:45:30,701b378c-5567-11e8-9689-dca9047ef277,2,3,2048,1494
59c99e80-23d2-11e8-a6a3-ec086b02610b,59c99e80-23d2-11e8-a6a3-ec086b02610b.jpg,9,coyote,62,2011-04-06 00:56:00,7009b321-5567-11e8-9167-dca9047ef277,1,1,2048,1536
59c99ee2-23d2-11e8-a6a3-ec086b02610b,59c99ee2-23d2-11e8-a6a3-ec086b02610b.jpg,9,coyote,61,2014-10-19 02:22:43,7013fc0f-5567-11e8-852b-dca9047ef277,1,3,2048,1494
59c99f23-23d2-11e8-a6a3-ec086b02610b,59c99f23-23d2-11e8-a6a3-ec086b02610b.jpg,9,coyote,31,2013-12-09 19:40:02,701dbe1c-5567-11e8-8d86-dca9047ef277,3,3,2048,1494
59c99f81-23d2-11e8-a6a3-ec086b02610b,59c99f81-23d2-11e8-a6a3-ec086b02610b.jpg,9,coyote,64,2012-05-05 09:42:02,6f199d11-5567-11e8-abf4-dca9047ef277,3,3,2048,1494
59c99f9f-23d2-11e8-a6a3-ec086b02610b,59c99f9f-23d2-11e8-a6a3-ec086b02610b.jpg,9,coyote,63,2015-05-18 01:36:25,701768d1-5567-11e8-8de0-dca9047ef277,1,3,2048,1494
59cb37d9-23d2-11e8-a6a3-ec086b02610b,59cb37d9-23d2-11e8-a6a3-ec086b02610b.jpg,9,coyote,35,2014-10-09 22:26:58,70113aca-5567-11e8-a854-dca9047ef277,2,3,2048,1494
59cb38dc-23d2-11e8-a6a3-ec086b02610b,59cb38dc-23d2-11e8-a6a3-ec086b02610b.jpg,9,coyote,24,2011-05-15 23:16:00,6f0a4d54-5567-11e8-a07a-dca9047ef277,1,3,2048,1494
59cb3a01-23d2-11e8-a6a3-ec086b02610b,59cb3a01-23d2-11e8-a6a3-ec086b02610b.jpg,9,coyote,28,2011-07-12 06:28:20,6f127efd-5567-11e8-98eb-dca9047ef277,1,3,2048,1494
59ccd009-23d2-11e8-a6a3-ec086b02610b,59ccd009-23d2-11e8-a6a3-ec086b02610b.jpg,9,coyote,26,2014-09-18 13:49:07,6f4dffb0-5567-11e8-9b74-dca9047ef277,1,1,2048,1494
59ccd0d0-23d2-11e8-a6a3-ec086b02610b,59ccd0d0-23d2-11e8-a6a3-ec086b02610b.jpg,9,coyote,35,2014-11-01 05:53:57,70113fe6-5567-11e8-84df-dca9047ef277,1,3,2048,1494
59ccd0d1-23d2-11e8-a6a3-ec086b02610b,59ccd0d1-23d2-11e8-a6a3-ec086b02610b.jpg,9,coyote,21,2014-11-05 06:19:07,701d1e30-5567-11e8-bbbb-dca9047ef277,3,3,2048,1494
59ccd37b-23d2-11e8-a6a3-ec086b02610b,59ccd37b-23d2-11e8-a6a3-ec086b02610b.jpg,9,coyote,7,2011-10-17 16:13:10,6f071707-5567-11e8-b1cc-dca9047ef277,2,3,2048,1494
59ccd3bb-23d2-11e8-a6a3-ec086b02610b,59ccd3bb-23d2-11e8-a6a3-ec086b02610b.jpg,9,coyote,41,2014-07-01 12:50:15,7011dbcf-5567-11e8-9fad-dca9047ef277,2,3,2048,1494
59cf4464-23d2-11e8-a6a3-ec086b02610b,59cf4464-23d2-11e8-a6a3-ec086b02610b.jpg,9,coyote,26,2014-03-12 07:11:20,6f2c6275-5567-11e8-836d-dca9047ef277,1,1,2048,1494
59cf4710-23d2-11e8-a6a3-ec086b02610b,59cf4710-23d2-11e8-a6a3-ec086b02610b.jpg,9,coyote,29,2012-11-19 05:16:00,700a8626-5567-11e8-a9f2-dca9047ef277,1,1,2048,1536
59cf4715-23d2-11e8-a6a3-ec086b02610b,59cf4715-23d2-11e8-a6a3-ec086b02610b.jpg,9,coyote,41,2014-06-05 22:59:27,7011b463-5567-11e8-bd0b-dca9047ef277,1,3,2048,1494
59cf4771-23d2-11e8-a6a3-ec086b02610b,59cf4771-23d2-11e8-a6a3-ec086b02610b.jpg,9,coyote,40,2011-05-14 04:18:11,6f05c39e-5567-11e8-8ba9-dca9047ef277,3,3,2048,1494
59cf4783-23d2-11e8-a6a3-ec086b02610b,59cf4783-23d2-11e8-a6a3-ec086b02610b.jpg,9,coyote,1,2014-03-10 05:05:57,7015ba33-5567-11e8-83b4-dca9047ef277,3,3,2048,1494
59cf4786-23d2-11e8-a6a3-ec086b02610b,59cf4786-23d2-11e8-a6a3-ec086b02610b.jpg,9,coyote,4,2014-03-04 20:58:46,7016db23-5567-11e8-bd21-dca9047ef277,1,3,2048,1494
59d0e1e4-23d2-11e8-a6a3-ec086b02610b,59d0e1e4-23d2-11e8-a6a3-ec086b02610b.jpg,9,coyote,27,2014-02-04 07:53:16,70122a5c-5567-11e8-8079-dca9047ef277,3,3,2048,1494
59d27bbe-23d2-11e8-a6a3-ec086b02610b,59d27bbe-23d2-11e8-a6a3-ec086b02610b.jpg,9,coyote,35,2015-03-08 05:24:20,7011420f-5567-11e8-9d3a-dca9047ef277,2,3,2048,1494
59d27cd8-23d2-11e8-a6a3-ec086b02610b,59d27cd8-23d2-11e8-a6a3-ec086b02610b.jpg,9,coyote,0,2011-12-13 18:01:00,700b7d73-5567-11e8-a29f-dca9047ef277,1,1,2048,1536
59d27e29-23d2-11e8-a6a3-ec086b02610b,59d27e29-23d2-11e8-a6a3-ec086b02610b.jpg,9,coyote,23,2014-01-06 23:51:57,6fe1ee59-5567-11e8-81ae-dca9047ef277,1,1,2048,1494
59d41866-23d2-11e8-a6a3-ec086b02610b,59d41866-23d2-11e8-a6a3-ec086b02610b.jpg,9,coyote,46,2011-06-15 21:07:57,6f16aed4-5567-11e8-9493-dca9047ef277,3,3,2048,1494
59d41974-23d2-11e8-a6a3-ec086b02610b,59d41974-23d2-11e8-a6a3-ec086b02610b.jpg,9,coyote,54,2014-08-27 04:16:39,701cbc2e-5567-11e8-9241-dca9047ef277,3,3,2048,1494
59d41a57-23d2-11e8-a6a3-ec086b02610b,59d41a57-23d2-11e8-a6a3-ec086b02610b.jpg,9,coyote,21,2014-11-05 04:50:47,701d1dd4-5567-11e8-885a-dca9047ef277,2,3,2048,1494
59d5b5d8-23d2-11e8-a6a3-ec086b02610b,59d5b5d8-23d2-11e8-a6a3-ec086b02610b.jpg,9,coyote,31,2013-12-21 12:53:54,701dbfb5-5567-11e8-bb3c-dca9047ef277,3,3,2048,1494
59d5b844-23d2-11e8-a6a3-ec086b02610b,59d5b844-23d2-11e8-a6a3-ec086b02610b.jpg,9,coyote,9,2013-11-21 11:12:57,701daee1-5567-11e8-be57-dca9047ef277,3,3,2048,1494
59d75157-23d2-11e8-a6a3-ec086b02610b,59d75157-23d2-11e8-a6a3-ec086b02610b.jpg,9,coyote,29,2013-01-09 01:54:31,700a8d8a-5567-11e8-b5cf-dca9047ef277,1,1,2560,1920
59d752aa-23d2-11e8-a6a3-ec086b02610b,59d752aa-23d2-11e8-a6a3-ec086b02610b.jpg,9,coyote,29,2011-05-24 10:36:00,700a4b70-5567-11e8-ae98-dca9047ef277,1,1,2048,1536
59d752ca-23d2-11e8-a6a3-ec086b02610b,59d752ca-23d2-11e8-a6a3-ec086b02610b.jpg,9,coyote,7,2012-04-06 02:22:13,6f07a0c5-5567-11e8-b2af-dca9047ef277,3,3,2048,1494
59d752da-23d2-11e8-a6a3-ec086b02610b,59d752da-23d2-11e8-a6a3-ec086b02610b.jpg,9,coyote,62,2011-03-10 21:43:00,7009a5d9-5567-11e8-876b-dca9047ef277,1,1,2048,1536
59d752e3-23d2-11e8-a6a3-ec086b02610b,59d752e3-23d2-11e8-a6a3-ec086b02610b.jpg,9,coyote,56,2015-03-23 22:52:08,70111428-5567-11e8-b4e1-dca9047ef277,2,3,2048,1494
59d7538a-23d2-11e8-a6a3-ec086b02610b,59d7538a-23d2-11e8-a6a3-ec086b02610b.jpg,9,coyote,57,2013-09-19 12:45:45,6f7bce66-5567-11e8-a6a0-dca9047ef277,1,1,2048,1494
59d753a1-23d2-11e8-a6a3-ec086b02610b,59d753a1-23d2-11e8-a6a3-ec086b02610b.jpg,9,coyote,9,2013-12-04 07:31:35,701db01e-5567-11e8-9f50-dca9047ef277,1,3,2048,1494
59d8eafe-23d2-11e8-a6a3-ec086b02610b,59d8eafe-23d2-11e8-a6a3-ec086b02610b.jpg,9,coyote,62,2011-04-05 16:06:00,7009b2d1-5567-11e8-a089-dca9047ef277,1,1,2048,1536
59d8edac-23d2-11e8-a6a3-ec086b02610b,59d8edac-23d2-11e8-a6a3-ec086b02610b.jpg,9,coyote,17,2011-05-11 19:48:00,7009d014-5567-11e8-bf3e-dca9047ef277,1,1,2048,1536
59da89b4-23d2-11e8-a6a3-ec086b02610b,59da89b4-23d2-11e8-a6a3-ec086b02610b.jpg,9,coyote,4,2014-03-17 07:29:35,7016dc66-5567-11e8-b93a-dca9047ef277,1,3,2048,1494
59da8ac0-23d2-11e8-a6a3-ec086b02610b,59da8ac0-23d2-11e8-a6a3-ec086b02610b.jpg,9,coyote,2,2013-09-19 23:17:22,70155375-5567-11e8-88b7-dca9047ef277,2,3,2048,1494
59da8c02-23d2-11e8-a6a3-ec086b02610b,59da8c02-23d2-11e8-a6a3-ec086b02610b.jpg,9,coyote,46,2011-06-10 05:41:59,6f16a1b5-5567-11e8-895e-dca9047ef277,2,3,2048,1494
59ddc067-23d2-11e8-a6a3-ec086b02610b,59ddc067-23d2-11e8-a6a3-ec086b02610b.jpg,9,coyote,9,2013-11-21 11:12:48,701dada1-5567-11e8-bdba-dca9047ef277,1,3,2048,1494
59ddc08d-23d2-11e8-a6a3-ec086b02610b,59ddc08d-23d2-11e8-a6a3-ec086b02610b.jpg,9,coyote,51,2012-04-25 23:15:25,6f1d072b-5567-11e8-8d2f-dca9047ef277,3,3,2048,1494
59df5c25-23d2-11e8-a6a3-ec086b02610b,59df5c25-23d2-11e8-a6a3-ec086b02610b.jpg,9,coyote,36,2012-02-13 22:55:00,70098828-5567-11e8-a407-dca9047ef277,1,1,2048,1536
59df5d05-23d2-11e8-a6a3-ec086b02610b,59df5d05-23d2-11e8-a6a3-ec086b02610b.jpg,9,coyote,44,2014-05-25 03:48:03,7011f780-5567-11e8-bb27-dca9047ef277,3,3,800,584
59df5e4a-23d2-11e8-a6a3-ec086b02610b,59df5e4a-23d2-11e8-a6a3-ec086b02610b.jpg,9,coyote,9,2014-09-20 02:32:23,701db15e-5567-11e8-b15e-dca9047ef277,2,3,2048,1494
59df5e8a-23d2-11e8-a6a3-ec086b02610b,59df5e8a-23d2-11e8-a6a3-ec086b02610b.jpg,9,coyote,46,2012-02-24 09:21:22,6f186c11-5567-11e8-8f31-dca9047ef277,2,3,2048,1494
59e10231-23d2-11e8-a6a3-ec086b02610b,59e10231-23d2-11e8-a6a3-ec086b02610b.jpg,9,coyote,56,2015-03-23 22:52:19,70111478-5567-11e8-97b3-dca9047ef277,3,3,2048,1494
59e10268-23d2-11e8-a6a3-ec086b02610b,59e10268-23d2-11e8-a6a3-ec086b02610b.jpg,9,coyote,2,2013-09-17 05:41:59,701552d7-5567-11e8-a821-dca9047ef277,1,3,2048,1494
59e102cf-23d2-11e8-a6a3-ec086b02610b,59e102cf-23d2-11e8-a6a3-ec086b02610b.jpg,9,coyote,23,2014-02-17 07:42:51,6fe3e840-5567-11e8-9268-dca9047ef277,1,1,2048,1494
59e102d8-23d2-11e8-a6a3-ec086b02610b,59e102d8-23d2-11e8-a6a3-ec086b02610b.jpg,9,coyote,44,2014-05-25 06:13:51,7011fc63-5567-11e8-8784-dca9047ef277,1,3,800,584
59e1039c-23d2-11e8-a6a3-ec086b02610b,59e1039c-23d2-11e8-a6a3-ec086b02610b.jpg,9,coyote,9,2013-11-21 11:12:59,701daf2e-5567-11e8-b4c8-dca9047ef277,2,3,2048,1494
59e10439-23d2-11e8-a6a3-ec086b02610b,59e10439-23d2-11e8-a6a3-ec086b02610b.jpg,9,coyote,64,2012-06-03 17:04:12,6f19b1a6-5567-11e8-a2ad-dca9047ef277,3,3,2048,1494
59e2a26b-23d2-11e8-a6a3-ec086b02610b,59e2a26b-23d2-11e8-a6a3-ec086b02610b.jpg,9,coyote,1,2014-03-10 03:51:29,7015af75-5567-11e8-ab6b-dca9047ef277,1,3,2048,1494
59e2a4fe-23d2-11e8-a6a3-ec086b02610b,59e2a4fe-23d2-11e8-a6a3-ec086b02610b.jpg,9,coyote,26,2014-06-12 12:11:28,6f470e26-5567-11e8-a100-dca9047ef277,1,1,2048,1494
59e2a576-23d2-11e8-a6a3-ec086b02610b,59e2a576-23d2-11e8-a6a3-ec086b02610b.jpg,9,coyote,50,2014-04-05 01:00:24,70174f82-5567-11e8-9427-dca9047ef277,2,3,2048,1494
59e44042-23d2-11e8-a6a3-ec086b02610b,59e44042-23d2-11e8-a6a3-ec086b02610b.jpg,9,coyote,31,2013-11-26 22:13:43,701dbb40-5567-11e8-a6a4-dca9047ef277,1,3,2048,1494
59e44044-23d2-11e8-a6a3-ec086b02610b,59e44044-23d2-11e8-a6a3-ec086b02610b.jpg,9,coyote,38,2011-11-13 03:41:12,6f00bdde-5567-11e8-b2a0-dca9047ef277,3,3,2048,1494
59e5de5a-23d2-11e8-a6a3-ec086b02610b,59e5de5a-23d2-11e8-a6a3-ec086b02610b.jpg,9,coyote,24,2011-06-01 21:05:02,6f0a5402-5567-11e8-a403-dca9047ef277,3,3,2048,1494
59e5de9f-23d2-11e8-a6a3-ec086b02610b,59e5de9f-23d2-11e8-a6a3-ec086b02610b.jpg,9,coyote,2,2013-10-25 18:53:36,70156135-5567-11e8-b61a-dca9047ef277,1,3,2048,1494
59e5e0a4-23d2-11e8-a6a3-ec086b02610b,59e5e0a4-23d2-11e8-a6a3-ec086b02610b.jpg,9,coyote,51,2012-01-03 05:48:44,6f1cf9f5-5567-11e8-b4f4-dca9047ef277,1,3,2048,1494
59e77b93-23d2-11e8-a6a3-ec086b02610b,59e77b93-23d2-11e8-a6a3-ec086b02610b.jpg,9,coyote,40,2011-05-14 04:16:51,6f05c2ae-5567-11e8-a9a6-dca9047ef277,2,3,2048,1494
59e77b9b-23d2-11e8-a6a3-ec086b02610b,59e77b9b-23d2-11e8-a6a3-ec086b02610b.jpg,9,coyote,9,2013-11-21 11:12:49,701dae40-5567-11e8-a784-dca9047ef277,2,3,2048,1494
59e77d2a-23d2-11e8-a6a3-ec086b02610b,59e77d2a-23d2-11e8-a6a3-ec086b02610b.jpg,9,coyote,23,2014-04-14 12:20:52,6fe65768-5567-11e8-9c59-dca9047ef277,1,1,2048,1494
59e77d92-23d2-11e8-a6a3-ec086b02610b,59e77d92-23d2-11e8-a6a3-ec086b02610b.jpg,9,coyote,1,2014-03-10 03:56:40,7015b2c5-5567-11e8-9fb4-dca9047ef277,3,3,2048,1494
59e77dbd-23d2-11e8-a6a3-ec086b02610b,59e77dbd-23d2-11e8-a6a3-ec086b02610b.jpg,9,coyote,57,2014-04-14 15:34:51,6f8780f0-5567-11e8-84c7-dca9047ef277,1,1,2048,1494
59e77e30-23d2-11e8-a6a3-ec086b02610b,59e77e30-23d2-11e8-a6a3-ec086b02610b.jpg,9,coyote,12,2014-04-28 06:06:52,701bd8a3-5567-11e8-90b5-dca9047ef277,1,3,2048,1494
59e77e7a-23d2-11e8-a6a3-ec086b02610b,59e77e7a-23d2-11e8-a6a3-ec086b02610b.jpg,9,coyote,24,2011-06-06 05:21:47,6f0a5580-5567-11e8-a16b-dca9047ef277,3,3,2048,1494
59e77f2f-23d2-11e8-a6a3-ec086b02610b,59e77f2f-23d2-11e8-a6a3-ec086b02610b.jpg,9,coyote,22,2014-01-26 18:53:56,70193cde-5567-11e8-9ea0-dca9047ef277,2,3,2048,1494
59e9191f-23d2-11e8-a6a3-ec086b02610b,59e9191f-23d2-11e8-a6a3-ec086b02610b.jpg,9,coyote,35,2013-10-17 09:32:03,70113638-5567-11e8-a208-dca9047ef277,3,3,2048,1494
59e91b47-23d2-11e8-a6a3-ec086b02610b,59e91b47-23d2-11e8-a6a3-ec086b02610b.jpg,9,coyote,24,2011-06-18 03:07:45,6f0a57e3-5567-11e8-b2f7-dca9047ef277,3,3,2048,1494
59e91b64-23d2-11e8-a6a3-ec086b02610b,59e91b64-23d2-11e8-a6a3-ec086b02610b.jpg,9,coyote,2,2013-09-29 05:49:10,7015570f-5567-11e8-b13b-dca9047ef277,3,3,2048,1494
59e91b90-23d2-11e8-a6a3-ec086b02610b,59e91b90-23d2-11e8-a6a3-ec086b02610b.jpg,9,coyote,56,2015-03-23 19:57:29,701112e6-5567-11e8-8d2d-dca9047ef277,3,3,2048,1494
59eab946-23d2-11e8-a6a3-ec086b02610b,59eab946-23d2-11e8-a6a3-ec086b02610b.jpg,9,coyote,18,2012-04-16 11:50:28,6f06bba8-5567-11e8-8c08-dca9047ef277,2,3,2048,1494
59eab9d3-23d2-11e8-a6a3-ec086b02610b,59eab9d3-23d2-11e8-a6a3-ec086b02610b.jpg,9,coyote,46,2011-11-22 17:58:33,6f17d6eb-5567-11e8-b2b0-dca9047ef277,2,3,2048,1494
59eab9f9-23d2-11e8-a6a3-ec086b02610b,59eab9f9-23d2-11e8-a6a3-ec086b02610b.jpg,9,coyote,63,2013-11-12 03:14:45,701757c0-5567-11e8-93fd-dca9047ef277,1,3,2048,1494
59eaba30-23d2-11e8-a6a3-ec086b02610b,59eaba30-23d2-11e8-a6a3-ec086b02610b.jpg,9,coyote,2,2013-10-07 07:42:06,70155bab-5567-11e8-9e4d-dca9047ef277,2,3,2048,1494
59eaba4f-23d2-11e8-a6a3-ec086b02610b,59eaba4f-23d2-11e8-a6a3-ec086b02610b.jpg,9,coyote,64,2012-05-17 18:37:51,6f19a5cf-5567-11e8-895e-dca9047ef277,2,3,2048,1494
59eaba60-23d2-11e8-a6a3-ec086b02610b,59eaba60-23d2-11e8-a6a3-ec086b02610b.jpg,9,coyote,32,2014-10-30 06:35:51,70112b85-5567-11e8-b9a6-dca9047ef277,1,3,2048,1494
59eaba6c-23d2-11e8-a6a3-ec086b02610b,59eaba6c-23d2-11e8-a6a3-ec086b02610b.jpg,9,coyote,26,2014-03-30 11:04:36,6f2d01f3-5567-11e8-90b5-dca9047ef277,1,1,2048,1494
59ec55ac-23d2-11e8-a6a3-ec086b02610b,59ec55ac-23d2-11e8-a6a3-ec086b02610b.jpg,9,coyote,4,2014-03-04 20:58:39,7016dade-5567-11e8-8476-dca9047ef277,2,3,2048,1494
59ec560d-23d2-11e8-a6a3-ec086b02610b,59ec560d-23d2-11e8-a6a3-ec086b02610b.jpg,9,coyote,26,2013-10-17 08:39:57,6f275b9e-5567-11e8-8d5c-dca9047ef277,1,1,2048,1494
59edef60-23d2-11e8-a6a3-ec086b02610b,59edef60-23d2-11e8-a6a3-ec086b02610b.jpg,9,coyote,62,2011-04-09 00:38:00,7009b607-5567-11e8-93ce-dca9047ef277,1,1,2048,1536
59edf1e3-23d2-11e8-a6a3-ec086b02610b,59edf1e3-23d2-11e8-a6a3-ec086b02610b.jpg,9,coyote,36,2012-02-04 00:29:00,700981fd-5567-11e8-b496-dca9047ef277,1,1,2048,1536
59edf2ac-23d2-11e8-a6a3-ec086b02610b,59edf2ac-23d2-11e8-a6a3-ec086b02610b.jpg,9,coyote,51,2011-09-13 02:00:54,6f1cde75-5567-11e8-9328-dca9047ef277,2,3,2048,1494
59edf2ad-23d2-11e8-a6a3-ec086b02610b,59edf2ad-23d2-11e8-a6a3-ec086b02610b.jpg,9,coyote,9,2014-09-20 02:32:25,701db1b0-5567-11e8-9aba-dca9047ef277,2,3,2048,1494
59ef8b7f-23d2-11e8-a6a3-ec086b02610b,59ef8b7f-23d2-11e8-a6a3-ec086b02610b.jpg,9,coyote,31,2013-12-09 19:39:20,701dbdcc-5567-11e8-94b7-dca9047ef277,1,3,2048,1494
59ef8b9f-23d2-11e8-a6a3-ec086b02610b,59ef8b9f-23d2-11e8-a6a3-ec086b02610b.jpg,9,coyote,9,2013-11-21 11:12:49,701dadf0-5567-11e8-8327-dca9047ef277,3,3,2048,1494
59ef8c4a-23d2-11e8-a6a3-ec086b02610b,59ef8c4a-23d2-11e8-a6a3-ec086b02610b.jpg,9,coyote,0,2013-01-26 18:10:48,700c9717-5567-11e8-986e-dca9047ef277,1,1,2560,1920
59ef8c92-23d2-11e8-a6a3-ec086b02610b,59ef8c92-23d2-11e8-a6a3-ec086b02610b.jpg,9,coyote,63,2015-05-18 01:36:14,7017679c-5567-11e8-8ba9-dca9047ef277,3,3,2048,1494
59f12990-23d2-11e8-a6a3-ec086b02610b,59f12990-23d2-11e8-a6a3-ec086b02610b.jpg,9,coyote,22,2014-01-25 20:05:08,70193b9e-5567-11e8-a87b-dca9047ef277,2,3,2048,1494
59f129bf-23d2-11e8-a6a3-ec086b02610b,59f129bf-23d2-11e8-a6a3-ec086b02610b.jpg,9,coyote,56,2015-03-23 22:52:03,701113d7-5567-11e8-8dd5-dca9047ef277,1,3,2048,1494
59f2c342-23d2-11e8-a6a3-ec086b02610b,59f2c342-23d2-11e8-a6a3-ec086b02610b.jpg,9,coyote,28,2011-11-05 07:40:23,6f12992b-5567-11e8-8ca2-dca9047ef277,1,3,2048,1494
59f2c352-23d2-11e8-a6a3-ec086b02610b,59f2c352-23d2-11e8-a6a3-ec086b02610b.jpg,9,coyote,63,2015-05-18 01:36:54,70176ad9-5567-11e8-9081-dca9047ef277,2,3,2048,1494
59f2c581-23d2-11e8-a6a3-ec086b02610b,59f2c581-23d2-11e8-a6a3-ec086b02610b.jpg,9,coyote,23,2014-08-27 05:33:01,6fee8ef8-5567-11e8-937e-dca9047ef277,1,1,2048,1494
59f462a4-23d2-11e8-a6a3-ec086b02610b,59f462a4-23d2-11e8-a6a3-ec086b02610b.jpg,9,coyote,64,2012-04-04 04:43:13,6f198ea6-5567-11e8-86f3-dca9047ef277,1,3,2048,1494
59f4632d-23d2-11e8-a6a3-ec086b02610b,59f4632d-23d2-11e8-a6a3-ec086b02610b.jpg,9,coyote,43,2012-03-13 12:07:22,6f0c5b45-5567-11e8-9055-dca9047ef277,3,3,2048,1494
59f46428-23d2-11e8-a6a3-ec086b02610b,59f46428-23d2-11e8-a6a3-ec086b02610b.jpg,9,coyote,64,2012-05-17 01:49:13,6f19a330-5567-11e8-991b-dca9047ef277,3,3,2048,1494
59f5fd48-23d2-11e8-a6a3-ec086b02610b,59f5fd48-23d2-11e8-a6a3-ec086b02610b.jpg,9,coyote,43,2011-12-16 03:28:05,6f0beceb-5567-11e8-9fdb-dca9047ef277,2,3,2048,1494
59f60049-23d2-11e8-a6a3-ec086b02610b,59f60049-23d2-11e8-a6a3-ec086b02610b.jpg,9,coyote,44,2014-05-25 03:48:15,7011f8ca-5567-11e8-b217-dca9047ef277,3,3,800,584
59f79b01-23d2-11e8-a6a3-ec086b02610b,59f79b01-23d2-11e8-a6a3-ec086b02610b.jpg,9,coyote,7,2012-03-30 03:40:46,6f078a1c-5567-11e8-82f4-dca9047ef277,1,3,2048,1494
59f94437-23d2-11e8-a6a3-ec086b02610b,59f94437-23d2-11e8-a6a3-ec086b02610b.jpg,9,coyote,23,2014-02-15 12:11:01,6fe3d440-5567-11e8-9792-dca9047ef277,1,1,2048,1494
59f94575-23d2-11e8-a6a3-ec086b02610b,59f94575-23d2-11e8-a6a3-ec086b02610b.jpg,9,coyote,7,2012-04-04 01:08:18,6f0797d1-5567-11e8-a75d-dca9047ef277,2,3,2048,1494
59f9457d-23d2-11e8-a6a3-ec086b02610b,59f9457d-23d2-11e8-a6a3-ec086b02610b.jpg,9,coyote,31,2013-12-09 19:40:08,701dbe6b-5567-11e8-b3d0-dca9047ef277,1,3,2048,1494
59f9461f-23d2-11e8-a6a3-ec086b02610b,59f9461f-23d2-11e8-a6a3-ec086b02610b.jpg,9,coyote,12,2014-04-28 06:06:49,701bd854-5567-11e8-acdd-dca9047ef277,2,3,2048,1494
59f946c0-23d2-11e8-a6a3-ec086b02610b,59f946c0-23d2-11e8-a6a3-ec086b02610b.jpg,9,coyote,27,2014-02-14 10:02:50,70122b5e-5567-11e8-ac28-dca9047ef277,1,3,2048,1494
59f94701-23d2-11e8-a6a3-ec086b02610b,59f94701-23d2-11e8-a6a3-ec086b02610b.jpg,9,coyote,61,2014-10-19 02:22:36,7013fb70-5567-11e8-8761-dca9047ef277,1,3,2048,1494
59f947db-23d2-11e8-a6a3-ec086b02610b,59f947db-23d2-11e8-a6a3-ec086b02610b.jpg,9,coyote,7,2012-01-27 03:31:48,6f075005-5567-11e8-830e-dca9047ef277,2,3,2048,1494
59fae3cc-23d2-11e8-a6a3-ec086b02610b,59fae3cc-23d2-11e8-a6a3-ec086b02610b.jpg,9,coyote,0,2012-07-22 21:10:31,700c21ca-5567-11e8-8a61-dca9047ef277,1,1,2560,1920
59fae546-23d2-11e8-a6a3-ec086b02610b,59fae546-23d2-11e8-a6a3-ec086b02610b.jpg,9,coyote,7,2012-03-27 05:35:34,6f077f70-5567-11e8-9682-dca9047ef277,1,3,2048,1494
59fae611-23d2-11e8-a6a3-ec086b02610b,59fae611-23d2-11e8-a6a3-ec086b02610b.jpg,9,coyote,44,2014-02-01 19:55:06,7011f0d1-5567-11e8-9ee4-dca9047ef277,3,3,2048,1494
59fae64c-23d2-11e8-a6a3-ec086b02610b,59fae64c-23d2-11e8-a6a3-ec086b02610b.jpg,9,coyote,51,2012-03-07 01:31:39,6f1d0270-5567-11e8-a7d9-dca9047ef277,2,3,2048,1494
59fc7d14-23d2-11e8-a6a3-ec086b02610b,59fc7d14-23d2-11e8-a6a3-ec086b02610b.jpg,9,coyote,24,2011-05-22 01:38:46,6f0a4ec7-5567-11e8-8d6e-dca9047ef277,1,3,2048,1494
59fc8052-23d2-11e8-a6a3-ec086b02610b,59fc8052-23d2-11e8-a6a3-ec086b02610b.jpg,9,coyote,29,2012-04-04 14:13:00,700a6ca3-5567-11e8-a85a-dca9047ef277,1,1,2048,1536
59fe2156-23d2-11e8-a6a3-ec086b02610b,59fe2156-23d2-11e8-a6a3-ec086b02610b.jpg,9,coyote,61,2014-06-09 06:01:37,7013b2b3-5567-11e8-b873-dca9047ef277,3,3,2048,1494
59fe2207-23d2-11e8-a6a3-ec086b02610b,59fe2207-23d2-11e8-a6a3-ec086b02610b.jpg,9,coyote,43,2011-11-20 10:15:18,6f0b99de-5567-11e8-a466-dca9047ef277,3,3,2048,1494
59fe2288-23d2-11e8-a6a3-ec086b02610b,59fe2288-23d2-11e8-a6a3-ec086b02610b.jpg,9,coyote,22,2014-01-26 18:53:59,70193d2e-5567-11e8-88d7-dca9047ef277,3,3,2048,1494
59fe22b5-23d2-11e8-a6a3-ec086b02610b,59fe22b5-23d2-11e8-a6a3-ec086b02610b.jpg,9,coyote,61,2013-08-26 07:49:54,70138802-5567-11e8-a74d-dca9047ef277,3,3,2048,1494
59fe2327-23d2-11e8-a6a3-ec086b02610b,59fe2327-23d2-11e8-a6a3-ec086b02610b.jpg,9,coyote,41,2014-05-26 04:56:28,70118b73-5567-11e8-af11-dca9047ef277,1,3,2048,1494
59ffbabe-23d2-11e8-a6a3-ec086b02610b,59ffbabe-23d2-11e8-a6a3-ec086b02610b.jpg,9,coyote,35,2015-04-15 12:13:47,701144c7-5567-11e8-95bc-dca9047ef277,3,3,2048,1494
59ffbc1a-23d2-11e8-a6a3-ec086b02610b,59ffbc1a-23d2-11e8-a6a3-ec086b02610b.jpg,9,coyote,46,2011-07-12 06:29:09,6f172651-5567-11e8-93c6-dca9047ef277,1,3,2048,1494
5a015def-23d2-11e8-a6a3-ec086b02610b,5a015def-23d2-11e8-a6a3-ec086b02610b.jpg,9,coyote,27,2014-02-14 10:02:46,70122afd-5567-11e8-88c4-dca9047ef277,1,3,2048,1494
5a015e94-23d2-11e8-a6a3-ec086b02610b,5a015e94-23d2-11e8-a6a3-ec086b02610b.jpg,9,coyote,26,2014-06-27 12:29:32,6f49614c-5567-11e8-b6c3-dca9047ef277,1,1,2048,1494
5a02f96f-23d2-11e8-a6a3-ec086b02610b,5a02f96f-23d2-11e8-a6a3-ec086b02610b.jpg,9,coyote,28,2011-06-26 05:52:05,6f127b85-5567-11e8-a89d-dca9047ef277,2,3,2048,1494
5a02f975-23d2-11e8-a6a3-ec086b02610b,5a02f975-23d2-11e8-a6a3-ec086b02610b.jpg,9,coyote,29,2013-01-08 23:47:16,700a8d42-5567-11e8-a2d8-dca9047ef277,1,1,2560,1920
5a02f9a5-23d2-11e8-a6a3-ec086b02610b,5a02f9a5-23d2-11e8-a6a3-ec086b02610b.jpg,9,coyote,37,2014-05-07 17:28:23,7018199c-5567-11e8-ac6c-dca9047ef277,1,3,2048,1494
5a02fa60-23d2-11e8-a6a3-ec086b02610b,5a02fa60-23d2-11e8-a6a3-ec086b02610b.jpg,9,coyote,42,2015-02-05 09:06:30,701a0845-5567-11e8-9818-dca9047ef277,3,3,2048,1494
5a02fb19-23d2-11e8-a6a3-ec086b02610b,5a02fb19-23d2-11e8-a6a3-ec086b02610b.jpg,9,coyote,43,2011-11-15 08:23:14,6f0b8f70-5567-11e8-9c59-dca9047ef277,1,3,2048,1494
5a02fb2f-23d2-11e8-a6a3-ec086b02610b,5a02fb2f-23d2-11e8-a6a3-ec086b02610b.jpg,9,coyote,62,2011-04-08 23:24:00,7009b55c-5567-11e8-94ec-dca9047ef277,1,1,2048,1536
5a02fbdf-23d2-11e8-a6a3-ec086b02610b,5a02fbdf-23d2-11e8-a6a3-ec086b02610b.jpg,9,coyote,28,2012-06-04 23:29:50,6f12fb40-5567-11e8-9490-dca9047ef277,2,3,2048,1494
5a02fc02-23d2-11e8-a6a3-ec086b02610b,5a02fc02-23d2-11e8-a6a3-ec086b02610b.jpg,9,coyote,57,2013-09-24 13:47:31,6f7c3d4c-5567-11e8-b93a-dca9047ef277,1,1,2048,1494
5a04930e-23d2-11e8-a6a3-ec086b02610b,5a04930e-23d2-11e8-a6a3-ec086b02610b.jpg,9,coyote,23,2014-03-05 02:11:34,6fe47f11-5567-11e8-a270-dca9047ef277,1,1,2048,1494
5a049319-23d2-11e8-a6a3-ec086b02610b,5a049319-23d2-11e8-a6a3-ec086b02610b.jpg,9,coyote,29,2012-10-02 01:12:00,700a8145-5567-11e8-9f71-dca9047ef277,1,1,2048,1536
5a049367-23d2-11e8-a6a3-ec086b02610b,5a049367-23d2-11e8-a6a3-ec086b02610b.jpg,9,coyote,23,2014-03-14 21:32:36,6fe4f5e6-5567-11e8-959d-dca9047ef277,1,1,2048,1494
5a049387-23d2-11e8-a6a3-ec086b02610b,5a049387-23d2-11e8-a6a3-ec086b02610b.jpg,9,coyote,29,2011-05-08 13:38:00,700a4954-5567-11e8-9a3f-dca9047ef277,1,1,2048,1536
5a04938a-23d2-11e8-a6a3-ec086b02610b,5a04938a-23d2-11e8-a6a3-ec086b02610b.jpg,9,coyote,63,2015-05-18 01:36:22,70176880-5567-11e8-b5b2-dca9047ef277,2,3,2048,1494
5a04950f-23d2-11e8-a6a3-ec086b02610b,5a04950f-23d2-11e8-a6a3-ec086b02610b.jpg,9,coyote,1,2014-03-10 03:53:34,7015afc2-5567-11e8-bcb3-dca9047ef277,1,3,2048,1494
5a049619-23d2-11e8-a6a3-ec086b02610b,5a049619-23d2-11e8-a6a3-ec086b02610b.jpg,9,coyote,22,2015-05-11 23:11:01,7019480a-5567-11e8-909f-dca9047ef277,1,3,2048,1494
5a049633-23d2-11e8-a6a3-ec086b02610b,5a049633-23d2-11e8-a6a3-ec086b02610b.jpg,9,coyote,12,2014-04-28 06:08:38,701bdce6-5567-11e8-b1db-dca9047ef277,1,3,2048,1494
5a062ef2-23d2-11e8-a6a3-ec086b02610b,5a062ef2-23d2-11e8-a6a3-ec086b02610b.jpg,9,coyote,41,2014-05-31 22:03:34,7011a21c-5567-11e8-9f72-dca9047ef277,3,3,2048,1494
5a062f8f-23d2-11e8-a6a3-ec086b02610b,5a062f8f-23d2-11e8-a6a3-ec086b02610b.jpg,9,coyote,24,2011-06-06 02:26:43,6f0a5526-5567-11e8-ab30-dca9047ef277,3,3,2048,1494
5a062fd4-23d2-11e8-a6a3-ec086b02610b,5a062fd4-23d2-11e8-a6a3-ec086b02610b.jpg,9,coyote,27,2014-10-22 05:35:48,7012438f-5567-11e8-a1ed-dca9047ef277,3,3,2048,1494
5a06303c-23d2-11e8-a6a3-ec086b02610b,5a06303c-23d2-11e8-a6a3-ec086b02610b.jpg,9,coyote,26,2014-08-04 13:53:53,6f4c2a82-5567-11e8-87d4-dca9047ef277,1,1,2048,1494
5a063136-23d2-11e8-a6a3-ec086b02610b,5a063136-23d2-11e8-a6a3-ec086b02610b.jpg,9,coyote,36,2012-03-16 00:54:00,700993b0-5567-11e8-b810-dca9047ef277,1,1,2048,1536
5a0631d5-23d2-11e8-a6a3-ec086b02610b,5a0631d5-23d2-11e8-a6a3-ec086b02610b.jpg,9,coyote,64,2012-05-16 01:59:58,6f19a242-5567-11e8-bf58-dca9047ef277,1,3,2048,1494
5a07ccd4-23d2-11e8-a6a3-ec086b02610b,5a07ccd4-23d2-11e8-a6a3-ec086b02610b.jpg,9,coyote,42,2015-01-02 03:38:25,7019fcd1-5567-11e8-a681-dca9047ef277,2,3,2048,1494
5a07cce7-23d2-11e8-a6a3-ec086b02610b,5a07cce7-23d2-11e8-a6a3-ec086b02610b.jpg,9,coyote,5,2011-06-08 22:19:58,6f191af0-5567-11e8-b05f-dca9047ef277,1,3,2048,1494
5a07ccf5-23d2-11e8-a6a3-ec086b02610b,5a07ccf5-23d2-11e8-a6a3-ec086b02610b.jpg,9,coyote,18,2011-06-01 20:46:48,6f064b5c-5567-11e8-b94c-dca9047ef277,2,3,2048,1494
5a07cd1f-23d2-11e8-a6a3-ec086b02610b,5a07cd1f-23d2-11e8-a6a3-ec086b02610b.jpg,9,coyote,51,2011-11-14 12:59:43,6f1ce7e1-5567-11e8-9e5d-dca9047ef277,2,3,2048,1494
5a07ce18-23d2-11e8-a6a3-ec086b02610b,5a07ce18-23d2-11e8-a6a3-ec086b02610b.jpg,9,coyote,54,2014-09-05 21:04:36,701cbc7d-5567-11e8-89da-dca9047ef277,3,3,2048,1494
5a07ce28-23d2-11e8-a6a3-ec086b02610b,5a07ce28-23d2-11e8-a6a3-ec086b02610b.jpg,9,coyote,17,2011-05-19 02:21:00,7009d49c-5567-11e8-8ac5-dca9047ef277,1,1,2048,1536
5a07ce87-23d2-11e8-a6a3-ec086b02610b,5a07ce87-23d2-11e8-a6a3-ec086b02610b.jpg,9,coyote,29,2011-05-24 02:14:00,700a4a75-5567-11e8-bd24-dca9047ef277,1,1,2048,1536
5a096aa5-23d2-11e8-a6a3-ec086b02610b,5a096aa5-23d2-11e8-a6a3-ec086b02610b.jpg,9,coyote,22,2014-01-25 20:05:02,70193afd-5567-11e8-9000-dca9047ef277,3,3,2048,1494
5a096ab9-23d2-11e8-a6a3-ec086b02610b,5a096ab9-23d2-11e8-a6a3-ec086b02610b.jpg,9,coyote,31,2013-12-17 06:07:01,701dbf14-5567-11e8-9a2d-dca9047ef277,2,3,2048,1494
5a096bb4-23d2-11e8-a6a3-ec086b02610b,5a096bb4-23d2-11e8-a6a3-ec086b02610b.jpg,9,coyote,36,2011-05-06 21:02:00,70086a80-5567-11e8-b934-dca9047ef277,1,1,2048,1536
5a0b007f-23d2-11e8-a6a3-ec086b02610b,5a0b007f-23d2-11e8-a6a3-ec086b02610b.jpg,9,coyote,35,2014-06-29 21:31:01,701138a3-5567-11e8-b208-dca9047ef277,3,3,2048,1494
5a0b0121-23d2-11e8-a6a3-ec086b02610b,5a0b0121-23d2-11e8-a6a3-ec086b02610b.jpg,9,coyote,28,2012-02-10 06:18:04,6f12b84a-5567-11e8-a7df-dca9047ef277,1,3,2048,1494
5a0b021c-23d2-11e8-a6a3-ec086b02610b,5a0b021c-23d2-11e8-a6a3-ec086b02610b.jpg,9,coyote,62,2011-03-22 19:03:00,7009ad00-5567-11e8-9a1e-dca9047ef277,1,1,2048,1536
5a0c9a9e-23d2-11e8-a6a3-ec086b02610b,5a0c9a9e-23d2-11e8-a6a3-ec086b02610b.jpg,9,coyote,26,2014-01-19 08:15:10,6f2aa9a1-5567-11e8-8c5a-dca9047ef277,1,1,2048,1494
5a0c9ac6-23d2-11e8-a6a3-ec086b02610b,5a0c9ac6-23d2-11e8-a6a3-ec086b02610b.jpg,9,coyote,43,2011-10-29 06:44:32,6f0b7b99-5567-11e8-8c35-dca9047ef277,3,3,2048,1494
5a0c9b63-23d2-11e8-a6a3-ec086b02610b,5a0c9b63-23d2-11e8-a6a3-ec086b02610b.jpg,9,coyote,2,2014-08-23 21:20:08,701566b8-5567-11e8-9352-dca9047ef277,3,3,800,584
5a0c9cd3-23d2-11e8-a6a3-ec086b02610b,5a0c9cd3-23d2-11e8-a6a3-ec086b02610b.jpg,9,coyote,44,2014-05-25 03:48:17,7011f919-5567-11e8-8c1e-dca9047ef277,1,3,800,584
5a0e34a2-23d2-11e8-a6a3-ec086b02610b,5a0e34a2-23d2-11e8-a6a3-ec086b02610b.jpg,9,coyote,16,2014-01-20 18:12:06,70193305-5567-11e8-9bf1-dca9047ef277,1,3,2048,1494
5a0e35ed-23d2-11e8-a6a3-ec086b02610b,5a0e35ed-23d2-11e8-a6a3-ec086b02610b.jpg,9,coyote,26,2014-03-20 06:00:36,6f2c9fee-5567-11e8-8205-dca9047ef277,1,1,2048,1494
5a0e367b-23d2-11e8-a6a3-ec086b02610b,5a0e367b-23d2-11e8-a6a3-ec086b02610b.jpg,9,coyote,12,2014-04-28 06:08:32,701bdc3d-5567-11e8-ab9b-dca9047ef277,2,3,2048,1494
5a0e36cf-23d2-11e8-a6a3-ec086b02610b,5a0e36cf-23d2-11e8-a6a3-ec086b02610b.jpg,9,coyote,8,2015-04-23 11:26:30,70176fe3-5567-11e8-9484-dca9047ef277,3,3,2048,1494
5a0e36d7-23d2-11e8-a6a3-ec086b02610b,5a0e36d7-23d2-11e8-a6a3-ec086b02610b.jpg,9,coyote,41,2014-05-28 04:12:57,70119ed1-5567-11e8-86ff-dca9047ef277,1,3,2048,1494
5a0e37ae-23d2-11e8-a6a3-ec086b02610b,5a0e37ae-23d2-11e8-a6a3-ec086b02610b.jpg,9,coyote,7,2012-01-24 21:18:06,6f074ec5-5567-11e8-bf6f-dca9047ef277,3,3,2048,1494
5a0e37fb-23d2-11e8-a6a3-ec086b02610b,5a0e37fb-23d2-11e8-a6a3-ec086b02610b.jpg,9,coyote,57,2013-09-27 11:40:49,6f7c868a-5567-11e8-885c-dca9047ef277,1,1,2048,1494
5a0fcfde-23d2-11e8-a6a3-ec086b02610b,5a0fcfde-23d2-11e8-a6a3-ec086b02610b.jpg,9,coyote,23,2014-09-01 23:37:09,6feeee8c-5567-11e8-989d-dca9047ef277,1,1,2048,1494
5a116b50-23d2-11e8-a6a3-ec086b02610b,5a116b50-23d2-11e8-a6a3-ec086b02610b.jpg,9,coyote,7,2011-08-22 12:26:13,6f070182-5567-11e8-8c32-dca9047ef277,1,3,2048,1494
5a116c8d-23d2-11e8-a6a3-ec086b02610b,5a116c8d-23d2-11e8-a6a3-ec086b02610b.jpg,9,coyote,1,2014-03-27 06:12:29,7015bff0-5567-11e8-86e1-dca9047ef277,2,3,2048,1494
5a116cbc-23d2-11e8-a6a3-ec086b02610b,5a116cbc-23d2-11e8-a6a3-ec086b02610b.jpg,9,coyote,44,2014-01-22 13:32:38,7011ebe6-5567-11e8-865f-dca9047ef277,3,3,2048,1494
5a116cc0-23d2-11e8-a6a3-ec086b02610b,5a116cc0-23d2-11e8-a6a3-ec086b02610b.jpg,9,coyote,61,2013-08-24 07:58:03,7013833d-5567-11e8-bc6e-dca9047ef277,2,3,2048,1494
5a116cc5-23d2-11e8-a6a3-ec086b02610b,5a116cc5-23d2-11e8-a6a3-ec086b02610b.jpg,9,coyote,44,2014-05-27 08:42:45,70122463-5567-11e8-b6b6-dca9047ef277,3,3,800,584
5a13080d-23d2-11e8-a6a3-ec086b02610b,5a13080d-23d2-11e8-a6a3-ec086b02610b.jpg,9,coyote,41,2014-06-07 19:54:15,7011c211-5567-11e8-86c4-dca9047ef277,2,3,2048,1494
5a1309b0-23d2-11e8-a6a3-ec086b02610b,5a1309b0-23d2-11e8-a6a3-ec086b02610b.jpg,9,coyote,56,2015-04-01 12:54:06,701115f3-5567-11e8-aa7b-dca9047ef277,3,3,2048,1494
5a1309df-23d2-11e8-a6a3-ec086b02610b,5a1309df-23d2-11e8-a6a3-ec086b02610b.jpg,9,coyote,61,2015-04-04 07:07:59,70143963-5567-11e8-835b-dca9047ef277,3,3,2048,1494
5a130a54-23d2-11e8-a6a3-ec086b02610b,5a130a54-23d2-11e8-a6a3-ec086b02610b.jpg,9,coyote,36,2011-08-28 03:59:00,70089d3d-5567-11e8-8de5-dca9047ef277,1,1,2048,1536
5a130a6c-23d2-11e8-a6a3-ec086b02610b,5a130a6c-23d2-11e8-a6a3-ec086b02610b.jpg,9,coyote,56,2015-03-23 22:50:27,70111387-5567-11e8-8bd7-dca9047ef277,2,3,2048,1494
5a130bb0-23d2-11e8-a6a3-ec086b02610b,5a130bb0-23d2-11e8-a6a3-ec086b02610b.jpg,9,coyote,43,2012-05-04 19:06:49,6f0cca4a-5567-11e8-96d5-dca9047ef277,1,3,2048,1494
5a14a3c9-23d2-11e8-a6a3-ec086b02610b,5a14a3c9-23d2-11e8-a6a3-ec086b02610b.jpg,9,coyote,43,2011-11-17 10:19:10,6f0b9791-5567-11e8-bcc2-dca9047ef277,2,3,2048,1494
5a14a6cb-23d2-11e8-a6a3-ec086b02610b,5a14a6cb-23d2-11e8-a6a3-ec086b02610b.jpg,9,coyote,2,2013-09-19 23:17:18,70155323-5567-11e8-bd67-dca9047ef277,1,3,2048,1494
5a163eb1-23d2-11e8-a6a3-ec086b02610b,5a163eb1-23d2-11e8-a6a3-ec086b02610b.jpg,9,coyote,19,2013-11-08 21:06:55,701e9c2e-5567-11e8-abc8-dca9047ef277,1,3,2048,1494
5a1640ad-23d2-11e8-a6a3-ec086b02610b,5a1640ad-23d2-11e8-a6a3-ec086b02610b.jpg,9,coyote,57,2014-03-19 12:53:16,6f865ae8-5567-11e8-99cb-dca9047ef277,1,1,2048,1494
5a1640e4-23d2-11e8-a6a3-ec086b02610b,5a1640e4-23d2-11e8-a6a3-ec086b02610b.jpg,9,coyote,40,2011-05-14 04:16:58,6f05c31c-5567-11e8-a8e9-dca9047ef277,1,3,2048,1494
5a17df21-23d2-11e8-a6a3-ec086b02610b,5a17df21-23d2-11e8-a6a3-ec086b02610b.jpg,9,coyote,18,2012-04-30 06:26:40,6f06bd6b-5567-11e8-a70b-dca9047ef277,2,3,2048,1494
5a17dfa3-23d2-11e8-a6a3-ec086b02610b,5a17dfa3-23d2-11e8-a6a3-ec086b02610b.jpg,9,coyote,57,2013-10-04 12:29:49,6f7d32a6-5567-11e8-8f61-dca9047ef277,1,1,2048,1494
5a17dfe3-23d2-11e8-a6a3-ec086b02610b,5a17dfe3-23d2-11e8-a6a3-ec086b02610b.jpg,9,coyote,38,2012-05-05 12:25:21,6f047021-5567-11e8-8b76-dca9047ef277,1,3,2048,1494
5a197bf0-23d2-11e8-a6a3-ec086b02610b,5a197bf0-23d2-11e8-a6a3-ec086b02610b.jpg,9,coyote,41,2014-05-31 22:03:37,7011a26b-5567-11e8-b6b7-dca9047ef277,2,3,2048,1494
5a197c1c-23d2-11e8-a6a3-ec086b02610b,5a197c1c-23d2-11e8-a6a3-ec086b02610b.jpg,9,coyote,64,2012-04-17 12:39:07,6f19941e-5567-11e8-bd76-dca9047ef277,2,3,2048,1494
5a1b133f-23d2-11e8-a6a3-ec086b02610b,5a1b133f-23d2-11e8-a6a3-ec086b02610b.jpg,9,coyote,27,2014-02-04 07:52:59,70122a0c-5567-11e8-b5c2-dca9047ef277,1,3,2048,1494
5a1b1438-23d2-11e8-a6a3-ec086b02610b,5a1b1438-23d2-11e8-a6a3-ec086b02610b.jpg,9,coyote,38,2012-06-05 12:56:53,6f0543c5-5567-11e8-93f2-dca9047ef277,2,3,2048,1494
5a1b1552-23d2-11e8-a6a3-ec086b02610b,5a1b1552-23d2-11e8-a6a3-ec086b02610b.jpg,9,coyote,41,2014-06-05 22:59:32,7011b4b3-5567-11e8-8f3f-dca9047ef277,3,3,2048,1494
5a1b1673-23d2-11e8-a6a3-ec086b02610b,5a1b1673-23d2-11e8-a6a3-ec086b02610b.jpg,9,coyote,17,2011-05-08 22:38:00,7009ccb5-5567-11e8-a362-dca9047ef277,1,1,2048,1536
5a1cafe9-23d2-11e8-a6a3-ec086b02610b,5a1cafe9-23d2-11e8-a6a3-ec086b02610b.jpg,9,coyote,31,2013-11-27 03:59:26,701dbb91-5567-11e8-a5ae-dca9047ef277,2,3,2048,1494
5a1cb0f9-23d2-11e8-a6a3-ec086b02610b,5a1cb0f9-23d2-11e8-a6a3-ec086b02610b.jpg,9,coyote,31,2013-11-10 23:52:37,701db79e-5567-11e8-a4d2-dca9047ef277,3,3,2048,1494
5a1cb1bc-23d2-11e8-a6a3-ec086b02610b,5a1cb1bc-23d2-11e8-a6a3-ec086b02610b.jpg,9,coyote,56,2015-03-23 22:52:47,7011150c-5567-11e8-b527-dca9047ef277,2,3,2048,1494
5a1cb204-23d2-11e8-a6a3-ec086b02610b,5a1cb204-23d2-11e8-a6a3-ec086b02610b.jpg,9,coyote,7,2011-10-17 16:11:59,6f0714d7-5567-11e8-bf7c-dca9047ef277,3,3,2048,1494
5a1cb24b-23d2-11e8-a6a3-ec086b02610b,5a1cb24b-23d2-11e8-a6a3-ec086b02610b.jpg,9,coyote,19,2013-11-08 21:06:51,701e9bde-5567-11e8-b514-dca9047ef277,1,3,2048,1494
5a1e4fae-23d2-11e8-a6a3-ec086b02610b,5a1e4fae-23d2-11e8-a6a3-ec086b02610b.jpg,9,coyote,46,2012-03-25 07:24:08,6f189851-5567-11e8-a600-dca9047ef277,3,3,2048,1494
5a1e5056-23d2-11e8-a6a3-ec086b02610b,5a1e5056-23d2-11e8-a6a3-ec086b02610b.jpg,9,coyote,17,2011-05-28 02:01:00,7009dca8-5567-11e8-8f63-dca9047ef277,1,1,2048,1536
5a1e512f-23d2-11e8-a6a3-ec086b02610b,5a1e512f-23d2-11e8-a6a3-ec086b02610b.jpg,9,coyote,17,2011-05-23 20:05:00,7009d83d-5567-11e8-96a2-dca9047ef277,1,1,2048,1536
5a1e518d-23d2-11e8-a6a3-ec086b02610b,5a1e518d-23d2-11e8-a6a3-ec086b02610b.jpg,9,coyote,61,2014-10-27 12:29:26,70140afa-5567-11e8-b1ec-dca9047ef277,2,3,2048,1494
5a1e5214-23d2-11e8-a6a3-ec086b02610b,5a1e5214-23d2-11e8-a6a3-ec086b02610b.jpg,9,coyote,21,2015-05-06 05:12:55,701d2068-5567-11e8-9443-dca9047ef277,3,3,2048,1494
5a1e5266-23d2-11e8-a6a3-ec086b02610b,5a1e5266-23d2-11e8-a6a3-ec086b02610b.jpg,9,coyote,8,2015-04-23 11:26:32,70177035-5567-11e8-9a7a-dca9047ef277,1,3,2048,1494
5a1fe5dd-23d2-11e8-a6a3-ec086b02610b,5a1fe5dd-23d2-11e8-a6a3-ec086b02610b.jpg,9,coyote,5,2011-06-08 22:20:02,6f191b42-5567-11e8-837b-dca9047ef277,2,3,2048,1494
5a1fe689-23d2-11e8-a6a3-ec086b02610b,5a1fe689-23d2-11e8-a6a3-ec086b02610b.jpg,9,coyote,2,2014-08-23 21:18:59,70156621-5567-11e8-b93c-dca9047ef277,2,3,800,584
5a1fe840-23d2-11e8-a6a3-ec086b02610b,5a1fe840-23d2-11e8-a6a3-ec086b02610b.jpg,9,coyote,56,2014-02-16 12:01:41,70110fc7-5567-11e8-aaae-dca9047ef277,5,5,2048,1494
5a2176c1-23d2-11e8-a6a3-ec086b02610b,5a2176c1-23d2-11e8-a6a3-ec086b02610b.jpg,9,coyote,31,2014-09-12 20:24:02,701dc005-5567-11e8-bcb4-dca9047ef277,2,3,2048,1494
5a21779f-23d2-11e8-a6a3-ec086b02610b,5a21779f-23d2-11e8-a6a3-ec086b02610b.jpg,9,coyote,0,2011-08-28 03:20:00,700b1991-5567-11e8-811f-dca9047ef277,1,1,2048,1536
5a2177a1-23d2-11e8-a6a3-ec086b02610b,5a2177a1-23d2-11e8-a6a3-ec086b02610b.jpg,9,coyote,28,2012-05-14 08:55:19,6f12f475-5567-11e8-b483-dca9047ef277,2,3,2048,1494
5a217892-23d2-11e8-a6a3-ec086b02610b,5a217892-23d2-11e8-a6a3-ec086b02610b.jpg,9,coyote,5,2012-03-14 05:08:38,6f194099-5567-11e8-8151-dca9047ef277,1,3,2048,1494
5a230f94-23d2-11e8-a6a3-ec086b02610b,5a230f94-23d2-11e8-a6a3-ec086b02610b.jpg,9,coyote,51,2012-02-05 12:27:24,6f1cfe61-5567-11e8-9aa1-dca9047ef277,2,3,2048,1494
5a230fab-23d2-11e8-a6a3-ec086b02610b,5a230fab-23d2-11e8-a6a3-ec086b02610b.jpg,9,coyote,61,2013-08-24 08:02:42,701384c2-5567-11e8-ba0f-dca9047ef277,1,3,2048,1494
5a231024-23d2-11e8-a6a3-ec086b02610b,5a231024-23d2-11e8-a6a3-ec086b02610b.jpg,9,coyote,56,2015-03-23 22:52:51,7011155e-5567-11e8-967d-dca9047ef277,2,3,2048,1494
5a231060-23d2-11e8-a6a3-ec086b02610b,5a231060-23d2-11e8-a6a3-ec086b02610b.jpg,9,coyote,62,2011-03-12 05:15:00,7009a6b5-5567-11e8-a880-dca9047ef277,1,1,2048,1536
5a231100-23d2-11e8-a6a3-ec086b02610b,5a231100-23d2-11e8-a6a3-ec086b02610b.jpg,9,coyote,2,2013-10-10 22:40:45,70155d80-5567-11e8-b8f9-dca9047ef277,1,3,2048,1494
5a2311b5-23d2-11e8-a6a3-ec086b02610b,5a2311b5-23d2-11e8-a6a3-ec086b02610b.jpg,9,coyote,61,2014-10-19 02:22:39,7013fbc0-5567-11e8-895a-dca9047ef277,1,3,2048,1494
5a24a6ee-23d2-11e8-a6a3-ec086b02610b,5a24a6ee-23d2-11e8-a6a3-ec086b02610b.jpg,9,coyote,42,2015-01-02 03:38:33,7019fd23-5567-11e8-ae65-dca9047ef277,2,3,2048,1494
5a24a730-23d2-11e8-a6a3-ec086b02610b,5a24a730-23d2-11e8-a6a3-ec086b02610b.jpg,9,coyote,9,2013-11-21 11:12:44,701dad4f-5567-11e8-ad8f-dca9047ef277,1,3,2048,1494
5a24a745-23d2-11e8-a6a3-ec086b02610b,5a24a745-23d2-11e8-a6a3-ec086b02610b.jpg,9,coyote,12,2014-04-28 06:08:37,701bdc94-5567-11e8-bba2-dca9047ef277,3,3,2048,1494
5a24a84a-23d2-11e8-a6a3-ec086b02610b,5a24a84a-23d2-11e8-a6a3-ec086b02610b.jpg,9,coyote,62,2011-04-08 23:53:00,7009b5b5-5567-11e8-8c0e-dca9047ef277,1,1,2048,1536
5a24a95a-23d2-11e8-a6a3-ec086b02610b,5a24a95a-23d2-11e8-a6a3-ec086b02610b.jpg,9,coyote,41,2014-01-25 08:43:26,70115fb3-5567-11e8-a6cc-dca9047ef277,2,3,2048,1494
5a24aa20-23d2-11e8-a6a3-ec086b02610b,5a24aa20-23d2-11e8-a6a3-ec086b02610b.jpg,9,coyote,30,2015-04-07 10:42:31,7019c2ee-5567-11e8-bba8-dca9047ef277,3,3,2048,1494
5a263834-23d2-11e8-a6a3-ec086b02610b,5a263834-23d2-11e8-a6a3-ec086b02610b.jpg,9,coyote,64,2012-04-01 23:18:40,6f198e05-5567-11e8-b0b9-dca9047ef277,3,3,2048,1494
5a2638e1-23d2-11e8-a6a3-ec086b02610b,5a2638e1-23d2-11e8-a6a3-ec086b02610b.jpg,9,coyote,57,2013-11-16 04:17:10,6f7fff6b-5567-11e8-a55e-dca9047ef277,1,1,2048,1494
5a263ab2-23d2-11e8-a6a3-ec086b02610b,5a263ab2-23d2-11e8-a6a3-ec086b02610b.jpg,9,coyote,35,2014-11-03 21:27:15,70114126-5567-11e8-9dd8-dca9047ef277,3,3,2048,1494
5a263b0d-23d2-11e8-a6a3-ec086b02610b,5a263b0d-23d2-11e8-a6a3-ec086b02610b.jpg,9,coyote,38,2011-11-13 03:40:58,6f00bd5e-5567-11e8-b6a3-dca9047ef277,2,3,2048,1494
5a263b4c-23d2-11e8-a6a3-ec086b02610b,5a263b4c-23d2-11e8-a6a3-ec086b02610b.jpg,9,coyote,17,2011-06-02 20:52:00,7009e64f-5567-11e8-a58d-dca9047ef277,1,1,2048,1536
5a27d8e9-23d2-11e8-a6a3-ec086b02610b,5a27d8e9-23d2-11e8-a6a3-ec086b02610b.jpg,9,coyote,28,2011-10-29 01:21:10,6f12977a-5567-11e8-ac37-dca9047ef277,1,3,2048,1494
5a27d907-23d2-11e8-a6a3-ec086b02610b,5a27d907-23d2-11e8-a6a3-ec086b02610b.jpg,9,coyote,12,2014-04-28 06:08:42,701bdd38-5567-11e8-8d4d-dca9047ef277,1,3,2048,1494
5a27d942-23d2-11e8-a6a3-ec086b02610b,5a27d942-23d2-11e8-a6a3-ec086b02610b.jpg,9,coyote,38,2011-11-30 23:20:13,6f01147a-5567-11e8-a3c6-dca9047ef277,3,3,2048,1494
5a2962e8-23d2-11e8-a6a3-ec086b02610b,5a2962e8-23d2-11e8-a6a3-ec086b02610b.jpg,9,coyote,50,2014-04-05 01:00:13,70174f26-5567-11e8-9205-dca9047ef277,2,3,2048,1494
5a296325-23d2-11e8-a6a3-ec086b02610b,5a296325-23d2-11e8-a6a3-ec086b02610b.jpg,9,coyote,42,2015-01-02 03:38:20,7019fc80-5567-11e8-a098-dca9047ef277,1,3,2048,1494
5a2964c7-23d2-11e8-a6a3-ec086b02610b,5a2964c7-23d2-11e8-a6a3-ec086b02610b.jpg,9,coyote,4,2013-11-12 20:01:25,7016da1e-5567-11e8-84dc-dca9047ef277,3,3,2048,1494
5a2965a5-23d2-11e8-a6a3-ec086b02610b,5a2965a5-23d2-11e8-a6a3-ec086b02610b.jpg,9,coyote,27,2014-02-04 07:53:24,70122aab-5567-11e8-99e6-dca9047ef277,1,3,2048,1494
5a29660f-23d2-11e8-a6a3-ec086b02610b,5a29660f-23d2-11e8-a6a3-ec086b02610b.jpg,9,coyote,56,2013-09-18 20:43:01,70110a1e-5567-11e8-9661-dca9047ef277,2,5,2048,1494
5a2af595-23d2-11e8-a6a3-ec086b02610b,5a2af595-23d2-11e8-a6a3-ec086b02610b.jpg,9,coyote,51,2011-07-20 12:58:36,6f1c898a-5567-11e8-b5db-dca9047ef277,2,3,2048,1494
5a2c857d-23d2-11e8-a6a3-ec086b02610b,5a2c857d-23d2-11e8-a6a3-ec086b02610b.jpg,9,coyote,62,2011-04-07 21:41:00,7009b4d1-5567-11e8-a096-dca9047ef277,1,1,2048,1536
5a2c85ce-23d2-11e8-a6a3-ec086b02610b,5a2c85ce-23d2-11e8-a6a3-ec086b02610b.jpg,9,coyote,21,2015-05-06 05:13:12,701d20ba-5567-11e8-9e8c-dca9047ef277,3,3,2048,1494
5a2e1326-23d2-11e8-a6a3-ec086b02610b,5a2e1326-23d2-11e8-a6a3-ec086b02610b.jpg,9,coyote,64,2012-05-19 21:52:05,6f19a7f5-5567-11e8-a388-dca9047ef277,2,3,2048,1494
5858bfab-23d2-11e8-a6a3-ec086b02610b,5858bfab-23d2-11e8-a6a3-ec086b02610b.jpg,34,deer,101,2014-10-11 07:24:29,701c33a8-5567-11e8-847c-dca9047ef277,2,3,2048,1494
5858c208-23d2-11e8-a6a3-ec086b02610b,5858c208-23d2-11e8-a6a3-ec086b02610b.jpg,34,deer,139,2011-04-30 22:27:00,7009c842-5567-11e8-8bd1-dca9047ef277,1,1,2048,1536
5858c21a-23d2-11e8-a6a3-ec086b02610b,5858c21a-23d2-11e8-a6a3-ec086b02610b.jpg,34,deer,109,2015-02-01 07:58:39,701570eb-5567-11e8-b3dd-dca9047ef277,3,3,2048,1494
5858c25a-23d2-11e8-a6a3-ec086b02610b,5858c25a-23d2-11e8-a6a3-ec086b02610b.jpg,34,deer,96,2013-10-16 03:53:22,6f90c840-5567-11e8-beb8-dca9047ef277,1,1,2048,1494
585a633f-23d2-11e8-a6a3-ec086b02610b,585a633f-23d2-11e8-a6a3-ec086b02610b.jpg,34,deer,135,2013-08-21 21:01:38,7016a059-5567-11e8-9dba-dca9047ef277,2,3,2048,1494
585a63e0-23d2-11e8-a6a3-ec086b02610b,585a63e0-23d2-11e8-a6a3-ec086b02610b.jpg,34,deer,82,2014-12-05 17:06:06,701a61a3-5567-11e8-8315-dca9047ef277,2,3,2048,1494
585a65bf-23d2-11e8-a6a3-ec086b02610b,585a65bf-23d2-11e8-a6a3-ec086b02610b.jpg,34,deer,133,2014-04-20 19:53:01,7010c945-5567-11e8-825e-dca9047ef277,3,3,2048,1494
585c045a-23d2-11e8-a6a3-ec086b02610b,585c045a-23d2-11e8-a6a3-ec086b02610b.jpg,34,deer,135,2013-11-11 03:43:12,7016ad14-5567-11e8-887e-dca9047ef277,3,3,2048,1494
585c069f-23d2-11e8-a6a3-ec086b02610b,585c069f-23d2-11e8-a6a3-ec086b02610b.jpg,34,deer,131,2014-09-23 10:15:12,701d330c-5567-11e8-98a9-dca9047ef277,1,3,2048,1494
585da88c-23d2-11e8-a6a3-ec086b02610b,585da88c-23d2-11e8-a6a3-ec086b02610b.jpg,34,deer,131,2014-10-16 15:07:35,701d44dc-5567-11e8-b66b-dca9047ef277,3,3,2048,1494
585da924-23d2-11e8-a6a3-ec086b02610b,585da924-23d2-11e8-a6a3-ec086b02610b.jpg,34,deer,102,2014-04-23 17:04:03,7010a6b3-5567-11e8-ba62-dca9047ef277,2,5,2048,1494
585da9d1-23d2-11e8-a6a3-ec086b02610b,585da9d1-23d2-11e8-a6a3-ec086b02610b.jpg,34,deer,121,2013-08-07 10:37:33,701836a3-5567-11e8-a5fd-dca9047ef277,1,3,2048,1494
585f4fb8-23d2-11e8-a6a3-ec086b02610b,585f4fb8-23d2-11e8-a6a3-ec086b02610b.jpg,34,deer,109,2015-02-03 08:00:06,701571d9-5567-11e8-897a-dca9047ef277,1,3,2048,1494
5860ef5b-23d2-11e8-a6a3-ec086b02610b,5860ef5b-23d2-11e8-a6a3-ec086b02610b.jpg,34,deer,109,2015-01-04 21:18:32,70156de8-5567-11e8-8c94-dca9047ef277,1,3,2048,1494
5860f090-23d2-11e8-a6a3-ec086b02610b,5860f090-23d2-11e8-a6a3-ec086b02610b.jpg,34,deer,92,2013-11-06 06:54:37,7018b399-5567-11e8-b521-dca9047ef277,2,3,2048,1494
586291f9-23d2-11e8-a6a3-ec086b02610b,586291f9-23d2-11e8-a6a3-ec086b02610b.jpg,34,deer,82,2014-12-05 17:13:13,701a699c-5567-11e8-96b7-dca9047ef277,2,3,2048,1494
586292df-23d2-11e8-a6a3-ec086b02610b,586292df-23d2-11e8-a6a3-ec086b02610b.jpg,34,deer,131,2014-09-23 10:03:57,701d30c7-5567-11e8-ae79-dca9047ef277,3,3,2048,1494
58629315-23d2-11e8-a6a3-ec086b02610b,58629315-23d2-11e8-a6a3-ec086b02610b.jpg,34,deer,132,2011-03-29 05:13:00,700cdbeb-5567-11e8-a8e4-dca9047ef277,1,1,2048,1536
586293ca-23d2-11e8-a6a3-ec086b02610b,586293ca-23d2-11e8-a6a3-ec086b02610b.jpg,34,deer,76,2013-11-02 03:31:32,6f52ca0f-5567-11e8-9739-dca9047ef277,1,1,2048,1494
586293d3-23d2-11e8-a6a3-ec086b02610b,586293d3-23d2-11e8-a6a3-ec086b02610b.jpg,34,deer,106,2013-09-26 05:40:53,6f673926-5567-11e8-af78-dca9047ef277,1,1,2048,1494
586294e4-23d2-11e8-a6a3-ec086b02610b,586294e4-23d2-11e8-a6a3-ec086b02610b.jpg,34,deer,84,2014-04-26 12:45:16,701783bd-5567-11e8-aca1-dca9047ef277,1,3,2048,1494
58643698-23d2-11e8-a6a3-ec086b02610b,58643698-23d2-11e8-a6a3-ec086b02610b.jpg,34,deer,109,2014-12-22 13:50:48,70156a75-5567-11e8-bcce-dca9047ef277,1,3,2048,1494
586436bb-23d2-11e8-a6a3-ec086b02610b,586436bb-23d2-11e8-a6a3-ec086b02610b.jpg,34,deer,121,2013-10-16 08:56:20,70183be1-5567-11e8-baec-dca9047ef277,1,3,2048,1494
58643802-23d2-11e8-a6a3-ec086b02610b,58643802-23d2-11e8-a6a3-ec086b02610b.jpg,34,deer,109,2015-02-01 07:58:36,701570a3-5567-11e8-a726-dca9047ef277,3,3,2048,1494
5865e315-23d2-11e8-a6a3-ec086b02610b,5865e315-23d2-11e8-a6a3-ec086b02610b.jpg,34,deer,117,2014-04-21 16:33:06,701bd228-5567-11e8-900d-dca9047ef277,3,3,2048,1494
5865e35d-23d2-11e8-a6a3-ec086b02610b,5865e35d-23d2-11e8-a6a3-ec086b02610b.jpg,34,deer,120,2011-06-10 17:07:00,700d6863-5567-11e8-9033-dca9047ef277,1,1,2048,1536
58678f2a-23d2-11e8-a6a3-ec086b02610b,58678f2a-23d2-11e8-a6a3-ec086b02610b.jpg,34,deer,96,2013-10-17 17:34:52,6f90efa1-5567-11e8-9b48-dca9047ef277,1,1,2048,1494
5869367d-23d2-11e8-a6a3-ec086b02610b,5869367d-23d2-11e8-a6a3-ec086b02610b.jpg,34,deer,102,2014-04-28 17:43:35,7010aca3-5567-11e8-8901-dca9047ef277,2,5,2048,1494
586936b4-23d2-11e8-a6a3-ec086b02610b,586936b4-23d2-11e8-a6a3-ec086b02610b.jpg,34,deer,134,2015-01-03 19:13:07,701087c2-5567-11e8-965f-dca9047ef277,3,3,2048,1494
5869372f-23d2-11e8-a6a3-ec086b02610b,5869372f-23d2-11e8-a6a3-ec086b02610b.jpg,34,deer,99,2013-10-02 11:28:49,70147fdc-5567-11e8-9005-dca9047ef277,3,3,2048,1494
586c8728-23d2-11e8-a6a3-ec086b02610b,586c8728-23d2-11e8-a6a3-ec086b02610b.jpg,34,deer,76,2014-07-16 19:51:49,6f6242b8-5567-11e8-a60d-dca9047ef277,1,1,2048,1494
586c88e7-23d2-11e8-a6a3-ec086b02610b,586c88e7-23d2-11e8-a6a3-ec086b02610b.jpg,34,deer,120,2012-03-08 05:13:00,700f52d1-5567-11e8-93ee-dca9047ef277,1,1,2048,1536
586c88fc-23d2-11e8-a6a3-ec086b02610b,586c88fc-23d2-11e8-a6a3-ec086b02610b.jpg,34,deer,109,2015-02-01 07:58:41,7015713a-5567-11e8-bd93-dca9047ef277,1,3,2048,1494
586c8929-23d2-11e8-a6a3-ec086b02610b,586c8929-23d2-11e8-a6a3-ec086b02610b.jpg,34,deer,111,2014-10-25 01:51:12,70153ac5-5567-11e8-9a1d-dca9047ef277,1,3,2048,1494
586c89db-23d2-11e8-a6a3-ec086b02610b,586c89db-23d2-11e8-a6a3-ec086b02610b.jpg,34,deer,114,2013-09-28 02:11:16,6ff2e6eb-5567-11e8-9cfc-dca9047ef277,1,1,2048,1494
586e2eea-23d2-11e8-a6a3-ec086b02610b,586e2eea-23d2-11e8-a6a3-ec086b02610b.jpg,34,deer,84,2014-04-26 19:52:09,701785d7-5567-11e8-ac2b-dca9047ef277,2,3,2048,1494
586e2f93-23d2-11e8-a6a3-ec086b02610b,586e2f93-23d2-11e8-a6a3-ec086b02610b.jpg,34,deer,102,2014-08-10 09:17:27,7010b530-5567-11e8-85f2-dca9047ef277,3,3,2048,1494
586e2ff5-23d2-11e8-a6a3-ec086b02610b,586e2ff5-23d2-11e8-a6a3-ec086b02610b.jpg,34,deer,82,2014-12-05 17:08:03,701a64a3-5567-11e8-b4d0-dca9047ef277,3,3,2048,1494
586fdb51-23d2-11e8-a6a3-ec086b02610b,586fdb51-23d2-11e8-a6a3-ec086b02610b.jpg,34,deer,96,2013-10-17 17:28:57,6f90e8d4-5567-11e8-b95c-dca9047ef277,1,1,2048,1494
586fdbe3-23d2-11e8-a6a3-ec086b02610b,586fdbe3-23d2-11e8-a6a3-ec086b02610b.jpg,34,deer,111,2014-10-25 01:51:04,70153a26-5567-11e8-b71f-dca9047ef277,2,3,2048,1494
58718703-23d2-11e8-a6a3-ec086b02610b,58718703-23d2-11e8-a6a3-ec086b02610b.jpg,34,deer,106,2014-06-06 04:35:42,6f7655dc-5567-11e8-9e90-dca9047ef277,1,1,2048,1494
58732d7d-23d2-11e8-a6a3-ec086b02610b,58732d7d-23d2-11e8-a6a3-ec086b02610b.jpg,34,deer,121,2013-08-07 10:39:08,7018381e-5567-11e8-bd28-dca9047ef277,1,3,2048,1494
58732df5-23d2-11e8-a6a3-ec086b02610b,58732df5-23d2-11e8-a6a3-ec086b02610b.jpg,34,deer,104,2014-10-06 08:00:11,701d178c-5567-11e8-95f4-dca9047ef277,3,3,2048,1494
58732eab-23d2-11e8-a6a3-ec086b02610b,58732eab-23d2-11e8-a6a3-ec086b02610b.jpg,34,deer,84,2014-04-25 03:53:18,70178042-5567-11e8-9fa4-dca9047ef277,1,3,2048,1494
58732efa-23d2-11e8-a6a3-ec086b02610b,58732efa-23d2-11e8-a6a3-ec086b02610b.jpg,34,deer,135,2013-08-21 21:00:48,70169e85-5567-11e8-898d-dca9047ef277,2,3,2048,1494
5874d3e2-23d2-11e8-a6a3-ec086b02610b,5874d3e2-23d2-11e8-a6a3-ec086b02610b.jpg,34,deer,99,2013-08-13 08:52:00,701476a3-5567-11e8-a83d-dca9047ef277,1,3,2048,1494
5874d4aa-23d2-11e8-a6a3-ec086b02610b,5874d4aa-23d2-11e8-a6a3-ec086b02610b.jpg,34,deer,135,2013-11-11 03:43:07,7016acc7-5567-11e8-9f03-dca9047ef277,2,3,2048,1494
58767f36-23d2-11e8-a6a3-ec086b02610b,58767f36-23d2-11e8-a6a3-ec086b02610b.jpg,34,deer,121,2013-09-12 20:20:10,70183b8f-5567-11e8-960a-dca9047ef277,3,3,2048,1494
58767fc2-23d2-11e8-a6a3-ec086b02610b,58767fc2-23d2-11e8-a6a3-ec086b02610b.jpg,34,deer,102,2014-04-23 15:36:37,7010a466-5567-11e8-800b-dca9047ef277,2,5,2048,1494
5876814e-23d2-11e8-a6a3-ec086b02610b,5876814e-23d2-11e8-a6a3-ec086b02610b.jpg,34,deer,102,2014-04-12 18:06:44,70109f33-5567-11e8-9740-dca9047ef277,3,5,2048,1494
58782965-23d2-11e8-a6a3-ec086b02610b,58782965-23d2-11e8-a6a3-ec086b02610b.jpg,34,deer,82,2014-12-05 17:07:41,701a6347-5567-11e8-a209-dca9047ef277,2,3,2048,1494
58782990-23d2-11e8-a6a3-ec086b02610b,58782990-23d2-11e8-a6a3-ec086b02610b.jpg,34,deer,109,2014-12-22 13:55:08,70156ca6-5567-11e8-ac47-dca9047ef277,3,3,2048,1494
587829ec-23d2-11e8-a6a3-ec086b02610b,587829ec-23d2-11e8-a6a3-ec086b02610b.jpg,34,deer,135,2013-08-21 21:01:00,70169f23-5567-11e8-9740-dca9047ef277,3,3,2048,1494
58782aa2-23d2-11e8-a6a3-ec086b02610b,58782aa2-23d2-11e8-a6a3-ec086b02610b.jpg,34,deer,99,2013-10-02 11:27:49,70147f1e-5567-11e8-a513-dca9047ef277,2,3,2048,1494
58782ba4-23d2-11e8-a6a3-ec086b02610b,58782ba4-23d2-11e8-a6a3-ec086b02610b.jpg,34,deer,99,2015-03-24 07:14:15,70148680-5567-11e8-84ca-dca9047ef277,3,3,2048,1494
5879d26b-23d2-11e8-a6a3-ec086b02610b,5879d26b-23d2-11e8-a6a3-ec086b02610b.jpg,34,deer,135,2013-11-11 03:43:32,7016adfd-5567-11e8-a7d9-dca9047ef277,1,3,2048,1494
5879d35e-23d2-11e8-a6a3-ec086b02610b,5879d35e-23d2-11e8-a6a3-ec086b02610b.jpg,34,deer,82,2014-12-05 17:05:58,701a614a-5567-11e8-8db6-dca9047ef277,1,3,2048,1494
5879d36c-23d2-11e8-a6a3-ec086b02610b,5879d36c-23d2-11e8-a6a3-ec086b02610b.jpg,34,deer,82,2014-12-05 17:12:34,701a67f8-5567-11e8-8a62-dca9047ef277,2,3,2048,1494
5879d3f9-23d2-11e8-a6a3-ec086b02610b,5879d3f9-23d2-11e8-a6a3-ec086b02610b.jpg,34,deer,96,2013-10-17 01:03:38,6f90d3b3-5567-11e8-a196-dca9047ef277,1,1,2048,1494
587b7c2c-23d2-11e8-a6a3-ec086b02610b,587b7c2c-23d2-11e8-a6a3-ec086b02610b.jpg,34,deer,82,2014-12-05 17:15:20,701a6c4f-5567-11e8-913a-dca9047ef277,3,3,2048,1494
587b7d05-23d2-11e8-a6a3-ec086b02610b,587b7d05-23d2-11e8-a6a3-ec086b02610b.jpg,34,deer,106,2014-06-17 09:04:19,6f76e751-5567-11e8-9288-dca9047ef277,1,1,2048,1494
587d4093-23d2-11e8-a6a3-ec086b02610b,587d4093-23d2-11e8-a6a3-ec086b02610b.jpg,34,deer,131,2014-09-23 10:14:27,701d3263-5567-11e8-9c68-dca9047ef277,1,3,2048,1494
587d419f-23d2-11e8-a6a3-ec086b02610b,587d419f-23d2-11e8-a6a3-ec086b02610b.jpg,34,deer,132,2011-05-13 02:47:00,700cded1-5567-11e8-890e-dca9047ef277,1,1,2048,1536
587d4200-23d2-11e8-a6a3-ec086b02610b,587d4200-23d2-11e8-a6a3-ec086b02610b.jpg,34,deer,84,2014-04-25 03:53:24,70178087-5567-11e8-85e3-dca9047ef277,3,3,2048,1494
587eea39-23d2-11e8-a6a3-ec086b02610b,587eea39-23d2-11e8-a6a3-ec086b02610b.jpg,34,deer,102,2014-04-23 17:04:12,7010a75c-5567-11e8-957d-dca9047ef277,5,5,2048,1494
587eea47-23d2-11e8-a6a3-ec086b02610b,587eea47-23d2-11e8-a6a3-ec086b02610b.jpg,34,deer,117,2014-04-03 08:57:50,701bbdcc-5567-11e8-b49e-dca9047ef277,1,3,2048,1494
587eea9e-23d2-11e8-a6a3-ec086b02610b,587eea9e-23d2-11e8-a6a3-ec086b02610b.jpg,34,deer,106,2014-04-23 05:31:37,6f728999-5567-11e8-9e3b-dca9047ef277,1,1,2048,1494
587eece4-23d2-11e8-a6a3-ec086b02610b,587eece4-23d2-11e8-a6a3-ec086b02610b.jpg,34,deer,104,2014-10-06 08:00:25,701d1885-5567-11e8-8481-dca9047ef277,2,3,2048,1494
587eed2a-23d2-11e8-a6a3-ec086b02610b,587eed2a-23d2-11e8-a6a3-ec086b02610b.jpg,34,deer,109,2014-12-22 13:50:54,70156ac7-5567-11e8-bd5c-dca9047ef277,3,3,2048,1494
587eed64-23d2-11e8-a6a3-ec086b02610b,587eed64-23d2-11e8-a6a3-ec086b02610b.jpg,34,deer,92,2013-11-06 06:54:46,7018b461-5567-11e8-943c-dca9047ef277,1,3,2048,1494
588094f0-23d2-11e8-a6a3-ec086b02610b,588094f0-23d2-11e8-a6a3-ec086b02610b.jpg,34,deer,122,2014-11-02 22:07:25,70187254-5567-11e8-b113-dca9047ef277,1,3,2048,1494
58823b9b-23d2-11e8-a6a3-ec086b02610b,58823b9b-23d2-11e8-a6a3-ec086b02610b.jpg,34,deer,122,2013-10-13 22:53:10,70186c00-5567-11e8-b161-dca9047ef277,3,3,2048,1494
58823c83-23d2-11e8-a6a3-ec086b02610b,58823c83-23d2-11e8-a6a3-ec086b02610b.jpg,34,deer,84,2014-09-23 06:45:30,7017a7c0-5567-11e8-8abe-dca9047ef277,2,3,2048,1494
58823d00-23d2-11e8-a6a3-ec086b02610b,58823d00-23d2-11e8-a6a3-ec086b02610b.jpg,34,deer,82,2014-12-05 17:11:39,701a67a6-5567-11e8-8c87-dca9047ef277,2,3,2048,1494
58823e55-23d2-11e8-a6a3-ec086b02610b,58823e55-23d2-11e8-a6a3-ec086b02610b.jpg,34,deer,122,2014-07-28 06:53:50,70186ce6-5567-11e8-9923-dca9047ef277,3,3,2048,1494
58823ebc-23d2-11e8-a6a3-ec086b02610b,58823ebc-23d2-11e8-a6a3-ec086b02610b.jpg,34,deer,84,2014-05-02 02:50:23,70178b9e-5567-11e8-ba68-dca9047ef277,3,3,2048,1494
5883e732-23d2-11e8-a6a3-ec086b02610b,5883e732-23d2-11e8-a6a3-ec086b02610b.jpg,34,deer,135,2013-08-21 21:00:55,70169ed4-5567-11e8-9c30-dca9047ef277,1,3,2048,1494
5883e842-23d2-11e8-a6a3-ec086b02610b,5883e842-23d2-11e8-a6a3-ec086b02610b.jpg,34,deer,96,2013-10-17 01:03:39,6f90d400-5567-11e8-92eb-dca9047ef277,1,1,2048,1494
5883e8fb-23d2-11e8-a6a3-ec086b02610b,5883e8fb-23d2-11e8-a6a3-ec086b02610b.jpg,34,deer,138,2014-10-17 23:28:43,701b5c26-5567-11e8-8a80-dca9047ef277,2,3,2048,1494
5883e91a-23d2-11e8-a6a3-ec086b02610b,5883e91a-23d2-11e8-a6a3-ec086b02610b.jpg,34,deer,83,2014-09-14 21:09:22,701eeab3-5567-11e8-b16f-dca9047ef277,3,5,2048,1494
5883ea1f-23d2-11e8-a6a3-ec086b02610b,5883ea1f-23d2-11e8-a6a3-ec086b02610b.jpg,34,deer,84,2014-04-25 03:52:21,70177bba-5567-11e8-9cb0-dca9047ef277,1,3,2048,1494
58857afb-23d2-11e8-a6a3-ec086b02610b,58857afb-23d2-11e8-a6a3-ec086b02610b.jpg,34,deer,76,2014-08-11 21:19:00,6f637611-5567-11e8-8dcb-dca9047ef277,1,1,2048,1494
58857b20-23d2-11e8-a6a3-ec086b02610b,58857b20-23d2-11e8-a6a3-ec086b02610b.jpg,34,deer,104,2014-10-06 08:00:22,701d182b-5567-11e8-9c04-dca9047ef277,3,3,2048,1494
58857c54-23d2-11e8-a6a3-ec086b02610b,58857c54-23d2-11e8-a6a3-ec086b02610b.jpg,34,deer,133,2014-04-20 19:52:59,7010c900-5567-11e8-a891-dca9047ef277,1,3,2048,1494
58857cb8-23d2-11e8-a6a3-ec086b02610b,58857cb8-23d2-11e8-a6a3-ec086b02610b.jpg,34,deer,131,2014-09-23 11:56:59,701d3597-5567-11e8-b062-dca9047ef277,3,3,2048,1494
58857cc9-23d2-11e8-a6a3-ec086b02610b,58857cc9-23d2-11e8-a6a3-ec086b02610b.jpg,34,deer,102,2014-08-10 09:17:00,7010b351-5567-11e8-8719-dca9047ef277,1,3,2048,1494
58871748-23d2-11e8-a6a3-ec086b02610b,58871748-23d2-11e8-a6a3-ec086b02610b.jpg,34,deer,106,2014-06-17 09:04:27,6f76e88a-5567-11e8-9855-dca9047ef277,1,1,2048,1494
588717dc-23d2-11e8-a6a3-ec086b02610b,588717dc-23d2-11e8-a6a3-ec086b02610b.jpg,34,deer,109,2015-01-08 13:40:53,70156e87-5567-11e8-87a7-dca9047ef277,2,3,2048,1494
588718ea-23d2-11e8-a6a3-ec086b02610b,588718ea-23d2-11e8-a6a3-ec086b02610b.jpg,34,deer,121,2013-09-12 20:19:52,70183adc-5567-11e8-bf24-dca9047ef277,1,3,2048,1494
588718fa-23d2-11e8-a6a3-ec086b02610b,588718fa-23d2-11e8-a6a3-ec086b02610b.jpg,34,deer,96,2014-05-27 23:32:41,6fbd74d1-5567-11e8-81b4-dca9047ef277,1,1,2048,1494
5888bbfb-23d2-11e8-a6a3-ec086b02610b,5888bbfb-23d2-11e8-a6a3-ec086b02610b.jpg,34,deer,134,2013-08-20 19:32:29,70106014-5567-11e8-9d27-dca9047ef277,3,3,2048,1494
5888bd13-23d2-11e8-a6a3-ec086b02610b,5888bd13-23d2-11e8-a6a3-ec086b02610b.jpg,34,deer,84,2014-09-23 06:41:48,7017a645-5567-11e8-a167-dca9047ef277,1,3,2048,1494
5888bdb6-23d2-11e8-a6a3-ec086b02610b,5888bdb6-23d2-11e8-a6a3-ec086b02610b.jpg,34,deer,117,2014-04-08 15:43:23,701bc3c7-5567-11e8-8486-dca9047ef277,1,3,2048,1494
5888be1e-23d2-11e8-a6a3-ec086b02610b,5888be1e-23d2-11e8-a6a3-ec086b02610b.jpg,34,deer,131,2014-09-23 11:57:40,701d35ee-5567-11e8-821c-dca9047ef277,3,3,2048,1494
5888be68-23d2-11e8-a6a3-ec086b02610b,5888be68-23d2-11e8-a6a3-ec086b02610b.jpg,34,deer,131,2014-09-23 10:01:47,701d2fcf-5567-11e8-9248-dca9047ef277,2,3,2048,1494
5888beda-23d2-11e8-a6a3-ec086b02610b,5888beda-23d2-11e8-a6a3-ec086b02610b.jpg,34,deer,114,2013-09-28 02:04:59,6ff2b419-5567-11e8-8e85-dca9047ef277,1,1,2048,1494
5888bf07-23d2-11e8-a6a3-ec086b02610b,5888bf07-23d2-11e8-a6a3-ec086b02610b.jpg,34,deer,128,2014-10-04 17:03:57,701aa77d-5567-11e8-b23c-dca9047ef277,2,3,2048,1494
588c132a-23d2-11e8-a6a3-ec086b02610b,588c132a-23d2-11e8-a6a3-ec086b02610b.jpg,34,deer,122,2014-11-02 22:07:27,70187299-5567-11e8-89a2-dca9047ef277,3,3,2048,1494
588c136c-23d2-11e8-a6a3-ec086b02610b,588c136c-23d2-11e8-a6a3-ec086b02610b.jpg,34,deer,134,2015-06-03 12:07:05,70109668-5567-11e8-b7f7-dca9047ef277,1,3,2048,1494
588dbb92-23d2-11e8-a6a3-ec086b02610b,588dbb92-23d2-11e8-a6a3-ec086b02610b.jpg,34,deer,76,2013-10-04 03:04:32,6f506bf5-5567-11e8-90ba-dca9047ef277,1,1,2048,1494
588dbc5a-23d2-11e8-a6a3-ec086b02610b,588dbc5a-23d2-11e8-a6a3-ec086b02610b.jpg,34,deer,131,2014-09-23 10:16:49,701d349c-5567-11e8-abd2-dca9047ef277,3,3,2048,1494
588dbdba-23d2-11e8-a6a3-ec086b02610b,588dbdba-23d2-11e8-a6a3-ec086b02610b.jpg,34,deer,102,2014-04-30 22:46:15,7010b03d-5567-11e8-bb94-dca9047ef277,5,5,2048,1494
588dbdf6-23d2-11e8-a6a3-ec086b02610b,588dbdf6-23d2-11e8-a6a3-ec086b02610b.jpg,34,deer,135,2013-11-11 03:44:58,7016af97-5567-11e8-a3e2-dca9047ef277,3,3,2048,1494
588f6580-23d2-11e8-a6a3-ec086b02610b,588f6580-23d2-11e8-a6a3-ec086b02610b.jpg,34,deer,109,2015-02-01 07:58:31,70156fd1-5567-11e8-a208-dca9047ef277,2,3,2048,1494
588f67c2-23d2-11e8-a6a3-ec086b02610b,588f67c2-23d2-11e8-a6a3-ec086b02610b.jpg,34,deer,121,2013-08-07 10:38:44,7018373a-5567-11e8-b4d7-dca9047ef277,1,3,2048,1494
588f6877-23d2-11e8-a6a3-ec086b02610b,588f6877-23d2-11e8-a6a3-ec086b02610b.jpg,34,deer,138,2014-10-03 07:33:45,701b5a80-5567-11e8-8e39-dca9047ef277,3,3,2048,1494
588f68da-23d2-11e8-a6a3-ec086b02610b,588f68da-23d2-11e8-a6a3-ec086b02610b.jpg,34,deer,106,2014-06-17 09:05:03,6f76ec05-5567-11e8-b4a8-dca9047ef277,1,1,2048,1494
58910d33-23d2-11e8-a6a3-ec086b02610b,58910d33-23d2-11e8-a6a3-ec086b02610b.jpg,34,deer,122,2014-10-17 18:11:34,70186f85-5567-11e8-a587-dca9047ef277,3,3,2048,1494
58910ede-23d2-11e8-a6a3-ec086b02610b,58910ede-23d2-11e8-a6a3-ec086b02610b.jpg,34,deer,106,2013-09-28 19:33:01,6f6764d1-5567-11e8-93c4-dca9047ef277,1,1,2048,1494
58911037-23d2-11e8-a6a3-ec086b02610b,58911037-23d2-11e8-a6a3-ec086b02610b.jpg,34,deer,121,2013-09-12 20:19:49,70183a94-5567-11e8-a9d7-dca9047ef277,1,3,2048,1494
589110d4-23d2-11e8-a6a3-ec086b02610b,589110d4-23d2-11e8-a6a3-ec086b02610b.jpg,34,deer,76,2014-05-12 04:12:20,6f5e591e-5567-11e8-b79b-dca9047ef277,1,1,2048,1494
5892b3d0-23d2-11e8-a6a3-ec086b02610b,5892b3d0-23d2-11e8-a6a3-ec086b02610b.jpg,34,deer,76,2014-09-19 12:57:57,6f654421-5567-11e8-a00f-dca9047ef277,1,1,2048,1494
5892b551-23d2-11e8-a6a3-ec086b02610b,5892b551-23d2-11e8-a6a3-ec086b02610b.jpg,34,deer,76,2014-09-18 09:19:28,6f6536ee-5567-11e8-97c0-dca9047ef277,1,1,2048,1494
5892b5b6-23d2-11e8-a6a3-ec086b02610b,5892b5b6-23d2-11e8-a6a3-ec086b02610b.jpg,34,deer,96,2013-10-17 17:34:48,6f90ef0a-5567-11e8-8175-dca9047ef277,1,1,2048,1494
5892b5f8-23d2-11e8-a6a3-ec086b02610b,5892b5f8-23d2-11e8-a6a3-ec086b02610b.jpg,34,deer,135,2013-08-21 20:59:04,70169d9c-5567-11e8-8609-dca9047ef277,2,3,2048,1494
5892b72a-23d2-11e8-a6a3-ec086b02610b,5892b72a-23d2-11e8-a6a3-ec086b02610b.jpg,34,deer,128,2014-10-04 17:03:49,701aa6d1-5567-11e8-9e0f-dca9047ef277,2,3,2048,1494
58945f59-23d2-11e8-a6a3-ec086b02610b,58945f59-23d2-11e8-a6a3-ec086b02610b.jpg,34,deer,131,2014-09-23 10:01:08,701d2f7d-5567-11e8-8181-dca9047ef277,2,3,2048,1494
58960784-23d2-11e8-a6a3-ec086b02610b,58960784-23d2-11e8-a6a3-ec086b02610b.jpg,34,deer,104,2014-09-29 01:15:17,701d1491-5567-11e8-8996-dca9047ef277,2,3,2048,1494
58960822-23d2-11e8-a6a3-ec086b02610b,58960822-23d2-11e8-a6a3-ec086b02610b.jpg,34,deer,106,2013-12-10 12:24:33,6f6af5ca-5567-11e8-9164-dca9047ef277,1,1,2048,1494
58960893-23d2-11e8-a6a3-ec086b02610b,58960893-23d2-11e8-a6a3-ec086b02610b.jpg,34,deer,121,2013-09-12 20:19:35,701839f5-5567-11e8-8fc7-dca9047ef277,1,3,2048,1494
5897b03b-23d2-11e8-a6a3-ec086b02610b,5897b03b-23d2-11e8-a6a3-ec086b02610b.jpg,34,deer,106,2014-06-17 09:05:43,6f76f140-5567-11e8-98ab-dca9047ef277,1,1,2048,1494
5897b144-23d2-11e8-a6a3-ec086b02610b,5897b144-23d2-11e8-a6a3-ec086b02610b.jpg,34,deer,96,2013-10-17 17:27:50,6f90e370-5567-11e8-a0a4-dca9047ef277,1,1,2048,1494
5897b1b5-23d2-11e8-a6a3-ec086b02610b,5897b1b5-23d2-11e8-a6a3-ec086b02610b.jpg,34,deer,120,2011-10-22 20:04:00,700de8ab-5567-11e8-a7de-dca9047ef277,1,1,2048,1536
5897b1fa-23d2-11e8-a6a3-ec086b02610b,5897b1fa-23d2-11e8-a6a3-ec086b02610b.jpg,34,deer,76,2014-06-30 19:02:50,6f61665e-5567-11e8-b32b-dca9047ef277,1,1,2048,1494
5897b2d1-23d2-11e8-a6a3-ec086b02610b,5897b2d1-23d2-11e8-a6a3-ec086b02610b.jpg,34,deer,121,2013-08-07 10:36:25,701834cf-5567-11e8-b842-dca9047ef277,2,3,2048,1494
5897b2ec-23d2-11e8-a6a3-ec086b02610b,5897b2ec-23d2-11e8-a6a3-ec086b02610b.jpg,34,deer,120,2012-03-23 06:08:00,700f7280-5567-11e8-b03c-dca9047ef277,1,1,2048,1536
5897b32e-23d2-11e8-a6a3-ec086b02610b,5897b32e-23d2-11e8-a6a3-ec086b02610b.jpg,34,deer,120,2011-10-27 05:30:00,700deb99-5567-11e8-8852-dca9047ef277,1,1,2048,1536
5897b390-23d2-11e8-a6a3-ec086b02610b,5897b390-23d2-11e8-a6a3-ec086b02610b.jpg,34,deer,114,2013-09-28 02:04:45,6ff2b185-5567-11e8-ada1-dca9047ef277,1,1,2048,1494
589b0145-23d2-11e8-a6a3-ec086b02610b,589b0145-23d2-11e8-a6a3-ec086b02610b.jpg,34,deer,76,2013-10-04 03:05:14,6f506f8f-5567-11e8-b904-dca9047ef277,1,1,2048,1494
589b02db-23d2-11e8-a6a3-ec086b02610b,589b02db-23d2-11e8-a6a3-ec086b02610b.jpg,34,deer,109,2015-02-05 13:01:38,701572ca-5567-11e8-9f22-dca9047ef277,2,3,2048,1494
589cb231-23d2-11e8-a6a3-ec086b02610b,589cb231-23d2-11e8-a6a3-ec086b02610b.jpg,34,deer,120,2011-10-14 19:46:00,700de211-5567-11e8-8af1-dca9047ef277,1,1,2048,1536
589cb32a-23d2-11e8-a6a3-ec086b02610b,589cb32a-23d2-11e8-a6a3-ec086b02610b.jpg,34,deer,117,2014-04-03 08:57:44,701bbd2e-5567-11e8-afc5-dca9047ef277,3,3,2048,1494
589cb45b-23d2-11e8-a6a3-ec086b02610b,589cb45b-23d2-11e8-a6a3-ec086b02610b.jpg,34,deer,92,2013-11-06 06:54:35,7018b34a-5567-11e8-8ab8-dca9047ef277,3,3,2048,1494
589cb4e4-23d2-11e8-a6a3-ec086b02610b,589cb4e4-23d2-11e8-a6a3-ec086b02610b.jpg,34,deer,101,2014-10-02 07:54:46,701c320f-5567-11e8-bd75-dca9047ef277,3,3,2048,1494
589cb55f-23d2-11e8-a6a3-ec086b02610b,589cb55f-23d2-11e8-a6a3-ec086b02610b.jpg,34,deer,121,2013-08-07 10:36:51,70183654-5567-11e8-a5e0-dca9047ef277,3,3,2048,1494
58a02048-23d2-11e8-a6a3-ec086b02610b,58a02048-23d2-11e8-a6a3-ec086b02610b.jpg,34,deer,111,2014-10-25 01:51:06,70153a80-5567-11e8-a5f5-dca9047ef277,1,3,2048,1494
58a0223c-23d2-11e8-a6a3-ec086b02610b,58a0223c-23d2-11e8-a6a3-ec086b02610b.jpg,34,deer,84,2014-04-25 03:52:28,70177c0a-5567-11e8-a46b-dca9047ef277,2,3,2048,1494
58a0230f-23d2-11e8-a6a3-ec086b02610b,58a0230f-23d2-11e8-a6a3-ec086b02610b.jpg,34,deer,77,2014-12-25 06:03:55,701dab66-5567-11e8-95a0-dca9047ef277,3,3,2048,1494
58a023ee-23d2-11e8-a6a3-ec086b02610b,58a023ee-23d2-11e8-a6a3-ec086b02610b.jpg,34,deer,77,2014-12-25 06:03:52,701daac5-5567-11e8-bd0f-dca9047ef277,2,3,2048,1494
58a1c955-23d2-11e8-a6a3-ec086b02610b,58a1c955-23d2-11e8-a6a3-ec086b02610b.jpg,34,deer,101,2014-09-27 05:39:17,701c3163-5567-11e8-be53-dca9047ef277,1,3,2048,1494
58a1cc3f-23d2-11e8-a6a3-ec086b02610b,58a1cc3f-23d2-11e8-a6a3-ec086b02610b.jpg,34,deer,101,2014-10-26 05:48:13,701c3694-5567-11e8-9e56-dca9047ef277,3,3,2048,1494
58a37b33-23d2-11e8-a6a3-ec086b02610b,58a37b33-23d2-11e8-a6a3-ec086b02610b.jpg,34,deer,102,2014-04-30 22:45:55,7010af42-5567-11e8-acfc-dca9047ef277,4,5,2048,1494
58a37ba3-23d2-11e8-a6a3-ec086b02610b,58a37ba3-23d2-11e8-a6a3-ec086b02610b.jpg,34,deer,114,2013-09-28 02:11:23,6ff2e91c-5567-11e8-920e-dca9047ef277,1,1,2048,1494
58a37bbe-23d2-11e8-a6a3-ec086b02610b,58a37bbe-23d2-11e8-a6a3-ec086b02610b.jpg,34,deer,122,2014-07-28 06:54:09,70186e07-5567-11e8-9b18-dca9047ef277,1,3,2048,1494
58a52e47-23d2-11e8-a6a3-ec086b02610b,58a52e47-23d2-11e8-a6a3-ec086b02610b.jpg,34,deer,134,2015-06-03 12:07:26,70109700-5567-11e8-a0f8-dca9047ef277,3,3,2048,1494
58a52ebd-23d2-11e8-a6a3-ec086b02610b,58a52ebd-23d2-11e8-a6a3-ec086b02610b.jpg,34,deer,82,2014-12-05 17:13:23,701a69f5-5567-11e8-b62c-dca9047ef277,1,3,2048,1494
58a52f70-23d2-11e8-a6a3-ec086b02610b,58a52f70-23d2-11e8-a6a3-ec086b02610b.jpg,34,deer,121,2013-08-31 13:02:29,7018390f-5567-11e8-9e29-dca9047ef277,2,3,2048,1494
58a52f75-23d2-11e8-a6a3-ec086b02610b,58a52f75-23d2-11e8-a6a3-ec086b02610b.jpg,34,deer,102,2014-04-23 17:04:21,7010a7f3-5567-11e8-80ec-dca9047ef277,3,5,2048,1494
58a52fe4-23d2-11e8-a6a3-ec086b02610b,58a52fe4-23d2-11e8-a6a3-ec086b02610b.jpg,34,deer,106,2014-06-10 05:28:10,6f7692f5-5567-11e8-867f-dca9047ef277,1,1,2048,1494
58a6e6e0-23d2-11e8-a6a3-ec086b02610b,58a6e6e0-23d2-11e8-a6a3-ec086b02610b.jpg,34,deer,114,2013-09-28 02:09:39,6ff2d6ca-5567-11e8-a525-dca9047ef277,1,1,2048,1494
58a6e7a1-23d2-11e8-a6a3-ec086b02610b,58a6e7a1-23d2-11e8-a6a3-ec086b02610b.jpg,34,deer,131,2014-10-05 10:22:15,701d3a14-5567-11e8-bafc-dca9047ef277,1,3,2048,1494
58a8a3e3-23d2-11e8-a6a3-ec086b02610b,58a8a3e3-23d2-11e8-a6a3-ec086b02610b.jpg,34,deer,117,2014-04-01 12:55:32,701bb717-5567-11e8-8144-dca9047ef277,1,3,2048,1494
58aa57f5-23d2-11e8-a6a3-ec086b02610b,58aa57f5-23d2-11e8-a6a3-ec086b02610b.jpg,34,deer,84,2014-04-25 03:52:47,70177dca-5567-11e8-8799-dca9047ef277,3,3,2048,1494
58aa59c8-23d2-11e8-a6a3-ec086b02610b,58aa59c8-23d2-11e8-a6a3-ec086b02610b.jpg,34,deer,109,2014-12-22 13:50:40,701569cc-5567-11e8-b9c1-dca9047ef277,2,3,2048,1494
58aa5b22-23d2-11e8-a6a3-ec086b02610b,58aa5b22-23d2-11e8-a6a3-ec086b02610b.jpg,34,deer,97,2014-09-15 22:44:00,701b2d0a-5567-11e8-b643-dca9047ef277,2,3,2048,1494
58ac0b83-23d2-11e8-a6a3-ec086b02610b,58ac0b83-23d2-11e8-a6a3-ec086b02610b.jpg,34,deer,106,2014-06-17 09:04:29,6f76e8d9-5567-11e8-b692-dca9047ef277,1,1,2048,1494
58ac0ccd-23d2-11e8-a6a3-ec086b02610b,58ac0ccd-23d2-11e8-a6a3-ec086b02610b.jpg,34,deer,114,2014-02-03 04:32:16,6ffc6a0a-5567-11e8-ada7-dca9047ef277,1,1,2048,1494
58ac0e4c-23d2-11e8-a6a3-ec086b02610b,58ac0e4c-23d2-11e8-a6a3-ec086b02610b.jpg,34,deer,82,2014-12-05 17:06:14,701a624f-5567-11e8-a0fa-dca9047ef277,1,3,2048,1494
58ac0eff-23d2-11e8-a6a3-ec086b02610b,58ac0eff-23d2-11e8-a6a3-ec086b02610b.jpg,34,deer,96,2013-10-17 01:03:03,6f90d07d-5567-11e8-82cc-dca9047ef277,1,1,2048,1494
58adc37e-23d2-11e8-a6a3-ec086b02610b,58adc37e-23d2-11e8-a6a3-ec086b02610b.jpg,34,deer,114,2014-06-25 10:15:59,7003d099-5567-11e8-9c1f-dca9047ef277,1,1,2048,1494
58af751d-23d2-11e8-a6a3-ec086b02610b,58af751d-23d2-11e8-a6a3-ec086b02610b.jpg,34,deer,137,2014-08-11 02:48:38,701a1cf8-5567-11e8-abb2-dca9047ef277,1,3,800,584
58af7638-23d2-11e8-a6a3-ec086b02610b,58af7638-23d2-11e8-a6a3-ec086b02610b.jpg,34,deer,133,2014-09-17 19:49:49,7010cf68-5567-11e8-9826-dca9047ef277,3,3,2048,1494
58af7658-23d2-11e8-a6a3-ec086b02610b,58af7658-23d2-11e8-a6a3-ec086b02610b.jpg,34,deer,134,2015-05-06 18:40:26,701092d1-5567-11e8-acba-dca9047ef277,1,3,2048,1494
58af7684-23d2-11e8-a6a3-ec086b02610b,58af7684-23d2-11e8-a6a3-ec086b02610b.jpg,34,deer,99,2013-08-15 19:07:52,7014774f-5567-11e8-b5aa-dca9047ef277,3,3,2048,1494
58b12f95-23d2-11e8-a6a3-ec086b02610b,58b12f95-23d2-11e8-a6a3-ec086b02610b.jpg,34,deer,138,2014-10-11 22:19:34,701b5b2b-5567-11e8-896c-dca9047ef277,2,3,2048,1494
58b130f3-23d2-11e8-a6a3-ec086b02610b,58b130f3-23d2-11e8-a6a3-ec086b02610b.jpg,34,deer,101,2014-10-11 07:24:33,701c33f8-5567-11e8-81bf-dca9047ef277,2,3,2048,1494
58b2ed20-23d2-11e8-a6a3-ec086b02610b,58b2ed20-23d2-11e8-a6a3-ec086b02610b.jpg,34,deer,83,2014-09-14 21:09:04,701eea61-5567-11e8-b84c-dca9047ef277,1,5,2048,1494
58b4a8bf-23d2-11e8-a6a3-ec086b02610b,58b4a8bf-23d2-11e8-a6a3-ec086b02610b.jpg,34,deer,138,2014-10-17 23:28:44,701b5c75-5567-11e8-9e44-dca9047ef277,3,3,2048,1494
58b4a952-23d2-11e8-a6a3-ec086b02610b,58b4a952-23d2-11e8-a6a3-ec086b02610b.jpg,34,deer,104,2014-09-29 01:15:48,701d1540-5567-11e8-8b83-dca9047ef277,1,3,2048,1494
58b4ac65-23d2-11e8-a6a3-ec086b02610b,58b4ac65-23d2-11e8-a6a3-ec086b02610b.jpg,34,deer,114,2014-06-25 10:02:22,7003ced9-5567-11e8-8485-dca9047ef277,1,1,2048,1494
58b664c4-23d2-11e8-a6a3-ec086b02610b,58b664c4-23d2-11e8-a6a3-ec086b02610b.jpg,34,deer,138,2014-10-17 23:28:47,701b5cc7-5567-11e8-a9fe-dca9047ef277,3,3,2048,1494
58b6659e-23d2-11e8-a6a3-ec086b02610b,58b6659e-23d2-11e8-a6a3-ec086b02610b.jpg,34,deer,121,2013-10-16 08:56:24,70183c2e-5567-11e8-9bad-dca9047ef277,1,3,2048,1494
58b66658-23d2-11e8-a6a3-ec086b02610b,58b66658-23d2-11e8-a6a3-ec086b02610b.jpg,34,deer,134,2015-01-03 19:05:13,70107e1c-5567-11e8-a4f1-dca9047ef277,2,3,2048,1494
58b666c0-23d2-11e8-a6a3-ec086b02610b,58b666c0-23d2-11e8-a6a3-ec086b02610b.jpg,34,deer,76,2014-08-18 01:15:16,6f63bec2-5567-11e8-a6ba-dca9047ef277,1,1,2048,1494
58b8205c-23d2-11e8-a6a3-ec086b02610b,58b8205c-23d2-11e8-a6a3-ec086b02610b.jpg,34,deer,122,2014-10-17 18:11:29,70186f33-5567-11e8-9d02-dca9047ef277,2,3,2048,1494
58b9d7d7-23d2-11e8-a6a3-ec086b02610b,58b9d7d7-23d2-11e8-a6a3-ec086b02610b.jpg,34,deer,134,2013-08-20 19:32:24,70105f7d-5567-11e8-8e31-dca9047ef277,2,3,2048,1494
58b9d82a-23d2-11e8-a6a3-ec086b02610b,58b9d82a-23d2-11e8-a6a3-ec086b02610b.jpg,34,deer,114,2014-06-25 10:02:20,7003ce91-5567-11e8-94d9-dca9047ef277,1,1,2048,1494
58b9d8c5-23d2-11e8-a6a3-ec086b02610b,58b9d8c5-23d2-11e8-a6a3-ec086b02610b.jpg,34,deer,121,2013-08-07 10:36:20,7018347d-5567-11e8-b912-dca9047ef277,1,3,2048,1494
58bb8a61-23d2-11e8-a6a3-ec086b02610b,58bb8a61-23d2-11e8-a6a3-ec086b02610b.jpg,34,deer,131,2014-09-23 10:07:25,701d3121-5567-11e8-a764-dca9047ef277,2,3,2048,1494
58bb8a89-23d2-11e8-a6a3-ec086b02610b,58bb8a89-23d2-11e8-a6a3-ec086b02610b.jpg,34,deer,82,2014-12-05 17:18:55,701a6e4a-5567-11e8-b953-dca9047ef277,2,3,2048,1494
58bd1afb-23d2-11e8-a6a3-ec086b02610b,58bd1afb-23d2-11e8-a6a3-ec086b02610b.jpg,34,deer,77,2014-12-25 06:03:54,701dab1e-5567-11e8-b149-dca9047ef277,2,3,2048,1494
58bd1b7c-23d2-11e8-a6a3-ec086b02610b,58bd1b7c-23d2-11e8-a6a3-ec086b02610b.jpg,34,deer,96,2013-10-17 17:29:12,6f90eaf0-5567-11e8-8282-dca9047ef277,1,1,2048,1494
58bea4b1-23d2-11e8-a6a3-ec086b02610b,58bea4b1-23d2-11e8-a6a3-ec086b02610b.jpg,34,deer,131,2014-09-23 10:15:09,701d32ba-5567-11e8-840a-dca9047ef277,2,3,2048,1494
58bea6a7-23d2-11e8-a6a3-ec086b02610b,58bea6a7-23d2-11e8-a6a3-ec086b02610b.jpg,34,deer,114,2014-02-28 07:32:49,6ffe6f07-5567-11e8-a01d-dca9047ef277,1,1,2048,1494
58c033c6-23d2-11e8-a6a3-ec086b02610b,58c033c6-23d2-11e8-a6a3-ec086b02610b.jpg,34,deer,120,2011-06-06 06:16:00,700d60c5-5567-11e8-b2b0-dca9047ef277,1,1,2048,1536
58c034ec-23d2-11e8-a6a3-ec086b02610b,58c034ec-23d2-11e8-a6a3-ec086b02610b.jpg,34,deer,96,2013-10-17 01:05:24,6f90d9b5-5567-11e8-8d5f-dca9047ef277,1,1,2048,1494
58c1c0be-23d2-11e8-a6a3-ec086b02610b,58c1c0be-23d2-11e8-a6a3-ec086b02610b.jpg,34,deer,132,2011-04-17 04:45:00,700cdd5c-5567-11e8-b3c6-dca9047ef277,1,1,2048,1536
58c1c16b-23d2-11e8-a6a3-ec086b02610b,58c1c16b-23d2-11e8-a6a3-ec086b02610b.jpg,34,deer,134,2015-01-12 18:22:09,70108f26-5567-11e8-9032-dca9047ef277,1,3,2048,1494
58c1c194-23d2-11e8-a6a3-ec086b02610b,58c1c194-23d2-11e8-a6a3-ec086b02610b.jpg,34,deer,131,2014-09-23 11:56:53,701d3545-5567-11e8-a7d6-dca9047ef277,3,3,2048,1494
58c34ca0-23d2-11e8-a6a3-ec086b02610b,58c34ca0-23d2-11e8-a6a3-ec086b02610b.jpg,34,deer,134,2015-01-03 19:17:28,70108859-5567-11e8-97fd-dca9047ef277,3,3,2048,1494
58c34e3c-23d2-11e8-a6a3-ec086b02610b,58c34e3c-23d2-11e8-a6a3-ec086b02610b.jpg,34,deer,84,2014-04-25 21:39:55,7017816e-5567-11e8-89a4-dca9047ef277,1,3,2048,1494
58c34e92-23d2-11e8-a6a3-ec086b02610b,58c34e92-23d2-11e8-a6a3-ec086b02610b.jpg,34,deer,84,2014-09-23 06:39:55,7017a2ab-5567-11e8-895d-dca9047ef277,1,3,2048,1494
58c4d737-23d2-11e8-a6a3-ec086b02610b,58c4d737-23d2-11e8-a6a3-ec086b02610b.jpg,34,deer,138,2014-10-17 23:28:39,701b5bd7-5567-11e8-a443-dca9047ef277,1,3,2048,1494
58c4d828-23d2-11e8-a6a3-ec086b02610b,58c4d828-23d2-11e8-a6a3-ec086b02610b.jpg,34,deer,104,2014-10-06 08:00:15,701d17dc-5567-11e8-aedb-dca9047ef277,2,3,2048,1494
58c4d87d-23d2-11e8-a6a3-ec086b02610b,58c4d87d-23d2-11e8-a6a3-ec086b02610b.jpg,34,deer,131,2014-09-23 10:01:59,701d301c-5567-11e8-be23-dca9047ef277,3,3,2048,1494
58c4d93c-23d2-11e8-a6a3-ec086b02610b,58c4d93c-23d2-11e8-a6a3-ec086b02610b.jpg,34,deer,117,2013-11-28 08:27:16,701b6c00-5567-11e8-b5c1-dca9047ef277,1,3,2048,1494
58c662dc-23d2-11e8-a6a3-ec086b02610b,58c662dc-23d2-11e8-a6a3-ec086b02610b.jpg,34,deer,121,2013-08-07 10:35:59,70183399-5567-11e8-9cfc-dca9047ef277,3,3,2048,1494
58c664e2-23d2-11e8-a6a3-ec086b02610b,58c664e2-23d2-11e8-a6a3-ec086b02610b.jpg,34,deer,121,2013-08-07 10:35:54,70183347-5567-11e8-b7e8-dca9047ef277,3,3,2048,1494
58c6651b-23d2-11e8-a6a3-ec086b02610b,58c6651b-23d2-11e8-a6a3-ec086b02610b.jpg,34,deer,82,2014-12-05 17:07:49,701a63f3-5567-11e8-9e6f-dca9047ef277,1,3,2048,1494
58c7f074-23d2-11e8-a6a3-ec086b02610b,58c7f074-23d2-11e8-a6a3-ec086b02610b.jpg,34,deer,101,2014-10-23 06:26:46,701c35a3-5567-11e8-ab8b-dca9047ef277,1,3,2048,1494
58c7f2a4-23d2-11e8-a6a3-ec086b02610b,58c7f2a4-23d2-11e8-a6a3-ec086b02610b.jpg,34,deer,82,2014-12-05 17:15:58,701a6cf8-5567-11e8-b58c-dca9047ef277,2,3,2048,1494
58c97acb-23d2-11e8-a6a3-ec086b02610b,58c97acb-23d2-11e8-a6a3-ec086b02610b.jpg,34,deer,106,2014-06-17 09:04:24,6f76e7e8-5567-11e8-864c-dca9047ef277,1,1,2048,1494
58cb137e-23d2-11e8-a6a3-ec086b02610b,58cb137e-23d2-11e8-a6a3-ec086b02610b.jpg,34,deer,109,2015-02-03 08:00:11,7015722b-5567-11e8-bd78-dca9047ef277,3,3,2048,1494
58cb13db-23d2-11e8-a6a3-ec086b02610b,58cb13db-23d2-11e8-a6a3-ec086b02610b.jpg,34,deer,120,2011-09-30 02:00:00,700dd4f3-5567-11e8-ad26-dca9047ef277,1,1,2048,1536
58cca5f4-23d2-11e8-a6a3-ec086b02610b,58cca5f4-23d2-11e8-a6a3-ec086b02610b.jpg,34,deer,83,2014-09-14 21:09:02,701eea07-5567-11e8-87e5-dca9047ef277,3,5,2048,1494
58cca618-23d2-11e8-a6a3-ec086b02610b,58cca618-23d2-11e8-a6a3-ec086b02610b.jpg,34,deer,117,2013-12-13 17:49:22,701b98a8-5567-11e8-b6ee-dca9047ef277,3,3,2048,1494
58ce3d61-23d2-11e8-a6a3-ec086b02610b,58ce3d61-23d2-11e8-a6a3-ec086b02610b.jpg,34,deer,76,2013-12-12 12:35:03,6f565d4a-5567-11e8-8bdb-dca9047ef277,1,1,2048,1494
58ce3df7-23d2-11e8-a6a3-ec086b02610b,58ce3df7-23d2-11e8-a6a3-ec086b02610b.jpg,34,deer,128,2013-11-13 18:37:58,701a9430-5567-11e8-9488-dca9047ef277,3,3,2048,1494
58cfcc27-23d2-11e8-a6a3-ec086b02610b,58cfcc27-23d2-11e8-a6a3-ec086b02610b.jpg,34,deer,134,2015-05-06 18:40:12,701091e3-5567-11e8-806a-dca9047ef277,1,3,2048,1494
58d15e66-23d2-11e8-a6a3-ec086b02610b,58d15e66-23d2-11e8-a6a3-ec086b02610b.jpg,34,deer,121,2013-08-07 10:36:46,70183605-5567-11e8-b24a-dca9047ef277,2,3,2048,1494
58d15ee8-23d2-11e8-a6a3-ec086b02610b,58d15ee8-23d2-11e8-a6a3-ec086b02610b.jpg,34,deer,102,2014-08-10 09:17:15,7010b438-5567-11e8-afdd-dca9047ef277,1,3,2048,1494
58d15f01-23d2-11e8-a6a3-ec086b02610b,58d15f01-23d2-11e8-a6a3-ec086b02610b.jpg,34,deer,131,2014-09-23 10:16:43,701d344c-5567-11e8-a03e-dca9047ef277,1,3,2048,1494
58d15f45-23d2-11e8-a6a3-ec086b02610b,58d15f45-23d2-11e8-a6a3-ec086b02610b.jpg,34,deer,101,2014-10-02 07:54:51,701c325e-5567-11e8-98b2-dca9047ef277,2,3,2048,1494
58d2eac0-23d2-11e8-a6a3-ec086b02610b,58d2eac0-23d2-11e8-a6a3-ec086b02610b.jpg,34,deer,102,2013-12-18 03:56:45,70109ab5-5567-11e8-b470-dca9047ef277,1,3,2048,1494
58d47dca-23d2-11e8-a6a3-ec086b02610b,58d47dca-23d2-11e8-a6a3-ec086b02610b.jpg,34,deer,99,2013-08-15 19:08:12,701477ee-5567-11e8-bdb6-dca9047ef277,3,3,2048,1494
58d612e2-23d2-11e8-a6a3-ec086b02610b,58d612e2-23d2-11e8-a6a3-ec086b02610b.jpg,34,deer,106,2013-10-15 10:16:36,6f682d8f-5567-11e8-b889-dca9047ef277,1,1,2048,1494
58d61340-23d2-11e8-a6a3-ec086b02610b,58d61340-23d2-11e8-a6a3-ec086b02610b.jpg,34,deer,96,2013-10-17 17:27:47,6f90e259-5567-11e8-b2fe-dca9047ef277,1,1,2048,1494
58d61372-23d2-11e8-a6a3-ec086b02610b,58d61372-23d2-11e8-a6a3-ec086b02610b.jpg,34,deer,99,2015-03-24 07:14:09,70148630-5567-11e8-ac79-dca9047ef277,2,3,2048,1494
58d61387-23d2-11e8-a6a3-ec086b02610b,58d61387-23d2-11e8-a6a3-ec086b02610b.jpg,34,deer,114,2014-06-16 05:32:18,70036d0a-5567-11e8-aaee-dca9047ef277,1,1,2048,1494
58d613c0-23d2-11e8-a6a3-ec086b02610b,58d613c0-23d2-11e8-a6a3-ec086b02610b.jpg,34,deer,122,2014-07-28 06:53:57,70186d7d-5567-11e8-9e3e-dca9047ef277,1,3,2048,1494
58d6150e-23d2-11e8-a6a3-ec086b02610b,58d6150e-23d2-11e8-a6a3-ec086b02610b.jpg,34,deer,84,2014-04-25 03:50:40,7017794c-5567-11e8-b67a-dca9047ef277,3,3,2048,1494
58d7a126-23d2-11e8-a6a3-ec086b02610b,58d7a126-23d2-11e8-a6a3-ec086b02610b.jpg,34,deer,120,2011-09-28 17:07:00,700dd361-5567-11e8-bdb1-dca9047ef277,1,1,2048,1536
58d7a2a1-23d2-11e8-a6a3-ec086b02610b,58d7a2a1-23d2-11e8-a6a3-ec086b02610b.jpg,34,deer,101,2014-10-26 05:48:08,701c3647-5567-11e8-91f9-dca9047ef277,1,3,2048,1494
58d92ecb-23d2-11e8-a6a3-ec086b02610b,58d92ecb-23d2-11e8-a6a3-ec086b02610b.jpg,34,deer,117,2014-03-31 08:06:03,701bb426-5567-11e8-bf4a-dca9047ef277,1,3,2048,1494
58d93008-23d2-11e8-a6a3-ec086b02610b,58d93008-23d2-11e8-a6a3-ec086b02610b.jpg,34,deer,114,2013-10-08 01:20:42,6ff39e85-5567-11e8-9c94-dca9047ef277,1,1,2048,1494
58d9311d-23d2-11e8-a6a3-ec086b02610b,58d9311d-23d2-11e8-a6a3-ec086b02610b.jpg,34,deer,84,2014-04-26 19:52:20,70178754-5567-11e8-9adb-dca9047ef277,1,3,2048,1494
58d931e7-23d2-11e8-a6a3-ec086b02610b,58d931e7-23d2-11e8-a6a3-ec086b02610b.jpg,34,deer,106,2014-04-08 22:18:57,6f71cc23-5567-11e8-9bf1-dca9047ef277,1,1,2048,1494
58d93200-23d2-11e8-a6a3-ec086b02610b,58d93200-23d2-11e8-a6a3-ec086b02610b.jpg,34,deer,102,2014-04-23 15:37:15,7010a614-5567-11e8-81b6-dca9047ef277,3,5,2048,1494
58d93201-23d2-11e8-a6a3-ec086b02610b,58d93201-23d2-11e8-a6a3-ec086b02610b.jpg,34,deer,132,2011-05-08 21:45:00,700cde80-5567-11e8-8daf-dca9047ef277,1,1,2048,1536
58dc4ac3-23d2-11e8-a6a3-ec086b02610b,58dc4ac3-23d2-11e8-a6a3-ec086b02610b.jpg,34,deer,104,2014-06-23 13:13:49,701d120a-5567-11e8-8de1-dca9047ef277,3,3,2048,1494
58dc4b04-23d2-11e8-a6a3-ec086b02610b,58dc4b04-23d2-11e8-a6a3-ec086b02610b.jpg,34,deer,84,2014-05-07 22:44:32,70178f42-5567-11e8-84d0-dca9047ef277,2,3,2048,1494
58ddd593-23d2-11e8-a6a3-ec086b02610b,58ddd593-23d2-11e8-a6a3-ec086b02610b.jpg,34,deer,134,2015-01-03 19:11:46,70108421-5567-11e8-8d03-dca9047ef277,1,3,2048,1494
58ddd5f2-23d2-11e8-a6a3-ec086b02610b,58ddd5f2-23d2-11e8-a6a3-ec086b02610b.jpg,34,deer,128,2014-10-04 17:03:52,701aa721-5567-11e8-8808-dca9047ef277,1,3,2048,1494
58ddd68e-23d2-11e8-a6a3-ec086b02610b,58ddd68e-23d2-11e8-a6a3-ec086b02610b.jpg,34,deer,117,2013-12-07 12:19:23,701b8c33-5567-11e8-8ab2-dca9047ef277,3,3,2048,1494
58ddd79d-23d2-11e8-a6a3-ec086b02610b,58ddd79d-23d2-11e8-a6a3-ec086b02610b.jpg,34,deer,120,2012-01-10 16:09:00,700f2e75-5567-11e8-b9e5-dca9047ef277,1,1,2048,1536
58df6768-23d2-11e8-a6a3-ec086b02610b,58df6768-23d2-11e8-a6a3-ec086b02610b.jpg,34,deer,135,2013-10-09 09:10:09,7016a88f-5567-11e8-9320-dca9047ef277,2,3,2048,1494
58df6787-23d2-11e8-a6a3-ec086b02610b,58df6787-23d2-11e8-a6a3-ec086b02610b.jpg,34,deer,92,2013-11-06 06:54:44,7018b3f3-5567-11e8-a728-dca9047ef277,2,3,2048,1494
58df6a26-23d2-11e8-a6a3-ec086b02610b,58df6a26-23d2-11e8-a6a3-ec086b02610b.jpg,34,deer,99,2013-08-13 08:52:07,701476f3-5567-11e8-bc76-dca9047ef277,3,3,2048,1494
58df6a8c-23d2-11e8-a6a3-ec086b02610b,58df6a8c-23d2-11e8-a6a3-ec086b02610b.jpg,34,deer,84,2014-05-07 22:47:14,7017910c-5567-11e8-9026-dca9047ef277,2,3,2048,1494
58df6b16-23d2-11e8-a6a3-ec086b02610b,58df6b16-23d2-11e8-a6a3-ec086b02610b.jpg,34,deer,117,2013-12-28 08:39:21,701ba199-5567-11e8-98e5-dca9047ef277,3,3,2048,1494
58e0f4fd-23d2-11e8-a6a3-ec086b02610b,58e0f4fd-23d2-11e8-a6a3-ec086b02610b.jpg,34,deer,122,2013-10-13 22:52:49,70186b75-5567-11e8-a415-dca9047ef277,3,3,2048,1494
58e0f709-23d2-11e8-a6a3-ec086b02610b,58e0f709-23d2-11e8-a6a3-ec086b02610b.jpg,34,deer,120,2011-10-27 22:54:00,700dec9e-5567-11e8-be0b-dca9047ef277,1,1,2048,1536
58e0f73a-23d2-11e8-a6a3-ec086b02610b,58e0f73a-23d2-11e8-a6a3-ec086b02610b.jpg,34,deer,84,2014-09-23 06:40:14,7017a478-5567-11e8-ae07-dca9047ef277,1,3,2048,1494
58e28045-23d2-11e8-a6a3-ec086b02610b,58e28045-23d2-11e8-a6a3-ec086b02610b.jpg,34,deer,131,2014-09-23 10:01:04,701d2f2e-5567-11e8-9bed-dca9047ef277,2,3,2048,1494
58e281ee-23d2-11e8-a6a3-ec086b02610b,58e281ee-23d2-11e8-a6a3-ec086b02610b.jpg,34,deer,117,2013-12-13 17:49:10,701b97ae-5567-11e8-8382-dca9047ef277,1,3,2048,1494
58e28277-23d2-11e8-a6a3-ec086b02610b,58e28277-23d2-11e8-a6a3-ec086b02610b.jpg,34,deer,120,2012-09-16 02:01:26,700f8e1c-5567-11e8-97ce-dca9047ef277,1,1,2560,1920
58e40dce-23d2-11e8-a6a3-ec086b02610b,58e40dce-23d2-11e8-a6a3-ec086b02610b.jpg,34,deer,76,2013-10-04 03:05:10,6f506eee-5567-11e8-865b-dca9047ef277,1,1,2048,1494
58e40f6e-23d2-11e8-a6a3-ec086b02610b,58e40f6e-23d2-11e8-a6a3-ec086b02610b.jpg,34,deer,117,2013-12-28 08:41:44,701ba333-5567-11e8-86ec-dca9047ef277,2,3,2048,1494
58e59895-23d2-11e8-a6a3-ec086b02610b,58e59895-23d2-11e8-a6a3-ec086b02610b.jpg,34,deer,120,2012-12-03 17:52:28,700fe81e-5567-11e8-a57d-dca9047ef277,1,1,2560,1920
58e59a77-23d2-11e8-a6a3-ec086b02610b,58e59a77-23d2-11e8-a6a3-ec086b02610b.jpg,34,deer,117,2014-04-03 08:57:53,701bbe6e-5567-11e8-87ae-dca9047ef277,1,3,2048,1494
58e59af2-23d2-11e8-a6a3-ec086b02610b,58e59af2-23d2-11e8-a6a3-ec086b02610b.jpg,34,deer,76,2013-10-24 03:01:19,6f51b6b3-5567-11e8-a08c-dca9047ef277,1,1,2048,1494
58e722ec-23d2-11e8-a6a3-ec086b02610b,58e722ec-23d2-11e8-a6a3-ec086b02610b.jpg,34,deer,104,2014-09-29 01:15:53,701d158c-5567-11e8-933b-dca9047ef277,1,3,2048,1494
58e724bb-23d2-11e8-a6a3-ec086b02610b,58e724bb-23d2-11e8-a6a3-ec086b02610b.jpg,34,deer,96,2014-05-27 23:32:51,6fbd7563-5567-11e8-87e5-dca9047ef277,1,1,2048,1494
58e725c4-23d2-11e8-a6a3-ec086b02610b,58e725c4-23d2-11e8-a6a3-ec086b02610b.jpg,34,deer,96,2013-10-16 03:53:17,6f90c763-5567-11e8-a8c2-dca9047ef277,1,1,2048,1494
58e7263e-23d2-11e8-a6a3-ec086b02610b,58e7263e-23d2-11e8-a6a3-ec086b02610b.jpg,34,deer,76,2013-12-25 04:46:59,6f5726e3-5567-11e8-82af-dca9047ef277,1,1,2048,1494
58eac8df-23d2-11e8-a6a3-ec086b02610b,58eac8df-23d2-11e8-a6a3-ec086b02610b.jpg,34,deer,109,2015-02-03 07:59:56,7015718a-5567-11e8-b2dc-dca9047ef277,1,3,2048,1494
58eac9b4-23d2-11e8-a6a3-ec086b02610b,58eac9b4-23d2-11e8-a6a3-ec086b02610b.jpg,34,deer,117,2014-03-20 07:15:19,701ba9cf-5567-11e8-bc92-dca9047ef277,3,3,2048,1494
58eaca93-23d2-11e8-a6a3-ec086b02610b,58eaca93-23d2-11e8-a6a3-ec086b02610b.jpg,34,deer,99,2015-03-24 07:14:02,701485d4-5567-11e8-80c7-dca9047ef277,1,3,2048,1494
58eacaf0-23d2-11e8-a6a3-ec086b02610b,58eacaf0-23d2-11e8-a6a3-ec086b02610b.jpg,34,deer,76,2014-07-03 02:58:52,6f61863d-5567-11e8-960d-dca9047ef277,1,1,2048,1494
58eacb41-23d2-11e8-a6a3-ec086b02610b,58eacb41-23d2-11e8-a6a3-ec086b02610b.jpg,34,deer,96,2013-10-16 03:53:20,6f90c7fa-5567-11e8-820a-dca9047ef277,1,1,2048,1494
58ec551e-23d2-11e8-a6a3-ec086b02610b,58ec551e-23d2-11e8-a6a3-ec086b02610b.jpg,34,deer,76,2013-10-04 03:04:53,6f506e59-5567-11e8-81cf-dca9047ef277,1,1,2048,1494
58ec566e-23d2-11e8-a6a3-ec086b02610b,58ec566e-23d2-11e8-a6a3-ec086b02610b.jpg,34,deer,99,2013-10-02 11:27:53,70147f78-5567-11e8-8430-dca9047ef277,3,3,2048,1494
58ec5793-23d2-11e8-a6a3-ec086b02610b,58ec5793-23d2-11e8-a6a3-ec086b02610b.jpg,34,deer,120,2011-05-09 04:19:00,700d374a-5567-11e8-a357-dca9047ef277,1,1,2048,1536
58ede0d2-23d2-11e8-a6a3-ec086b02610b,58ede0d2-23d2-11e8-a6a3-ec086b02610b.jpg,34,deer,109,2014-12-22 13:54:51,70156bb8-5567-11e8-aff9-dca9047ef277,1,3,2048,1494
58ede138-23d2-11e8-a6a3-ec086b02610b,58ede138-23d2-11e8-a6a3-ec086b02610b.jpg,34,deer,106,2014-06-03 07:39:23,6f7635f0-5567-11e8-8696-dca9047ef277,1,1,2048,1494
58ede3bd-23d2-11e8-a6a3-ec086b02610b,58ede3bd-23d2-11e8-a6a3-ec086b02610b.jpg,34,deer,109,2015-01-26 17:42:13,70156ed7-5567-11e8-a04f-dca9047ef277,1,3,2048,1494
58ef6ea3-23d2-11e8-a6a3-ec086b02610b,58ef6ea3-23d2-11e8-a6a3-ec086b02610b.jpg,34,deer,76,2014-07-20 22:05:06,6f627011-5567-11e8-a379-dca9047ef277,1,1,2048,1494
58ef7055-23d2-11e8-a6a3-ec086b02610b,58ef7055-23d2-11e8-a6a3-ec086b02610b.jpg,34,deer,114,2014-02-03 04:30:52,6ffc5eab-5567-11e8-bbf6-dca9047ef277,1,1,2048,1494
58f105a5-23d2-11e8-a6a3-ec086b02610b,58f105a5-23d2-11e8-a6a3-ec086b02610b.jpg,34,deer,122,2014-07-28 06:54:12,70186e57-5567-11e8-845d-dca9047ef277,1,3,2048,1494
58f10697-23d2-11e8-a6a3-ec086b02610b,58f10697-23d2-11e8-a6a3-ec086b02610b.jpg,34,deer,135,2013-10-09 09:09:07,7016a5c7-5567-11e8-ba75-dca9047ef277,3,3,2048,1494
58f108ee-23d2-11e8-a6a3-ec086b02610b,58f108ee-23d2-11e8-a6a3-ec086b02610b.jpg,34,deer,122,2014-11-02 22:07:23,7018720c-5567-11e8-ac69-dca9047ef277,2,3,2048,1494
58f293c1-23d2-11e8-a6a3-ec086b02610b,58f293c1-23d2-11e8-a6a3-ec086b02610b.jpg,34,deer,96,2013-10-17 01:03:58,6f90d880-5567-11e8-8470-dca9047ef277,1,1,2048,1494
58f293ce-23d2-11e8-a6a3-ec086b02610b,58f293ce-23d2-11e8-a6a3-ec086b02610b.jpg,34,deer,135,2013-11-11 03:43:27,7016ad66-5567-11e8-bf3d-dca9047ef277,3,3,2048,1494
58f29569-23d2-11e8-a6a3-ec086b02610b,58f29569-23d2-11e8-a6a3-ec086b02610b.jpg,34,deer,131,2014-10-11 14:11:06,701d3abd-5567-11e8-8c5a-dca9047ef277,2,3,2048,1494
58f421e6-23d2-11e8-a6a3-ec086b02610b,58f421e6-23d2-11e8-a6a3-ec086b02610b.jpg,34,deer,117,2013-12-07 12:20:11,701b8d2b-5567-11e8-bddb-dca9047ef277,3,3,2048,1494
58f42296-23d2-11e8-a6a3-ec086b02610b,58f42296-23d2-11e8-a6a3-ec086b02610b.jpg,34,deer,96,2013-10-17 01:03:45,6f90d4de-5567-11e8-bebd-dca9047ef277,1,1,2048,1494
58f42371-23d2-11e8-a6a3-ec086b02610b,58f42371-23d2-11e8-a6a3-ec086b02610b.jpg,34,deer,96,2013-10-17 01:03:01,6f90d038-5567-11e8-b6e2-dca9047ef277,1,1,2048,1494
58f5b07d-23d2-11e8-a6a3-ec086b02610b,58f5b07d-23d2-11e8-a6a3-ec086b02610b.jpg,34,deer,122,2013-10-13 22:52:48,70186b2e-5567-11e8-ad68-dca9047ef277,2,3,2048,1494
58f5b1bf-23d2-11e8-a6a3-ec086b02610b,58f5b1bf-23d2-11e8-a6a3-ec086b02610b.jpg,34,deer,82,2014-12-05 17:13:06,701a694c-5567-11e8-bf3e-dca9047ef277,3,3,2048,1494
58f5b292-23d2-11e8-a6a3-ec086b02610b,58f5b292-23d2-11e8-a6a3-ec086b02610b.jpg,34,deer,101,2014-09-27 05:39:13,701c3114-5567-11e8-91aa-dca9047ef277,1,3,2048,1494
58f73c96-23d2-11e8-a6a3-ec086b02610b,58f73c96-23d2-11e8-a6a3-ec086b02610b.jpg,34,deer,121,2013-09-12 20:19:31,701839a6-5567-11e8-9c83-dca9047ef277,2,3,2048,1494
58f73cba-23d2-11e8-a6a3-ec086b02610b,58f73cba-23d2-11e8-a6a3-ec086b02610b.jpg,34,deer,102,2014-04-23 17:04:27,7010a84c-5567-11e8-b5d6-dca9047ef277,3,5,2048,1494
58f73d62-23d2-11e8-a6a3-ec086b02610b,58f73d62-23d2-11e8-a6a3-ec086b02610b.jpg,34,deer,135,2013-11-11 03:43:53,7016aeeb-5567-11e8-8e40-dca9047ef277,3,3,2048,1494
58f73fc2-23d2-11e8-a6a3-ec086b02610b,58f73fc2-23d2-11e8-a6a3-ec086b02610b.jpg,34,deer,106,2013-12-31 18:21:28,6f6c1297-5567-11e8-bc0f-dca9047ef277,1,1,2048,1494
58f8cd12-23d2-11e8-a6a3-ec086b02610b,58f8cd12-23d2-11e8-a6a3-ec086b02610b.jpg,34,deer,106,2014-06-17 09:05:55,6f76f317-5567-11e8-a75c-dca9047ef277,1,1,2048,1494
58f8cd49-23d2-11e8-a6a3-ec086b02610b,58f8cd49-23d2-11e8-a6a3-ec086b02610b.jpg,34,deer,109,2014-12-22 13:51:19,70156b68-5567-11e8-aaa2-dca9047ef277,2,3,2048,1494
58f8cdaa-23d2-11e8-a6a3-ec086b02610b,58f8cdaa-23d2-11e8-a6a3-ec086b02610b.jpg,34,deer,138,2014-09-28 03:40:11,701b5a33-5567-11e8-ab49-dca9047ef277,3,3,2048,1494
58f8cef3-23d2-11e8-a6a3-ec086b02610b,58f8cef3-23d2-11e8-a6a3-ec086b02610b.jpg,34,deer,109,2014-12-22 13:54:56,70156c07-5567-11e8-b592-dca9047ef277,2,3,2048,1494
58f8cf44-23d2-11e8-a6a3-ec086b02610b,58f8cf44-23d2-11e8-a6a3-ec086b02610b.jpg,34,deer,135,2013-11-11 03:43:46,7016ae9c-5567-11e8-b87f-dca9047ef277,3,3,2048,1494
58fa5cfd-23d2-11e8-a6a3-ec086b02610b,58fa5cfd-23d2-11e8-a6a3-ec086b02610b.jpg,34,deer,114,2014-02-28 07:30:43,6ffe6d30-5567-11e8-abc0-dca9047ef277,1,1,2048,1494
58fa5f10-23d2-11e8-a6a3-ec086b02610b,58fa5f10-23d2-11e8-a6a3-ec086b02610b.jpg,34,deer,102,2014-04-28 05:59:06,7010ab4f-5567-11e8-a701-dca9047ef277,5,5,2048,1494
58fbec59-23d2-11e8-a6a3-ec086b02610b,58fbec59-23d2-11e8-a6a3-ec086b02610b.jpg,34,deer,84,2014-04-25 01:37:52,701775fd-5567-11e8-a33b-dca9047ef277,3,3,2048,1494
58fbed6b-23d2-11e8-a6a3-ec086b02610b,58fbed6b-23d2-11e8-a6a3-ec086b02610b.jpg,34,deer,120,2012-09-26 10:04:14,700f988a-5567-11e8-814a-dca9047ef277,1,1,2560,1920
58fbedb7-23d2-11e8-a6a3-ec086b02610b,58fbedb7-23d2-11e8-a6a3-ec086b02610b.jpg,34,deer,134,2015-01-03 19:11:50,701084b8-5567-11e8-9555-dca9047ef277,3,3,2048,1494
58fd7b20-23d2-11e8-a6a3-ec086b02610b,58fd7b20-23d2-11e8-a6a3-ec086b02610b.jpg,34,deer,128,2013-11-13 18:38:03,701a94d9-5567-11e8-8d85-dca9047ef277,2,3,2048,1494
58fd7d83-23d2-11e8-a6a3-ec086b02610b,58fd7d83-23d2-11e8-a6a3-ec086b02610b.jpg,34,deer,138,2014-10-11 22:19:25,701b5ad1-5567-11e8-85c1-dca9047ef277,2,3,2048,1494
58fd7ed9-23d2-11e8-a6a3-ec086b02610b,58fd7ed9-23d2-11e8-a6a3-ec086b02610b.jpg,34,deer,82,2014-12-05 17:11:27,701a66fd-5567-11e8-a03c-dca9047ef277,1,3,2048,1494
58ff0eff-23d2-11e8-a6a3-ec086b02610b,58ff0eff-23d2-11e8-a6a3-ec086b02610b.jpg,34,deer,134,2014-12-23 17:59:44,70107591-5567-11e8-9e37-dca9047ef277,1,3,2048,1494
58ff0f27-23d2-11e8-a6a3-ec086b02610b,58ff0f27-23d2-11e8-a6a3-ec086b02610b.jpg,34,deer,131,2014-10-05 10:21:14,701d3975-5567-11e8-a1ae-dca9047ef277,3,3,2048,1494
58ff0f2f-23d2-11e8-a6a3-ec086b02610b,58ff0f2f-23d2-11e8-a6a3-ec086b02610b.jpg,34,deer,134,2015-01-03 19:12:29,7010868c-5567-11e8-b46f-dca9047ef277,1,3,2048,1494
58ff103a-23d2-11e8-a6a3-ec086b02610b,58ff103a-23d2-11e8-a6a3-ec086b02610b.jpg,34,deer,109,2015-01-26 17:42:16,70156f33-5567-11e8-ade0-dca9047ef277,1,3,2048,1494
58ff1043-23d2-11e8-a6a3-ec086b02610b,58ff1043-23d2-11e8-a6a3-ec086b02610b.jpg,34,deer,117,2013-12-07 04:03:51,701b89a8-5567-11e8-93e8-dca9047ef277,2,3,2048,1494
5902369d-23d2-11e8-a6a3-ec086b02610b,5902369d-23d2-11e8-a6a3-ec086b02610b.jpg,34,deer,134,2015-01-03 19:12:23,70108640-5567-11e8-b517-dca9047ef277,2,3,2048,1494
5903cb6a-23d2-11e8-a6a3-ec086b02610b,5903cb6a-23d2-11e8-a6a3-ec086b02610b.jpg,34,deer,109,2014-12-22 13:51:15,70156b19-5567-11e8-8268-dca9047ef277,1,3,2048,1494
5903cba6-23d2-11e8-a6a3-ec086b02610b,5903cba6-23d2-11e8-a6a3-ec086b02610b.jpg,34,deer,96,2013-10-17 17:36:01,6f90f157-5567-11e8-ab8a-dca9047ef277,1,1,2048,1494
5903ccd0-23d2-11e8-a6a3-ec086b02610b,5903ccd0-23d2-11e8-a6a3-ec086b02610b.jpg,34,deer,135,2013-10-16 14:11:34,7016a968-5567-11e8-b42d-dca9047ef277,3,3,2048,1494
5903cddc-23d2-11e8-a6a3-ec086b02610b,5903cddc-23d2-11e8-a6a3-ec086b02610b.jpg,34,deer,96,2013-10-17 17:36:17,6f90f35e-5567-11e8-90dd-dca9047ef277,1,1,2048,1494
59055f2a-23d2-11e8-a6a3-ec086b02610b,59055f2a-23d2-11e8-a6a3-ec086b02610b.jpg,34,deer,135,2013-08-21 21:01:16,7016a00a-5567-11e8-9ea9-dca9047ef277,3,3,2048,1494
5905602c-23d2-11e8-a6a3-ec086b02610b,5905602c-23d2-11e8-a6a3-ec086b02610b.jpg,34,deer,102,2014-08-25 19:18:20,7010b7ee-5567-11e8-9dd0-dca9047ef277,1,3,2048,1494
5906f051-23d2-11e8-a6a3-ec086b02610b,5906f051-23d2-11e8-a6a3-ec086b02610b.jpg,34,deer,92,2013-11-06 06:54:29,7018b2f0-5567-11e8-abdf-dca9047ef277,3,3,2048,1494
5906f102-23d2-11e8-a6a3-ec086b02610b,5906f102-23d2-11e8-a6a3-ec086b02610b.jpg,34,deer,120,2012-01-15 03:00:00,700f44de-5567-11e8-9773-dca9047ef277,1,1,2048,1536
5906f181-23d2-11e8-a6a3-ec086b02610b,5906f181-23d2-11e8-a6a3-ec086b02610b.jpg,34,deer,96,2013-10-17 01:03:43,6f90d497-5567-11e8-a5c4-dca9047ef277,1,1,2048,1494
5906f2ae-23d2-11e8-a6a3-ec086b02610b,5906f2ae-23d2-11e8-a6a3-ec086b02610b.jpg,34,deer,134,2015-06-03 12:07:41,701097e3-5567-11e8-89bf-dca9047ef277,3,3,2048,1494
590880c2-23d2-11e8-a6a3-ec086b02610b,590880c2-23d2-11e8-a6a3-ec086b02610b.jpg,34,deer,121,2013-10-16 08:56:35,70183c80-5567-11e8-a5e9-dca9047ef277,2,3,2048,1494
59088152-23d2-11e8-a6a3-ec086b02610b,59088152-23d2-11e8-a6a3-ec086b02610b.jpg,34,deer,114,2013-09-28 02:04:19,6ff2ac40-5567-11e8-8046-dca9047ef277,1,1,2048,1494
590a1050-23d2-11e8-a6a3-ec086b02610b,590a1050-23d2-11e8-a6a3-ec086b02610b.jpg,34,deer,117,2014-03-24 08:07:16,701babb8-5567-11e8-b39b-dca9047ef277,1,3,2048,1494
590b9bb7-23d2-11e8-a6a3-ec086b02610b,590b9bb7-23d2-11e8-a6a3-ec086b02610b.jpg,34,deer,84,2014-09-23 06:41:19,7017a5f3-5567-11e8-9500-dca9047ef277,3,3,2048,1494
590b9f0a-23d2-11e8-a6a3-ec086b02610b,590b9f0a-23d2-11e8-a6a3-ec086b02610b.jpg,34,deer,121,2013-08-07 10:39:00,7018378a-5567-11e8-b81a-dca9047ef277,1,3,2048,1494
590d2af7-23d2-11e8-a6a3-ec086b02610b,590d2af7-23d2-11e8-a6a3-ec086b02610b.jpg,34,deer,76,2014-06-16 04:06:01,6f605d7a-5567-11e8-9415-dca9047ef277,1,1,2048,1494
590d2b79-23d2-11e8-a6a3-ec086b02610b,590d2b79-23d2-11e8-a6a3-ec086b02610b.jpg,34,deer,117,2013-12-28 08:39:59,701ba23a-5567-11e8-861d-dca9047ef277,3,3,2048,1494
590ebb15-23d2-11e8-a6a3-ec086b02610b,590ebb15-23d2-11e8-a6a3-ec086b02610b.jpg,34,deer,121,2013-08-07 10:35:52,70183302-5567-11e8-9a7c-dca9047ef277,2,3,2048,1494
590ebc76-23d2-11e8-a6a3-ec086b02610b,590ebc76-23d2-11e8-a6a3-ec086b02610b.jpg,34,deer,99,2013-08-15 19:08:07,7014779c-5567-11e8-84cd-dca9047ef277,3,3,2048,1494
590ebc99-23d2-11e8-a6a3-ec086b02610b,590ebc99-23d2-11e8-a6a3-ec086b02610b.jpg,34,deer,76,2014-07-16 19:51:35,6f624128-5567-11e8-9dff-dca9047ef277,1,1,2048,1494
590ebcf4-23d2-11e8-a6a3-ec086b02610b,590ebcf4-23d2-11e8-a6a3-ec086b02610b.jpg,34,deer,135,2013-08-21 21:01:41,7016a0a8-5567-11e8-9c40-dca9047ef277,2,3,2048,1494
59104bae-23d2-11e8-a6a3-ec086b02610b,59104bae-23d2-11e8-a6a3-ec086b02610b.jpg,34,deer,92,2013-11-06 06:54:24,7018b294-5567-11e8-8ac8-dca9047ef277,3,3,2048,1494
5911d65d-23d2-11e8-a6a3-ec086b02610b,5911d65d-23d2-11e8-a6a3-ec086b02610b.jpg,34,deer,77,2014-12-25 06:03:48,701daa75-5567-11e8-b0e1-dca9047ef277,3,3,2048,1494
5911d697-23d2-11e8-a6a3-ec086b02610b,5911d697-23d2-11e8-a6a3-ec086b02610b.jpg,34,deer,82,2014-12-05 17:15:00,701a6bf5-5567-11e8-9984-dca9047ef277,3,3,2048,1494
5911d7cf-23d2-11e8-a6a3-ec086b02610b,5911d7cf-23d2-11e8-a6a3-ec086b02610b.jpg,34,deer,102,2013-11-25 09:21:45,70109835-5567-11e8-8019-dca9047ef277,2,3,2048,1494
5911d821-23d2-11e8-a6a3-ec086b02610b,5911d821-23d2-11e8-a6a3-ec086b02610b.jpg,34,deer,134,2015-01-03 19:12:20,701085ee-5567-11e8-a9bf-dca9047ef277,2,3,2048,1494
591364ec-23d2-11e8-a6a3-ec086b02610b,591364ec-23d2-11e8-a6a3-ec086b02610b.jpg,34,deer,106,2014-05-01 22:06:07,6f74d9f0-5567-11e8-836f-dca9047ef277,1,1,2048,1494
591366da-23d2-11e8-a6a3-ec086b02610b,591366da-23d2-11e8-a6a3-ec086b02610b.jpg,34,deer,102,2014-04-23 15:37:21,7010a663-5567-11e8-8592-dca9047ef277,4,5,2048,1494
59136740-23d2-11e8-a6a3-ec086b02610b,59136740-23d2-11e8-a6a3-ec086b02610b.jpg,34,deer,114,2013-09-28 02:07:14,6ff2c7f3-5567-11e8-913c-dca9047ef277,1,1,2048,1494
591367dd-23d2-11e8-a6a3-ec086b02610b,591367dd-23d2-11e8-a6a3-ec086b02610b.jpg,34,deer,76,2014-07-20 22:05:07,6f627059-5567-11e8-a997-dca9047ef277,1,1,2048,1494
5913680e-23d2-11e8-a6a3-ec086b02610b,5913680e-23d2-11e8-a6a3-ec086b02610b.jpg,34,deer,121,2013-08-07 10:36:34,7018356e-5567-11e8-a6e5-dca9047ef277,1,3,2048,1494
5914f074-23d2-11e8-a6a3-ec086b02610b,5914f074-23d2-11e8-a6a3-ec086b02610b.jpg,34,deer,96,2013-10-17 17:29:14,6f90eb35-5567-11e8-9b18-dca9047ef277,1,1,2048,1494
5914f0ac-23d2-11e8-a6a3-ec086b02610b,5914f0ac-23d2-11e8-a6a3-ec086b02610b.jpg,34,deer,131,2014-09-23 11:56:49,701d34f5-5567-11e8-a35a-dca9047ef277,3,3,2048,1494
5914f125-23d2-11e8-a6a3-ec086b02610b,5914f125-23d2-11e8-a6a3-ec086b02610b.jpg,34,deer,82,2014-12-05 17:19:13,701a6ff0-5567-11e8-87fe-dca9047ef277,1,3,2048,1494
591679b9-23d2-11e8-a6a3-ec086b02610b,591679b9-23d2-11e8-a6a3-ec086b02610b.jpg,34,deer,101,2014-10-23 06:26:51,701c35f5-5567-11e8-b900-dca9047ef277,1,3,2048,1494
59167a89-23d2-11e8-a6a3-ec086b02610b,59167a89-23d2-11e8-a6a3-ec086b02610b.jpg,34,deer,120,2012-11-26 00:52:21,700fe45c-5567-11e8-a171-dca9047ef277,1,1,2560,1920
59180a7d-23d2-11e8-a6a3-ec086b02610b,59180a7d-23d2-11e8-a6a3-ec086b02610b.jpg,34,deer,122,2014-10-17 18:11:22,70186ee3-5567-11e8-892a-dca9047ef277,1,3,2048,1494
59199641-23d2-11e8-a6a3-ec086b02610b,59199641-23d2-11e8-a6a3-ec086b02610b.jpg,34,deer,82,2014-12-05 17:06:28,701a629c-5567-11e8-abdd-dca9047ef277,1,3,2048,1494
5919972e-23d2-11e8-a6a3-ec086b02610b,5919972e-23d2-11e8-a6a3-ec086b02610b.jpg,34,deer,109,2015-01-26 17:42:51,70156f82-5567-11e8-84bb-dca9047ef277,2,3,2048,1494
591998e1-23d2-11e8-a6a3-ec086b02610b,591998e1-23d2-11e8-a6a3-ec086b02610b.jpg,34,deer,106,2014-04-08 22:19:00,6f71cce1-5567-11e8-93df-dca9047ef277,1,1,2048,1494
591998e4-23d2-11e8-a6a3-ec086b02610b,591998e4-23d2-11e8-a6a3-ec086b02610b.jpg,34,deer,76,2014-07-16 19:52:01,6f624307-5567-11e8-ab7d-dca9047ef277,1,1,2048,1494
591b22f7-23d2-11e8-a6a3-ec086b02610b,591b22f7-23d2-11e8-a6a3-ec086b02610b.jpg,34,deer,134,2015-06-03 12:06:55,701095ca-5567-11e8-881e-dca9047ef277,3,3,2048,1494
591b25af-23d2-11e8-a6a3-ec086b02610b,591b25af-23d2-11e8-a6a3-ec086b02610b.jpg,34,deer,117,2014-03-16 17:33:16,701ba73a-5567-11e8-8c03-dca9047ef277,2,3,2048,1494
591cb18b-23d2-11e8-a6a3-ec086b02610b,591cb18b-23d2-11e8-a6a3-ec086b02610b.jpg,34,deer,96,2013-10-17 01:03:32,6f90d307-5567-11e8-8a9b-dca9047ef277,1,1,2048,1494
591cb192-23d2-11e8-a6a3-ec086b02610b,591cb192-23d2-11e8-a6a3-ec086b02610b.jpg,34,deer,134,2015-06-03 12:06:59,7010961c-5567-11e8-b447-dca9047ef277,2,3,2048,1494
591cb3d6-23d2-11e8-a6a3-ec086b02610b,591cb3d6-23d2-11e8-a6a3-ec086b02610b.jpg,34,deer,135,2013-08-31 15:38:09,7016a275-5567-11e8-a81a-dca9047ef277,1,3,2048,1494
591e3fb0-23d2-11e8-a6a3-ec086b02610b,591e3fb0-23d2-11e8-a6a3-ec086b02610b.jpg,34,deer,122,2014-10-17 18:11:20,70186e9c-5567-11e8-b292-dca9047ef277,3,3,2048,1494
591e410a-23d2-11e8-a6a3-ec086b02610b,591e410a-23d2-11e8-a6a3-ec086b02610b.jpg,34,deer,84,2014-05-09 22:26:31,701793de-5567-11e8-976e-dca9047ef277,1,3,2048,1494
591e4172-23d2-11e8-a6a3-ec086b02610b,591e4172-23d2-11e8-a6a3-ec086b02610b.jpg,34,deer,121,2013-08-07 10:39:05,701837d9-5567-11e8-95c3-dca9047ef277,1,3,2048,1494
591e4189-23d2-11e8-a6a3-ec086b02610b,591e4189-23d2-11e8-a6a3-ec086b02610b.jpg,34,deer,82,2014-12-05 17:19:08,701a6f45-5567-11e8-9f38-dca9047ef277,3,3,2048,1494
591e4241-23d2-11e8-a6a3-ec086b02610b,591e4241-23d2-11e8-a6a3-ec086b02610b.jpg,34,deer,128,2013-11-13 18:37:59,701a9480-5567-11e8-b99f-dca9047ef277,1,3,2048,1494
591fd283-23d2-11e8-a6a3-ec086b02610b,591fd283-23d2-11e8-a6a3-ec086b02610b.jpg,34,deer,120,2012-03-07 21:48:00,700f5123-5567-11e8-bc32-dca9047ef277,1,1,2048,1536
591fd2cb-23d2-11e8-a6a3-ec086b02610b,591fd2cb-23d2-11e8-a6a3-ec086b02610b.jpg,34,deer,117,2013-12-28 08:39:56,701ba1eb-5567-11e8-a5ad-dca9047ef277,3,3,2048,1494
591fd33e-23d2-11e8-a6a3-ec086b02610b,591fd33e-23d2-11e8-a6a3-ec086b02610b.jpg,34,deer,82,2014-12-05 17:07:45,701a63a1-5567-11e8-a4bd-dca9047ef277,2,3,2048,1494
591fd3e9-23d2-11e8-a6a3-ec086b02610b,591fd3e9-23d2-11e8-a6a3-ec086b02610b.jpg,34,deer,84,2014-04-26 12:45:41,701784f3-5567-11e8-a2eb-dca9047ef277,3,3,2048,1494
591fd448-23d2-11e8-a6a3-ec086b02610b,591fd448-23d2-11e8-a6a3-ec086b02610b.jpg,34,deer,128,2014-10-04 17:03:45,701aa678-5567-11e8-9ba5-dca9047ef277,2,3,2048,1494
592163af-23d2-11e8-a6a3-ec086b02610b,592163af-23d2-11e8-a6a3-ec086b02610b.jpg,34,deer,114,2014-06-07 11:20:50,7002ed26-5567-11e8-83e8-dca9047ef277,1,1,2048,1494
59216516-23d2-11e8-a6a3-ec086b02610b,59216516-23d2-11e8-a6a3-ec086b02610b.jpg,34,deer,101,2014-10-11 07:24:22,701c32fd-5567-11e8-b11b-dca9047ef277,2,3,2048,1494
59247bdd-23d2-11e8-a6a3-ec086b02610b,59247bdd-23d2-11e8-a6a3-ec086b02610b.jpg,34,deer,82,2014-12-05 17:06:10,701a61f3-5567-11e8-affc-dca9047ef277,2,3,2048,1494
59260dfe-23d2-11e8-a6a3-ec086b02610b,59260dfe-23d2-11e8-a6a3-ec086b02610b.jpg,34,deer,102,2014-08-25 19:18:39,7010b83d-5567-11e8-b704-dca9047ef277,3,3,2048,1494
59279bd3-23d2-11e8-a6a3-ec086b02610b,59279bd3-23d2-11e8-a6a3-ec086b02610b.jpg,34,deer,82,2014-12-05 17:04:51,701a5fba-5567-11e8-b4b4-dca9047ef277,3,3,2048,1494
59279c83-23d2-11e8-a6a3-ec086b02610b,59279c83-23d2-11e8-a6a3-ec086b02610b.jpg,34,deer,122,2013-10-13 22:52:53,70186bba-5567-11e8-8a34-dca9047ef277,1,3,2048,1494
59279cd5-23d2-11e8-a6a3-ec086b02610b,59279cd5-23d2-11e8-a6a3-ec086b02610b.jpg,34,deer,102,2014-04-30 03:46:32,7010ae47-5567-11e8-b3ec-dca9047ef277,2,5,2048,1494
59279cfc-23d2-11e8-a6a3-ec086b02610b,59279cfc-23d2-11e8-a6a3-ec086b02610b.jpg,34,deer,109,2015-02-05 13:01:29,70157278-5567-11e8-9525-dca9047ef277,3,3,2048,1494
59279da0-23d2-11e8-a6a3-ec086b02610b,59279da0-23d2-11e8-a6a3-ec086b02610b.jpg,34,deer,122,2014-07-28 06:54:04,70186dc2-5567-11e8-90d0-dca9047ef277,3,3,2048,1494
59279de8-23d2-11e8-a6a3-ec086b02610b,59279de8-23d2-11e8-a6a3-ec086b02610b.jpg,34,deer,114,2014-02-03 04:31:31,6ffc6207-5567-11e8-bb49-dca9047ef277,1,1,2048,1494
59292d4f-23d2-11e8-a6a3-ec086b02610b,59292d4f-23d2-11e8-a6a3-ec086b02610b.jpg,34,deer,131,2014-09-23 10:16:38,701d33fd-5567-11e8-ad1d-dca9047ef277,1,3,2048,1494
59292fa1-23d2-11e8-a6a3-ec086b02610b,59292fa1-23d2-11e8-a6a3-ec086b02610b.jpg,34,deer,135,2013-08-21 21:00:39,70169e3d-5567-11e8-9894-dca9047ef277,1,3,2048,1494
592abdf4-23d2-11e8-a6a3-ec086b02610b,592abdf4-23d2-11e8-a6a3-ec086b02610b.jpg,34,deer,106,2014-03-03 09:10:26,6f6f614f-5567-11e8-96dc-dca9047ef277,1,1,2048,1494
592abea9-23d2-11e8-a6a3-ec086b02610b,592abea9-23d2-11e8-a6a3-ec086b02610b.jpg,34,deer,131,2014-10-05 10:21:17,701d39cf-5567-11e8-8a90-dca9047ef277,2,3,2048,1494
592abed7-23d2-11e8-a6a3-ec086b02610b,592abed7-23d2-11e8-a6a3-ec086b02610b.jpg,34,deer,134,2013-08-20 19:32:51,701060f8-5567-11e8-8ac2-dca9047ef277,2,3,2048,1494
592abf0c-23d2-11e8-a6a3-ec086b02610b,592abf0c-23d2-11e8-a6a3-ec086b02610b.jpg,34,deer,114,2013-10-08 01:19:50,6ff39b26-5567-11e8-ace3-dca9047ef277,1,1,2048,1494
592abf61-23d2-11e8-a6a3-ec086b02610b,592abf61-23d2-11e8-a6a3-ec086b02610b.jpg,34,deer,134,2015-01-03 20:30:19,70108b17-5567-11e8-830d-dca9047ef277,1,3,2048,1494
592abfb2-23d2-11e8-a6a3-ec086b02610b,592abfb2-23d2-11e8-a6a3-ec086b02610b.jpg,34,deer,76,2014-05-26 21:45:45,6f5f51ca-5567-11e8-8c8a-dca9047ef277,1,1,2048,1494
592ac079-23d2-11e8-a6a3-ec086b02610b,592ac079-23d2-11e8-a6a3-ec086b02610b.jpg,34,deer,104,2014-09-29 01:15:58,701d15de-5567-11e8-b8c7-dca9047ef277,3,3,2048,1494
592c4c5d-23d2-11e8-a6a3-ec086b02610b,592c4c5d-23d2-11e8-a6a3-ec086b02610b.jpg,34,deer,99,2013-08-13 08:51:58,7014764a-5567-11e8-b5ed-dca9047ef277,2,3,2048,1494
592c4ce8-23d2-11e8-a6a3-ec086b02610b,592c4ce8-23d2-11e8-a6a3-ec086b02610b.jpg,34,deer,114,2014-08-20 04:48:01,7005f611-5567-11e8-97b1-dca9047ef277,1,1,2048,1494
592c4e52-23d2-11e8-a6a3-ec086b02610b,592c4e52-23d2-11e8-a6a3-ec086b02610b.jpg,34,deer,102,2013-12-19 14:10:09,70109b57-5567-11e8-aab5-dca9047ef277,3,3,2048,1494
592c4f23-23d2-11e8-a6a3-ec086b02610b,592c4f23-23d2-11e8-a6a3-ec086b02610b.jpg,34,deer,117,2014-03-20 07:15:16,701ba92e-5567-11e8-810e-dca9047ef277,2,3,2048,1494
592c4f66-23d2-11e8-a6a3-ec086b02610b,592c4f66-23d2-11e8-a6a3-ec086b02610b.jpg,34,deer,106,2014-06-17 09:05:52,6f76f2c5-5567-11e8-a822-dca9047ef277,1,1,2048,1494
592de300-23d2-11e8-a6a3-ec086b02610b,592de300-23d2-11e8-a6a3-ec086b02610b.jpg,34,deer,117,2014-04-03 08:56:02,701bbb3a-5567-11e8-b09a-dca9047ef277,1,3,2048,1494
592de3a4-23d2-11e8-a6a3-ec086b02610b,592de3a4-23d2-11e8-a6a3-ec086b02610b.jpg,34,deer,106,2014-05-19 05:26:13,6f759a33-5567-11e8-acab-dca9047ef277,1,1,2048,1494
592de6a5-23d2-11e8-a6a3-ec086b02610b,592de6a5-23d2-11e8-a6a3-ec086b02610b.jpg,34,deer,135,2013-10-09 05:28:19,7016a533-5567-11e8-bdd5-dca9047ef277,3,3,2048,1494
592f7013-23d2-11e8-a6a3-ec086b02610b,592f7013-23d2-11e8-a6a3-ec086b02610b.jpg,34,deer,135,2013-08-31 15:38:15,7016a2c5-5567-11e8-9a33-dca9047ef277,1,3,2048,1494
592f717c-23d2-11e8-a6a3-ec086b02610b,592f717c-23d2-11e8-a6a3-ec086b02610b.jpg,34,deer,131,2014-09-23 10:03:41,701d306e-5567-11e8-ac39-dca9047ef277,2,3,2048,1494
592f71f9-23d2-11e8-a6a3-ec086b02610b,592f71f9-23d2-11e8-a6a3-ec086b02610b.jpg,34,deer,104,2014-09-29 01:15:32,701d14e3-5567-11e8-9469-dca9047ef277,2,3,2048,1494
592f72cc-23d2-11e8-a6a3-ec086b02610b,592f72cc-23d2-11e8-a6a3-ec086b02610b.jpg,34,deer,135,2013-11-11 03:44:55,7016af3d-5567-11e8-82b5-dca9047ef277,3,3,2048,1494
592f730b-23d2-11e8-a6a3-ec086b02610b,592f730b-23d2-11e8-a6a3-ec086b02610b.jpg,34,deer,76,2013-12-12 12:35:29,6f565fca-5567-11e8-819b-dca9047ef277,1,1,2048,1494
5930fe08-23d2-11e8-a6a3-ec086b02610b,5930fe08-23d2-11e8-a6a3-ec086b02610b.jpg,34,deer,84,2014-09-23 06:39:58,7017a2f0-5567-11e8-bd24-dca9047ef277,1,3,2048,1494
59310064-23d2-11e8-a6a3-ec086b02610b,59310064-23d2-11e8-a6a3-ec086b02610b.jpg,34,deer,120,2013-01-19 00:46:24,70100ccc-5567-11e8-9115-dca9047ef277,1,1,2560,1920
5934191b-23d2-11e8-a6a3-ec086b02610b,5934191b-23d2-11e8-a6a3-ec086b02610b.jpg,34,deer,120,2012-10-21 01:52:54,700fb4fd-5567-11e8-ac3d-dca9047ef277,1,1,2560,1920
5935a594-23d2-11e8-a6a3-ec086b02610b,5935a594-23d2-11e8-a6a3-ec086b02610b.jpg,34,deer,76,2013-12-25 04:47:15,6f57296e-5567-11e8-bb33-dca9047ef277,1,1,2048,1494
5935a774-23d2-11e8-a6a3-ec086b02610b,5935a774-23d2-11e8-a6a3-ec086b02610b.jpg,34,deer,114,2014-07-04 06:00:35,700427b8-5567-11e8-9920-dca9047ef277,1,1,2048,1494
5935a93a-23d2-11e8-a6a3-ec086b02610b,5935a93a-23d2-11e8-a6a3-ec086b02610b.jpg,34,deer,101,2014-10-11 07:24:24,701c3357-5567-11e8-8ab3-dca9047ef277,1,3,2048,1494
5938c08b-23d2-11e8-a6a3-ec086b02610b,5938c08b-23d2-11e8-a6a3-ec086b02610b.jpg,34,deer,117,2013-12-07 12:19:24,701b8c8a-5567-11e8-9075-dca9047ef277,1,3,2048,1494
5938c0e5-23d2-11e8-a6a3-ec086b02610b,5938c0e5-23d2-11e8-a6a3-ec086b02610b.jpg,34,deer,117,2013-12-08 15:03:33,701b9147-5567-11e8-8943-dca9047ef277,1,3,2048,1494
5938c16d-23d2-11e8-a6a3-ec086b02610b,5938c16d-23d2-11e8-a6a3-ec086b02610b.jpg,34,deer,96,2013-10-17 17:27:53,6f90e473-5567-11e8-a065-dca9047ef277,1,1,2048,1494
5938c373-23d2-11e8-a6a3-ec086b02610b,5938c373-23d2-11e8-a6a3-ec086b02610b.jpg,34,deer,121,2013-08-07 10:36:08,701833de-5567-11e8-bd66-dca9047ef277,3,3,2048,1494
593a4d7b-23d2-11e8-a6a3-ec086b02610b,593a4d7b-23d2-11e8-a6a3-ec086b02610b.jpg,34,deer,109,2014-12-22 13:55:02,70156c59-5567-11e8-9f71-dca9047ef277,1,3,2048,1494
593a4d8a-23d2-11e8-a6a3-ec086b02610b,593a4d8a-23d2-11e8-a6a3-ec086b02610b.jpg,34,deer,114,2013-09-28 02:06:15,6ff2c323-5567-11e8-9057-dca9047ef277,1,1,2048,1494
593a4e33-23d2-11e8-a6a3-ec086b02610b,593a4e33-23d2-11e8-a6a3-ec086b02610b.jpg,34,deer,135,2013-10-09 09:09:51,7016a726-5567-11e8-b307-dca9047ef277,2,3,2048,1494
593a4fe7-23d2-11e8-a6a3-ec086b02610b,593a4fe7-23d2-11e8-a6a3-ec086b02610b.jpg,34,deer,131,2014-09-23 10:16:17,701d335c-5567-11e8-89cd-dca9047ef277,1,3,2048,1494
593a4ffa-23d2-11e8-a6a3-ec086b02610b,593a4ffa-23d2-11e8-a6a3-ec086b02610b.jpg,34,deer,137,2014-08-11 02:48:46,701a1d47-5567-11e8-86ac-dca9047ef277,2,3,800,584
593a505c-23d2-11e8-a6a3-ec086b02610b,593a505c-23d2-11e8-a6a3-ec086b02610b.jpg,34,deer,132,2011-05-08 21:43:00,700cde3a-5567-11e8-ae17-dca9047ef277,1,1,2048,1536
593bdac9-23d2-11e8-a6a3-ec086b02610b,593bdac9-23d2-11e8-a6a3-ec086b02610b.jpg,34,deer,102,2014-04-23 15:36:31,7010a414-5567-11e8-b3a5-dca9047ef277,1,5,2048,1494
593bdb63-23d2-11e8-a6a3-ec086b02610b,593bdb63-23d2-11e8-a6a3-ec086b02610b.jpg,34,deer,114,2014-06-07 11:20:57,7002ee00-5567-11e8-aaa1-dca9047ef277,1,1,2048,1494
593bdc02-23d2-11e8-a6a3-ec086b02610b,593bdc02-23d2-11e8-a6a3-ec086b02610b.jpg,34,deer,134,2015-01-03 19:04:09,70107a68-5567-11e8-a688-dca9047ef277,3,3,2048,1494
593bdcb1-23d2-11e8-a6a3-ec086b02610b,593bdcb1-23d2-11e8-a6a3-ec086b02610b.jpg,34,deer,84,2014-04-25 03:52:43,70177d40-5567-11e8-b230-dca9047ef277,1,3,2048,1494
593d67e4-23d2-11e8-a6a3-ec086b02610b,593d67e4-23d2-11e8-a6a3-ec086b02610b.jpg,34,deer,122,2014-07-28 06:53:54,70186d35-5567-11e8-ae7b-dca9047ef277,2,3,2048,1494
593ef79c-23d2-11e8-a6a3-ec086b02610b,593ef79c-23d2-11e8-a6a3-ec086b02610b.jpg,34,deer,131,2014-09-23 10:12:32,701d31c0-5567-11e8-ac12-dca9047ef277,1,3,2048,1494
594081de-23d2-11e8-a6a3-ec086b02610b,594081de-23d2-11e8-a6a3-ec086b02610b.jpg,34,deer,76,2014-05-12 04:12:06,6f5e5680-5567-11e8-8d1c-dca9047ef277,1,1,2048,1494
594081ec-23d2-11e8-a6a3-ec086b02610b,594081ec-23d2-11e8-a6a3-ec086b02610b.jpg,34,deer,131,2014-09-23 10:16:23,701d33ab-5567-11e8-9d30-dca9047ef277,3,3,2048,1494
594083a2-23d2-11e8-a6a3-ec086b02610b,594083a2-23d2-11e8-a6a3-ec086b02610b.jpg,34,deer,114,2014-06-07 11:19:28,7002e8c5-5567-11e8-95b7-dca9047ef277,1,1,2048,1494
59408447-23d2-11e8-a6a3-ec086b02610b,59408447-23d2-11e8-a6a3-ec086b02610b.jpg,34,deer,106,2014-06-17 09:04:48,6f76eb14-5567-11e8-9159-dca9047ef277,1,1,2048,1494
59420e79-23d2-11e8-a6a3-ec086b02610b,59420e79-23d2-11e8-a6a3-ec086b02610b.jpg,34,deer,134,2015-01-12 18:22:04,70108e8f-5567-11e8-9c88-dca9047ef277,1,3,2048,1494
5942117c-23d2-11e8-a6a3-ec086b02610b,5942117c-23d2-11e8-a6a3-ec086b02610b.jpg,34,deer,121,2013-09-12 20:19:27,70183954-5567-11e8-90d9-dca9047ef277,2,3,2048,1494
59439c6e-23d2-11e8-a6a3-ec086b02610b,59439c6e-23d2-11e8-a6a3-ec086b02610b.jpg,34,deer,84,2014-04-26 19:52:29,701787f3-5567-11e8-9689-dca9047ef277,2,3,2048,1494
59439cac-23d2-11e8-a6a3-ec086b02610b,59439cac-23d2-11e8-a6a3-ec086b02610b.jpg,34,deer,120,2011-11-02 01:22:00,700df307-5567-11e8-a5b9-dca9047ef277,1,1,2048,1536
59439e71-23d2-11e8-a6a3-ec086b02610b,59439e71-23d2-11e8-a6a3-ec086b02610b.jpg,34,deer,120,2012-03-23 01:47:00,700f70d1-5567-11e8-9f8d-dca9047ef277,1,1,2048,1536
59439fb3-23d2-11e8-a6a3-ec086b02610b,59439fb3-23d2-11e8-a6a3-ec086b02610b.jpg,34,deer,97,2014-09-06 21:23:46,701b2acf-5567-11e8-8288-dca9047ef277,2,3,2048,1494
59452c05-23d2-11e8-a6a3-ec086b02610b,59452c05-23d2-11e8-a6a3-ec086b02610b.jpg,34,deer,135,2013-10-09 09:09:02,7016a582-5567-11e8-8c89-dca9047ef277,2,3,2048,1494
59452d08-23d2-11e8-a6a3-ec086b02610b,59452d08-23d2-11e8-a6a3-ec086b02610b.jpg,34,deer,102,2014-04-28 17:43:52,7010acfd-5567-11e8-bb02-dca9047ef277,3,5,2048,1494
59452d30-23d2-11e8-a6a3-ec086b02610b,59452d30-23d2-11e8-a6a3-ec086b02610b.jpg,34,deer,106,2014-02-13 18:42:02,6f6e79d4-5567-11e8-933b-dca9047ef277,1,1,2048,1494
59452e5f-23d2-11e8-a6a3-ec086b02610b,59452e5f-23d2-11e8-a6a3-ec086b02610b.jpg,34,deer,109,2014-12-22 13:50:46,70156a28-5567-11e8-a535-dca9047ef277,3,3,2048,1494
5946b7e3-23d2-11e8-a6a3-ec086b02610b,5946b7e3-23d2-11e8-a6a3-ec086b02610b.jpg,34,deer,120,2011-07-14 06:15:00,700d9275-5567-11e8-9223-dca9047ef277,1,1,2048,1536
5946b880-23d2-11e8-a6a3-ec086b02610b,5946b880-23d2-11e8-a6a3-ec086b02610b.jpg,34,deer,102,2014-04-30 22:46:01,7010af91-5567-11e8-ba9a-dca9047ef277,1,5,2048,1494
5946b8a9-23d2-11e8-a6a3-ec086b02610b,5946b8a9-23d2-11e8-a6a3-ec086b02610b.jpg,34,deer,82,2014-12-05 17:11:17,701a6654-5567-11e8-adb0-dca9047ef277,1,3,2048,1494
5946b988-23d2-11e8-a6a3-ec086b02610b,5946b988-23d2-11e8-a6a3-ec086b02610b.jpg,34,deer,114,2014-05-30 10:20:07,70024345-5567-11e8-84a9-dca9047ef277,1,1,2048,1494
5946b996-23d2-11e8-a6a3-ec086b02610b,5946b996-23d2-11e8-a6a3-ec086b02610b.jpg,34,deer,82,2014-12-05 17:15:55,701a6c9e-5567-11e8-bc98-dca9047ef277,3,3,2048,1494
5946ba04-23d2-11e8-a6a3-ec086b02610b,5946ba04-23d2-11e8-a6a3-ec086b02610b.jpg,34,deer,134,2015-01-09 17:33:55,70108c5e-5567-11e8-afe0-dca9047ef277,2,3,2048,1494
5949cf9b-23d2-11e8-a6a3-ec086b02610b,5949cf9b-23d2-11e8-a6a3-ec086b02610b.jpg,34,deer,120,2012-03-24 05:38:00,700f7475-5567-11e8-b434-dca9047ef277,1,1,2048,1536
5949d067-23d2-11e8-a6a3-ec086b02610b,5949d067-23d2-11e8-a6a3-ec086b02610b.jpg,34,deer,117,2013-12-06 20:24:03,701b87bd-5567-11e8-838e-dca9047ef277,3,3,2048,1494
5949d138-23d2-11e8-a6a3-ec086b02610b,5949d138-23d2-11e8-a6a3-ec086b02610b.jpg,34,deer,66,2012-11-29 16:12:00,700a37fa-5567-11e8-b44a-dca9047ef277,1,1,2048,1536
594b5cc8-23d2-11e8-a6a3-ec086b02610b,594b5cc8-23d2-11e8-a6a3-ec086b02610b.jpg,34,deer,67,2015-03-11 05:33:07,701cb8b3-5567-11e8-b471-dca9047ef277,2,3,2048,1494
594b5dcf-23d2-11e8-a6a3-ec086b02610b,594b5dcf-23d2-11e8-a6a3-ec086b02610b.jpg,34,deer,67,2015-03-11 05:33:49,701cbb8f-5567-11e8-a179-dca9047ef277,2,3,2048,1494
594b5fe4-23d2-11e8-a6a3-ec086b02610b,594b5fe4-23d2-11e8-a6a3-ec086b02610b.jpg,34,deer,70,2014-07-01 03:53:21,6fd9bc4c-5567-11e8-a632-dca9047ef277,1,1,2048,1494
594b6021-23d2-11e8-a6a3-ec086b02610b,594b6021-23d2-11e8-a6a3-ec086b02610b.jpg,34,deer,72,2014-09-03 20:45:37,701474b0-5567-11e8-a09d-dca9047ef277,1,3,2048,1494
594cea5a-23d2-11e8-a6a3-ec086b02610b,594cea5a-23d2-11e8-a6a3-ec086b02610b.jpg,34,deer,66,2011-09-27 08:48:00,700a0911-5567-11e8-b7fd-dca9047ef277,1,1,2048,1536
594ceaee-23d2-11e8-a6a3-ec086b02610b,594ceaee-23d2-11e8-a6a3-ec086b02610b.jpg,34,deer,66,2012-04-04 18:25:00,700a268f-5567-11e8-b4fb-dca9047ef277,1,1,2048,1536
594ceaf2-23d2-11e8-a6a3-ec086b02610b,594ceaf2-23d2-11e8-a6a3-ec086b02610b.jpg,34,deer,66,2012-01-31 22:29:00,700a1e7a-5567-11e8-aa79-dca9047ef277,1,1,2048,1536
594cecda-23d2-11e8-a6a3-ec086b02610b,594cecda-23d2-11e8-a6a3-ec086b02610b.jpg,34,deer,70,2014-07-18 11:19:36,6fda6c70-5567-11e8-bd6a-dca9047ef277,1,1,2048,1494
594ced0e-23d2-11e8-a6a3-ec086b02610b,594ced0e-23d2-11e8-a6a3-ec086b02610b.jpg,34,deer,67,2015-03-11 05:33:31,701cba42-5567-11e8-a72e-dca9047ef277,3,3,2048,1494
594e7765-23d2-11e8-a6a3-ec086b02610b,594e7765-23d2-11e8-a6a3-ec086b02610b.jpg,34,deer,67,2014-05-10 03:32:03,701c6b51-5567-11e8-949a-dca9047ef277,1,3,2048,1494
594e791b-23d2-11e8-a6a3-ec086b02610b,594e791b-23d2-11e8-a6a3-ec086b02610b.jpg,34,deer,66,2011-08-29 20:46:00,700a06d9-5567-11e8-a9f0-dca9047ef277,1,1,2048,1536
595002d4-23d2-11e8-a6a3-ec086b02610b,595002d4-23d2-11e8-a6a3-ec086b02610b.jpg,34,deer,66,2012-08-29 11:36:00,700a3054-5567-11e8-be35-dca9047ef277,1,1,2048,1536
595002e1-23d2-11e8-a6a3-ec086b02610b,595002e1-23d2-11e8-a6a3-ec086b02610b.jpg,34,deer,70,2014-05-24 07:12:52,6fd805ab-5567-11e8-bcb0-dca9047ef277,1,1,2048,1494
595004fa-23d2-11e8-a6a3-ec086b02610b,595004fa-23d2-11e8-a6a3-ec086b02610b.jpg,34,deer,66,2012-08-23 20:07:00,700a2eb0-5567-11e8-ae39-dca9047ef277,1,1,2048,1536
595005b8-23d2-11e8-a6a3-ec086b02610b,595005b8-23d2-11e8-a6a3-ec086b02610b.jpg,34,deer,66,2012-12-05 20:36:00,700a3959-5567-11e8-824d-dca9047ef277,1,1,2048,1536
595005f3-23d2-11e8-a6a3-ec086b02610b,595005f3-23d2-11e8-a6a3-ec086b02610b.jpg,34,deer,66,2012-08-17 23:52:00,700a2dde-5567-11e8-b4c0-dca9047ef277,1,1,2048,1536
5951902f-23d2-11e8-a6a3-ec086b02610b,5951902f-23d2-11e8-a6a3-ec086b02610b.jpg,34,deer,70,2014-05-18 02:08:16,6fd78f3a-5567-11e8-b387-dca9047ef277,1,1,2048,1494
5951908e-23d2-11e8-a6a3-ec086b02610b,5951908e-23d2-11e8-a6a3-ec086b02610b.jpg,34,deer,67,2015-03-11 05:33:34,701cba94-5567-11e8-ac5a-dca9047ef277,2,3,2048,1494
59531b07-23d2-11e8-a6a3-ec086b02610b,59531b07-23d2-11e8-a6a3-ec086b02610b.jpg,34,deer,70,2014-02-18 09:59:52,6fd39cd7-5567-11e8-bdc9-dca9047ef277,1,1,2048,1494
59531c35-23d2-11e8-a6a3-ec086b02610b,59531c35-23d2-11e8-a6a3-ec086b02610b.jpg,34,deer,66,2012-12-06 19:33:00,700a3a35-5567-11e8-9161-dca9047ef277,1,1,2048,1536
59531d75-23d2-11e8-a6a3-ec086b02610b,59531d75-23d2-11e8-a6a3-ec086b02610b.jpg,34,deer,66,2011-10-12 05:11:00,700a0cc7-5567-11e8-8acb-dca9047ef277,1,1,2048,1536
59531e19-23d2-11e8-a6a3-ec086b02610b,59531e19-23d2-11e8-a6a3-ec086b02610b.jpg,34,deer,66,2012-11-10 02:40:00,700a35b8-5567-11e8-bf13-dca9047ef277,1,1,2048,1536
5954abb1-23d2-11e8-a6a3-ec086b02610b,5954abb1-23d2-11e8-a6a3-ec086b02610b.jpg,34,deer,67,2015-03-11 05:33:47,701cbb3d-5567-11e8-9ffb-dca9047ef277,3,3,2048,1494
595634d2-23d2-11e8-a6a3-ec086b02610b,595634d2-23d2-11e8-a6a3-ec086b02610b.jpg,34,deer,70,2014-07-11 22:33:28,6fda2d8a-5567-11e8-916b-dca9047ef277,1,1,2048,1494
5956352e-23d2-11e8-a6a3-ec086b02610b,5956352e-23d2-11e8-a6a3-ec086b02610b.jpg,34,deer,70,2014-03-13 08:24:07,6fd48f3a-5567-11e8-af31-dca9047ef277,1,1,2048,1494
59563650-23d2-11e8-a6a3-ec086b02610b,59563650-23d2-11e8-a6a3-ec086b02610b.jpg,34,deer,70,2014-07-17 07:41:01,6fda60e1-5567-11e8-9e95-dca9047ef277,1,1,2048,1494
59563672-23d2-11e8-a6a3-ec086b02610b,59563672-23d2-11e8-a6a3-ec086b02610b.jpg,34,deer,66,2012-03-29 09:25:00,700a2578-5567-11e8-b751-dca9047ef277,1,1,2048,1536
595636b8-23d2-11e8-a6a3-ec086b02610b,595636b8-23d2-11e8-a6a3-ec086b02610b.jpg,34,deer,70,2014-08-10 07:06:16,6fdb3023-5567-11e8-8553-dca9047ef277,1,1,2048,1494
595636e1-23d2-11e8-a6a3-ec086b02610b,595636e1-23d2-11e8-a6a3-ec086b02610b.jpg,34,deer,70,2014-03-05 09:16:23,6fd4255c-5567-11e8-978f-dca9047ef277,1,1,2048,1494
5956381c-23d2-11e8-a6a3-ec086b02610b,5956381c-23d2-11e8-a6a3-ec086b02610b.jpg,34,deer,67,2014-05-10 03:31:45,701c6b02-5567-11e8-b424-dca9047ef277,3,3,2048,1494
59563863-23d2-11e8-a6a3-ec086b02610b,59563863-23d2-11e8-a6a3-ec086b02610b.jpg,34,deer,66,2011-10-08 10:42:00,700a0b4c-5567-11e8-ae1b-dca9047ef277,1,1,2048,1536
5957c1a0-23d2-11e8-a6a3-ec086b02610b,5957c1a0-23d2-11e8-a6a3-ec086b02610b.jpg,34,deer,70,2014-02-11 04:19:57,6fd34f59-5567-11e8-8b26-dca9047ef277,1,1,2048,1494
5957c1d1-23d2-11e8-a6a3-ec086b02610b,5957c1d1-23d2-11e8-a6a3-ec086b02610b.jpg,34,deer,67,2015-03-11 05:33:24,701cb9a3-5567-11e8-a5f6-dca9047ef277,2,3,2048,1494
5957c23f-23d2-11e8-a6a3-ec086b02610b,5957c23f-23d2-11e8-a6a3-ec086b02610b.jpg,34,deer,66,2011-10-11 15:47:00,700a0c82-5567-11e8-abce-dca9047ef277,1,1,2048,1536
5957c25f-23d2-11e8-a6a3-ec086b02610b,5957c25f-23d2-11e8-a6a3-ec086b02610b.jpg,34,deer,70,2014-03-07 09:29:09,6fd439eb-5567-11e8-a07e-dca9047ef277,1,1,2048,1494
5957c297-23d2-11e8-a6a3-ec086b02610b,5957c297-23d2-11e8-a6a3-ec086b02610b.jpg,34,deer,70,2014-01-24 09:22:37,6fd28a1e-5567-11e8-bf60-dca9047ef277,1,1,2048,1494
5957c298-23d2-11e8-a6a3-ec086b02610b,5957c298-23d2-11e8-a6a3-ec086b02610b.jpg,34,deer,70,2014-06-11 09:28:35,6fd8ca45-5567-11e8-92bb-dca9047ef277,1,1,2048,1494
5957c29b-23d2-11e8-a6a3-ec086b02610b,5957c29b-23d2-11e8-a6a3-ec086b02610b.jpg,34,deer,70,2013-10-24 02:36:17,6fce523a-5567-11e8-9ed1-dca9047ef277,1,1,2048,1494
59594eae-23d2-11e8-a6a3-ec086b02610b,59594eae-23d2-11e8-a6a3-ec086b02610b.jpg,34,deer,70,2014-02-16 10:02:28,6fd38ae1-5567-11e8-b801-dca9047ef277,1,1,2048,1494
59595052-23d2-11e8-a6a3-ec086b02610b,59595052-23d2-11e8-a6a3-ec086b02610b.jpg,34,deer,70,2014-03-13 08:24:06,6fd48ef5-5567-11e8-bb8b-dca9047ef277,1,1,2048,1494
59595079-23d2-11e8-a6a3-ec086b02610b,59595079-23d2-11e8-a6a3-ec086b02610b.jpg,34,deer,70,2014-03-13 08:23:22,6fd48d28-5567-11e8-9886-dca9047ef277,1,1,2048,1494
59595087-23d2-11e8-a6a3-ec086b02610b,59595087-23d2-11e8-a6a3-ec086b02610b.jpg,34,deer,66,2011-09-22 18:44:00,700a07f0-5567-11e8-b026-dca9047ef277,1,1,2048,1536
5959512d-23d2-11e8-a6a3-ec086b02610b,5959512d-23d2-11e8-a6a3-ec086b02610b.jpg,34,deer,70,2014-04-06 08:28:50,6fd5b428-5567-11e8-9a01-dca9047ef277,1,1,2048,1494
595adb1a-23d2-11e8-a6a3-ec086b02610b,595adb1a-23d2-11e8-a6a3-ec086b02610b.jpg,34,deer,70,2014-06-07 02:12:52,6fd88e1e-5567-11e8-81cc-dca9047ef277,1,1,2048,1494
595c672a-23d2-11e8-a6a3-ec086b02610b,595c672a-23d2-11e8-a6a3-ec086b02610b.jpg,34,deer,66,2011-10-11 13:05:00,700a0c3a-5567-11e8-81a5-dca9047ef277,1,1,2048,1536
595c67c8-23d2-11e8-a6a3-ec086b02610b,595c67c8-23d2-11e8-a6a3-ec086b02610b.jpg,34,deer,66,2012-12-06 05:48:00,700a399e-5567-11e8-beac-dca9047ef277,1,1,2048,1536
595c67d7-23d2-11e8-a6a3-ec086b02610b,595c67d7-23d2-11e8-a6a3-ec086b02610b.jpg,34,deer,67,2015-03-11 05:33:18,701cb905-5567-11e8-ae1b-dca9047ef277,1,3,2048,1494
595c6926-23d2-11e8-a6a3-ec086b02610b,595c6926-23d2-11e8-a6a3-ec086b02610b.jpg,34,deer,70,2014-03-28 09:08:45,6fd55a4f-5567-11e8-ab1e-dca9047ef277,1,1,2048,1494
595c697f-23d2-11e8-a6a3-ec086b02610b,595c697f-23d2-11e8-a6a3-ec086b02610b.jpg,34,deer,66,2012-11-11 19:45:00,700a3607-5567-11e8-89b0-dca9047ef277,1,1,2048,1536
595c6a16-23d2-11e8-a6a3-ec086b02610b,595c6a16-23d2-11e8-a6a3-ec086b02610b.jpg,34,deer,66,2012-10-13 17:53:00,700a33eb-5567-11e8-b345-dca9047ef277,1,1,2048,1536
595c6b02-23d2-11e8-a6a3-ec086b02610b,595c6b02-23d2-11e8-a6a3-ec086b02610b.jpg,34,deer,67,2015-03-11 05:33:38,701cbaee-5567-11e8-9480-dca9047ef277,2,3,2048,1494
595ded51-23d2-11e8-a6a3-ec086b02610b,595ded51-23d2-11e8-a6a3-ec086b02610b.jpg,34,deer,70,2014-08-19 22:53:29,6fdb9e0f-5567-11e8-8795-dca9047ef277,1,1,2048,1494
595ded53-23d2-11e8-a6a3-ec086b02610b,595ded53-23d2-11e8-a6a3-ec086b02610b.jpg,34,deer,66,2012-08-27 04:54:00,700a2fc7-5567-11e8-bd26-dca9047ef277,1,1,2048,1536
595dedd6-23d2-11e8-a6a3-ec086b02610b,595dedd6-23d2-11e8-a6a3-ec086b02610b.jpg,34,deer,66,2012-08-03 20:53:00,700a2d51-5567-11e8-8443-dca9047ef277,1,1,2048,1536
595defd4-23d2-11e8-a6a3-ec086b02610b,595defd4-23d2-11e8-a6a3-ec086b02610b.jpg,34,deer,66,2011-06-15 19:00:00,7009fd00-5567-11e8-b7c7-dca9047ef277,1,1,2048,1536
59610755-23d2-11e8-a6a3-ec086b02610b,59610755-23d2-11e8-a6a3-ec086b02610b.jpg,34,deer,67,2015-03-11 05:33:28,701cb9f5-5567-11e8-863b-dca9047ef277,2,3,2048,1494
5961083b-23d2-11e8-a6a3-ec086b02610b,5961083b-23d2-11e8-a6a3-ec086b02610b.jpg,34,deer,70,2014-04-30 08:39:26,6fd6ba2e-5567-11e8-90b6-dca9047ef277,1,1,2048,1494
59610992-23d2-11e8-a6a3-ec086b02610b,59610992-23d2-11e8-a6a3-ec086b02610b.jpg,34,deer,67,2015-03-11 05:33:19,701cb951-5567-11e8-a8b3-dca9047ef277,3,3,2048,1494
596109cd-23d2-11e8-a6a3-ec086b02610b,596109cd-23d2-11e8-a6a3-ec086b02610b.jpg,34,deer,70,2014-01-04 04:35:36,6fd1620f-5567-11e8-b258-dca9047ef277,1,1,2048,1494
59629363-23d2-11e8-a6a3-ec086b02610b,59629363-23d2-11e8-a6a3-ec086b02610b.jpg,34,deer,66,2012-11-06 14:24:00,700a350c-5567-11e8-acc7-dca9047ef277,1,1,2048,1536
59641dd5-23d2-11e8-a6a3-ec086b02610b,59641dd5-23d2-11e8-a6a3-ec086b02610b.jpg,34,deer,59,2013-09-13 16:30:24,701875d7-5567-11e8-bab9-dca9047ef277,5,5,2048,1494
59641e37-23d2-11e8-a6a3-ec086b02610b,59641e37-23d2-11e8-a6a3-ec086b02610b.jpg,34,deer,2,2014-08-23 20:48:01,701564c2-5567-11e8-99b8-dca9047ef277,1,3,800,584
59641e3c-23d2-11e8-a6a3-ec086b02610b,59641e3c-23d2-11e8-a6a3-ec086b02610b.jpg,34,deer,32,2014-01-29 03:42:08,70111dd9-5567-11e8-94c9-dca9047ef277,3,3,2048,1494
59641ec8-23d2-11e8-a6a3-ec086b02610b,59641ec8-23d2-11e8-a6a3-ec086b02610b.jpg,34,deer,57,2014-05-29 10:29:39,6f89afc2-5567-11e8-b81c-dca9047ef277,1,1,2048,1494
59641ed0-23d2-11e8-a6a3-ec086b02610b,59641ed0-23d2-11e8-a6a3-ec086b02610b.jpg,34,deer,48,2014-03-20 08:16:09,701b3923-5567-11e8-b887-dca9047ef277,1,3,2048,1494
59641f71-23d2-11e8-a6a3-ec086b02610b,59641f71-23d2-11e8-a6a3-ec086b02610b.jpg,34,deer,41,2014-05-25 05:15:40,70116c35-5567-11e8-8206-dca9047ef277,2,3,2048,1494
5965a90e-23d2-11e8-a6a3-ec086b02610b,5965a90e-23d2-11e8-a6a3-ec086b02610b.jpg,34,deer,2,2013-10-09 19:29:08,70155d2e-5567-11e8-8c7d-dca9047ef277,3,3,2048,1494
5965a96e-23d2-11e8-a6a3-ec086b02610b,5965a96e-23d2-11e8-a6a3-ec086b02610b.jpg,34,deer,23,2013-10-21 04:00:23,6fdef27d-5567-11e8-9945-dca9047ef277,1,1,2048,1494
5965a9ca-23d2-11e8-a6a3-ec086b02610b,5965a9ca-23d2-11e8-a6a3-ec086b02610b.jpg,34,deer,23,2014-01-06 10:25:30,6fe1e39c-5567-11e8-9736-dca9047ef277,1,1,2048,1494
5965aa8e-23d2-11e8-a6a3-ec086b02610b,5965aa8e-23d2-11e8-a6a3-ec086b02610b.jpg,34,deer,29,2012-10-01 19:15:00,700a80f3-5567-11e8-8252-dca9047ef277,1,1,2048,1536
5965aacb-23d2-11e8-a6a3-ec086b02610b,5965aacb-23d2-11e8-a6a3-ec086b02610b.jpg,34,deer,32,2014-05-25 22:29:45,701121ca-5567-11e8-a599-dca9047ef277,1,3,2048,1494
5965ab8d-23d2-11e8-a6a3-ec086b02610b,5965ab8d-23d2-11e8-a6a3-ec086b02610b.jpg,34,deer,41,2014-06-09 06:21:57,7011c56b-5567-11e8-9461-dca9047ef277,1,3,2048,1494
5965ac32-23d2-11e8-a6a3-ec086b02610b,5965ac32-23d2-11e8-a6a3-ec086b02610b.jpg,34,deer,53,2014-11-17 12:30:16,70196361-5567-11e8-84ac-dca9047ef277,2,3,2048,1494
5965ac73-23d2-11e8-a6a3-ec086b02610b,5965ac73-23d2-11e8-a6a3-ec086b02610b.jpg,34,deer,57,2014-06-20 12:55:55,6f8b32a3-5567-11e8-a423-dca9047ef277,1,1,2048,1494
596734a7-23d2-11e8-a6a3-ec086b02610b,596734a7-23d2-11e8-a6a3-ec086b02610b.jpg,34,deer,55,2014-07-09 03:58:33,7018925c-5567-11e8-aeaa-dca9047ef277,2,3,2048,1494
5967360b-23d2-11e8-a6a3-ec086b02610b,5967360b-23d2-11e8-a6a3-ec086b02610b.jpg,34,deer,25,2014-09-26 02:14:02,7010e19c-5567-11e8-89ef-dca9047ef277,2,3,2048,1494
59673617-23d2-11e8-a6a3-ec086b02610b,59673617-23d2-11e8-a6a3-ec086b02610b.jpg,34,deer,2,2014-08-17 05:28:42,7015647d-5567-11e8-9160-dca9047ef277,3,3,800,584
5967378b-23d2-11e8-a6a3-ec086b02610b,5967378b-23d2-11e8-a6a3-ec086b02610b.jpg,34,deer,4,2013-09-11 17:20:29,7016d49e-5567-11e8-a807-dca9047ef277,3,3,2048,1494
596737ac-23d2-11e8-a6a3-ec086b02610b,596737ac-23d2-11e8-a6a3-ec086b02610b.jpg,34,deer,34,2013-10-23 14:35:43,7014ceba-5567-11e8-a90a-dca9047ef277,3,3,800,584
5968bf88-23d2-11e8-a6a3-ec086b02610b,5968bf88-23d2-11e8-a6a3-ec086b02610b.jpg,34,deer,61,2014-05-27 07:57:16,7013a059-5567-11e8-9c6b-dca9047ef277,1,3,2048,1494
5968c0fd-23d2-11e8-a6a3-ec086b02610b,5968c0fd-23d2-11e8-a6a3-ec086b02610b.jpg,34,deer,57,2014-10-13 01:38:20,6f8fcf30-5567-11e8-bc09-dca9047ef277,1,1,2048,1494
5968c13b-23d2-11e8-a6a3-ec086b02610b,5968c13b-23d2-11e8-a6a3-ec086b02610b.jpg,34,deer,53,2014-11-17 12:31:36,701964fd-5567-11e8-ab0a-dca9047ef277,2,3,2048,1494
5968c194-23d2-11e8-a6a3-ec086b02610b,5968c194-23d2-11e8-a6a3-ec086b02610b.jpg,34,deer,32,2014-01-29 03:41:50,70111d38-5567-11e8-98aa-dca9047ef277,2,3,2048,1494
5968c20d-23d2-11e8-a6a3-ec086b02610b,5968c20d-23d2-11e8-a6a3-ec086b02610b.jpg,34,deer,10,2013-12-29 17:14:52,701d6fdc-5567-11e8-a9bc-dca9047ef277,2,3,2048,1494
596a4c50-23d2-11e8-a6a3-ec086b02610b,596a4c50-23d2-11e8-a6a3-ec086b02610b.jpg,34,deer,27,2015-04-04 01:26:43,7012aef0-5567-11e8-9116-dca9047ef277,1,3,2048,1494
596a4d25-23d2-11e8-a6a3-ec086b02610b,596a4d25-23d2-11e8-a6a3-ec086b02610b.jpg,34,deer,34,2013-08-24 16:25:28,701497cf-5567-11e8-b0a6-dca9047ef277,3,3,800,584
596a4da1-23d2-11e8-a6a3-ec086b02610b,596a4da1-23d2-11e8-a6a3-ec086b02610b.jpg,34,deer,63,2014-02-10 20:20:23,70176223-5567-11e8-b6a8-dca9047ef277,2,3,2048,1494
596a4f69-23d2-11e8-a6a3-ec086b02610b,596a4f69-23d2-11e8-a6a3-ec086b02610b.jpg,34,deer,10,2014-05-30 01:03:58,701d7de3-5567-11e8-85f6-dca9047ef277,3,5,2048,1494
596a4fa7-23d2-11e8-a6a3-ec086b02610b,596a4fa7-23d2-11e8-a6a3-ec086b02610b.jpg,34,deer,37,2014-09-02 20:10:19,70181fd1-5567-11e8-bb89-dca9047ef277,1,3,2048,1494
596a4faa-23d2-11e8-a6a3-ec086b02610b,596a4faa-23d2-11e8-a6a3-ec086b02610b.jpg,34,deer,26,2014-04-27 07:29:35,6f371b68-5567-11e8-a83f-dca9047ef277,1,1,2048,1494
596bd990-23d2-11e8-a6a3-ec086b02610b,596bd990-23d2-11e8-a6a3-ec086b02610b.jpg,34,deer,55,2014-07-24 05:58:59,7018939c-5567-11e8-b892-dca9047ef277,3,3,2048,1494
596d6308-23d2-11e8-a6a3-ec086b02610b,596d6308-23d2-11e8-a6a3-ec086b02610b.jpg,34,deer,57,2014-07-17 08:08:05,6f8cd545-5567-11e8-8594-dca9047ef277,1,1,2048,1494
596d65a8-23d2-11e8-a6a3-ec086b02610b,596d65a8-23d2-11e8-a6a3-ec086b02610b.jpg,34,deer,41,2014-05-25 19:27:27,70117d00-5567-11e8-b2a5-dca9047ef277,3,3,2048,1494
596eef67-23d2-11e8-a6a3-ec086b02610b,596eef67-23d2-11e8-a6a3-ec086b02610b.jpg,34,deer,25,2014-09-26 02:14:05,7010e1e1-5567-11e8-b91e-dca9047ef277,1,3,2048,1494
596eef89-23d2-11e8-a6a3-ec086b02610b,596eef89-23d2-11e8-a6a3-ec086b02610b.jpg,34,deer,42,2014-12-24 02:20:52,7019f32b-5567-11e8-b2dc-dca9047ef277,2,3,2048,1494
596ef0e4-23d2-11e8-a6a3-ec086b02610b,596ef0e4-23d2-11e8-a6a3-ec086b02610b.jpg,34,deer,29,2012-09-29 07:09:00,700a7f9e-5567-11e8-bc70-dca9047ef277,1,1,2048,1536
5971f8ea-23d2-11e8-a6a3-ec086b02610b,5971f8ea-23d2-11e8-a6a3-ec086b02610b.jpg,34,deer,6,2013-10-16 01:12:43,70171197-5567-11e8-b702-dca9047ef277,1,3,2048,1494
5971fa08-23d2-11e8-a6a3-ec086b02610b,5971fa08-23d2-11e8-a6a3-ec086b02610b.jpg,34,deer,10,2013-12-26 01:25:05,701d64a8-5567-11e8-99a8-dca9047ef277,3,3,2048,1494
5971fa0e-23d2-11e8-a6a3-ec086b02610b,5971fa0e-23d2-11e8-a6a3-ec086b02610b.jpg,34,deer,42,2014-08-06 23:57:54,7019e61e-5567-11e8-a867-dca9047ef277,1,3,2048,1494
5971fa31-23d2-11e8-a6a3-ec086b02610b,5971fa31-23d2-11e8-a6a3-ec086b02610b.jpg,34,deer,4,2013-09-24 01:45:43,7016d623-5567-11e8-8f10-dca9047ef277,1,3,2048,1494
59738761-23d2-11e8-a6a3-ec086b02610b,59738761-23d2-11e8-a6a3-ec086b02610b.jpg,34,deer,26,2014-07-02 04:03:54,6f49ee66-5567-11e8-bd2b-dca9047ef277,1,1,2048,1494
5973876a-23d2-11e8-a6a3-ec086b02610b,5973876a-23d2-11e8-a6a3-ec086b02610b.jpg,34,deer,37,2014-09-02 20:10:50,7018227d-5567-11e8-bed0-dca9047ef277,3,3,2048,1494
597387ab-23d2-11e8-a6a3-ec086b02610b,597387ab-23d2-11e8-a6a3-ec086b02610b.jpg,34,deer,34,2013-10-28 14:36:57,7014ffde-5567-11e8-a1de-dca9047ef277,2,3,800,584
5973895b-23d2-11e8-a6a3-ec086b02610b,5973895b-23d2-11e8-a6a3-ec086b02610b.jpg,34,deer,59,2013-09-13 16:30:59,7018777a-5567-11e8-a084-dca9047ef277,4,5,2048,1494
597389a4-23d2-11e8-a6a3-ec086b02610b,597389a4-23d2-11e8-a6a3-ec086b02610b.jpg,34,deer,6,2013-10-15 22:22:01,70170540-5567-11e8-b7a1-dca9047ef277,3,3,2048,1494
59738a05-23d2-11e8-a6a3-ec086b02610b,59738a05-23d2-11e8-a6a3-ec086b02610b.jpg,34,deer,61,2014-10-07 07:37:41,7013dee3-5567-11e8-862b-dca9047ef277,3,3,2048,1494
597514b8-23d2-11e8-a6a3-ec086b02610b,597514b8-23d2-11e8-a6a3-ec086b02610b.jpg,34,deer,44,2014-01-20 07:32:43,7011e8dc-5567-11e8-a656-dca9047ef277,3,3,2048,1494
5976a221-23d2-11e8-a6a3-ec086b02610b,5976a221-23d2-11e8-a6a3-ec086b02610b.jpg,34,deer,23,2014-01-11 09:21:34,6fe23054-5567-11e8-b3b9-dca9047ef277,1,1,2048,1494
5976a285-23d2-11e8-a6a3-ec086b02610b,5976a285-23d2-11e8-a6a3-ec086b02610b.jpg,34,deer,2,2013-10-02 06:13:07,70155ac2-5567-11e8-a29c-dca9047ef277,3,3,2048,1494
5976a2dc-23d2-11e8-a6a3-ec086b02610b,5976a2dc-23d2-11e8-a6a3-ec086b02610b.jpg,34,deer,29,2012-09-07 03:50:00,700a774c-5567-11e8-b430-dca9047ef277,1,1,2048,1536
5976a5a4-23d2-11e8-a6a3-ec086b02610b,5976a5a4-23d2-11e8-a6a3-ec086b02610b.jpg,34,deer,4,2014-12-29 11:53:35,7016e523-5567-11e8-97cd-dca9047ef277,3,3,2048,1494
59782ff8-23d2-11e8-a6a3-ec086b02610b,59782ff8-23d2-11e8-a6a3-ec086b02610b.jpg,34,deer,6,2013-09-18 18:24:41,7016f7cf-5567-11e8-9636-dca9047ef277,2,3,2048,1494
59782fff-23d2-11e8-a6a3-ec086b02610b,59782fff-23d2-11e8-a6a3-ec086b02610b.jpg,34,deer,32,2014-05-25 22:29:44,7011217a-5567-11e8-8e76-dca9047ef277,2,3,2048,1494
5978302f-23d2-11e8-a6a3-ec086b02610b,5978302f-23d2-11e8-a6a3-ec086b02610b.jpg,34,deer,27,2015-04-17 12:51:50,7012e9a6-5567-11e8-8362-dca9047ef277,3,3,2048,1494
59783278-23d2-11e8-a6a3-ec086b02610b,59783278-23d2-11e8-a6a3-ec086b02610b.jpg,34,deer,27,2015-04-08 23:52:52,7012d202-5567-11e8-828d-dca9047ef277,2,3,2048,1494
597832ad-23d2-11e8-a6a3-ec086b02610b,597832ad-23d2-11e8-a6a3-ec086b02610b.jpg,34,deer,41,2014-05-25 19:28:32,7011830c-5567-11e8-b227-dca9047ef277,3,3,2048,1494
5979bca3-23d2-11e8-a6a3-ec086b02610b,5979bca3-23d2-11e8-a6a3-ec086b02610b.jpg,34,deer,41,2014-05-27 07:13:14,70119845-5567-11e8-9fe1-dca9047ef277,1,3,2048,1494
5979bd3a-23d2-11e8-a6a3-ec086b02610b,5979bd3a-23d2-11e8-a6a3-ec086b02610b.jpg,34,deer,48,2013-11-19 17:00:50,701b34ee-5567-11e8-be07-dca9047ef277,1,3,2048,1494
5979bdf6-23d2-11e8-a6a3-ec086b02610b,5979bdf6-23d2-11e8-a6a3-ec086b02610b.jpg,34,deer,23,2014-05-30 06:57:49,6fe8adf8-5567-11e8-b23a-dca9047ef277,1,1,2048,1494
597b47b7-23d2-11e8-a6a3-ec086b02610b,597b47b7-23d2-11e8-a6a3-ec086b02610b.jpg,34,deer,29,2012-09-20 03:15:00,700a7b4a-5567-11e8-ad38-dca9047ef277,1,1,2048,1536
597b4928-23d2-11e8-a6a3-ec086b02610b,597b4928-23d2-11e8-a6a3-ec086b02610b.jpg,34,deer,2,2013-09-28 05:30:31,70155600-5567-11e8-8017-dca9047ef277,2,3,2048,1494
597b4943-23d2-11e8-a6a3-ec086b02610b,597b4943-23d2-11e8-a6a3-ec086b02610b.jpg,34,deer,27,2015-04-07 22:15:53,7012bfb0-5567-11e8-8589-dca9047ef277,3,3,2048,1494
597cd43f-23d2-11e8-a6a3-ec086b02610b,597cd43f-23d2-11e8-a6a3-ec086b02610b.jpg,34,deer,4,2013-09-09 23:55:23,7016d1e1-5567-11e8-a47d-dca9047ef277,2,3,2048,1494
597cd46a-23d2-11e8-a6a3-ec086b02610b,597cd46a-23d2-11e8-a6a3-ec086b02610b.jpg,34,deer,25,2015-02-02 07:06:38,7010e6ba-5567-11e8-b1d0-dca9047ef277,3,3,2048,1494
597cd53d-23d2-11e8-a6a3-ec086b02610b,597cd53d-23d2-11e8-a6a3-ec086b02610b.jpg,34,deer,27,2015-04-18 01:28:16,7012f963-5567-11e8-8476-dca9047ef277,2,3,2048,1494
597e6227-23d2-11e8-a6a3-ec086b02610b,597e6227-23d2-11e8-a6a3-ec086b02610b.jpg,34,deer,26,2014-07-14 15:35:54,6f4ad0b0-5567-11e8-bbca-dca9047ef277,1,1,2048,1494
597e6233-23d2-11e8-a6a3-ec086b02610b,597e6233-23d2-11e8-a6a3-ec086b02610b.jpg,34,deer,29,2012-10-27 16:27:00,700a84c7-5567-11e8-ac47-dca9047ef277,1,1,2048,1536
597e62fe-23d2-11e8-a6a3-ec086b02610b,597e62fe-23d2-11e8-a6a3-ec086b02610b.jpg,34,deer,61,2014-06-07 06:58:24,7013ad4f-5567-11e8-b1f2-dca9047ef277,3,3,2048,1494
597e630d-23d2-11e8-a6a3-ec086b02610b,597e630d-23d2-11e8-a6a3-ec086b02610b.jpg,34,deer,37,2014-05-11 10:04:54,70181b19-5567-11e8-9004-dca9047ef277,1,3,2048,1494
597e640e-23d2-11e8-a6a3-ec086b02610b,597e640e-23d2-11e8-a6a3-ec086b02610b.jpg,34,deer,29,2012-09-28 18:55:00,700a7f59-5567-11e8-83ba-dca9047ef277,1,1,2048,1536
597e6476-23d2-11e8-a6a3-ec086b02610b,597e6476-23d2-11e8-a6a3-ec086b02610b.jpg,34,deer,2,2014-09-17 05:28:37,70156802-5567-11e8-83ad-dca9047ef277,2,3,800,584
597e647e-23d2-11e8-a6a3-ec086b02610b,597e647e-23d2-11e8-a6a3-ec086b02610b.jpg,34,deer,63,2013-11-06 04:51:51,70175463-5567-11e8-bf2f-dca9047ef277,3,3,2048,1494
597fed01-23d2-11e8-a6a3-ec086b02610b,597fed01-23d2-11e8-a6a3-ec086b02610b.jpg,34,deer,44,2014-05-26 06:26:20,70120d35-5567-11e8-84eb-dca9047ef277,2,3,800,584
597fee83-23d2-11e8-a6a3-ec086b02610b,597fee83-23d2-11e8-a6a3-ec086b02610b.jpg,34,deer,10,2013-12-20 12:03:28,701d5da1-5567-11e8-95e9-dca9047ef277,3,3,2048,1494
597fefb0-23d2-11e8-a6a3-ec086b02610b,597fefb0-23d2-11e8-a6a3-ec086b02610b.jpg,34,deer,26,2014-08-29 19:48:14,6f4d2f4a-5567-11e8-9a9d-dca9047ef277,1,1,2048,1494
597fefea-23d2-11e8-a6a3-ec086b02610b,597fefea-23d2-11e8-a6a3-ec086b02610b.jpg,34,deer,6,2014-03-28 07:20:26,70174302-5567-11e8-8561-dca9047ef277,1,3,2048,1494
59817ae5-23d2-11e8-a6a3-ec086b02610b,59817ae5-23d2-11e8-a6a3-ec086b02610b.jpg,34,deer,32,2014-05-29 02:25:27,70112435-5567-11e8-9034-dca9047ef277,3,3,2048,1494
59830675-23d2-11e8-a6a3-ec086b02610b,59830675-23d2-11e8-a6a3-ec086b02610b.jpg,34,deer,23,2014-01-19 09:29:01,6fe287fa-5567-11e8-946e-dca9047ef277,1,1,2048,1494
598306f1-23d2-11e8-a6a3-ec086b02610b,598306f1-23d2-11e8-a6a3-ec086b02610b.jpg,34,deer,63,2013-11-23 17:16:37,70175c5c-5567-11e8-94fd-dca9047ef277,2,3,2048,1494
59830795-23d2-11e8-a6a3-ec086b02610b,59830795-23d2-11e8-a6a3-ec086b02610b.jpg,34,deer,57,2014-09-27 04:49:45,6f8f4a87-5567-11e8-a40d-dca9047ef277,1,1,2048,1494
598495b1-23d2-11e8-a6a3-ec086b02610b,598495b1-23d2-11e8-a6a3-ec086b02610b.jpg,34,deer,32,2014-11-04 04:35:31,70113014-5567-11e8-b050-dca9047ef277,3,3,2048,1494
598496b7-23d2-11e8-a6a3-ec086b02610b,598496b7-23d2-11e8-a6a3-ec086b02610b.jpg,34,deer,2,2013-11-07 03:16:41,70156397-5567-11e8-898c-dca9047ef277,3,3,2048,1494
59849716-23d2-11e8-a6a3-ec086b02610b,59849716-23d2-11e8-a6a3-ec086b02610b.jpg,34,deer,41,2014-05-25 19:27:35,70117de6-5567-11e8-aa5d-dca9047ef277,1,3,2048,1494
59849802-23d2-11e8-a6a3-ec086b02610b,59849802-23d2-11e8-a6a3-ec086b02610b.jpg,34,deer,6,2013-09-19 19:50:03,7016fc23-5567-11e8-9175-dca9047ef277,2,3,2048,1494
59849864-23d2-11e8-a6a3-ec086b02610b,59849864-23d2-11e8-a6a3-ec086b02610b.jpg,34,deer,4,2013-09-11 17:19:57,7016d3ae-5567-11e8-99dd-dca9047ef277,1,3,2048,1494
598622ec-23d2-11e8-a6a3-ec086b02610b,598622ec-23d2-11e8-a6a3-ec086b02610b.jpg,34,deer,2,2013-09-28 05:30:25,70155561-5567-11e8-a8fe-dca9047ef277,1,3,2048,1494
59862419-23d2-11e8-a6a3-ec086b02610b,59862419-23d2-11e8-a6a3-ec086b02610b.jpg,34,deer,57,2014-08-06 10:06:13,6f8db93d-5567-11e8-aecf-dca9047ef277,1,1,2048,1494
59862494-23d2-11e8-a6a3-ec086b02610b,59862494-23d2-11e8-a6a3-ec086b02610b.jpg,34,deer,6,2013-08-31 01:54:50,7016eba8-5567-11e8-9a5a-dca9047ef277,2,3,2048,1494
5987b1e6-23d2-11e8-a6a3-ec086b02610b,5987b1e6-23d2-11e8-a6a3-ec086b02610b.jpg,34,deer,26,2013-10-03 19:37:57,6f1f35b8-5567-11e8-9d4a-dca9047ef277,1,1,2048,1494
5987b1f1-23d2-11e8-a6a3-ec086b02610b,5987b1f1-23d2-11e8-a6a3-ec086b02610b.jpg,34,deer,2,2013-10-09 19:29:01,70155c4a-5567-11e8-9932-dca9047ef277,1,3,2048,1494
5987b212-23d2-11e8-a6a3-ec086b02610b,5987b212-23d2-11e8-a6a3-ec086b02610b.jpg,34,deer,23,2014-01-19 09:29:38,6fe28b8a-5567-11e8-a78e-dca9047ef277,1,1,2048,1494
5987b462-23d2-11e8-a6a3-ec086b02610b,5987b462-23d2-11e8-a6a3-ec086b02610b.jpg,34,deer,25,2015-02-02 07:05:01,7010e547-5567-11e8-aee9-dca9047ef277,3,3,2048,1494
5987b477-23d2-11e8-a6a3-ec086b02610b,5987b477-23d2-11e8-a6a3-ec086b02610b.jpg,34,deer,2,2013-09-29 12:13:20,701557ae-5567-11e8-ba5f-dca9047ef277,1,3,2048,1494
5987b486-23d2-11e8-a6a3-ec086b02610b,5987b486-23d2-11e8-a6a3-ec086b02610b.jpg,34,deer,2,2014-09-17 05:28:41,70156897-5567-11e8-9641-dca9047ef277,2,3,800,584
5987b497-23d2-11e8-a6a3-ec086b02610b,5987b497-23d2-11e8-a6a3-ec086b02610b.jpg,34,deer,26,2014-06-27 01:54:00,6f495ab3-5567-11e8-b8f4-dca9047ef277,1,1,2048,1494
598941d1-23d2-11e8-a6a3-ec086b02610b,598941d1-23d2-11e8-a6a3-ec086b02610b.jpg,34,deer,42,2015-01-01 09:49:46,7019fc33-5567-11e8-9bbe-dca9047ef277,3,3,2048,1494
598941e2-23d2-11e8-a6a3-ec086b02610b,598941e2-23d2-11e8-a6a3-ec086b02610b.jpg,34,deer,6,2013-09-28 08:08:05,7016fdb5-5567-11e8-b039-dca9047ef277,2,3,2048,1494
59894229-23d2-11e8-a6a3-ec086b02610b,59894229-23d2-11e8-a6a3-ec086b02610b.jpg,34,deer,29,2012-09-07 03:28:00,700a7654-5567-11e8-a420-dca9047ef277,1,1,2048,1536
59894242-23d2-11e8-a6a3-ec086b02610b,59894242-23d2-11e8-a6a3-ec086b02610b.jpg,34,deer,2,2013-11-07 03:16:37,70156300-5567-11e8-8864-dca9047ef277,2,3,2048,1494
59894243-23d2-11e8-a6a3-ec086b02610b,59894243-23d2-11e8-a6a3-ec086b02610b.jpg,34,deer,2,2014-09-17 05:28:38,70156851-5567-11e8-9d9a-dca9047ef277,3,3,800,584
598ace85-23d2-11e8-a6a3-ec086b02610b,598ace85-23d2-11e8-a6a3-ec086b02610b.jpg,34,deer,29,2012-09-07 03:44:00,700a76fd-5567-11e8-be86-dca9047ef277,1,1,2048,1536
598acf45-23d2-11e8-a6a3-ec086b02610b,598acf45-23d2-11e8-a6a3-ec086b02610b.jpg,34,deer,26,2014-06-27 01:53:46,6f495957-5567-11e8-9bd3-dca9047ef277,1,1,2048,1494
598ad071-23d2-11e8-a6a3-ec086b02610b,598ad071-23d2-11e8-a6a3-ec086b02610b.jpg,34,deer,41,2014-05-25 19:28:20,7011820a-5567-11e8-a3ef-dca9047ef277,1,3,2048,1494
598c5a5f-23d2-11e8-a6a3-ec086b02610b,598c5a5f-23d2-11e8-a6a3-ec086b02610b.jpg,34,deer,63,2013-11-13 11:12:46,70175900-5567-11e8-bce3-dca9047ef277,2,3,2048,1494
598c5ac0-23d2-11e8-a6a3-ec086b02610b,598c5ac0-23d2-11e8-a6a3-ec086b02610b.jpg,34,deer,34,2013-11-10 15:24:06,70150a91-5567-11e8-8de8-dca9047ef277,3,3,2048,1494
598c5b29-23d2-11e8-a6a3-ec086b02610b,598c5b29-23d2-11e8-a6a3-ec086b02610b.jpg,34,deer,61,2014-06-07 06:59:18,7013af9e-5567-11e8-867f-dca9047ef277,3,3,2048,1494
598c5df3-23d2-11e8-a6a3-ec086b02610b,598c5df3-23d2-11e8-a6a3-ec086b02610b.jpg,34,deer,61,2014-05-27 07:57:24,7013a12b-5567-11e8-8a69-dca9047ef277,3,3,2048,1494
598de781-23d2-11e8-a6a3-ec086b02610b,598de781-23d2-11e8-a6a3-ec086b02610b.jpg,34,deer,34,2013-08-24 16:58:16,7014acfa-5567-11e8-b5fa-dca9047ef277,3,3,800,584
598de7c3-23d2-11e8-a6a3-ec086b02610b,598de7c3-23d2-11e8-a6a3-ec086b02610b.jpg,34,deer,29,2012-09-28 03:16:00,700a7e11-5567-11e8-9ad3-dca9047ef277,1,1,2048,1536
598de854-23d2-11e8-a6a3-ec086b02610b,598de854-23d2-11e8-a6a3-ec086b02610b.jpg,34,deer,42,2014-12-24 02:20:49,7019f2dc-5567-11e8-b3e5-dca9047ef277,1,3,2048,1494
598de892-23d2-11e8-a6a3-ec086b02610b,598de892-23d2-11e8-a6a3-ec086b02610b.jpg,34,deer,10,2014-01-08 13:16:06,701d791e-5567-11e8-ab93-dca9047ef277,2,3,2048,1494
598de967-23d2-11e8-a6a3-ec086b02610b,598de967-23d2-11e8-a6a3-ec086b02610b.jpg,34,deer,29,2012-09-07 04:06:00,700a779e-5567-11e8-88df-dca9047ef277,1,1,2048,1536
598f7590-23d2-11e8-a6a3-ec086b02610b,598f7590-23d2-11e8-a6a3-ec086b02610b.jpg,34,deer,55,2015-05-12 06:03:11,7018ae68-5567-11e8-81b2-dca9047ef277,3,3,2048,1494
598f76c4-23d2-11e8-a6a3-ec086b02610b,598f76c4-23d2-11e8-a6a3-ec086b02610b.jpg,34,deer,27,2014-05-25 03:58:29,70123880-5567-11e8-94de-dca9047ef277,1,3,2048,1494
598f782e-23d2-11e8-a6a3-ec086b02610b,598f782e-23d2-11e8-a6a3-ec086b02610b.jpg,34,deer,4,2013-09-11 17:19:52,7016d317-5567-11e8-a589-dca9047ef277,2,3,2048,1494
59910345-23d2-11e8-a6a3-ec086b02610b,59910345-23d2-11e8-a6a3-ec086b02610b.jpg,34,deer,61,2014-06-07 06:59:19,7013b00c-5567-11e8-bea9-dca9047ef277,1,3,2048,1494
5991036e-23d2-11e8-a6a3-ec086b02610b,5991036e-23d2-11e8-a6a3-ec086b02610b.jpg,34,deer,27,2015-04-13 04:00:15,7012e5fa-5567-11e8-9b93-dca9047ef277,1,3,2048,1494
59910381-23d2-11e8-a6a3-ec086b02610b,59910381-23d2-11e8-a6a3-ec086b02610b.jpg,34,deer,2,2013-09-29 12:13:26,7015584c-5567-11e8-914d-dca9047ef277,1,3,2048,1494
59910490-23d2-11e8-a6a3-ec086b02610b,59910490-23d2-11e8-a6a3-ec086b02610b.jpg,34,deer,63,2015-05-12 19:35:22,701766b8-5567-11e8-95dc-dca9047ef277,3,3,2048,1494
599104db-23d2-11e8-a6a3-ec086b02610b,599104db-23d2-11e8-a6a3-ec086b02610b.jpg,34,deer,32,2014-01-18 02:23:01,70111838-5567-11e8-a02f-dca9047ef277,3,3,2048,1494
599104fe-23d2-11e8-a6a3-ec086b02610b,599104fe-23d2-11e8-a6a3-ec086b02610b.jpg,34,deer,23,2014-04-08 22:53:52,6fe61623-5567-11e8-bd82-dca9047ef277,1,1,2048,1494
59929046-23d2-11e8-a6a3-ec086b02610b,59929046-23d2-11e8-a6a3-ec086b02610b.jpg,34,deer,53,2015-05-14 12:36:38,701982f3-5567-11e8-a4c8-dca9047ef277,3,3,2048,1494
59929262-23d2-11e8-a6a3-ec086b02610b,59929262-23d2-11e8-a6a3-ec086b02610b.jpg,34,deer,61,2014-10-07 07:31:53,7013ddb5-5567-11e8-8c0e-dca9047ef277,1,3,2048,1494
59929266-23d2-11e8-a6a3-ec086b02610b,59929266-23d2-11e8-a6a3-ec086b02610b.jpg,34,deer,44,2014-05-26 06:23:58,70120717-5567-11e8-815a-dca9047ef277,1,3,800,584
59941dc8-23d2-11e8-a6a3-ec086b02610b,59941dc8-23d2-11e8-a6a3-ec086b02610b.jpg,34,deer,26,2014-08-10 14:08:49,6f4c6e0c-5567-11e8-822c-dca9047ef277,1,1,2048,1494
59942072-23d2-11e8-a6a3-ec086b02610b,59942072-23d2-11e8-a6a3-ec086b02610b.jpg,34,deer,53,2015-05-14 12:36:45,70198340-5567-11e8-8d32-dca9047ef277,2,3,2048,1494
5995af0a-23d2-11e8-a6a3-ec086b02610b,5995af0a-23d2-11e8-a6a3-ec086b02610b.jpg,34,deer,42,2014-08-06 23:56:20,7019e182-5567-11e8-8eaa-dca9047ef277,3,3,2048,1494
59973d3b-23d2-11e8-a6a3-ec086b02610b,59973d3b-23d2-11e8-a6a3-ec086b02610b.jpg,34,deer,2,2014-08-23 20:48:07,70156563-5567-11e8-9079-dca9047ef277,1,3,800,584
59973ef9-23d2-11e8-a6a3-ec086b02610b,59973ef9-23d2-11e8-a6a3-ec086b02610b.jpg,34,deer,26,2014-06-27 01:53:58,6f495a00-5567-11e8-82e6-dca9047ef277,1,1,2048,1494
59973f35-23d2-11e8-a6a3-ec086b02610b,59973f35-23d2-11e8-a6a3-ec086b02610b.jpg,34,deer,41,2014-06-05 23:03:30,7011b98a-5567-11e8-a9bb-dca9047ef277,1,3,2048,1494
5998cc07-23d2-11e8-a6a3-ec086b02610b,5998cc07-23d2-11e8-a6a3-ec086b02610b.jpg,34,deer,32,2014-01-29 03:41:48,70111cf0-5567-11e8-b44f-dca9047ef277,3,3,2048,1494
5998ccc2-23d2-11e8-a6a3-ec086b02610b,5998ccc2-23d2-11e8-a6a3-ec086b02610b.jpg,34,deer,10,2013-12-29 17:09:10,701d6ee3-5567-11e8-a093-dca9047ef277,1,3,2048,1494
5998ce1d-23d2-11e8-a6a3-ec086b02610b,5998ce1d-23d2-11e8-a6a3-ec086b02610b.jpg,34,deer,41,2014-05-25 19:28:03,7011808f-5567-11e8-b890-dca9047ef277,1,3,2048,1494
5998cf51-23d2-11e8-a6a3-ec086b02610b,5998cf51-23d2-11e8-a6a3-ec086b02610b.jpg,34,deer,48,2013-11-21 14:01:25,701b35e6-5567-11e8-805f-dca9047ef277,2,3,2048,1494
5998cf84-23d2-11e8-a6a3-ec086b02610b,5998cf84-23d2-11e8-a6a3-ec086b02610b.jpg,34,deer,4,2013-11-04 20:03:56,7016d93a-5567-11e8-bd0a-dca9047ef277,1,3,2048,1494
599a59dc-23d2-11e8-a6a3-ec086b02610b,599a59dc-23d2-11e8-a6a3-ec086b02610b.jpg,34,deer,34,2013-08-24 16:48:17,7014a56e-5567-11e8-bca7-dca9047ef277,3,3,800,584
599a5a16-23d2-11e8-a6a3-ec086b02610b,599a5a16-23d2-11e8-a6a3-ec086b02610b.jpg,34,deer,59,2013-09-13 16:30:19,70187587-5567-11e8-82e1-dca9047ef277,5,5,2048,1494
599be81d-23d2-11e8-a6a3-ec086b02610b,599be81d-23d2-11e8-a6a3-ec086b02610b.jpg,34,deer,29,2012-09-22 04:54:00,700a7c61-5567-11e8-a3f7-dca9047ef277,1,1,2048,1536
599be93a-23d2-11e8-a6a3-ec086b02610b,599be93a-23d2-11e8-a6a3-ec086b02610b.jpg,34,deer,2,2013-10-02 06:13:03,70155a75-5567-11e8-8bcd-dca9047ef277,2,3,2048,1494
599be994-23d2-11e8-a6a3-ec086b02610b,599be994-23d2-11e8-a6a3-ec086b02610b.jpg,34,deer,4,2014-12-29 11:53:14,7016e440-5567-11e8-ba22-dca9047ef277,1,3,2048,1494
599bea38-23d2-11e8-a6a3-ec086b02610b,599bea38-23d2-11e8-a6a3-ec086b02610b.jpg,34,deer,6,2013-10-15 23:35:52,701707fa-5567-11e8-aaf9-dca9047ef277,3,3,2048,1494
599d7cea-23d2-11e8-a6a3-ec086b02610b,599d7cea-23d2-11e8-a6a3-ec086b02610b.jpg,34,deer,25,2015-02-20 19:31:27,7010e9d9-5567-11e8-be30-dca9047ef277,1,3,2048,1494
599fbe81-23d2-11e8-a6a3-ec086b02610b,599fbe81-23d2-11e8-a6a3-ec086b02610b.jpg,34,deer,57,2014-10-09 08:00:55,6f8fafc7-5567-11e8-970b-dca9047ef277,1,1,2048,1494
599fbfd6-23d2-11e8-a6a3-ec086b02610b,599fbfd6-23d2-11e8-a6a3-ec086b02610b.jpg,34,deer,26,2014-07-30 01:34:07,6f4bb854-5567-11e8-9a2d-dca9047ef277,1,1,2048,1494
599fc07e-23d2-11e8-a6a3-ec086b02610b,599fc07e-23d2-11e8-a6a3-ec086b02610b.jpg,34,deer,41,2014-06-04 04:25:19,7011a73a-5567-11e8-b86d-dca9047ef277,2,3,2048,1494
599fc115-23d2-11e8-a6a3-ec086b02610b,599fc115-23d2-11e8-a6a3-ec086b02610b.jpg,34,deer,59,2013-09-13 16:29:57,70187451-5567-11e8-ad80-dca9047ef277,4,5,2048,1494
59a179ad-23d2-11e8-a6a3-ec086b02610b,59a179ad-23d2-11e8-a6a3-ec086b02610b.jpg,34,deer,27,2015-04-17 12:51:55,7012eafa-5567-11e8-9c13-dca9047ef277,3,3,2048,1494
59a17a0d-23d2-11e8-a6a3-ec086b02610b,59a17a0d-23d2-11e8-a6a3-ec086b02610b.jpg,34,deer,57,2013-10-03 17:52:37,6f7d2554-5567-11e8-8853-dca9047ef277,1,1,2048,1494
59a17c65-23d2-11e8-a6a3-ec086b02610b,59a17c65-23d2-11e8-a6a3-ec086b02610b.jpg,34,deer,6,2013-10-05 09:39:02,7016ff82-5567-11e8-a1f6-dca9047ef277,2,3,2048,1494
59a30aa2-23d2-11e8-a6a3-ec086b02610b,59a30aa2-23d2-11e8-a6a3-ec086b02610b.jpg,34,deer,27,2014-05-25 03:57:10,7012320f-5567-11e8-9165-dca9047ef277,1,3,2048,1494
59a30ad7-23d2-11e8-a6a3-ec086b02610b,59a30ad7-23d2-11e8-a6a3-ec086b02610b.jpg,34,deer,6,2013-10-15 22:22:39,70170626-5567-11e8-aa17-dca9047ef277,2,3,2048,1494
59a30c6c-23d2-11e8-a6a3-ec086b02610b,59a30c6c-23d2-11e8-a6a3-ec086b02610b.jpg,34,deer,59,2013-09-13 16:30:37,70187678-5567-11e8-bfba-dca9047ef277,4,5,2048,1494
59a30c94-23d2-11e8-a6a3-ec086b02610b,59a30c94-23d2-11e8-a6a3-ec086b02610b.jpg,34,deer,61,2014-06-07 06:58:12,7013ac07-5567-11e8-81c9-dca9047ef277,1,3,2048,1494
59a30d08-23d2-11e8-a6a3-ec086b02610b,59a30d08-23d2-11e8-a6a3-ec086b02610b.jpg,34,deer,56,2014-10-28 22:15:49,701111f8-5567-11e8-9fd7-dca9047ef277,1,3,2048,1494
59a30dc9-23d2-11e8-a6a3-ec086b02610b,59a30dc9-23d2-11e8-a6a3-ec086b02610b.jpg,34,deer,63,2013-11-23 17:15:55,70175b6b-5567-11e8-a70a-dca9047ef277,1,3,2048,1494
59a499fb-23d2-11e8-a6a3-ec086b02610b,59a499fb-23d2-11e8-a6a3-ec086b02610b.jpg,34,deer,34,2013-11-10 15:27:31,70150cd7-5567-11e8-bcb1-dca9047ef277,3,3,2048,1494
59a49abf-23d2-11e8-a6a3-ec086b02610b,59a49abf-23d2-11e8-a6a3-ec086b02610b.jpg,34,deer,44,2014-05-26 01:22:34,70120068-5567-11e8-b1c5-dca9047ef277,1,3,800,584
59a49bb7-23d2-11e8-a6a3-ec086b02610b,59a49bb7-23d2-11e8-a6a3-ec086b02610b.jpg,34,deer,42,2015-01-07 18:33:03,7019ff0c-5567-11e8-a3ea-dca9047ef277,3,3,2048,1494
59a49c0c-23d2-11e8-a6a3-ec086b02610b,59a49c0c-23d2-11e8-a6a3-ec086b02610b.jpg,34,deer,10,2014-05-30 12:29:58,701d7e3d-5567-11e8-b8cd-dca9047ef277,3,5,2048,1494
59a49c1b-23d2-11e8-a6a3-ec086b02610b,59a49c1b-23d2-11e8-a6a3-ec086b02610b.jpg,34,deer,57,2014-06-09 10:02:39,6f8a7bd4-5567-11e8-9462-dca9047ef277,1,1,2048,1494
59a49c78-23d2-11e8-a6a3-ec086b02610b,59a49c78-23d2-11e8-a6a3-ec086b02610b.jpg,34,deer,34,2013-10-28 10:58:32,7014edf0-5567-11e8-b2cd-dca9047ef277,3,3,800,584
59a49ce7-23d2-11e8-a6a3-ec086b02610b,59a49ce7-23d2-11e8-a6a3-ec086b02610b.jpg,34,deer,25,2015-02-20 19:31:49,7010eb0f-5567-11e8-8cf9-dca9047ef277,1,3,2048,1494
59a62b46-23d2-11e8-a6a3-ec086b02610b,59a62b46-23d2-11e8-a6a3-ec086b02610b.jpg,34,deer,61,2014-06-05 05:32:46,7013a878-5567-11e8-ae18-dca9047ef277,1,3,2048,1494
59a62b5a-23d2-11e8-a6a3-ec086b02610b,59a62b5a-23d2-11e8-a6a3-ec086b02610b.jpg,34,deer,44,2014-05-26 06:31:37,701222a1-5567-11e8-ba9e-dca9047ef277,3,3,800,584
59a62c3a-23d2-11e8-a6a3-ec086b02610b,59a62c3a-23d2-11e8-a6a3-ec086b02610b.jpg,34,deer,23,2013-10-17 22:21:15,6fded0a6-5567-11e8-af41-dca9047ef277,1,1,2048,1494
59a7bc34-23d2-11e8-a6a3-ec086b02610b,59a7bc34-23d2-11e8-a6a3-ec086b02610b.jpg,34,deer,57,2014-06-19 08:03:39,6f8b1ecc-5567-11e8-a070-dca9047ef277,1,1,2048,1494
59a7bd13-23d2-11e8-a6a3-ec086b02610b,59a7bd13-23d2-11e8-a6a3-ec086b02610b.jpg,34,deer,53,2014-11-17 12:31:05,7019640c-5567-11e8-8845-dca9047ef277,3,3,2048,1494
59a7bdda-23d2-11e8-a6a3-ec086b02610b,59a7bdda-23d2-11e8-a6a3-ec086b02610b.jpg,34,deer,61,2014-05-27 07:56:39,70139ffd-5567-11e8-a33c-dca9047ef277,1,3,2048,1494
59a7be4b-23d2-11e8-a6a3-ec086b02610b,59a7be4b-23d2-11e8-a6a3-ec086b02610b.jpg,34,deer,63,2013-11-13 11:12:38,7017585e-5567-11e8-a59f-dca9047ef277,1,3,2048,1494
59a94c91-23d2-11e8-a6a3-ec086b02610b,59a94c91-23d2-11e8-a6a3-ec086b02610b.jpg,34,deer,44,2013-08-02 11:27:34,7011e4f0-5567-11e8-8f8f-dca9047ef277,1,3,2048,1494
59a94d4e-23d2-11e8-a6a3-ec086b02610b,59a94d4e-23d2-11e8-a6a3-ec086b02610b.jpg,34,deer,25,2015-02-02 07:04:09,7010e4a6-5567-11e8-a95e-dca9047ef277,1,3,2048,1494
59a94da6-23d2-11e8-a6a3-ec086b02610b,59a94da6-23d2-11e8-a6a3-ec086b02610b.jpg,34,deer,63,2013-11-04 12:27:08,701752e8-5567-11e8-9e14-dca9047ef277,2,3,2048,1494
59aad9a0-23d2-11e8-a6a3-ec086b02610b,59aad9a0-23d2-11e8-a6a3-ec086b02610b.jpg,34,deer,42,2014-11-28 18:49:27,7019eefd-5567-11e8-a447-dca9047ef277,3,3,2048,1494
59aadb62-23d2-11e8-a6a3-ec086b02610b,59aadb62-23d2-11e8-a6a3-ec086b02610b.jpg,34,deer,63,2014-02-21 19:49:13,70176499-5567-11e8-ba22-dca9047ef277,3,3,2048,1494
59aadc44-23d2-11e8-a6a3-ec086b02610b,59aadc44-23d2-11e8-a6a3-ec086b02610b.jpg,34,deer,61,2014-06-07 06:57:56,7013aa75-5567-11e8-bc50-dca9047ef277,3,3,2048,1494
59aadcf0-23d2-11e8-a6a3-ec086b02610b,59aadcf0-23d2-11e8-a6a3-ec086b02610b.jpg,34,deer,27,2015-04-02 23:54:20,7012a0a3-5567-11e8-a481-dca9047ef277,1,3,2048,1494
59ac6d12-23d2-11e8-a6a3-ec086b02610b,59ac6d12-23d2-11e8-a6a3-ec086b02610b.jpg,34,deer,63,2014-02-11 08:52:40,701762b0-5567-11e8-a442-dca9047ef277,3,3,2048,1494
59ac6d3a-23d2-11e8-a6a3-ec086b02610b,59ac6d3a-23d2-11e8-a6a3-ec086b02610b.jpg,34,deer,53,2014-11-17 12:31:08,7019645c-5567-11e8-8d76-dca9047ef277,3,3,2048,1494
59ac6d50-23d2-11e8-a6a3-ec086b02610b,59ac6d50-23d2-11e8-a6a3-ec086b02610b.jpg,34,deer,59,2013-09-13 16:30:10,70187538-5567-11e8-891e-dca9047ef277,1,5,2048,1494
59adfdca-23d2-11e8-a6a3-ec086b02610b,59adfdca-23d2-11e8-a6a3-ec086b02610b.jpg,34,deer,32,2014-05-28 07:16:55,701122f5-5567-11e8-ba6f-dca9047ef277,1,3,2048,1494
59af95bf-23d2-11e8-a6a3-ec086b02610b,59af95bf-23d2-11e8-a6a3-ec086b02610b.jpg,34,deer,44,2014-05-24 20:35:08,7011f6e8-5567-11e8-bc86-dca9047ef277,3,3,800,584
59b131f2-23d2-11e8-a6a3-ec086b02610b,59b131f2-23d2-11e8-a6a3-ec086b02610b.jpg,34,deer,4,2013-09-11 17:19:55,7016d368-5567-11e8-a0b8-dca9047ef277,2,3,2048,1494
59b2e8f8-23d2-11e8-a6a3-ec086b02610b,59b2e8f8-23d2-11e8-a6a3-ec086b02610b.jpg,34,deer,10,2013-12-29 17:14:56,701d702e-5567-11e8-adf2-dca9047ef277,3,3,2048,1494
59b2e913-23d2-11e8-a6a3-ec086b02610b,59b2e913-23d2-11e8-a6a3-ec086b02610b.jpg,34,deer,34,2013-10-28 08:19:48,7014e170-5567-11e8-96d9-dca9047ef277,3,3,800,584
59b2e95b-23d2-11e8-a6a3-ec086b02610b,59b2e95b-23d2-11e8-a6a3-ec086b02610b.jpg,34,deer,29,2012-04-28 15:59:00,700a7000-5567-11e8-b449-dca9047ef277,1,1,2048,1536
59b2e9eb-23d2-11e8-a6a3-ec086b02610b,59b2e9eb-23d2-11e8-a6a3-ec086b02610b.jpg,34,deer,34,2013-10-28 08:08:01,7014d963-5567-11e8-be0e-dca9047ef277,3,3,800,584
59b2ea51-23d2-11e8-a6a3-ec086b02610b,59b2ea51-23d2-11e8-a6a3-ec086b02610b.jpg,34,deer,27,2015-03-06 21:04:43,7012478a-5567-11e8-844f-dca9047ef277,1,3,2048,1494
59b2eb00-23d2-11e8-a6a3-ec086b02610b,59b2eb00-23d2-11e8-a6a3-ec086b02610b.jpg,34,deer,37,2014-05-25 20:31:24,70181dfd-5567-11e8-8906-dca9047ef277,3,3,2048,1494
59b2eb7e-23d2-11e8-a6a3-ec086b02610b,59b2eb7e-23d2-11e8-a6a3-ec086b02610b.jpg,34,deer,41,2014-05-25 05:16:06,70116ea1-5567-11e8-8463-dca9047ef277,1,3,2048,1494
59b2ebb9-23d2-11e8-a6a3-ec086b02610b,59b2ebb9-23d2-11e8-a6a3-ec086b02610b.jpg,34,deer,6,2013-09-18 19:34:13,7016f9b8-5567-11e8-b040-dca9047ef277,3,3,2048,1494
59b2ec1f-23d2-11e8-a6a3-ec086b02610b,59b2ec1f-23d2-11e8-a6a3-ec086b02610b.jpg,34,deer,32,2014-01-18 02:22:52,7011177a-5567-11e8-872d-dca9047ef277,1,3,2048,1494
59b48396-23d2-11e8-a6a3-ec086b02610b,59b48396-23d2-11e8-a6a3-ec086b02610b.jpg,34,deer,21,2015-05-07 13:32:43,701d210a-5567-11e8-9d2b-dca9047ef277,2,3,2048,1494
59b48424-23d2-11e8-a6a3-ec086b02610b,59b48424-23d2-11e8-a6a3-ec086b02610b.jpg,34,deer,6,2013-10-16 01:11:52,70170fca-5567-11e8-ae02-dca9047ef277,1,3,2048,1494
59b48450-23d2-11e8-a6a3-ec086b02610b,59b48450-23d2-11e8-a6a3-ec086b02610b.jpg,34,deer,37,2014-09-02 20:11:19,70182497-5567-11e8-9929-dca9047ef277,3,3,2048,1494
59b613a1-23d2-11e8-a6a3-ec086b02610b,59b613a1-23d2-11e8-a6a3-ec086b02610b.jpg,34,deer,63,2014-02-16 03:38:59,70176402-5567-11e8-9cb4-dca9047ef277,3,3,2048,1494
59b614e2-23d2-11e8-a6a3-ec086b02610b,59b614e2-23d2-11e8-a6a3-ec086b02610b.jpg,34,deer,25,2014-09-26 02:13:38,7010e00a-5567-11e8-9839-dca9047ef277,1,3,2048,1494
59b615e0-23d2-11e8-a6a3-ec086b02610b,59b615e0-23d2-11e8-a6a3-ec086b02610b.jpg,34,deer,48,2013-11-21 14:01:20,701b3599-5567-11e8-8775-dca9047ef277,1,3,2048,1494
59b61618-23d2-11e8-a6a3-ec086b02610b,59b61618-23d2-11e8-a6a3-ec086b02610b.jpg,34,deer,10,2013-12-24 20:55:30,701d6175-5567-11e8-b95a-dca9047ef277,3,3,2048,1494
59b6166d-23d2-11e8-a6a3-ec086b02610b,59b6166d-23d2-11e8-a6a3-ec086b02610b.jpg,34,deer,10,2013-12-11 14:21:23,701d5499-5567-11e8-a0cc-dca9047ef277,1,3,2048,1494
59b6166f-23d2-11e8-a6a3-ec086b02610b,59b6166f-23d2-11e8-a6a3-ec086b02610b.jpg,34,deer,55,2014-07-09 03:58:07,701890f3-5567-11e8-b53c-dca9047ef277,1,3,2048,1494
59b7a65a-23d2-11e8-a6a3-ec086b02610b,59b7a65a-23d2-11e8-a6a3-ec086b02610b.jpg,34,deer,25,2015-02-20 19:31:42,7010eac0-5567-11e8-8e5c-dca9047ef277,1,3,2048,1494
59b7a826-23d2-11e8-a6a3-ec086b02610b,59b7a826-23d2-11e8-a6a3-ec086b02610b.jpg,34,deer,44,2014-05-26 06:24:05,701207ab-5567-11e8-a147-dca9047ef277,3,3,800,584
59b7a886-23d2-11e8-a6a3-ec086b02610b,59b7a886-23d2-11e8-a6a3-ec086b02610b.jpg,34,deer,26,2014-07-25 02:56:36,6f4b6beb-5567-11e8-a46e-dca9047ef277,1,1,2048,1494
59b7a8a4-23d2-11e8-a6a3-ec086b02610b,59b7a8a4-23d2-11e8-a6a3-ec086b02610b.jpg,34,deer,34,2013-10-25 12:05:56,7014d5b8-5567-11e8-af65-dca9047ef277,2,3,800,584
59b7a970-23d2-11e8-a6a3-ec086b02610b,59b7a970-23d2-11e8-a6a3-ec086b02610b.jpg,34,deer,2,2013-10-01 04:55:40,7015593d-5567-11e8-84d8-dca9047ef277,3,3,2048,1494
59b93798-23d2-11e8-a6a3-ec086b02610b,59b93798-23d2-11e8-a6a3-ec086b02610b.jpg,34,deer,54,2014-09-16 19:14:59,701cbdbd-5567-11e8-99b0-dca9047ef277,3,3,2048,1494
59b939b7-23d2-11e8-a6a3-ec086b02610b,59b939b7-23d2-11e8-a6a3-ec086b02610b.jpg,34,deer,37,2014-09-02 20:11:22,701824dc-5567-11e8-a4fc-dca9047ef277,1,3,2048,1494
59b93a8d-23d2-11e8-a6a3-ec086b02610b,59b93a8d-23d2-11e8-a6a3-ec086b02610b.jpg,34,deer,23,2014-04-01 08:02:22,6fe5b45c-5567-11e8-9f37-dca9047ef277,1,1,2048,1494
59b93b1d-23d2-11e8-a6a3-ec086b02610b,59b93b1d-23d2-11e8-a6a3-ec086b02610b.jpg,34,deer,57,2014-04-05 03:34:45,6f87066e-5567-11e8-b010-dca9047ef277,1,1,2048,1494
59bac7a2-23d2-11e8-a6a3-ec086b02610b,59bac7a2-23d2-11e8-a6a3-ec086b02610b.jpg,34,deer,41,2012-09-16 04:25:50,70114df8-5567-11e8-847e-dca9047ef277,3,3,2048,1494
59bac83c-23d2-11e8-a6a3-ec086b02610b,59bac83c-23d2-11e8-a6a3-ec086b02610b.jpg,34,deer,10,2013-12-11 14:21:32,701d54e8-5567-11e8-9c9e-dca9047ef277,1,3,2048,1494
59bac9a6-23d2-11e8-a6a3-ec086b02610b,59bac9a6-23d2-11e8-a6a3-ec086b02610b.jpg,34,deer,2,2013-08-24 05:26:58,70154c9e-5567-11e8-b21c-dca9047ef277,2,3,2048,1494
59bac9b1-23d2-11e8-a6a3-ec086b02610b,59bac9b1-23d2-11e8-a6a3-ec086b02610b.jpg,34,deer,27,2015-04-08 01:38:55,7012cc0a-5567-11e8-9678-dca9047ef277,3,3,2048,1494
59baca25-23d2-11e8-a6a3-ec086b02610b,59baca25-23d2-11e8-a6a3-ec086b02610b.jpg,34,deer,23,2014-03-22 07:04:07,6fe544f5-5567-11e8-b708-dca9047ef277,1,1,2048,1494
59baca38-23d2-11e8-a6a3-ec086b02610b,59baca38-23d2-11e8-a6a3-ec086b02610b.jpg,34,deer,37,2014-09-02 20:10:36,701820ba-5567-11e8-b686-dca9047ef277,1,3,2048,1494
59bacabf-23d2-11e8-a6a3-ec086b02610b,59bacabf-23d2-11e8-a6a3-ec086b02610b.jpg,34,deer,32,2014-01-18 02:23:14,701119a8-5567-11e8-ad7d-dca9047ef277,3,3,2048,1494
59bca558-23d2-11e8-a6a3-ec086b02610b,59bca558-23d2-11e8-a6a3-ec086b02610b.jpg,34,deer,27,2015-04-18 01:31:10,70130d33-5567-11e8-924e-dca9047ef277,2,3,2048,1494
59bca65f-23d2-11e8-a6a3-ec086b02610b,59bca65f-23d2-11e8-a6a3-ec086b02610b.jpg,34,deer,10,2014-10-22 19:24:29,701d9ade-5567-11e8-a67b-dca9047ef277,1,3,2048,1494
59bca660-23d2-11e8-a6a3-ec086b02610b,59bca660-23d2-11e8-a6a3-ec086b02610b.jpg,34,deer,32,2014-05-29 02:25:37,701124ca-5567-11e8-96a1-dca9047ef277,2,3,2048,1494
59bca6b9-23d2-11e8-a6a3-ec086b02610b,59bca6b9-23d2-11e8-a6a3-ec086b02610b.jpg,34,deer,37,2014-09-02 20:10:13,70181f33-5567-11e8-a58f-dca9047ef277,2,3,2048,1494
59be3f3e-23d2-11e8-a6a3-ec086b02610b,59be3f3e-23d2-11e8-a6a3-ec086b02610b.jpg,34,deer,57,2014-06-29 07:55:24,6f8bbd51-5567-11e8-95dc-dca9047ef277,1,1,2048,1494
59be41d5-23d2-11e8-a6a3-ec086b02610b,59be41d5-23d2-11e8-a6a3-ec086b02610b.jpg,34,deer,63,2014-02-03 10:54:25,70175fb8-5567-11e8-b9f8-dca9047ef277,3,3,2048,1494
59be4258-23d2-11e8-a6a3-ec086b02610b,59be4258-23d2-11e8-a6a3-ec086b02610b.jpg,34,deer,41,2014-05-25 19:29:08,701186a6-5567-11e8-b449-dca9047ef277,3,3,2048,1494
59bfde38-23d2-11e8-a6a3-ec086b02610b,59bfde38-23d2-11e8-a6a3-ec086b02610b.jpg,34,deer,37,2014-09-02 20:11:26,70182580-5567-11e8-98ba-dca9047ef277,2,3,2048,1494
59c177bc-23d2-11e8-a6a3-ec086b02610b,59c177bc-23d2-11e8-a6a3-ec086b02610b.jpg,34,deer,4,2014-12-29 11:53:20,7016e48c-5567-11e8-984e-dca9047ef277,3,3,2048,1494
59c17845-23d2-11e8-a6a3-ec086b02610b,59c17845-23d2-11e8-a6a3-ec086b02610b.jpg,34,deer,48,2014-04-08 07:00:54,701b3a70-5567-11e8-8f90-dca9047ef277,2,3,2048,1494
59c178ae-23d2-11e8-a6a3-ec086b02610b,59c178ae-23d2-11e8-a6a3-ec086b02610b.jpg,34,deer,53,2014-11-17 12:30:23,701963b0-5567-11e8-8413-dca9047ef277,1,3,2048,1494
59c178b8-23d2-11e8-a6a3-ec086b02610b,59c178b8-23d2-11e8-a6a3-ec086b02610b.jpg,34,deer,41,2014-05-25 19:27:26,70117cba-5567-11e8-b8e2-dca9047ef277,2,3,2048,1494
59c17935-23d2-11e8-a6a3-ec086b02610b,59c17935-23d2-11e8-a6a3-ec086b02610b.jpg,34,deer,2,2014-08-17 05:28:34,7015642e-5567-11e8-b9b9-dca9047ef277,2,3,800,584
59c318fe-23d2-11e8-a6a3-ec086b02610b,59c318fe-23d2-11e8-a6a3-ec086b02610b.jpg,34,deer,57,2014-05-01 08:17:14,6f88250a-5567-11e8-bec6-dca9047ef277,1,1,2048,1494
59c31afc-23d2-11e8-a6a3-ec086b02610b,59c31afc-23d2-11e8-a6a3-ec086b02610b.jpg,34,deer,4,2013-09-24 01:45:35,7016d582-5567-11e8-982a-dca9047ef277,3,3,2048,1494
59c31c54-23d2-11e8-a6a3-ec086b02610b,59c31c54-23d2-11e8-a6a3-ec086b02610b.jpg,34,deer,10,2013-12-24 20:55:36,701d61c2-5567-11e8-83e9-dca9047ef277,3,3,2048,1494
59c4c0f7-23d2-11e8-a6a3-ec086b02610b,59c4c0f7-23d2-11e8-a6a3-ec086b02610b.jpg,34,deer,48,2014-04-08 07:00:57,701b3ac0-5567-11e8-8912-dca9047ef277,1,3,2048,1494
59c668fa-23d2-11e8-a6a3-ec086b02610b,59c668fa-23d2-11e8-a6a3-ec086b02610b.jpg,34,deer,25,2015-02-02 07:07:04,7010e899-5567-11e8-bde7-dca9047ef277,2,3,2048,1494
59c66929-23d2-11e8-a6a3-ec086b02610b,59c66929-23d2-11e8-a6a3-ec086b02610b.jpg,34,deer,27,2014-05-30 20:27:25,701240dc-5567-11e8-ab66-dca9047ef277,3,3,2048,1494
59c66b31-23d2-11e8-a6a3-ec086b02610b,59c66b31-23d2-11e8-a6a3-ec086b02610b.jpg,34,deer,37,2014-09-02 20:12:11,7018283a-5567-11e8-a52b-dca9047ef277,1,3,2048,1494
59c66b9d-23d2-11e8-a6a3-ec086b02610b,59c66b9d-23d2-11e8-a6a3-ec086b02610b.jpg,34,deer,34,2013-10-21 13:18:04,7014c530-5567-11e8-9a8f-dca9047ef277,2,3,800,584
59c66bb5-23d2-11e8-a6a3-ec086b02610b,59c66bb5-23d2-11e8-a6a3-ec086b02610b.jpg,34,deer,37,2014-05-25 20:31:17,70181d5e-5567-11e8-9800-dca9047ef277,2,3,2048,1494
59c66bc5-23d2-11e8-a6a3-ec086b02610b,59c66bc5-23d2-11e8-a6a3-ec086b02610b.jpg,34,deer,42,2015-01-22 23:55:01,701a05a6-5567-11e8-9f5d-dca9047ef277,1,3,2048,1494
59c66c53-23d2-11e8-a6a3-ec086b02610b,59c66c53-23d2-11e8-a6a3-ec086b02610b.jpg,34,deer,27,2015-03-25 01:25:07,701275ab-5567-11e8-a3cf-dca9047ef277,3,3,2048,1494
59c66c8f-23d2-11e8-a6a3-ec086b02610b,59c66c8f-23d2-11e8-a6a3-ec086b02610b.jpg,34,deer,34,2013-10-28 14:34:23,7014fd8f-5567-11e8-b1f4-dca9047ef277,3,3,800,584
59c8035a-23d2-11e8-a6a3-ec086b02610b,59c8035a-23d2-11e8-a6a3-ec086b02610b.jpg,34,deer,42,2015-01-01 09:48:52,7019fb2e-5567-11e8-9d0c-dca9047ef277,3,3,2048,1494
59c804d2-23d2-11e8-a6a3-ec086b02610b,59c804d2-23d2-11e8-a6a3-ec086b02610b.jpg,34,deer,11,2014-08-26 18:54:35,7018ea54-5567-11e8-873a-dca9047ef277,1,3,2048,1494
59c804f7-23d2-11e8-a6a3-ec086b02610b,59c804f7-23d2-11e8-a6a3-ec086b02610b.jpg,34,deer,48,2014-03-20 08:13:43,701b387a-5567-11e8-b3ce-dca9047ef277,1,3,2048,1494
59c805c1-23d2-11e8-a6a3-ec086b02610b,59c805c1-23d2-11e8-a6a3-ec086b02610b.jpg,34,deer,25,2014-09-27 06:08:52,7010e407-5567-11e8-8ab1-dca9047ef277,2,3,2048,1494
59c805fc-23d2-11e8-a6a3-ec086b02610b,59c805fc-23d2-11e8-a6a3-ec086b02610b.jpg,34,deer,4,2014-12-29 11:53:13,7016e3ee-5567-11e8-97c4-dca9047ef277,3,3,2048,1494
59c99c09-23d2-11e8-a6a3-ec086b02610b,59c99c09-23d2-11e8-a6a3-ec086b02610b.jpg,34,deer,29,2012-09-28 16:17:00,700a7f14-5567-11e8-8b7f-dca9047ef277,1,1,2048,1536
59c99c74-23d2-11e8-a6a3-ec086b02610b,59c99c74-23d2-11e8-a6a3-ec086b02610b.jpg,34,deer,34,2013-08-24 16:17:10,701493dc-5567-11e8-8ab8-dca9047ef277,3,3,800,584
59c99d54-23d2-11e8-a6a3-ec086b02610b,59c99d54-23d2-11e8-a6a3-ec086b02610b.jpg,34,deer,41,2014-06-05 19:59:16,7011ac6b-5567-11e8-90a6-dca9047ef277,3,3,2048,1494
59c99dc9-23d2-11e8-a6a3-ec086b02610b,59c99dc9-23d2-11e8-a6a3-ec086b02610b.jpg,34,deer,29,2013-04-30 05:29:36,700a9878-5567-11e8-be1a-dca9047ef277,1,1,2560,1920
59c99def-23d2-11e8-a6a3-ec086b02610b,59c99def-23d2-11e8-a6a3-ec086b02610b.jpg,34,deer,44,2014-05-26 01:31:44,701205e1-5567-11e8-9dd5-dca9047ef277,3,3,800,584
59c99dfa-23d2-11e8-a6a3-ec086b02610b,59c99dfa-23d2-11e8-a6a3-ec086b02610b.jpg,34,deer,59,2013-09-13 16:30:47,7018772b-5567-11e8-9bd2-dca9047ef277,3,5,2048,1494
59c99e18-23d2-11e8-a6a3-ec086b02610b,59c99e18-23d2-11e8-a6a3-ec086b02610b.jpg,34,deer,44,2014-05-26 06:28:14,701218dc-5567-11e8-a587-dca9047ef277,3,3,800,584
59c99e8d-23d2-11e8-a6a3-ec086b02610b,59c99e8d-23d2-11e8-a6a3-ec086b02610b.jpg,34,deer,48,2014-04-08 07:00:26,701b3a14-5567-11e8-bdb5-dca9047ef277,2,3,2048,1494
59cb3739-23d2-11e8-a6a3-ec086b02610b,59cb3739-23d2-11e8-a6a3-ec086b02610b.jpg,34,deer,37,2014-09-02 20:10:54,701822cc-5567-11e8-9419-dca9047ef277,3,3,2048,1494
59cb37fd-23d2-11e8-a6a3-ec086b02610b,59cb37fd-23d2-11e8-a6a3-ec086b02610b.jpg,34,deer,61,2014-10-07 07:37:44,7013df47-5567-11e8-bca9-dca9047ef277,1,3,2048,1494
59cb3809-23d2-11e8-a6a3-ec086b02610b,59cb3809-23d2-11e8-a6a3-ec086b02610b.jpg,34,deer,32,2014-01-29 03:41:44,70111c5c-5567-11e8-8817-dca9047ef277,1,3,2048,1494
59cb39dc-23d2-11e8-a6a3-ec086b02610b,59cb39dc-23d2-11e8-a6a3-ec086b02610b.jpg,34,deer,32,2014-01-18 02:23:10,70111963-5567-11e8-9136-dca9047ef277,3,3,2048,1494
59ccd13f-23d2-11e8-a6a3-ec086b02610b,59ccd13f-23d2-11e8-a6a3-ec086b02610b.jpg,34,deer,55,2014-07-24 05:59:11,701894d9-5567-11e8-b197-dca9047ef277,1,3,2048,1494
59ccd19b-23d2-11e8-a6a3-ec086b02610b,59ccd19b-23d2-11e8-a6a3-ec086b02610b.jpg,34,deer,32,2014-01-29 03:42:04,70111d87-5567-11e8-b32c-dca9047ef277,2,3,2048,1494
59ccd1bf-23d2-11e8-a6a3-ec086b02610b,59ccd1bf-23d2-11e8-a6a3-ec086b02610b.jpg,34,deer,10,2013-12-29 17:14:49,701d6f85-5567-11e8-804b-dca9047ef277,2,3,2048,1494
59ccd1cf-23d2-11e8-a6a3-ec086b02610b,59ccd1cf-23d2-11e8-a6a3-ec086b02610b.jpg,34,deer,27,2015-04-18 01:28:09,7012f87d-5567-11e8-9204-dca9047ef277,3,3,2048,1494
59ccd269-23d2-11e8-a6a3-ec086b02610b,59ccd269-23d2-11e8-a6a3-ec086b02610b.jpg,34,deer,37,2014-09-02 20:11:36,70182611-5567-11e8-944f-dca9047ef277,2,3,2048,1494
59cf44be-23d2-11e8-a6a3-ec086b02610b,59cf44be-23d2-11e8-a6a3-ec086b02610b.jpg,34,deer,2,2013-10-09 19:29:04,70155c99-5567-11e8-aa03-dca9047ef277,1,3,2048,1494
59cf44e9-23d2-11e8-a6a3-ec086b02610b,59cf44e9-23d2-11e8-a6a3-ec086b02610b.jpg,34,deer,26,2013-10-03 19:37:55,6f1f3573-5567-11e8-af1b-dca9047ef277,1,1,2048,1494
59cf44f6-23d2-11e8-a6a3-ec086b02610b,59cf44f6-23d2-11e8-a6a3-ec086b02610b.jpg,34,deer,23,2014-04-08 22:56:34,6fe61a3d-5567-11e8-be14-dca9047ef277,1,1,2048,1494
59cf4659-23d2-11e8-a6a3-ec086b02610b,59cf4659-23d2-11e8-a6a3-ec086b02610b.jpg,34,deer,63,2013-11-08 05:17:21,701756d9-5567-11e8-8001-dca9047ef277,2,3,2048,1494
59cf482b-23d2-11e8-a6a3-ec086b02610b,59cf482b-23d2-11e8-a6a3-ec086b02610b.jpg,34,deer,37,2014-09-02 20:11:44,701826b5-5567-11e8-8517-dca9047ef277,2,3,2048,1494
59d27c0c-23d2-11e8-a6a3-ec086b02610b,59d27c0c-23d2-11e8-a6a3-ec086b02610b.jpg,34,deer,25,2015-02-20 19:31:36,7010ea70-5567-11e8-a343-dca9047ef277,1,3,2048,1494
59d27c25-23d2-11e8-a6a3-ec086b02610b,59d27c25-23d2-11e8-a6a3-ec086b02610b.jpg,34,deer,34,2013-10-28 08:21:43,7014e31e-5567-11e8-b2cb-dca9047ef277,2,3,800,584
59d27c3f-23d2-11e8-a6a3-ec086b02610b,59d27c3f-23d2-11e8-a6a3-ec086b02610b.jpg,34,deer,34,2013-10-28 14:31:18,7014f8f3-5567-11e8-b98f-dca9047ef277,3,3,800,584
59d4194a-23d2-11e8-a6a3-ec086b02610b,59d4194a-23d2-11e8-a6a3-ec086b02610b.jpg,34,deer,6,2014-03-28 07:20:24,701742b0-5567-11e8-892e-dca9047ef277,3,3,2048,1494
59d4197d-23d2-11e8-a6a3-ec086b02610b,59d4197d-23d2-11e8-a6a3-ec086b02610b.jpg,34,deer,10,2014-10-28 20:11:39,701d9bcf-5567-11e8-9988-dca9047ef277,2,3,2048,1494
59d41bc7-23d2-11e8-a6a3-ec086b02610b,59d41bc7-23d2-11e8-a6a3-ec086b02610b.jpg,34,deer,23,2014-02-18 13:00:31,6fe3f57d-5567-11e8-8ddb-dca9047ef277,1,1,2048,1494
59d5b653-23d2-11e8-a6a3-ec086b02610b,59d5b653-23d2-11e8-a6a3-ec086b02610b.jpg,34,deer,29,2012-09-07 04:10:00,700a7863-5567-11e8-b2e3-dca9047ef277,1,1,2048,1536
59d5b6d6-23d2-11e8-a6a3-ec086b02610b,59d5b6d6-23d2-11e8-a6a3-ec086b02610b.jpg,34,deer,23,2014-05-31 05:08:28,6fe8d74a-5567-11e8-a324-dca9047ef277,1,1,2048,1494
59d5b75f-23d2-11e8-a6a3-ec086b02610b,59d5b75f-23d2-11e8-a6a3-ec086b02610b.jpg,34,deer,2,2013-08-24 05:27:02,70154d35-5567-11e8-a39e-dca9047ef277,3,3,2048,1494
59d5b804-23d2-11e8-a6a3-ec086b02610b,59d5b804-23d2-11e8-a6a3-ec086b02610b.jpg,34,deer,34,2013-08-24 16:21:08,70149575-5567-11e8-8007-dca9047ef277,2,3,800,584
59d750ce-23d2-11e8-a6a3-ec086b02610b,59d750ce-23d2-11e8-a6a3-ec086b02610b.jpg,34,deer,42,2015-01-08 18:46:09,7019ffab-5567-11e8-a97b-dca9047ef277,1,3,2048,1494
59d7524e-23d2-11e8-a6a3-ec086b02610b,59d7524e-23d2-11e8-a6a3-ec086b02610b.jpg,34,deer,23,2014-02-18 13:00:27,6fe3f485-5567-11e8-901a-dca9047ef277,1,1,2048,1494
59d75275-23d2-11e8-a6a3-ec086b02610b,59d75275-23d2-11e8-a6a3-ec086b02610b.jpg,34,deer,25,2015-02-20 19:32:05,7010eb61-5567-11e8-9879-dca9047ef277,1,3,2048,1494
59d7536f-23d2-11e8-a6a3-ec086b02610b,59d7536f-23d2-11e8-a6a3-ec086b02610b.jpg,34,deer,10,2013-12-26 08:00:09,701d6597-5567-11e8-b278-dca9047ef277,1,3,2048,1494
59d753e8-23d2-11e8-a6a3-ec086b02610b,59d753e8-23d2-11e8-a6a3-ec086b02610b.jpg,34,deer,42,2014-12-24 02:31:42,7019f7b5-5567-11e8-9f44-dca9047ef277,1,3,2048,1494
59d8ecfe-23d2-11e8-a6a3-ec086b02610b,59d8ecfe-23d2-11e8-a6a3-ec086b02610b.jpg,34,deer,63,2013-11-04 23:27:52,70175375-5567-11e8-8b7f-dca9047ef277,2,3,2048,1494
59da8a31-23d2-11e8-a6a3-ec086b02610b,59da8a31-23d2-11e8-a6a3-ec086b02610b.jpg,34,deer,27,2015-04-07 22:15:29,7012bec2-5567-11e8-a805-dca9047ef277,2,3,2048,1494
59da8cc9-23d2-11e8-a6a3-ec086b02610b,59da8cc9-23d2-11e8-a6a3-ec086b02610b.jpg,34,deer,54,2014-09-16 19:14:50,701cbd6e-5567-11e8-899c-dca9047ef277,1,3,2048,1494
59da8cf9-23d2-11e8-a6a3-ec086b02610b,59da8cf9-23d2-11e8-a6a3-ec086b02610b.jpg,34,deer,26,2014-07-24 02:57:17,6f4b58a8-5567-11e8-8eb7-dca9047ef277,1,1,2048,1494
59dc2533-23d2-11e8-a6a3-ec086b02610b,59dc2533-23d2-11e8-a6a3-ec086b02610b.jpg,34,deer,32,2014-01-29 03:41:41,70111c0c-5567-11e8-8897-dca9047ef277,3,3,2048,1494
59dc2563-23d2-11e8-a6a3-ec086b02610b,59dc2563-23d2-11e8-a6a3-ec086b02610b.jpg,34,deer,29,2012-09-06 08:07:00,700a7605-5567-11e8-b148-dca9047ef277,1,1,2048,1536
59dc257d-23d2-11e8-a6a3-ec086b02610b,59dc257d-23d2-11e8-a6a3-ec086b02610b.jpg,34,deer,2,2013-08-24 05:27:13,70154d85-5567-11e8-aadb-dca9047ef277,3,3,2048,1494
59dc25dd-23d2-11e8-a6a3-ec086b02610b,59dc25dd-23d2-11e8-a6a3-ec086b02610b.jpg,34,deer,42,2014-08-25 08:51:49,7019eccc-5567-11e8-bf5a-dca9047ef277,2,3,2048,1494
59dc2735-23d2-11e8-a6a3-ec086b02610b,59dc2735-23d2-11e8-a6a3-ec086b02610b.jpg,34,deer,48,2014-03-20 08:16:05,701b38cc-5567-11e8-bb56-dca9047ef277,1,3,2048,1494
59ddbf84-23d2-11e8-a6a3-ec086b02610b,59ddbf84-23d2-11e8-a6a3-ec086b02610b.jpg,34,deer,23,2014-03-30 06:23:48,6fe5a023-5567-11e8-b15e-dca9047ef277,1,1,2048,1494
59ddc1da-23d2-11e8-a6a3-ec086b02610b,59ddc1da-23d2-11e8-a6a3-ec086b02610b.jpg,34,deer,42,2014-12-24 02:29:09,7019f41c-5567-11e8-9f2c-dca9047ef277,2,3,2048,1494
59ddc244-23d2-11e8-a6a3-ec086b02610b,59ddc244-23d2-11e8-a6a3-ec086b02610b.jpg,34,deer,37,2014-09-22 10:17:31,70182d8a-5567-11e8-ae9f-dca9047ef277,1,3,2048,1494
59ddc2a7-23d2-11e8-a6a3-ec086b02610b,59ddc2a7-23d2-11e8-a6a3-ec086b02610b.jpg,34,deer,4,2013-09-09 23:55:26,7016d228-5567-11e8-8e40-dca9047ef277,2,3,2048,1494
59df5c53-23d2-11e8-a6a3-ec086b02610b,59df5c53-23d2-11e8-a6a3-ec086b02610b.jpg,34,deer,29,2012-09-25 07:03:00,700a7dc0-5567-11e8-aee3-dca9047ef277,1,1,2048,1536
59df5c76-23d2-11e8-a6a3-ec086b02610b,59df5c76-23d2-11e8-a6a3-ec086b02610b.jpg,34,deer,61,2014-06-07 06:59:12,7013af3a-5567-11e8-9fcf-dca9047ef277,3,3,2048,1494
59df5d80-23d2-11e8-a6a3-ec086b02610b,59df5d80-23d2-11e8-a6a3-ec086b02610b.jpg,34,deer,29,2012-09-07 03:34:00,700a769c-5567-11e8-b8b7-dca9047ef277,1,1,2048,1536
59df5e0d-23d2-11e8-a6a3-ec086b02610b,59df5e0d-23d2-11e8-a6a3-ec086b02610b.jpg,34,deer,61,2014-06-02 06:01:57,7013a6e6-5567-11e8-b575-dca9047ef277,3,3,2048,1494
59e1033f-23d2-11e8-a6a3-ec086b02610b,59e1033f-23d2-11e8-a6a3-ec086b02610b.jpg,34,deer,37,2014-09-02 20:10:45,7018222b-5567-11e8-8aa1-dca9047ef277,1,3,2048,1494
59e10482-23d2-11e8-a6a3-ec086b02610b,59e10482-23d2-11e8-a6a3-ec086b02610b.jpg,34,deer,4,2013-09-09 19:25:17,7016d0f3-5567-11e8-a9b4-dca9047ef277,2,3,2048,1494
59e10556-23d2-11e8-a6a3-ec086b02610b,59e10556-23d2-11e8-a6a3-ec086b02610b.jpg,34,deer,25,2014-09-26 02:13:48,7010e0ab-5567-11e8-9937-dca9047ef277,1,3,2048,1494
59e2a284-23d2-11e8-a6a3-ec086b02610b,59e2a284-23d2-11e8-a6a3-ec086b02610b.jpg,34,deer,57,2014-04-06 21:27:49,6f8730dc-5567-11e8-b839-dca9047ef277,1,1,2048,1494
59e2a2b4-23d2-11e8-a6a3-ec086b02610b,59e2a2b4-23d2-11e8-a6a3-ec086b02610b.jpg,34,deer,32,2014-11-04 04:35:27,70112fc5-5567-11e8-9137-dca9047ef277,3,3,2048,1494
59e2a3c3-23d2-11e8-a6a3-ec086b02610b,59e2a3c3-23d2-11e8-a6a3-ec086b02610b.jpg,34,deer,41,2014-06-05 23:04:09,7011bba8-5567-11e8-83c8-dca9047ef277,3,3,2048,1494
59e2a42c-23d2-11e8-a6a3-ec086b02610b,59e2a42c-23d2-11e8-a6a3-ec086b02610b.jpg,34,deer,61,2014-06-07 06:58:15,7013ac6b-5567-11e8-acc2-dca9047ef277,1,3,2048,1494
59e2a470-23d2-11e8-a6a3-ec086b02610b,59e2a470-23d2-11e8-a6a3-ec086b02610b.jpg,34,deer,26,2013-11-04 18:37:13,6f27ee42-5567-11e8-a01a-dca9047ef277,1,1,2048,1494
59e2a52d-23d2-11e8-a6a3-ec086b02610b,59e2a52d-23d2-11e8-a6a3-ec086b02610b.jpg,34,deer,11,2014-08-26 18:54:25,7018ea0c-5567-11e8-b7d4-dca9047ef277,3,3,2048,1494
59e2a594-23d2-11e8-a6a3-ec086b02610b,59e2a594-23d2-11e8-a6a3-ec086b02610b.jpg,34,deer,11,2014-08-25 04:20:31,7018e96e-5567-11e8-8c6c-dca9047ef277,2,3,2048,1494
59e2a596-23d2-11e8-a6a3-ec086b02610b,59e2a596-23d2-11e8-a6a3-ec086b02610b.jpg,34,deer,59,2013-09-13 16:30:42,701876c7-5567-11e8-89c0-dca9047ef277,2,5,2048,1494
59e43f60-23d2-11e8-a6a3-ec086b02610b,59e43f60-23d2-11e8-a6a3-ec086b02610b.jpg,34,deer,6,2013-09-12 07:41:42,7016f50a-5567-11e8-8660-dca9047ef277,3,3,2048,1494
59e43ff5-23d2-11e8-a6a3-ec086b02610b,59e43ff5-23d2-11e8-a6a3-ec086b02610b.jpg,34,deer,57,2014-06-07 07:53:42,6f8a5f45-5567-11e8-b85c-dca9047ef277,1,1,2048,1494
59e44012-23d2-11e8-a6a3-ec086b02610b,59e44012-23d2-11e8-a6a3-ec086b02610b.jpg,34,deer,61,2014-06-07 06:58:29,7013adb3-5567-11e8-a2a1-dca9047ef277,2,3,2048,1494
59e44178-23d2-11e8-a6a3-ec086b02610b,59e44178-23d2-11e8-a6a3-ec086b02610b.jpg,34,deer,44,2014-05-26 01:31:35,701204f0-5567-11e8-ba30-dca9047ef277,2,3,800,584
59e44195-23d2-11e8-a6a3-ec086b02610b,59e44195-23d2-11e8-a6a3-ec086b02610b.jpg,34,deer,34,2013-10-28 14:36:15,7014fee3-5567-11e8-98b4-dca9047ef277,2,3,800,584
59e441f8-23d2-11e8-a6a3-ec086b02610b,59e441f8-23d2-11e8-a6a3-ec086b02610b.jpg,34,deer,32,2014-01-18 02:23:03,70111887-5567-11e8-a59a-dca9047ef277,2,3,2048,1494
59e5dec0-23d2-11e8-a6a3-ec086b02610b,59e5dec0-23d2-11e8-a6a3-ec086b02610b.jpg,34,deer,29,2012-09-08 18:59:00,700a7a0a-5567-11e8-baa6-dca9047ef277,1,1,2048,1536
59e5df00-23d2-11e8-a6a3-ec086b02610b,59e5df00-23d2-11e8-a6a3-ec086b02610b.jpg,34,deer,63,2013-11-04 23:27:49,7017532e-5567-11e8-b50b-dca9047ef277,3,3,2048,1494
59e5df92-23d2-11e8-a6a3-ec086b02610b,59e5df92-23d2-11e8-a6a3-ec086b02610b.jpg,34,deer,57,2014-02-25 05:24:42,6f8573e6-5567-11e8-a17a-dca9047ef277,1,1,2048,1494
59e5e010-23d2-11e8-a6a3-ec086b02610b,59e5e010-23d2-11e8-a6a3-ec086b02610b.jpg,34,deer,4,2013-09-09 19:24:58,7016d05c-5567-11e8-82b5-dca9047ef277,3,3,2048,1494
59e5e09b-23d2-11e8-a6a3-ec086b02610b,59e5e09b-23d2-11e8-a6a3-ec086b02610b.jpg,34,deer,10,2014-01-08 13:15:44,701d78cf-5567-11e8-b389-dca9047ef277,1,3,2048,1494
59e5e1ac-23d2-11e8-a6a3-ec086b02610b,59e5e1ac-23d2-11e8-a6a3-ec086b02610b.jpg,34,deer,25,2015-02-20 19:31:06,7010e93a-5567-11e8-9fd6-dca9047ef277,3,3,2048,1494
59e77b9c-23d2-11e8-a6a3-ec086b02610b,59e77b9c-23d2-11e8-a6a3-ec086b02610b.jpg,34,deer,4,2013-09-09 23:55:20,7016d191-5567-11e8-8c52-dca9047ef277,1,3,2048,1494
59e77bd1-23d2-11e8-a6a3-ec086b02610b,59e77bd1-23d2-11e8-a6a3-ec086b02610b.jpg,34,deer,42,2014-08-25 08:51:46,7019ec75-5567-11e8-bae1-dca9047ef277,3,3,2048,1494
59e77c53-23d2-11e8-a6a3-ec086b02610b,59e77c53-23d2-11e8-a6a3-ec086b02610b.jpg,34,deer,42,2015-01-01 06:57:04,7019fadc-5567-11e8-8e5d-dca9047ef277,2,3,2048,1494
59e9191d-23d2-11e8-a6a3-ec086b02610b,59e9191d-23d2-11e8-a6a3-ec086b02610b.jpg,34,deer,53,2014-11-17 12:32:12,7019668c-5567-11e8-923e-dca9047ef277,2,3,2048,1494
59e91926-23d2-11e8-a6a3-ec086b02610b,59e91926-23d2-11e8-a6a3-ec086b02610b.jpg,34,deer,57,2014-04-06 09:14:45,6f872682-5567-11e8-89b5-dca9047ef277,1,1,2048,1494
59e91932-23d2-11e8-a6a3-ec086b02610b,59e91932-23d2-11e8-a6a3-ec086b02610b.jpg,34,deer,25,2015-02-02 07:06:33,7010e623-5567-11e8-a58b-dca9047ef277,3,3,2048,1494
59e91a94-23d2-11e8-a6a3-ec086b02610b,59e91a94-23d2-11e8-a6a3-ec086b02610b.jpg,34,deer,37,2014-09-02 20:10:43,701821e6-5567-11e8-971c-dca9047ef277,3,3,2048,1494
59e91b4b-23d2-11e8-a6a3-ec086b02610b,59e91b4b-23d2-11e8-a6a3-ec086b02610b.jpg,34,deer,41,2014-05-25 19:29:31,70118907-5567-11e8-8674-dca9047ef277,3,3,2048,1494
59e91c05-23d2-11e8-a6a3-ec086b02610b,59e91c05-23d2-11e8-a6a3-ec086b02610b.jpg,34,deer,6,2013-10-16 04:35:47,70171a94-5567-11e8-afe8-dca9047ef277,3,3,2048,1494
59e91c2b-23d2-11e8-a6a3-ec086b02610b,59e91c2b-23d2-11e8-a6a3-ec086b02610b.jpg,34,deer,36,2012-03-26 00:07:00,70099a70-5567-11e8-aa5f-dca9047ef277,1,1,2048,1536
59eab70f-23d2-11e8-a6a3-ec086b02610b,59eab70f-23d2-11e8-a6a3-ec086b02610b.jpg,34,deer,57,2014-05-01 08:23:31,6f882d28-5567-11e8-a5f9-dca9047ef277,1,1,2048,1494
59eab986-23d2-11e8-a6a3-ec086b02610b,59eab986-23d2-11e8-a6a3-ec086b02610b.jpg,34,deer,23,2014-04-08 07:12:21,6fe60c91-5567-11e8-a9ed-dca9047ef277,1,1,2048,1494
59eab9ab-23d2-11e8-a6a3-ec086b02610b,59eab9ab-23d2-11e8-a6a3-ec086b02610b.jpg,34,deer,37,2014-05-20 13:08:17,70181d0f-5567-11e8-b5a8-dca9047ef277,1,3,2048,1494
59eab9c7-23d2-11e8-a6a3-ec086b02610b,59eab9c7-23d2-11e8-a6a3-ec086b02610b.jpg,34,deer,4,2013-10-16 06:06:46,7016d70a-5567-11e8-9a7c-dca9047ef277,2,3,2048,1494
59ec5353-23d2-11e8-a6a3-ec086b02610b,59ec5353-23d2-11e8-a6a3-ec086b02610b.jpg,34,deer,63,2013-11-06 18:00:03,70175694-5567-11e8-8b96-dca9047ef277,1,3,2048,1494
59ec54ab-23d2-11e8-a6a3-ec086b02610b,59ec54ab-23d2-11e8-a6a3-ec086b02610b.jpg,34,deer,37,2014-05-11 10:04:53,70181aca-5567-11e8-96db-dca9047ef277,3,3,2048,1494
59ec54f4-23d2-11e8-a6a3-ec086b02610b,59ec54f4-23d2-11e8-a6a3-ec086b02610b.jpg,34,deer,63,2013-11-18 11:58:35,70175aca-5567-11e8-bc42-dca9047ef277,3,3,2048,1494
59ec5526-23d2-11e8-a6a3-ec086b02610b,59ec5526-23d2-11e8-a6a3-ec086b02610b.jpg,34,deer,6,2013-10-15 22:21:55,701704f0-5567-11e8-b401-dca9047ef277,3,3,2048,1494
59edef46-23d2-11e8-a6a3-ec086b02610b,59edef46-23d2-11e8-a6a3-ec086b02610b.jpg,34,deer,41,2014-06-05 23:03:57,7011bac2-5567-11e8-a118-dca9047ef277,2,3,2048,1494
59edef72-23d2-11e8-a6a3-ec086b02610b,59edef72-23d2-11e8-a6a3-ec086b02610b.jpg,34,deer,2,2013-09-29 12:13:19,7015575c-5567-11e8-8fd0-dca9047ef277,3,3,2048,1494
59edef8a-23d2-11e8-a6a3-ec086b02610b,59edef8a-23d2-11e8-a6a3-ec086b02610b.jpg,34,deer,29,2012-10-06 07:19:00,700a82ae-5567-11e8-86ba-dca9047ef277,1,1,2048,1536
59edf08c-23d2-11e8-a6a3-ec086b02610b,59edf08c-23d2-11e8-a6a3-ec086b02610b.jpg,34,deer,56,2014-10-28 18:22:40,701111a8-5567-11e8-b912-dca9047ef277,3,3,2048,1494
59edf193-23d2-11e8-a6a3-ec086b02610b,59edf193-23d2-11e8-a6a3-ec086b02610b.jpg,34,deer,10,2014-10-22 19:24:25,701d9a8f-5567-11e8-a109-dca9047ef277,2,3,2048,1494
59edf1d0-23d2-11e8-a6a3-ec086b02610b,59edf1d0-23d2-11e8-a6a3-ec086b02610b.jpg,34,deer,27,2015-03-25 01:24:54,7012743a-5567-11e8-9c4e-dca9047ef277,1,3,2048,1494
59edf2c5-23d2-11e8-a6a3-ec086b02610b,59edf2c5-23d2-11e8-a6a3-ec086b02610b.jpg,34,deer,61,2014-05-27 08:01:23,7013a4fd-5567-11e8-8e81-dca9047ef277,1,3,2048,1494
59ef8b56-23d2-11e8-a6a3-ec086b02610b,59ef8b56-23d2-11e8-a6a3-ec086b02610b.jpg,34,deer,26,2014-08-10 14:08:44,6f4c6d11-5567-11e8-ae8f-dca9047ef277,1,1,2048,1494
59ef8b60-23d2-11e8-a6a3-ec086b02610b,59ef8b60-23d2-11e8-a6a3-ec086b02610b.jpg,34,deer,44,2014-05-26 06:26:57,70121166-5567-11e8-bfc5-dca9047ef277,1,3,800,584
59f128ae-23d2-11e8-a6a3-ec086b02610b,59f128ae-23d2-11e8-a6a3-ec086b02610b.jpg,34,deer,37,2014-05-25 20:31:21,70181dae-5567-11e8-9f8a-dca9047ef277,3,3,2048,1494
59f128c1-23d2-11e8-a6a3-ec086b02610b,59f128c1-23d2-11e8-a6a3-ec086b02610b.jpg,34,deer,26,2014-09-21 10:41:14,6f4e229c-5567-11e8-bf82-dca9047ef277,1,1,2048,1494
59f128cf-23d2-11e8-a6a3-ec086b02610b,59f128cf-23d2-11e8-a6a3-ec086b02610b.jpg,34,deer,55,2014-07-09 03:58:28,70189217-5567-11e8-840e-dca9047ef277,2,3,2048,1494
59f128fb-23d2-11e8-a6a3-ec086b02610b,59f128fb-23d2-11e8-a6a3-ec086b02610b.jpg,34,deer,37,2014-09-02 20:12:15,7018288a-5567-11e8-b905-dca9047ef277,2,3,2048,1494
59f12992-23d2-11e8-a6a3-ec086b02610b,59f12992-23d2-11e8-a6a3-ec086b02610b.jpg,34,deer,35,2013-10-05 04:49:12,7011353d-5567-11e8-91f8-dca9047ef277,1,3,2048,1494
59f12afe-23d2-11e8-a6a3-ec086b02610b,59f12afe-23d2-11e8-a6a3-ec086b02610b.jpg,34,deer,6,2013-08-31 01:49:05,7016e6f8-5567-11e8-907b-dca9047ef277,1,3,2048,1494
59f2c2dd-23d2-11e8-a6a3-ec086b02610b,59f2c2dd-23d2-11e8-a6a3-ec086b02610b.jpg,34,deer,34,2013-08-24 16:38:08,70149dbd-5567-11e8-b2a3-dca9047ef277,2,3,800,584
59f2c414-23d2-11e8-a6a3-ec086b02610b,59f2c414-23d2-11e8-a6a3-ec086b02610b.jpg,34,deer,4,2013-11-04 20:03:53,7016d8e8-5567-11e8-bcf1-dca9047ef277,1,3,2048,1494
59f2c524-23d2-11e8-a6a3-ec086b02610b,59f2c524-23d2-11e8-a6a3-ec086b02610b.jpg,34,deer,23,2014-03-10 08:37:58,6fe4c511-5567-11e8-b999-dca9047ef277,1,1,2048,1494
59f460e8-23d2-11e8-a6a3-ec086b02610b,59f460e8-23d2-11e8-a6a3-ec086b02610b.jpg,34,deer,61,2014-06-16 19:40:35,7013b687-5567-11e8-89df-dca9047ef277,1,3,2048,1494
59f46187-23d2-11e8-a6a3-ec086b02610b,59f46187-23d2-11e8-a6a3-ec086b02610b.jpg,34,deer,61,2014-05-27 07:56:35,70139f99-5567-11e8-a91b-dca9047ef277,1,3,2048,1494
59f462f8-23d2-11e8-a6a3-ec086b02610b,59f462f8-23d2-11e8-a6a3-ec086b02610b.jpg,34,deer,6,2013-10-16 01:09:08,70170da6-5567-11e8-a5f4-dca9047ef277,2,3,2048,1494
59f4642d-23d2-11e8-a6a3-ec086b02610b,59f4642d-23d2-11e8-a6a3-ec086b02610b.jpg,34,deer,27,2015-03-25 01:25:13,701277bd-5567-11e8-8f08-dca9047ef277,2,3,2048,1494
59f5fd5a-23d2-11e8-a6a3-ec086b02610b,59f5fd5a-23d2-11e8-a6a3-ec086b02610b.jpg,34,deer,61,2014-06-07 06:58:44,7013ae17-5567-11e8-a8f2-dca9047ef277,3,3,2048,1494
59f5feab-23d2-11e8-a6a3-ec086b02610b,59f5feab-23d2-11e8-a6a3-ec086b02610b.jpg,34,deer,42,2014-12-24 02:31:49,7019f7fa-5567-11e8-9258-dca9047ef277,2,3,2048,1494
59f5fee9-23d2-11e8-a6a3-ec086b02610b,59f5fee9-23d2-11e8-a6a3-ec086b02610b.jpg,34,deer,59,2013-09-13 16:30:04,701874f3-5567-11e8-bfc9-dca9047ef277,1,5,2048,1494
59f79850-23d2-11e8-a6a3-ec086b02610b,59f79850-23d2-11e8-a6a3-ec086b02610b.jpg,34,deer,44,2014-05-26 06:24:54,70120b4f-5567-11e8-aac4-dca9047ef277,3,3,800,584
59f79944-23d2-11e8-a6a3-ec086b02610b,59f79944-23d2-11e8-a6a3-ec086b02610b.jpg,34,deer,53,2014-11-17 12:30:13,701962f5-5567-11e8-a24d-dca9047ef277,2,3,2048,1494
59f79b5c-23d2-11e8-a6a3-ec086b02610b,59f79b5c-23d2-11e8-a6a3-ec086b02610b.jpg,34,deer,25,2015-02-02 07:06:48,7010e79e-5567-11e8-9e43-dca9047ef277,3,3,2048,1494
59f94556-23d2-11e8-a6a3-ec086b02610b,59f94556-23d2-11e8-a6a3-ec086b02610b.jpg,34,deer,55,2014-07-09 03:58:25,701891c5-5567-11e8-b25b-dca9047ef277,1,3,2048,1494
59f94660-23d2-11e8-a6a3-ec086b02610b,59f94660-23d2-11e8-a6a3-ec086b02610b.jpg,34,deer,42,2014-12-24 02:31:53,7019f854-5567-11e8-b82d-dca9047ef277,3,3,2048,1494
59f94700-23d2-11e8-a6a3-ec086b02610b,59f94700-23d2-11e8-a6a3-ec086b02610b.jpg,34,deer,55,2014-07-09 03:58:22,70189180-5567-11e8-923a-dca9047ef277,2,3,2048,1494
59fae389-23d2-11e8-a6a3-ec086b02610b,59fae389-23d2-11e8-a6a3-ec086b02610b.jpg,34,deer,61,2014-05-27 07:57:36,7013a1f3-5567-11e8-86e8-dca9047ef277,3,3,2048,1494
59fae3c7-23d2-11e8-a6a3-ec086b02610b,59fae3c7-23d2-11e8-a6a3-ec086b02610b.jpg,34,deer,44,2014-05-24 20:34:54,7011f5a8-5567-11e8-b62d-dca9047ef277,1,3,800,584
59fae505-23d2-11e8-a6a3-ec086b02610b,59fae505-23d2-11e8-a6a3-ec086b02610b.jpg,34,deer,57,2014-04-05 20:11:57,6f8713f5-5567-11e8-8b00-dca9047ef277,1,1,2048,1494
59fae5e3-23d2-11e8-a6a3-ec086b02610b,59fae5e3-23d2-11e8-a6a3-ec086b02610b.jpg,34,deer,26,2013-11-04 18:37:16,6f27ee87-5567-11e8-98a3-dca9047ef277,1,1,2048,1494
59fae636-23d2-11e8-a6a3-ec086b02610b,59fae636-23d2-11e8-a6a3-ec086b02610b.jpg,34,deer,34,2013-10-23 14:55:23,7014d251-5567-11e8-89a5-dca9047ef277,1,3,800,584
59fae708-23d2-11e8-a6a3-ec086b02610b,59fae708-23d2-11e8-a6a3-ec086b02610b.jpg,34,deer,6,2013-10-15 23:37:24,70170a85-5567-11e8-a6d9-dca9047ef277,2,3,2048,1494
59fc7d89-23d2-11e8-a6a3-ec086b02610b,59fc7d89-23d2-11e8-a6a3-ec086b02610b.jpg,34,deer,55,2014-07-24 05:58:54,7018934c-5567-11e8-aca5-dca9047ef277,1,3,2048,1494
59fc7f00-23d2-11e8-a6a3-ec086b02610b,59fc7f00-23d2-11e8-a6a3-ec086b02610b.jpg,34,deer,44,2014-05-26 06:24:50,70120b0a-5567-11e8-b1e2-dca9047ef277,2,3,800,584
59fc8051-23d2-11e8-a6a3-ec086b02610b,59fc8051-23d2-11e8-a6a3-ec086b02610b.jpg,34,deer,32,2014-05-29 02:25:29,70112485-5567-11e8-bd89-dca9047ef277,2,3,2048,1494
59fe20df-23d2-11e8-a6a3-ec086b02610b,59fe20df-23d2-11e8-a6a3-ec086b02610b.jpg,34,deer,32,2014-01-18 02:23:22,701119fa-5567-11e8-8226-dca9047ef277,3,3,2048,1494
59fe2107-23d2-11e8-a6a3-ec086b02610b,59fe2107-23d2-11e8-a6a3-ec086b02610b.jpg,34,deer,48,2014-03-18 23:51:43,701b382e-5567-11e8-9cba-dca9047ef277,1,3,2048,1494
59fe2189-23d2-11e8-a6a3-ec086b02610b,59fe2189-23d2-11e8-a6a3-ec086b02610b.jpg,34,deer,55,2014-07-09 03:58:08,70189138-5567-11e8-8a97-dca9047ef277,3,3,2048,1494
59fe21aa-23d2-11e8-a6a3-ec086b02610b,59fe21aa-23d2-11e8-a6a3-ec086b02610b.jpg,34,deer,34,2013-10-28 10:58:08,7014eaf8-5567-11e8-a8ba-dca9047ef277,1,3,800,584
59fe224f-23d2-11e8-a6a3-ec086b02610b,59fe224f-23d2-11e8-a6a3-ec086b02610b.jpg,34,deer,41,2014-06-07 07:49:44,7011c128-5567-11e8-a5f9-dca9047ef277,2,3,2048,1494
59fe2267-23d2-11e8-a6a3-ec086b02610b,59fe2267-23d2-11e8-a6a3-ec086b02610b.jpg,34,deer,63,2013-11-13 11:12:50,70175947-5567-11e8-8978-dca9047ef277,2,3,2048,1494
59fe22a8-23d2-11e8-a6a3-ec086b02610b,59fe22a8-23d2-11e8-a6a3-ec086b02610b.jpg,34,deer,27,2014-05-25 03:57:46,701233dc-5567-11e8-ac00-dca9047ef277,1,3,2048,1494
59fe22c1-23d2-11e8-a6a3-ec086b02610b,59fe22c1-23d2-11e8-a6a3-ec086b02610b.jpg,34,deer,44,2014-05-26 06:31:42,7012237a-5567-11e8-9a52-dca9047ef277,2,3,800,584
59fe2444-23d2-11e8-a6a3-ec086b02610b,59fe2444-23d2-11e8-a6a3-ec086b02610b.jpg,34,deer,23,2014-01-19 09:28:55,6fe286d1-5567-11e8-b115-dca9047ef277,1,1,2048,1494
59ffb983-23d2-11e8-a6a3-ec086b02610b,59ffb983-23d2-11e8-a6a3-ec086b02610b.jpg,34,deer,53,2014-11-17 12:31:51,701965eb-5567-11e8-b22a-dca9047ef277,3,3,2048,1494
59ffba46-23d2-11e8-a6a3-ec086b02610b,59ffba46-23d2-11e8-a6a3-ec086b02610b.jpg,34,deer,41,2014-06-30 04:23:10,7011d957-5567-11e8-8fd2-dca9047ef277,2,3,2048,1494
59ffba97-23d2-11e8-a6a3-ec086b02610b,59ffba97-23d2-11e8-a6a3-ec086b02610b.jpg,34,deer,4,2013-09-09 19:25:01,7016d0a1-5567-11e8-9350-dca9047ef277,2,3,2048,1494
5a015da9-23d2-11e8-a6a3-ec086b02610b,5a015da9-23d2-11e8-a6a3-ec086b02610b.jpg,34,deer,44,2013-08-02 11:27:10,7011e326-5567-11e8-8501-dca9047ef277,1,3,2048,1494
5a02fa40-23d2-11e8-a6a3-ec086b02610b,5a02fa40-23d2-11e8-a6a3-ec086b02610b.jpg,34,deer,32,2014-01-18 02:23:05,70111914-5567-11e8-82c5-dca9047ef277,1,3,2048,1494
5a02fac6-23d2-11e8-a6a3-ec086b02610b,5a02fac6-23d2-11e8-a6a3-ec086b02610b.jpg,34,deer,63,2014-02-16 03:38:53,70176300-5567-11e8-ae74-dca9047ef277,2,3,2048,1494
5a0492ef-23d2-11e8-a6a3-ec086b02610b,5a0492ef-23d2-11e8-a6a3-ec086b02610b.jpg,34,deer,29,2012-09-30 12:54:00,700a7ff0-5567-11e8-b8b1-dca9047ef277,1,1,2048,1536
5a0493c8-23d2-11e8-a6a3-ec086b02610b,5a0493c8-23d2-11e8-a6a3-ec086b02610b.jpg,34,deer,32,2014-05-28 07:16:42,701122b0-5567-11e8-b8b2-dca9047ef277,1,3,2048,1494
5a049607-23d2-11e8-a6a3-ec086b02610b,5a049607-23d2-11e8-a6a3-ec086b02610b.jpg,34,deer,26,2014-07-30 01:32:27,6f4bb73a-5567-11e8-93c5-dca9047ef277,1,1,2048,1494
5a062f42-23d2-11e8-a6a3-ec086b02610b,5a062f42-23d2-11e8-a6a3-ec086b02610b.jpg,34,deer,63,2013-11-23 17:16:48,70175ca1-5567-11e8-ab77-dca9047ef277,2,3,2048,1494
5a062fa7-23d2-11e8-a6a3-ec086b02610b,5a062fa7-23d2-11e8-a6a3-ec086b02610b.jpg,34,deer,34,2013-10-21 13:24:42,7014ca78-5567-11e8-a37b-dca9047ef277,2,3,800,584
5a0630d9-23d2-11e8-a6a3-ec086b02610b,5a0630d9-23d2-11e8-a6a3-ec086b02610b.jpg,34,deer,25,2014-09-27 06:08:39,7010e2d1-5567-11e8-9dcb-dca9047ef277,1,3,2048,1494
5a0630f0-23d2-11e8-a6a3-ec086b02610b,5a0630f0-23d2-11e8-a6a3-ec086b02610b.jpg,34,deer,27,2015-03-11 03:25:42,701250e8-5567-11e8-9ad3-dca9047ef277,3,3,2048,1494
5a063148-23d2-11e8-a6a3-ec086b02610b,5a063148-23d2-11e8-a6a3-ec086b02610b.jpg,34,deer,37,2014-09-02 20:11:39,70182663-5567-11e8-a240-dca9047ef277,3,3,2048,1494
5a07cbcf-23d2-11e8-a6a3-ec086b02610b,5a07cbcf-23d2-11e8-a6a3-ec086b02610b.jpg,34,deer,56,2014-10-15 04:34:02,70111107-5567-11e8-80c9-dca9047ef277,1,3,2048,1494
5a07cc2a-23d2-11e8-a6a3-ec086b02610b,5a07cc2a-23d2-11e8-a6a3-ec086b02610b.jpg,34,deer,4,2013-10-16 06:06:51,7016d763-5567-11e8-aa1b-dca9047ef277,2,3,2048,1494
5a07cd09-23d2-11e8-a6a3-ec086b02610b,5a07cd09-23d2-11e8-a6a3-ec086b02610b.jpg,34,deer,63,2014-02-03 19:44:52,701760ee-5567-11e8-8603-dca9047ef277,1,3,2048,1494
5a07cdfd-23d2-11e8-a6a3-ec086b02610b,5a07cdfd-23d2-11e8-a6a3-ec086b02610b.jpg,34,deer,53,2014-11-17 12:31:46,7019659c-5567-11e8-b621-dca9047ef277,1,3,2048,1494
5a09693b-23d2-11e8-a6a3-ec086b02610b,5a09693b-23d2-11e8-a6a3-ec086b02610b.jpg,34,deer,4,2013-11-07 11:38:36,7016d9d1-5567-11e8-9c5b-dca9047ef277,2,3,2048,1494
5a096a66-23d2-11e8-a6a3-ec086b02610b,5a096a66-23d2-11e8-a6a3-ec086b02610b.jpg,34,deer,41,2014-06-04 04:25:00,7011a5b5-5567-11e8-9f1c-dca9047ef277,3,3,2048,1494
5a096b15-23d2-11e8-a6a3-ec086b02610b,5a096b15-23d2-11e8-a6a3-ec086b02610b.jpg,34,deer,44,2014-05-27 12:08:51,701224f8-5567-11e8-a391-dca9047ef277,3,3,800,584
5a0affb2-23d2-11e8-a6a3-ec086b02610b,5a0affb2-23d2-11e8-a6a3-ec086b02610b.jpg,34,deer,21,2015-05-17 10:22:29,701d2202-5567-11e8-8c08-dca9047ef277,3,3,2048,1494
5a0b0138-23d2-11e8-a6a3-ec086b02610b,5a0b0138-23d2-11e8-a6a3-ec086b02610b.jpg,34,deer,27,2015-03-25 01:21:57,70126828-5567-11e8-871d-dca9047ef277,2,3,2048,1494
5a0b0315-23d2-11e8-a6a3-ec086b02610b,5a0b0315-23d2-11e8-a6a3-ec086b02610b.jpg,34,deer,23,2014-05-08 06:21:19,6fe77d8c-5567-11e8-b691-dca9047ef277,1,1,2048,1494
5a0c9c5b-23d2-11e8-a6a3-ec086b02610b,5a0c9c5b-23d2-11e8-a6a3-ec086b02610b.jpg,34,deer,55,2014-07-24 05:59:09,70189494-5567-11e8-88ce-dca9047ef277,2,3,2048,1494
5a0c9c7b-23d2-11e8-a6a3-ec086b02610b,5a0c9c7b-23d2-11e8-a6a3-ec086b02610b.jpg,34,deer,61,2014-06-07 06:57:49,7013aa07-5567-11e8-909c-dca9047ef277,2,3,2048,1494
5a0c9c8a-23d2-11e8-a6a3-ec086b02610b,5a0c9c8a-23d2-11e8-a6a3-ec086b02610b.jpg,34,deer,32,2014-10-08 18:00:16,701126a1-5567-11e8-9bbc-dca9047ef277,2,3,2048,1494
5a0c9cbd-23d2-11e8-a6a3-ec086b02610b,5a0c9cbd-23d2-11e8-a6a3-ec086b02610b.jpg,34,deer,41,2014-05-27 07:12:56,7011966e-5567-11e8-9f18-dca9047ef277,2,3,2048,1494
5a0c9da3-23d2-11e8-a6a3-ec086b02610b,5a0c9da3-23d2-11e8-a6a3-ec086b02610b.jpg,34,deer,6,2013-10-16 01:51:08,701712cc-5567-11e8-9bc4-dca9047ef277,3,3,2048,1494
5a0e355a-23d2-11e8-a6a3-ec086b02610b,5a0e355a-23d2-11e8-a6a3-ec086b02610b.jpg,34,deer,32,2014-10-08 18:00:20,70112705-5567-11e8-8e85-dca9047ef277,2,3,2048,1494
5a0e35d2-23d2-11e8-a6a3-ec086b02610b,5a0e35d2-23d2-11e8-a6a3-ec086b02610b.jpg,34,deer,25,2014-09-26 02:13:59,7010e14c-5567-11e8-9e68-dca9047ef277,2,3,2048,1494
5a0fceba-23d2-11e8-a6a3-ec086b02610b,5a0fceba-23d2-11e8-a6a3-ec086b02610b.jpg,34,deer,57,2013-09-29 04:02:46,6f7cb045-5567-11e8-94c2-dca9047ef277,1,1,2048,1494
5a0fcf2b-23d2-11e8-a6a3-ec086b02610b,5a0fcf2b-23d2-11e8-a6a3-ec086b02610b.jpg,34,deer,25,2014-09-26 02:13:41,7010e05c-5567-11e8-b064-dca9047ef277,1,3,2048,1494
5a0fcfaa-23d2-11e8-a6a3-ec086b02610b,5a0fcfaa-23d2-11e8-a6a3-ec086b02610b.jpg,34,deer,25,2014-09-27 06:08:24,7010e23a-5567-11e8-b018-dca9047ef277,2,3,2048,1494
5a0fd0c2-23d2-11e8-a6a3-ec086b02610b,5a0fd0c2-23d2-11e8-a6a3-ec086b02610b.jpg,34,deer,44,2014-01-20 07:32:11,7011e6bd-5567-11e8-87d5-dca9047ef277,3,3,2048,1494
5a0fd0f9-23d2-11e8-a6a3-ec086b02610b,5a0fd0f9-23d2-11e8-a6a3-ec086b02610b.jpg,34,deer,25,2015-02-02 07:06:32,7010e5d4-5567-11e8-b0be-dca9047ef277,1,3,2048,1494
5a0fd1f2-23d2-11e8-a6a3-ec086b02610b,5a0fd1f2-23d2-11e8-a6a3-ec086b02610b.jpg,34,deer,63,2014-01-22 07:33:52,70175dd7-5567-11e8-97f9-dca9047ef277,1,3,2048,1494
5a0fd25f-23d2-11e8-a6a3-ec086b02610b,5a0fd25f-23d2-11e8-a6a3-ec086b02610b.jpg,34,deer,57,2014-07-05 07:30:29,6f8c2470-5567-11e8-96e6-dca9047ef277,1,1,2048,1494
5a116afe-23d2-11e8-a6a3-ec086b02610b,5a116afe-23d2-11e8-a6a3-ec086b02610b.jpg,34,deer,23,2014-01-11 09:20:24,6fe22938-5567-11e8-a5e9-dca9047ef277,1,1,2048,1494
5a116bf1-23d2-11e8-a6a3-ec086b02610b,5a116bf1-23d2-11e8-a6a3-ec086b02610b.jpg,34,deer,57,2014-01-14 07:57:57,6f83b1d1-5567-11e8-85d0-dca9047ef277,1,1,2048,1494
5a116c53-23d2-11e8-a6a3-ec086b02610b,5a116c53-23d2-11e8-a6a3-ec086b02610b.jpg,34,deer,21,2014-02-16 15:53:31,701d1d85-5567-11e8-a316-dca9047ef277,3,3,2048,1494
5a116ce9-23d2-11e8-a6a3-ec086b02610b,5a116ce9-23d2-11e8-a6a3-ec086b02610b.jpg,34,deer,26,2014-08-27 13:31:58,6f4d1885-5567-11e8-8119-dca9047ef277,1,1,2048,1494
5a116d1b-23d2-11e8-a6a3-ec086b02610b,5a116d1b-23d2-11e8-a6a3-ec086b02610b.jpg,34,deer,55,2014-07-24 05:59:02,701893e3-5567-11e8-b3cd-dca9047ef277,3,3,2048,1494
5a116ebe-23d2-11e8-a6a3-ec086b02610b,5a116ebe-23d2-11e8-a6a3-ec086b02610b.jpg,34,deer,44,2014-05-26 06:31:13,70122082-5567-11e8-b53b-dca9047ef277,1,3,800,584
5a116ec3-23d2-11e8-a6a3-ec086b02610b,5a116ec3-23d2-11e8-a6a3-ec086b02610b.jpg,34,deer,10,2014-06-03 23:46:26,701d7ff5-5567-11e8-86e7-dca9047ef277,2,5,2048,1494
5a1308a5-23d2-11e8-a6a3-ec086b02610b,5a1308a5-23d2-11e8-a6a3-ec086b02610b.jpg,34,deer,35,2013-10-05 04:49:17,7011358f-5567-11e8-8bf1-dca9047ef277,2,3,2048,1494
5a1308d2-23d2-11e8-a6a3-ec086b02610b,5a1308d2-23d2-11e8-a6a3-ec086b02610b.jpg,34,deer,42,2014-08-06 23:57:00,7019e2c2-5567-11e8-8151-dca9047ef277,3,3,2048,1494
5a13092d-23d2-11e8-a6a3-ec086b02610b,5a13092d-23d2-11e8-a6a3-ec086b02610b.jpg,34,deer,41,2014-05-27 07:12:51,701195d9-5567-11e8-a703-dca9047ef277,3,3,2048,1494
5a130a62-23d2-11e8-a6a3-ec086b02610b,5a130a62-23d2-11e8-a6a3-ec086b02610b.jpg,34,deer,4,2013-09-09 19:25:19,7016d142-5567-11e8-aceb-dca9047ef277,1,3,2048,1494
5a14a448-23d2-11e8-a6a3-ec086b02610b,5a14a448-23d2-11e8-a6a3-ec086b02610b.jpg,34,deer,37,2014-05-19 07:44:54,70181c59-5567-11e8-aef5-dca9047ef277,1,3,2048,1494
5a14a50e-23d2-11e8-a6a3-ec086b02610b,5a14a50e-23d2-11e8-a6a3-ec086b02610b.jpg,34,deer,37,2014-04-28 08:16:20,701818fd-5567-11e8-8518-dca9047ef277,2,3,2048,1494
5a14a51b-23d2-11e8-a6a3-ec086b02610b,5a14a51b-23d2-11e8-a6a3-ec086b02610b.jpg,34,deer,10,2014-09-14 03:29:21,701d90e1-5567-11e8-9930-dca9047ef277,3,3,2048,1494
5a14a54d-23d2-11e8-a6a3-ec086b02610b,5a14a54d-23d2-11e8-a6a3-ec086b02610b.jpg,34,deer,63,2014-02-21 19:49:10,7017644a-5567-11e8-b1d2-dca9047ef277,2,3,2048,1494
5a14a63a-23d2-11e8-a6a3-ec086b02610b,5a14a63a-23d2-11e8-a6a3-ec086b02610b.jpg,34,deer,29,2012-09-18 01:55:00,700a7a59-5567-11e8-8b6e-dca9047ef277,1,1,2048,1536
5a14a695-23d2-11e8-a6a3-ec086b02610b,5a14a695-23d2-11e8-a6a3-ec086b02610b.jpg,34,deer,42,2014-08-06 23:58:02,7019e70f-5567-11e8-b96b-dca9047ef277,3,3,2048,1494
5a163eae-23d2-11e8-a6a3-ec086b02610b,5a163eae-23d2-11e8-a6a3-ec086b02610b.jpg,34,deer,53,2014-11-17 12:31:38,7019654a-5567-11e8-b2ac-dca9047ef277,1,3,2048,1494
5a163efe-23d2-11e8-a6a3-ec086b02610b,5a163efe-23d2-11e8-a6a3-ec086b02610b.jpg,34,deer,57,2013-10-23 02:08:11,6f7e8b6b-5567-11e8-9235-dca9047ef277,1,1,2048,1494
5a16401f-23d2-11e8-a6a3-ec086b02610b,5a16401f-23d2-11e8-a6a3-ec086b02610b.jpg,34,deer,42,2015-01-01 09:48:59,7019fb8a-5567-11e8-9b0e-dca9047ef277,1,3,2048,1494
5a17dd49-23d2-11e8-a6a3-ec086b02610b,5a17dd49-23d2-11e8-a6a3-ec086b02610b.jpg,34,deer,10,2014-05-11 07:10:31,701d7a23-5567-11e8-9f51-dca9047ef277,2,5,2048,1494
5a17ded5-23d2-11e8-a6a3-ec086b02610b,5a17ded5-23d2-11e8-a6a3-ec086b02610b.jpg,34,deer,34,2014-01-28 15:40:49,70151ec5-5567-11e8-931d-dca9047ef277,1,3,2048,1494
5a17defc-23d2-11e8-a6a3-ec086b02610b,5a17defc-23d2-11e8-a6a3-ec086b02610b.jpg,34,deer,63,2013-11-18 11:58:05,70175994-5567-11e8-b9d3-dca9047ef277,2,3,2048,1494
5a19797d-23d2-11e8-a6a3-ec086b02610b,5a19797d-23d2-11e8-a6a3-ec086b02610b.jpg,34,deer,23,2014-05-30 06:58:09,6fe8b028-5567-11e8-8ad4-dca9047ef277,1,1,2048,1494
5a1979c6-23d2-11e8-a6a3-ec086b02610b,5a1979c6-23d2-11e8-a6a3-ec086b02610b.jpg,34,deer,53,2014-11-17 12:32:09,7019663a-5567-11e8-ab31-dca9047ef277,3,3,2048,1494
5a197bd9-23d2-11e8-a6a3-ec086b02610b,5a197bd9-23d2-11e8-a6a3-ec086b02610b.jpg,34,deer,42,2014-08-06 23:56:09,7019e135-5567-11e8-921d-dca9047ef277,3,3,2048,1494
5a197c2d-23d2-11e8-a6a3-ec086b02610b,5a197c2d-23d2-11e8-a6a3-ec086b02610b.jpg,34,deer,6,2013-10-15 22:21:06,70170319-5567-11e8-a639-dca9047ef277,3,3,2048,1494
5a1b1476-23d2-11e8-a6a3-ec086b02610b,5a1b1476-23d2-11e8-a6a3-ec086b02610b.jpg,34,deer,11,2014-08-26 18:54:16,7018e9bd-5567-11e8-b90f-dca9047ef277,2,3,2048,1494
5a1b147b-23d2-11e8-a6a3-ec086b02610b,5a1b147b-23d2-11e8-a6a3-ec086b02610b.jpg,34,deer,57,2013-10-07 19:37:18,6f7d6da3-5567-11e8-afca-dca9047ef277,1,1,2048,1494
5a1b1491-23d2-11e8-a6a3-ec086b02610b,5a1b1491-23d2-11e8-a6a3-ec086b02610b.jpg,34,deer,61,2014-06-07 06:58:00,7013aad9-5567-11e8-a930-dca9047ef277,2,3,2048,1494
5a1caf97-23d2-11e8-a6a3-ec086b02610b,5a1caf97-23d2-11e8-a6a3-ec086b02610b.jpg,34,deer,26,2013-11-27 05:11:51,6f28faba-5567-11e8-a936-dca9047ef277,1,1,2048,1494
5a1cb019-23d2-11e8-a6a3-ec086b02610b,5a1cb019-23d2-11e8-a6a3-ec086b02610b.jpg,34,deer,21,2015-05-07 13:32:48,701d2159-5567-11e8-b76a-dca9047ef277,3,3,2048,1494
5a1e4fa7-23d2-11e8-a6a3-ec086b02610b,5a1e4fa7-23d2-11e8-a6a3-ec086b02610b.jpg,34,deer,25,2015-02-02 07:05:01,7010e4ee-5567-11e8-a061-dca9047ef277,1,3,2048,1494
5a1e51a6-23d2-11e8-a6a3-ec086b02610b,5a1e51a6-23d2-11e8-a6a3-ec086b02610b.jpg,34,deer,10,2014-09-09 12:20:56,701d8da1-5567-11e8-b729-dca9047ef277,1,3,2048,1494
5a1e51fb-23d2-11e8-a6a3-ec086b02610b,5a1e51fb-23d2-11e8-a6a3-ec086b02610b.jpg,34,deer,23,2014-04-17 08:22:29,6fe670f5-5567-11e8-b000-dca9047ef277,1,1,2048,1494
5a1fe668-23d2-11e8-a6a3-ec086b02610b,5a1fe668-23d2-11e8-a6a3-ec086b02610b.jpg,34,deer,42,2014-08-06 23:58:25,7019e902-5567-11e8-898c-dca9047ef277,1,3,2048,1494
5a1fe7c8-23d2-11e8-a6a3-ec086b02610b,5a1fe7c8-23d2-11e8-a6a3-ec086b02610b.jpg,34,deer,59,2013-09-13 16:30:02,701874a1-5567-11e8-a502-dca9047ef277,4,5,2048,1494
5a1fe7da-23d2-11e8-a6a3-ec086b02610b,5a1fe7da-23d2-11e8-a6a3-ec086b02610b.jpg,34,deer,29,2012-09-03 23:02:00,700a745e-5567-11e8-bfab-dca9047ef277,1,1,2048,1536
5a2175f4-23d2-11e8-a6a3-ec086b02610b,5a2175f4-23d2-11e8-a6a3-ec086b02610b.jpg,34,deer,26,2014-08-28 12:15:41,6f4d2142-5567-11e8-a2b6-dca9047ef277,1,1,2048,1494
5a217699-23d2-11e8-a6a3-ec086b02610b,5a217699-23d2-11e8-a6a3-ec086b02610b.jpg,34,deer,2,2013-10-02 04:04:47,70155a2e-5567-11e8-bb2a-dca9047ef277,3,3,2048,1494
5a2177bc-23d2-11e8-a6a3-ec086b02610b,5a2177bc-23d2-11e8-a6a3-ec086b02610b.jpg,34,deer,6,2013-10-16 01:12:21,701710b3-5567-11e8-bb0f-dca9047ef277,1,3,2048,1494
5a217884-23d2-11e8-a6a3-ec086b02610b,5a217884-23d2-11e8-a6a3-ec086b02610b.jpg,34,deer,6,2013-10-16 04:28:52,7017162b-5567-11e8-97d8-dca9047ef277,1,3,2048,1494
5a21788e-23d2-11e8-a6a3-ec086b02610b,5a21788e-23d2-11e8-a6a3-ec086b02610b.jpg,34,deer,26,2014-07-14 15:36:05,6f4ad1a8-5567-11e8-99da-dca9047ef277,1,1,2048,1494
5a230fc5-23d2-11e8-a6a3-ec086b02610b,5a230fc5-23d2-11e8-a6a3-ec086b02610b.jpg,34,deer,23,2013-10-08 07:18:41,6fde6c26-5567-11e8-b5a9-dca9047ef277,1,1,2048,1494
5a23104f-23d2-11e8-a6a3-ec086b02610b,5a23104f-23d2-11e8-a6a3-ec086b02610b.jpg,34,deer,55,2014-07-24 05:59:04,70189447-5567-11e8-99f0-dca9047ef277,1,3,2048,1494
5a231062-23d2-11e8-a6a3-ec086b02610b,5a231062-23d2-11e8-a6a3-ec086b02610b.jpg,34,deer,48,2014-04-08 07:00:21,701b39c7-5567-11e8-a83b-dca9047ef277,1,3,2048,1494
5a231095-23d2-11e8-a6a3-ec086b02610b,5a231095-23d2-11e8-a6a3-ec086b02610b.jpg,34,deer,61,2014-05-27 07:57:54,7013a24a-5567-11e8-aebd-dca9047ef277,2,3,2048,1494
5a231169-23d2-11e8-a6a3-ec086b02610b,5a231169-23d2-11e8-a6a3-ec086b02610b.jpg,34,deer,27,2015-04-04 03:44:37,7012bb78-5567-11e8-9e62-dca9047ef277,2,3,2048,1494
5a2311e3-23d2-11e8-a6a3-ec086b02610b,5a2311e3-23d2-11e8-a6a3-ec086b02610b.jpg,34,deer,4,2013-10-16 06:06:28,7016d6b8-5567-11e8-be97-dca9047ef277,1,3,2048,1494
5a24a7e8-23d2-11e8-a6a3-ec086b02610b,5a24a7e8-23d2-11e8-a6a3-ec086b02610b.jpg,34,deer,36,2011-05-08 22:01:00,70086b5c-5567-11e8-a702-dca9047ef277,1,1,2048,1536
5a24a813-23d2-11e8-a6a3-ec086b02610b,5a24a813-23d2-11e8-a6a3-ec086b02610b.jpg,34,deer,10,2014-10-22 19:24:30,701d9b30-5567-11e8-800f-dca9047ef277,3,3,2048,1494
5a24a947-23d2-11e8-a6a3-ec086b02610b,5a24a947-23d2-11e8-a6a3-ec086b02610b.jpg,34,deer,34,2013-08-24 16:58:23,7014ad54-5567-11e8-8d80-dca9047ef277,3,3,800,584
5a24a967-23d2-11e8-a6a3-ec086b02610b,5a24a967-23d2-11e8-a6a3-ec086b02610b.jpg,34,deer,25,2014-09-27 06:08:50,7010e3b8-5567-11e8-8833-dca9047ef277,2,3,2048,1494
5a24aa47-23d2-11e8-a6a3-ec086b02610b,5a24aa47-23d2-11e8-a6a3-ec086b02610b.jpg,34,deer,41,2014-06-10 07:09:43,7011cae6-5567-11e8-a534-dca9047ef277,2,3,2048,1494
5a26377f-23d2-11e8-a6a3-ec086b02610b,5a26377f-23d2-11e8-a6a3-ec086b02610b.jpg,34,deer,34,2013-11-12 09:28:17,70150ed4-5567-11e8-bd93-dca9047ef277,1,3,2048,1494
5a26391e-23d2-11e8-a6a3-ec086b02610b,5a26391e-23d2-11e8-a6a3-ec086b02610b.jpg,34,deer,32,2014-10-16 08:20:11,7011288c-5567-11e8-9660-dca9047ef277,1,3,2048,1494
5a263938-23d2-11e8-a6a3-ec086b02610b,5a263938-23d2-11e8-a6a3-ec086b02610b.jpg,34,deer,10,2013-12-26 03:26:12,701d6547-5567-11e8-a8de-dca9047ef277,2,3,2048,1494
5a27da97-23d2-11e8-a6a3-ec086b02610b,5a27da97-23d2-11e8-a6a3-ec086b02610b.jpg,34,deer,26,2013-10-03 19:37:37,6f1f33cc-5567-11e8-a108-dca9047ef277,1,1,2048,1494
5a29635d-23d2-11e8-a6a3-ec086b02610b,5a29635d-23d2-11e8-a6a3-ec086b02610b.jpg,34,deer,4,2013-09-22 23:58:45,7016d535-5567-11e8-a9d2-dca9047ef277,3,3,2048,1494
5a2963c2-23d2-11e8-a6a3-ec086b02610b,5a2963c2-23d2-11e8-a6a3-ec086b02610b.jpg,34,deer,53,2014-11-17 12:31:25,701964ab-5567-11e8-af5c-dca9047ef277,2,3,2048,1494
5a296429-23d2-11e8-a6a3-ec086b02610b,5a296429-23d2-11e8-a6a3-ec086b02610b.jpg,34,deer,42,2014-08-06 23:56:57,7019e273-5567-11e8-aa44-dca9047ef277,3,3,2048,1494
5a29647b-23d2-11e8-a6a3-ec086b02610b,5a29647b-23d2-11e8-a6a3-ec086b02610b.jpg,34,deer,23,2014-03-09 05:44:26,6fe4a726-5567-11e8-bc6d-dca9047ef277,1,1,2048,1494
5a29653f-23d2-11e8-a6a3-ec086b02610b,5a29653f-23d2-11e8-a6a3-ec086b02610b.jpg,34,deer,44,2014-05-27 06:13:44,70122411-5567-11e8-9556-dca9047ef277,3,3,800,584
5a296638-23d2-11e8-a6a3-ec086b02610b,5a296638-23d2-11e8-a6a3-ec086b02610b.jpg,34,deer,44,2014-05-26 06:24:08,701207fa-5567-11e8-bfc9-dca9047ef277,3,3,800,584
5a296671-23d2-11e8-a6a3-ec086b02610b,5a296671-23d2-11e8-a6a3-ec086b02610b.jpg,34,deer,42,2014-08-06 23:58:15,7019e859-5567-11e8-8975-dca9047ef277,3,3,2048,1494
5a296690-23d2-11e8-a6a3-ec086b02610b,5a296690-23d2-11e8-a6a3-ec086b02610b.jpg,34,deer,62,2011-05-08 21:58:00,7009bd40-5567-11e8-99e1-dca9047ef277,1,1,2048,1536
5a2af37a-23d2-11e8-a6a3-ec086b02610b,5a2af37a-23d2-11e8-a6a3-ec086b02610b.jpg,34,deer,29,2012-09-07 04:12:00,700a7975-5567-11e8-84a2-dca9047ef277,1,1,2048,1536
5a2af3c9-23d2-11e8-a6a3-ec086b02610b,5a2af3c9-23d2-11e8-a6a3-ec086b02610b.jpg,34,deer,44,2014-05-26 06:26:41,70120fe1-5567-11e8-acf7-dca9047ef277,2,3,800,584
5a2af695-23d2-11e8-a6a3-ec086b02610b,5a2af695-23d2-11e8-a6a3-ec086b02610b.jpg,34,deer,44,2014-05-26 06:25:18,70120bee-5567-11e8-b83f-dca9047ef277,3,3,800,584
5a2c84f6-23d2-11e8-a6a3-ec086b02610b,5a2c84f6-23d2-11e8-a6a3-ec086b02610b.jpg,34,deer,26,2014-04-27 07:29:38,6f371c00-5567-11e8-8bee-dca9047ef277,1,1,2048,1494
5a2c8643-23d2-11e8-a6a3-ec086b02610b,5a2c8643-23d2-11e8-a6a3-ec086b02610b.jpg,34,deer,55,2014-07-09 03:58:36,701892ae-5567-11e8-8f8b-dca9047ef277,2,3,2048,1494
5a2c8733-23d2-11e8-a6a3-ec086b02610b,5a2c8733-23d2-11e8-a6a3-ec086b02610b.jpg,34,deer,59,2013-09-13 16:30:31,70187628-5567-11e8-85d9-dca9047ef277,4,5,2048,1494
5a2e1227-23d2-11e8-a6a3-ec086b02610b,5a2e1227-23d2-11e8-a6a3-ec086b02610b.jpg,34,deer,6,2013-09-12 07:40:21,7016f423-5567-11e8-a09a-dca9047ef277,1,3,2048,1494
5a2e1296-23d2-11e8-a6a3-ec086b02610b,5a2e1296-23d2-11e8-a6a3-ec086b02610b.jpg,34,deer,27,2015-04-09 23:15:05,7012e0f0-5567-11e8-bfe0-dca9047ef277,1,3,2048,1494
5a2e12aa-23d2-11e8-a6a3-ec086b02610b,5a2e12aa-23d2-11e8-a6a3-ec086b02610b.jpg,34,deer,10,2013-12-26 01:25:08,701d64f8-5567-11e8-8e76-dca9047ef277,2,3,2048,1494
5a2e13c3-23d2-11e8-a6a3-ec086b02610b,5a2e13c3-23d2-11e8-a6a3-ec086b02610b.jpg,34,deer,53,2014-11-17 12:32:15,701966dc-5567-11e8-9e53-dca9047ef277,1,3,2048,1494
5858bf73-23d2-11e8-a6a3-ec086b02610b,5858bf73-23d2-11e8-a6a3-ec086b02610b.jpg,30,empty,93,2014-11-14 16:01:25,70180f6b-5567-11e8-b295-dca9047ef277,3,3,2048,1494
5858c063-23d2-11e8-a6a3-ec086b02610b,5858c063-23d2-11e8-a6a3-ec086b02610b.jpg,30,empty,98,2011-07-18 12:24:55,6f154c4a-5567-11e8-9873-dca9047ef277,2,3,2048,1494
5858c06b-23d2-11e8-a6a3-ec086b02610b,5858c06b-23d2-11e8-a6a3-ec086b02610b.jpg,30,empty,117,2014-04-02 03:44:05,701bb94f-5567-11e8-9271-dca9047ef277,1,3,2048,1494
5858c07e-23d2-11e8-a6a3-ec086b02610b,5858c07e-23d2-11e8-a6a3-ec086b02610b.jpg,30,empty,116,2014-12-01 16:27:04,7013269e-5567-11e8-8295-dca9047ef277,2,3,2048,1494
5858c0c5-23d2-11e8-a6a3-ec086b02610b,5858c0c5-23d2-11e8-a6a3-ec086b02610b.jpg,30,empty,114,2014-01-27 19:00:00,6ffbd9dc-5567-11e8-a2df-dca9047ef277,1,1,2048,1494
5858c1a2-23d2-11e8-a6a3-ec086b02610b,5858c1a2-23d2-11e8-a6a3-ec086b02610b.jpg,30,empty,108,2011-05-25 09:29:32,6f14c647-5567-11e8-b98a-dca9047ef277,2,3,2048,1494
5858c2b1-23d2-11e8-a6a3-ec086b02610b,5858c2b1-23d2-11e8-a6a3-ec086b02610b.jpg,30,empty,88,2012-03-18 16:18:46,6f147f73-5567-11e8-bbdb-dca9047ef277,2,3,2048,1494
5858c2e2-23d2-11e8-a6a3-ec086b02610b,5858c2e2-23d2-11e8-a6a3-ec086b02610b.jpg,30,empty,118,2013-02-25 14:05:22,700a99a3-5567-11e8-b33e-dca9047ef277,1,1,2560,1920
585a6266-23d2-11e8-a6a3-ec086b02610b,585a6266-23d2-11e8-a6a3-ec086b02610b.jpg,30,empty,121,2014-02-19 11:48:37,70183d1e-5567-11e8-a4cc-dca9047ef277,3,3,2048,1494
585a6295-23d2-11e8-a6a3-ec086b02610b,585a6295-23d2-11e8-a6a3-ec086b02610b.jpg,30,empty,96,2014-05-26 11:22:01,6fb9a4e8-5567-11e8-9654-dca9047ef277,1,1,2048,1494
585a6453-23d2-11e8-a6a3-ec086b02610b,585a6453-23d2-11e8-a6a3-ec086b02610b.jpg,30,empty,100,2011-02-28 11:37:46,6f1e75e3-5567-11e8-8f3d-dca9047ef277,1,3,2048,1494
585a6470-23d2-11e8-a6a3-ec086b02610b,585a6470-23d2-11e8-a6a3-ec086b02610b.jpg,30,empty,97,2014-09-18 12:18:32,701b2d59-5567-11e8-8958-dca9047ef277,1,3,2048,1494
585c04ae-23d2-11e8-a6a3-ec086b02610b,585c04ae-23d2-11e8-a6a3-ec086b02610b.jpg,30,empty,129,2014-10-11 03:19:18,701857c5-5567-11e8-a320-dca9047ef277,1,3,2048,1494
585c0633-23d2-11e8-a6a3-ec086b02610b,585c0633-23d2-11e8-a6a3-ec086b02610b.jpg,30,empty,95,2012-06-12 05:24:51,6f109b14-5567-11e8-b75a-dca9047ef277,2,3,2048,1494
585da9b5-23d2-11e8-a6a3-ec086b02610b,585da9b5-23d2-11e8-a6a3-ec086b02610b.jpg,30,empty,100,2011-05-06 11:22:23,6f1ed7d9-5567-11e8-8e67-dca9047ef277,2,3,2048,1494
585da9f2-23d2-11e8-a6a3-ec086b02610b,585da9f2-23d2-11e8-a6a3-ec086b02610b.jpg,30,empty,88,2011-09-09 17:41:21,6f13f702-5567-11e8-9049-dca9047ef277,2,3,2048,1494
585dac62-23d2-11e8-a6a3-ec086b02610b,585dac62-23d2-11e8-a6a3-ec086b02610b.jpg,30,empty,95,2012-06-10 22:33:35,6f1096a1-5567-11e8-9aee-dca9047ef277,1,3,2048,1494
585f4c90-23d2-11e8-a6a3-ec086b02610b,585f4c90-23d2-11e8-a6a3-ec086b02610b.jpg,30,empty,105,2011-05-25 14:20:23,6f19bdb8-5567-11e8-b2a4-dca9047ef277,1,3,2048,1494
585f4fc1-23d2-11e8-a6a3-ec086b02610b,585f4fc1-23d2-11e8-a6a3-ec086b02610b.jpg,30,empty,111,2014-10-19 23:13:26,70153670-5567-11e8-87e4-dca9047ef277,1,3,2048,1494
585f4fc7-23d2-11e8-a6a3-ec086b02610b,585f4fc7-23d2-11e8-a6a3-ec086b02610b.jpg,30,empty,137,2014-11-30 03:11:19,701a2b11-5567-11e8-b651-dca9047ef277,1,3,2048,1494
5860ecf1-23d2-11e8-a6a3-ec086b02610b,5860ecf1-23d2-11e8-a6a3-ec086b02610b.jpg,30,empty,129,2013-08-07 23:16:08,70184823-5567-11e8-86eb-dca9047ef277,2,3,2048,1494
5862920e-23d2-11e8-a6a3-ec086b02610b,5862920e-23d2-11e8-a6a3-ec086b02610b.jpg,30,empty,121,2014-03-09 14:01:52,70183e0f-5567-11e8-9206-dca9047ef277,2,3,2048,1494
5862929c-23d2-11e8-a6a3-ec086b02610b,5862929c-23d2-11e8-a6a3-ec086b02610b.jpg,30,empty,88,2011-10-17 17:28:48,6f140a75-5567-11e8-9e48-dca9047ef277,1,3,2048,1494
586292aa-23d2-11e8-a6a3-ec086b02610b,586292aa-23d2-11e8-a6a3-ec086b02610b.jpg,30,empty,76,2014-07-30 04:00:00,6f62c594-5567-11e8-a448-dca9047ef277,1,1,2048,1494
58643506-23d2-11e8-a6a3-ec086b02610b,58643506-23d2-11e8-a6a3-ec086b02610b.jpg,30,empty,75,2012-04-26 12:35:52,6efe2268-5567-11e8-b909-dca9047ef277,2,3,2048,1494
586437ec-23d2-11e8-a6a3-ec086b02610b,586437ec-23d2-11e8-a6a3-ec086b02610b.jpg,30,empty,112,2011-06-28 22:55:34,6f0e9c9e-5567-11e8-8cfc-dca9047ef277,3,3,2048,1494
586437ef-23d2-11e8-a6a3-ec086b02610b,586437ef-23d2-11e8-a6a3-ec086b02610b.jpg,30,empty,75,2011-08-26 07:37:17,6efd4dc2-5567-11e8-b294-dca9047ef277,1,3,2048,1494
5865e44a-23d2-11e8-a6a3-ec086b02610b,5865e44a-23d2-11e8-a6a3-ec086b02610b.jpg,30,empty,101,2014-11-18 05:39:13,701c3830-5567-11e8-ac19-dca9047ef277,1,3,2048,1494
5865e4b4-23d2-11e8-a6a3-ec086b02610b,5865e4b4-23d2-11e8-a6a3-ec086b02610b.jpg,30,empty,89,2012-05-19 10:29:09,6f10fedc-5567-11e8-a0ed-dca9047ef277,3,3,2048,1494
58678bdf-23d2-11e8-a6a3-ec086b02610b,58678bdf-23d2-11e8-a6a3-ec086b02610b.jpg,30,empty,88,2011-06-04 09:54:51,6f137b8a-5567-11e8-be4b-dca9047ef277,3,3,2048,1494
58678d00-23d2-11e8-a6a3-ec086b02610b,58678d00-23d2-11e8-a6a3-ec086b02610b.jpg,30,empty,76,2014-04-14 03:00:00,6f5c64c5-5567-11e8-a5a5-dca9047ef277,1,1,2048,1494
58678da6-23d2-11e8-a6a3-ec086b02610b,58678da6-23d2-11e8-a6a3-ec086b02610b.jpg,30,empty,90,2011-06-15 13:26:48,6f0f6459-5567-11e8-b59c-dca9047ef277,2,3,2048,1494
58678eda-23d2-11e8-a6a3-ec086b02610b,58678eda-23d2-11e8-a6a3-ec086b02610b.jpg,30,empty,130,2011-10-10 10:05:45,6f0d08e8-5567-11e8-bcea-dca9047ef277,1,3,2048,1494
586934ff-23d2-11e8-a6a3-ec086b02610b,586934ff-23d2-11e8-a6a3-ec086b02610b.jpg,30,empty,121,2013-08-19 13:37:12,701838c0-5567-11e8-a795-dca9047ef277,2,3,2048,1494
586935c1-23d2-11e8-a6a3-ec086b02610b,586935c1-23d2-11e8-a6a3-ec086b02610b.jpg,30,empty,81,2011-05-25 08:31:12,6f10c1f5-5567-11e8-9aae-dca9047ef277,1,3,2048,1494
586935f1-23d2-11e8-a6a3-ec086b02610b,586935f1-23d2-11e8-a6a3-ec086b02610b.jpg,30,empty,136,2014-08-21 05:02:23,701e7beb-5567-11e8-bf43-dca9047ef277,2,3,2048,1494
58693641-23d2-11e8-a6a3-ec086b02610b,58693641-23d2-11e8-a6a3-ec086b02610b.jpg,30,empty,137,2014-03-05 12:05:17,701a0d4c-5567-11e8-a403-dca9047ef277,1,3,2048,1494
586937c5-23d2-11e8-a6a3-ec086b02610b,586937c5-23d2-11e8-a6a3-ec086b02610b.jpg,30,empty,89,2012-05-17 11:51:55,6f10fdd7-5567-11e8-ae77-dca9047ef277,2,3,2048,1494
586addb1-23d2-11e8-a6a3-ec086b02610b,586addb1-23d2-11e8-a6a3-ec086b02610b.jpg,30,empty,133,2014-09-20 20:43:19,7010d22e-5567-11e8-b6d2-dca9047ef277,3,3,2048,1494
586addd5-23d2-11e8-a6a3-ec086b02610b,586addd5-23d2-11e8-a6a3-ec086b02610b.jpg,30,empty,107,2012-02-21 15:32:32,6f0e0cd4-5567-11e8-a062-dca9047ef277,2,3,2048,1494
586ade23-23d2-11e8-a6a3-ec086b02610b,586ade23-23d2-11e8-a6a3-ec086b02610b.jpg,30,empty,138,2013-12-28 08:10:06,701b52b3-5567-11e8-80f2-dca9047ef277,1,3,2048,1494
586ae148-23d2-11e8-a6a3-ec086b02610b,586ae148-23d2-11e8-a6a3-ec086b02610b.jpg,30,empty,88,2012-01-15 08:24:09,6f145ab3-5567-11e8-9039-dca9047ef277,3,3,2048,1494
586c8653-23d2-11e8-a6a3-ec086b02610b,586c8653-23d2-11e8-a6a3-ec086b02610b.jpg,30,empty,114,2013-10-25 10:00:00,6ff47a47-5567-11e8-9087-dca9047ef277,1,1,2048,1494
586c887b-23d2-11e8-a6a3-ec086b02610b,586c887b-23d2-11e8-a6a3-ec086b02610b.jpg,30,empty,95,2012-04-10 10:48:55,6f100e9e-5567-11e8-a161-dca9047ef277,2,3,2048,1494
586c88a8-23d2-11e8-a6a3-ec086b02610b,586c88a8-23d2-11e8-a6a3-ec086b02610b.jpg,30,empty,120,2012-10-11 05:30:09,700fa76e-5567-11e8-ae67-dca9047ef277,1,1,2560,1920
586c8980-23d2-11e8-a6a3-ec086b02610b,586c8980-23d2-11e8-a6a3-ec086b02610b.jpg,30,empty,100,2010-10-09 11:43:53,6f1d8f38-5567-11e8-8b76-dca9047ef277,2,3,2048,1494
586c89be-23d2-11e8-a6a3-ec086b02610b,586c89be-23d2-11e8-a6a3-ec086b02610b.jpg,30,empty,89,2012-05-27 11:49:56,6f11014f-5567-11e8-89db-dca9047ef277,2,3,2048,1494
586fdb77-23d2-11e8-a6a3-ec086b02610b,586fdb77-23d2-11e8-a6a3-ec086b02610b.jpg,30,empty,98,2011-07-19 12:23:49,6f154ceb-5567-11e8-9aa4-dca9047ef277,1,3,2048,1494
586fdc59-23d2-11e8-a6a3-ec086b02610b,586fdc59-23d2-11e8-a6a3-ec086b02610b.jpg,30,empty,112,2011-07-11 01:21:29,6f0eaf7a-5567-11e8-9a32-dca9047ef277,3,3,2048,1494
586fdcb5-23d2-11e8-a6a3-ec086b02610b,586fdcb5-23d2-11e8-a6a3-ec086b02610b.jpg,30,empty,79,2014-10-20 03:56:46,7017abee-5567-11e8-86f4-dca9047ef277,2,3,2048,1494
586fdd31-23d2-11e8-a6a3-ec086b02610b,586fdd31-23d2-11e8-a6a3-ec086b02610b.jpg,30,empty,86,2014-03-03 09:16:00,70198af5-5567-11e8-906d-dca9047ef277,3,3,2048,1494
586fdda8-23d2-11e8-a6a3-ec086b02610b,586fdda8-23d2-11e8-a6a3-ec086b02610b.jpg,30,empty,90,2011-05-22 22:07:55,6f0f5a07-5567-11e8-93ae-dca9047ef277,3,3,2048,1494
58718369-23d2-11e8-a6a3-ec086b02610b,58718369-23d2-11e8-a6a3-ec086b02610b.jpg,30,empty,107,2011-10-28 01:49:51,6f0df26e-5567-11e8-8df5-dca9047ef277,2,3,2048,1494
5871841e-23d2-11e8-a6a3-ec086b02610b,5871841e-23d2-11e8-a6a3-ec086b02610b.jpg,30,empty,105,2011-07-26 07:43:32,6f19c838-5567-11e8-b45c-dca9047ef277,3,3,2048,1494
58718631-23d2-11e8-a6a3-ec086b02610b,58718631-23d2-11e8-a6a3-ec086b02610b.jpg,30,empty,75,2012-01-19 09:46:30,6efe0882-5567-11e8-b85c-dca9047ef277,1,3,2048,1494
58718673-23d2-11e8-a6a3-ec086b02610b,58718673-23d2-11e8-a6a3-ec086b02610b.jpg,30,empty,133,2014-09-08 14:09:24,7010cd4c-5567-11e8-9608-dca9047ef277,3,3,2048,1494
58718694-23d2-11e8-a6a3-ec086b02610b,58718694-23d2-11e8-a6a3-ec086b02610b.jpg,30,empty,136,2014-03-10 03:14:13,701e3040-5567-11e8-8545-dca9047ef277,2,3,800,584
58718709-23d2-11e8-a6a3-ec086b02610b,58718709-23d2-11e8-a6a3-ec086b02610b.jpg,30,empty,85,2012-11-30 05:23:13,7010bc59-5567-11e8-8a5c-dca9047ef277,1,3,2048,1494
58732c89-23d2-11e8-a6a3-ec086b02610b,58732c89-23d2-11e8-a6a3-ec086b02610b.jpg,30,empty,88,2012-03-29 14:27:03,6f1487ee-5567-11e8-8f11-dca9047ef277,1,3,2048,1494
58732f1c-23d2-11e8-a6a3-ec086b02610b,58732f1c-23d2-11e8-a6a3-ec086b02610b.jpg,30,empty,108,2012-03-12 16:56:12,6f151235-5567-11e8-9d7d-dca9047ef277,3,3,2048,1494
5874d3a4-23d2-11e8-a6a3-ec086b02610b,5874d3a4-23d2-11e8-a6a3-ec086b02610b.jpg,30,empty,117,2014-04-18 03:33:37,701bcf30-5567-11e8-ab0c-dca9047ef277,3,3,2048,1494
5874d43e-23d2-11e8-a6a3-ec086b02610b,5874d43e-23d2-11e8-a6a3-ec086b02610b.jpg,30,empty,90,2012-02-11 13:06:36,6f0fa454-5567-11e8-8388-dca9047ef277,2,3,2048,1494
5874d471-23d2-11e8-a6a3-ec086b02610b,5874d471-23d2-11e8-a6a3-ec086b02610b.jpg,30,empty,96,2014-09-11 17:00:00,6fcbc094-5567-11e8-97b2-dca9047ef277,1,1,2048,1494
5874d518-23d2-11e8-a6a3-ec086b02610b,5874d518-23d2-11e8-a6a3-ec086b02610b.jpg,30,empty,125,2012-04-25 09:45:31,6f1652de-5567-11e8-bcca-dca9047ef277,3,3,2048,1494
5874d59f-23d2-11e8-a6a3-ec086b02610b,5874d59f-23d2-11e8-a6a3-ec086b02610b.jpg,30,empty,82,2014-11-26 05:57:25,701a5cae-5567-11e8-be1c-dca9047ef277,3,3,2048,1494
5874d6bf-23d2-11e8-a6a3-ec086b02610b,5874d6bf-23d2-11e8-a6a3-ec086b02610b.jpg,30,empty,105,2011-06-21 13:54:03,6f19c485-5567-11e8-82b1-dca9047ef277,1,3,2048,1494
5874d766-23d2-11e8-a6a3-ec086b02610b,5874d766-23d2-11e8-a6a3-ec086b02610b.jpg,30,empty,92,2014-07-09 11:57:44,7018c299-5567-11e8-bb97-dca9047ef277,4,5,2048,1494
58767f0a-23d2-11e8-a6a3-ec086b02610b,58767f0a-23d2-11e8-a6a3-ec086b02610b.jpg,30,empty,76,2013-12-03 23:00:00,6f5433d9-5567-11e8-94d1-dca9047ef277,1,1,2048,1494
58768095-23d2-11e8-a6a3-ec086b02610b,58768095-23d2-11e8-a6a3-ec086b02610b.jpg,30,empty,76,2013-12-09 13:28:03,6f550754-5567-11e8-aa0d-dca9047ef277,1,1,2048,1494
58768101-23d2-11e8-a6a3-ec086b02610b,58768101-23d2-11e8-a6a3-ec086b02610b.jpg,30,empty,128,2014-10-03 13:46:33,701aa4d4-5567-11e8-aa0a-dca9047ef277,1,3,2048,1494
58768108-23d2-11e8-a6a3-ec086b02610b,58768108-23d2-11e8-a6a3-ec086b02610b.jpg,30,empty,105,2011-06-21 13:54:33,6f19c4ca-5567-11e8-8464-dca9047ef277,1,3,2048,1494
58782a2b-23d2-11e8-a6a3-ec086b02610b,58782a2b-23d2-11e8-a6a3-ec086b02610b.jpg,30,empty,130,2011-10-06 12:05:25,6f0d07d1-5567-11e8-a367-dca9047ef277,2,3,2048,1494
58782a82-23d2-11e8-a6a3-ec086b02610b,58782a82-23d2-11e8-a6a3-ec086b02610b.jpg,30,empty,138,2013-12-31 23:46:58,701b530a-5567-11e8-b16d-dca9047ef277,1,3,2048,1494
58782aee-23d2-11e8-a6a3-ec086b02610b,58782aee-23d2-11e8-a6a3-ec086b02610b.jpg,30,empty,92,2014-07-09 14:28:12,7018c2f5-5567-11e8-b880-dca9047ef277,1,5,2048,1494
5879d458-23d2-11e8-a6a3-ec086b02610b,5879d458-23d2-11e8-a6a3-ec086b02610b.jpg,30,empty,97,2014-09-13 12:43:40,701b2c68-5567-11e8-81a1-dca9047ef277,1,3,2048,1494
587b7c35-23d2-11e8-a6a3-ec086b02610b,587b7c35-23d2-11e8-a6a3-ec086b02610b.jpg,30,empty,117,2013-12-18 12:06:28,701b9a42-5567-11e8-9b29-dca9047ef277,3,3,2048,1494
587b7c5c-23d2-11e8-a6a3-ec086b02610b,587b7c5c-23d2-11e8-a6a3-ec086b02610b.jpg,30,empty,98,2011-04-15 08:58:41,6f1532a3-5567-11e8-ad46-dca9047ef277,3,3,2048,1494
587b7c70-23d2-11e8-a6a3-ec086b02610b,587b7c70-23d2-11e8-a6a3-ec086b02610b.jpg,30,empty,100,2011-01-09 11:36:38,6f1e0f6b-5567-11e8-8af1-dca9047ef277,3,3,2048,1494
587b7d12-23d2-11e8-a6a3-ec086b02610b,587b7d12-23d2-11e8-a6a3-ec086b02610b.jpg,30,empty,81,2011-12-20 19:19:02,6f10caee-5567-11e8-9443-dca9047ef277,3,3,2048,1494
587b7efd-23d2-11e8-a6a3-ec086b02610b,587b7efd-23d2-11e8-a6a3-ec086b02610b.jpg,30,empty,121,2014-08-01 13:19:12,701842f3-5567-11e8-b5fe-dca9047ef277,1,3,2048,1494
587b7f37-23d2-11e8-a6a3-ec086b02610b,587b7f37-23d2-11e8-a6a3-ec086b02610b.jpg,30,empty,115,2011-07-28 05:35:16,6f118a1c-5567-11e8-9bc2-dca9047ef277,3,3,2048,1494
587d3f5d-23d2-11e8-a6a3-ec086b02610b,587d3f5d-23d2-11e8-a6a3-ec086b02610b.jpg,30,empty,137,2015-01-02 18:19:26,701a47c0-5567-11e8-acc6-dca9047ef277,3,3,2048,1494
587eeaf5-23d2-11e8-a6a3-ec086b02610b,587eeaf5-23d2-11e8-a6a3-ec086b02610b.jpg,30,empty,118,2013-04-20 23:07:22,700ac245-5567-11e8-98dc-dca9047ef277,1,1,2560,1920
588093aa-23d2-11e8-a6a3-ec086b02610b,588093aa-23d2-11e8-a6a3-ec086b02610b.jpg,30,empty,77,2014-04-07 02:02:50,701da30a-5567-11e8-831e-dca9047ef277,3,3,2048,1494
58809520-23d2-11e8-a6a3-ec086b02610b,58809520-23d2-11e8-a6a3-ec086b02610b.jpg,30,empty,123,2013-11-26 11:53:29,701affd7-5567-11e8-8640-dca9047ef277,1,3,2048,1494
58809522-23d2-11e8-a6a3-ec086b02610b,58809522-23d2-11e8-a6a3-ec086b02610b.jpg,30,empty,120,2013-02-09 12:43:42,70101abd-5567-11e8-8a93-dca9047ef277,1,1,2560,1920
58809528-23d2-11e8-a6a3-ec086b02610b,58809528-23d2-11e8-a6a3-ec086b02610b.jpg,30,empty,134,2014-11-24 14:26:59,70107047-5567-11e8-9d1b-dca9047ef277,1,3,2048,1494
58809541-23d2-11e8-a6a3-ec086b02610b,58809541-23d2-11e8-a6a3-ec086b02610b.jpg,30,empty,101,2014-11-07 05:51:43,701c36e6-5567-11e8-8d95-dca9047ef277,2,3,2048,1494
588096b2-23d2-11e8-a6a3-ec086b02610b,588096b2-23d2-11e8-a6a3-ec086b02610b.jpg,30,empty,123,2015-04-04 13:03:37,701b2291-5567-11e8-8d89-dca9047ef277,3,5,800,584
58823ce4-23d2-11e8-a6a3-ec086b02610b,58823ce4-23d2-11e8-a6a3-ec086b02610b.jpg,30,empty,86,2014-03-15 17:31:56,701993dc-5567-11e8-9df5-dca9047ef277,3,3,2048,1494
58823d56-23d2-11e8-a6a3-ec086b02610b,58823d56-23d2-11e8-a6a3-ec086b02610b.jpg,30,empty,101,2014-09-30 22:37:05,701c31b3-5567-11e8-aea7-dca9047ef277,3,3,2048,1494
58823e76-23d2-11e8-a6a3-ec086b02610b,58823e76-23d2-11e8-a6a3-ec086b02610b.jpg,30,empty,75,2011-12-16 12:47:11,6efd725c-5567-11e8-b523-dca9047ef277,3,3,2048,1494
58823eb5-23d2-11e8-a6a3-ec086b02610b,58823eb5-23d2-11e8-a6a3-ec086b02610b.jpg,30,empty,115,2011-05-08 22:19:11,6f11074a-5567-11e8-988e-dca9047ef277,3,3,2048,1494
5883e894-23d2-11e8-a6a3-ec086b02610b,5883e894-23d2-11e8-a6a3-ec086b02610b.jpg,30,empty,87,2014-10-01 05:41:11,701af8f8-5567-11e8-ab2c-dca9047ef277,3,3,2048,1494
5883ea42-23d2-11e8-a6a3-ec086b02610b,5883ea42-23d2-11e8-a6a3-ec086b02610b.jpg,30,empty,98,2011-04-15 08:58:36,6f153251-5567-11e8-8c9d-dca9047ef277,1,3,2048,1494
5883ea4a-23d2-11e8-a6a3-ec086b02610b,5883ea4a-23d2-11e8-a6a3-ec086b02610b.jpg,30,empty,120,2012-10-09 19:17:05,700fa461-5567-11e8-9dd4-dca9047ef277,1,1,2560,1920
58857bfa-23d2-11e8-a6a3-ec086b02610b,58857bfa-23d2-11e8-a6a3-ec086b02610b.jpg,30,empty,112,2011-07-04 13:05:49,6f0ea87d-5567-11e8-9f09-dca9047ef277,2,3,2048,1494
58857d38-23d2-11e8-a6a3-ec086b02610b,58857d38-23d2-11e8-a6a3-ec086b02610b.jpg,30,empty,78,2011-10-16 09:45:45,6f1bcaae-5567-11e8-afac-dca9047ef277,3,3,2048,1494
58857e01-23d2-11e8-a6a3-ec086b02610b,58857e01-23d2-11e8-a6a3-ec086b02610b.jpg,30,empty,84,2014-09-09 13:01:42,70179fd1-5567-11e8-b35e-dca9047ef277,3,3,2048,1494
588716f4-23d2-11e8-a6a3-ec086b02610b,588716f4-23d2-11e8-a6a3-ec086b02610b.jpg,30,empty,111,2014-10-14 06:20:16,7015356e-5567-11e8-947f-dca9047ef277,3,3,2048,1494
58871846-23d2-11e8-a6a3-ec086b02610b,58871846-23d2-11e8-a6a3-ec086b02610b.jpg,30,empty,114,2014-09-01 12:00:00,70066847-5567-11e8-89dd-dca9047ef277,1,1,2048,1494
5887198f-23d2-11e8-a6a3-ec086b02610b,5887198f-23d2-11e8-a6a3-ec086b02610b.jpg,30,empty,125,2011-07-26 09:52:16,6f15d8d7-5567-11e8-8b05-dca9047ef277,1,3,2048,1494
588719ab-23d2-11e8-a6a3-ec086b02610b,588719ab-23d2-11e8-a6a3-ec086b02610b.jpg,30,empty,103,2012-05-13 21:50:45,6f1b62c7-5567-11e8-87fa-dca9047ef277,2,3,2048,1494
588719c3-23d2-11e8-a6a3-ec086b02610b,588719c3-23d2-11e8-a6a3-ec086b02610b.jpg,30,empty,93,2014-11-16 23:14:55,7018100c-5567-11e8-b727-dca9047ef277,2,3,2048,1494
58871a57-23d2-11e8-a6a3-ec086b02610b,58871a57-23d2-11e8-a6a3-ec086b02610b.jpg,30,empty,114,2014-01-23 14:00:00,6ffb35ae-5567-11e8-b029-dca9047ef277,1,1,2048,1494
5888bbd9-23d2-11e8-a6a3-ec086b02610b,5888bbd9-23d2-11e8-a6a3-ec086b02610b.jpg,30,empty,81,2011-11-03 15:29:06,6f10c81e-5567-11e8-90ee-dca9047ef277,2,3,2048,1494
5888bc3a-23d2-11e8-a6a3-ec086b02610b,5888bc3a-23d2-11e8-a6a3-ec086b02610b.jpg,30,empty,75,2012-04-14 10:52:14,6efe1dd7-5567-11e8-97c5-dca9047ef277,2,3,2048,1494
5888be5c-23d2-11e8-a6a3-ec086b02610b,5888be5c-23d2-11e8-a6a3-ec086b02610b.jpg,30,empty,103,2012-05-09 02:42:00,6f1b5d80-5567-11e8-9bea-dca9047ef277,3,3,2048,1494
5888be99-23d2-11e8-a6a3-ec086b02610b,5888be99-23d2-11e8-a6a3-ec086b02610b.jpg,30,empty,76,2014-03-20 01:00:00,6f5ac951-5567-11e8-8661-dca9047ef277,1,1,2048,1494
5888beba-23d2-11e8-a6a3-ec086b02610b,5888beba-23d2-11e8-a6a3-ec086b02610b.jpg,30,empty,100,2011-02-20 01:05:20,6f1e5c91-5567-11e8-bcce-dca9047ef277,1,3,2048,1494
5888bf6b-23d2-11e8-a6a3-ec086b02610b,5888bf6b-23d2-11e8-a6a3-ec086b02610b.jpg,30,empty,96,2014-05-25 13:06:31,6fb80b4f-5567-11e8-8b0b-dca9047ef277,1,1,2048,1494
5888bfa8-23d2-11e8-a6a3-ec086b02610b,5888bfa8-23d2-11e8-a6a3-ec086b02610b.jpg,30,empty,108,2012-03-20 11:03:54,6f1512e1-5567-11e8-8bc4-dca9047ef277,2,3,2048,1494
588a6659-23d2-11e8-a6a3-ec086b02610b,588a6659-23d2-11e8-a6a3-ec086b02610b.jpg,30,empty,115,2012-02-12 07:24:41,6f11ec28-5567-11e8-80fd-dca9047ef277,1,3,2048,1494
588a666f-23d2-11e8-a6a3-ec086b02610b,588a666f-23d2-11e8-a6a3-ec086b02610b.jpg,30,empty,105,2011-05-01 14:54:29,6f19b8de-5567-11e8-b635-dca9047ef277,2,3,2048,1494
588a6783-23d2-11e8-a6a3-ec086b02610b,588a6783-23d2-11e8-a6a3-ec086b02610b.jpg,30,empty,89,2011-09-07 06:39:59,6f10e042-5567-11e8-9c57-dca9047ef277,1,3,2048,1494
588a6958-23d2-11e8-a6a3-ec086b02610b,588a6958-23d2-11e8-a6a3-ec086b02610b.jpg,30,empty,94,2013-11-03 06:14:43,70166f0f-5567-11e8-81d6-dca9047ef277,2,3,2048,1494
588a6967-23d2-11e8-a6a3-ec086b02610b,588a6967-23d2-11e8-a6a3-ec086b02610b.jpg,30,empty,131,2014-09-19 06:42:38,701d2921-5567-11e8-90c0-dca9047ef277,1,3,2048,1494
588c12b4-23d2-11e8-a6a3-ec086b02610b,588c12b4-23d2-11e8-a6a3-ec086b02610b.jpg,30,empty,75,2011-07-26 11:31:22,6efd435e-5567-11e8-9c44-dca9047ef277,3,3,2048,1494
588c136b-23d2-11e8-a6a3-ec086b02610b,588c136b-23d2-11e8-a6a3-ec086b02610b.jpg,30,empty,90,2011-08-23 09:58:08,6f0f72d7-5567-11e8-851d-dca9047ef277,3,3,2048,1494
588c151e-23d2-11e8-a6a3-ec086b02610b,588c151e-23d2-11e8-a6a3-ec086b02610b.jpg,30,empty,114,2013-11-03 10:00:00,6ff4f2a1-5567-11e8-a79a-dca9047ef277,1,1,2048,1494
588c154b-23d2-11e8-a6a3-ec086b02610b,588c154b-23d2-11e8-a6a3-ec086b02610b.jpg,30,empty,130,2012-01-27 14:56:16,6f0d4d11-5567-11e8-bbc0-dca9047ef277,2,3,2048,1494
588dbb3b-23d2-11e8-a6a3-ec086b02610b,588dbb3b-23d2-11e8-a6a3-ec086b02610b.jpg,30,empty,79,2014-10-29 02:55:50,7017ad5e-5567-11e8-a126-dca9047ef277,2,3,2048,1494
588dbcf7-23d2-11e8-a6a3-ec086b02610b,588dbcf7-23d2-11e8-a6a3-ec086b02610b.jpg,30,empty,77,2015-01-04 06:56:29,701dacb0-5567-11e8-a048-dca9047ef277,2,3,2048,1494
588dbcfb-23d2-11e8-a6a3-ec086b02610b,588dbcfb-23d2-11e8-a6a3-ec086b02610b.jpg,30,empty,105,2012-05-26 13:31:57,6f1a6f0f-5567-11e8-b0db-dca9047ef277,1,3,2048,1494
588f6626-23d2-11e8-a6a3-ec086b02610b,588f6626-23d2-11e8-a6a3-ec086b02610b.jpg,30,empty,98,2012-02-21 11:05:00,6f15660a-5567-11e8-89e7-dca9047ef277,3,3,2048,1494
588f6816-23d2-11e8-a6a3-ec086b02610b,588f6816-23d2-11e8-a6a3-ec086b02610b.jpg,30,empty,75,2011-12-10 14:46:52,6efd6de6-5567-11e8-b6dd-dca9047ef277,3,3,2048,1494
588f68a8-23d2-11e8-a6a3-ec086b02610b,588f68a8-23d2-11e8-a6a3-ec086b02610b.jpg,30,empty,78,2012-03-07 12:01:25,6f1c2ceb-5567-11e8-89b3-dca9047ef277,3,3,2048,1494
58910deb-23d2-11e8-a6a3-ec086b02610b,58910deb-23d2-11e8-a6a3-ec086b02610b.jpg,30,empty,84,2014-08-28 12:47:34,701798ca-5567-11e8-b443-dca9047ef277,1,3,2048,1494
58910f42-23d2-11e8-a6a3-ec086b02610b,58910f42-23d2-11e8-a6a3-ec086b02610b.jpg,30,empty,133,2014-09-20 20:43:18,7010d1e8-5567-11e8-b286-dca9047ef277,1,3,2048,1494
58910f7a-23d2-11e8-a6a3-ec086b02610b,58910f7a-23d2-11e8-a6a3-ec086b02610b.jpg,30,empty,100,2010-09-07 12:07:47,6f1d7211-5567-11e8-a6af-dca9047ef277,2,3,2048,1494
58910f9b-23d2-11e8-a6a3-ec086b02610b,58910f9b-23d2-11e8-a6a3-ec086b02610b.jpg,30,empty,107,2011-10-20 04:40:34,6f0deede-5567-11e8-b879-dca9047ef277,2,3,2048,1494
58910fd4-23d2-11e8-a6a3-ec086b02610b,58910fd4-23d2-11e8-a6a3-ec086b02610b.jpg,30,empty,130,2012-04-25 10:20:42,6f0d794a-5567-11e8-8787-dca9047ef277,1,3,2048,1494
5892b498-23d2-11e8-a6a3-ec086b02610b,5892b498-23d2-11e8-a6a3-ec086b02610b.jpg,30,empty,123,2015-04-02 12:38:41,701b20f8-5567-11e8-9194-dca9047ef277,5,5,800,584
5892b524-23d2-11e8-a6a3-ec086b02610b,5892b524-23d2-11e8-a6a3-ec086b02610b.jpg,30,empty,76,2014-04-08 23:00:00,6f5bf168-5567-11e8-b67f-dca9047ef277,1,1,2048,1494
58945f4e-23d2-11e8-a6a3-ec086b02610b,58945f4e-23d2-11e8-a6a3-ec086b02610b.jpg,30,empty,125,2012-01-04 13:56:29,6f160266-5567-11e8-8ab3-dca9047ef277,1,3,2048,1494
5894618b-23d2-11e8-a6a3-ec086b02610b,5894618b-23d2-11e8-a6a3-ec086b02610b.jpg,30,empty,95,2012-02-06 23:10:58,6f0fdb40-5567-11e8-8503-dca9047ef277,2,3,2048,1494
589607bc-23d2-11e8-a6a3-ec086b02610b,589607bc-23d2-11e8-a6a3-ec086b02610b.jpg,30,empty,76,2014-01-30 06:00:00,6f58b6c5-5567-11e8-8c2f-dca9047ef277,1,1,2048,1494
589607e2-23d2-11e8-a6a3-ec086b02610b,589607e2-23d2-11e8-a6a3-ec086b02610b.jpg,30,empty,115,2012-03-25 21:24:59,6f121247-5567-11e8-b12f-dca9047ef277,2,3,2048,1494
58960908-23d2-11e8-a6a3-ec086b02610b,58960908-23d2-11e8-a6a3-ec086b02610b.jpg,30,empty,118,2013-04-30 04:37:02,700ac4cf-5567-11e8-afc7-dca9047ef277,1,1,2560,1920
589609c9-23d2-11e8-a6a3-ec086b02610b,589609c9-23d2-11e8-a6a3-ec086b02610b.jpg,30,empty,106,2014-01-29 20:00:00,6f6dbc75-5567-11e8-808d-dca9047ef277,1,1,2048,1494
5897b035-23d2-11e8-a6a3-ec086b02610b,5897b035-23d2-11e8-a6a3-ec086b02610b.jpg,30,empty,88,2011-09-09 17:41:24,6f13f759-5567-11e8-8ba9-dca9047ef277,2,3,2048,1494
5897b0ce-23d2-11e8-a6a3-ec086b02610b,5897b0ce-23d2-11e8-a6a3-ec086b02610b.jpg,30,empty,86,2014-03-06 13:42:47,70198c8f-5567-11e8-b7a7-dca9047ef277,1,3,2048,1494
589958c9-23d2-11e8-a6a3-ec086b02610b,589958c9-23d2-11e8-a6a3-ec086b02610b.jpg,30,empty,105,2011-05-25 15:29:28,6f19be07-5567-11e8-bdc0-dca9047ef277,2,3,2048,1494
589958dc-23d2-11e8-a6a3-ec086b02610b,589958dc-23d2-11e8-a6a3-ec086b02610b.jpg,30,empty,103,2011-08-02 11:35:46,6f1ad251-5567-11e8-af0f-dca9047ef277,3,3,2048,1494
589959df-23d2-11e8-a6a3-ec086b02610b,589959df-23d2-11e8-a6a3-ec086b02610b.jpg,30,empty,133,2014-05-14 05:17:04,7010c9ee-5567-11e8-ad66-dca9047ef277,1,3,2048,1494
58995a00-23d2-11e8-a6a3-ec086b02610b,58995a00-23d2-11e8-a6a3-ec086b02610b.jpg,30,empty,98,2012-03-11 14:32:22,6f15669e-5567-11e8-86d8-dca9047ef277,2,3,2048,1494
58995a14-23d2-11e8-a6a3-ec086b02610b,58995a14-23d2-11e8-a6a3-ec086b02610b.jpg,30,empty,106,2014-03-12 13:40:08,6f703be6-5567-11e8-b117-dca9047ef277,1,1,2048,1494
58995a16-23d2-11e8-a6a3-ec086b02610b,58995a16-23d2-11e8-a6a3-ec086b02610b.jpg,30,empty,120,2012-10-08 01:57:49,700fa2b3-5567-11e8-a4b6-dca9047ef277,1,1,2560,1920
589b0129-23d2-11e8-a6a3-ec086b02610b,589b0129-23d2-11e8-a6a3-ec086b02610b.jpg,30,empty,106,2014-05-19 04:00:00,6f75998a-5567-11e8-b3cd-dca9047ef277,1,1,2048,1494
589b01bf-23d2-11e8-a6a3-ec086b02610b,589b01bf-23d2-11e8-a6a3-ec086b02610b.jpg,30,empty,112,2011-05-19 12:56:28,6f0e6333-5567-11e8-9cae-dca9047ef277,2,3,2048,1494
589b02e3-23d2-11e8-a6a3-ec086b02610b,589b02e3-23d2-11e8-a6a3-ec086b02610b.jpg,30,empty,105,2011-12-06 14:58:51,6f19c880-5567-11e8-99a1-dca9047ef277,3,3,2048,1494
589cb2a3-23d2-11e8-a6a3-ec086b02610b,589cb2a3-23d2-11e8-a6a3-ec086b02610b.jpg,30,empty,78,2011-11-08 15:49:45,6f1bd617-5567-11e8-aaf9-dca9047ef277,1,3,2048,1494
589cb4bf-23d2-11e8-a6a3-ec086b02610b,589cb4bf-23d2-11e8-a6a3-ec086b02610b.jpg,30,empty,95,2011-07-26 07:38:32,6f0fd351-5567-11e8-883c-dca9047ef277,1,3,2048,1494
589e66c8-23d2-11e8-a6a3-ec086b02610b,589e66c8-23d2-11e8-a6a3-ec086b02610b.jpg,30,empty,138,2013-11-29 07:19:35,701b4e97-5567-11e8-9bab-dca9047ef277,2,3,2048,1494
589e66d6-23d2-11e8-a6a3-ec086b02610b,589e66d6-23d2-11e8-a6a3-ec086b02610b.jpg,30,empty,112,2011-05-31 12:52:49,6f0e75ca-5567-11e8-8c71-dca9047ef277,3,3,2048,1494
589e66f1-23d2-11e8-a6a3-ec086b02610b,589e66f1-23d2-11e8-a6a3-ec086b02610b.jpg,30,empty,75,2012-02-22 12:03:32,6efe1194-5567-11e8-822f-dca9047ef277,2,3,2048,1494
589e6800-23d2-11e8-a6a3-ec086b02610b,589e6800-23d2-11e8-a6a3-ec086b02610b.jpg,30,empty,136,2014-03-25 23:38:37,701e62c2-5567-11e8-9436-dca9047ef277,3,3,2048,1494
589e6867-23d2-11e8-a6a3-ec086b02610b,589e6867-23d2-11e8-a6a3-ec086b02610b.jpg,30,empty,115,2011-05-29 01:58:40,6f115600-5567-11e8-8d0d-dca9047ef277,3,3,2048,1494
58a0220b-23d2-11e8-a6a3-ec086b02610b,58a0220b-23d2-11e8-a6a3-ec086b02610b.jpg,30,empty,90,2012-03-03 16:45:23,6f0fac23-5567-11e8-a4ea-dca9047ef277,2,3,2048,1494
58a022e8-23d2-11e8-a6a3-ec086b02610b,58a022e8-23d2-11e8-a6a3-ec086b02610b.jpg,30,empty,96,2014-06-13 13:34:26,6fc04514-5567-11e8-bf19-dca9047ef277,1,1,2048,1494
58a023fc-23d2-11e8-a6a3-ec086b02610b,58a023fc-23d2-11e8-a6a3-ec086b02610b.jpg,30,empty,92,2014-07-09 11:49:51,7018c240-5567-11e8-acd6-dca9047ef277,5,5,2048,1494
58a1cbc1-23d2-11e8-a6a3-ec086b02610b,58a1cbc1-23d2-11e8-a6a3-ec086b02610b.jpg,30,empty,95,2012-03-06 12:43:51,6f0fe58f-5567-11e8-8e7a-dca9047ef277,3,3,2048,1494
58a37a75-23d2-11e8-a6a3-ec086b02610b,58a37a75-23d2-11e8-a6a3-ec086b02610b.jpg,30,empty,106,2013-12-21 07:29:08,6f6b8614-5567-11e8-bc11-dca9047ef277,1,1,2048,1494
58a37d5f-23d2-11e8-a6a3-ec086b02610b,58a37d5f-23d2-11e8-a6a3-ec086b02610b.jpg,30,empty,96,2014-05-23 11:07:26,6fb30875-5567-11e8-8fa4-dca9047ef277,1,1,2048,1494
58a52f26-23d2-11e8-a6a3-ec086b02610b,58a52f26-23d2-11e8-a6a3-ec086b02610b.jpg,30,empty,106,2014-01-17 14:00:00,6f6d0126-5567-11e8-b316-dca9047ef277,1,1,2048,1494
58a52f8d-23d2-11e8-a6a3-ec086b02610b,58a52f8d-23d2-11e8-a6a3-ec086b02610b.jpg,30,empty,123,2013-12-09 12:14:05,701b0135-5567-11e8-a801-dca9047ef277,1,3,2048,1494
58a530ab-23d2-11e8-a6a3-ec086b02610b,58a530ab-23d2-11e8-a6a3-ec086b02610b.jpg,30,empty,106,2013-12-15 05:00:00,6f6b324c-5567-11e8-95a7-dca9047ef277,1,1,2048,1494
58a5313d-23d2-11e8-a6a3-ec086b02610b,58a5313d-23d2-11e8-a6a3-ec086b02610b.jpg,30,empty,75,2011-08-26 07:52:04,6efd4e3a-5567-11e8-ae5a-dca9047ef277,3,3,2048,1494
58a53145-23d2-11e8-a6a3-ec086b02610b,58a53145-23d2-11e8-a6a3-ec086b02610b.jpg,30,empty,121,2014-03-14 10:15:12,70183eb0-5567-11e8-8743-dca9047ef277,1,3,2048,1494
58a8a04f-23d2-11e8-a6a3-ec086b02610b,58a8a04f-23d2-11e8-a6a3-ec086b02610b.jpg,30,empty,89,2012-05-21 13:22:42,6f10ff8c-5567-11e8-800a-dca9047ef277,1,3,2048,1494
58a8a12d-23d2-11e8-a6a3-ec086b02610b,58a8a12d-23d2-11e8-a6a3-ec086b02610b.jpg,30,empty,117,2013-11-04 18:33:26,701b5fee-5567-11e8-ad2c-dca9047ef277,2,3,2048,1494
58aa58f3-23d2-11e8-a6a3-ec086b02610b,58aa58f3-23d2-11e8-a6a3-ec086b02610b.jpg,30,empty,116,2014-12-30 01:40:48,70133563-5567-11e8-b045-dca9047ef277,3,3,2048,1494
58aa5a7d-23d2-11e8-a6a3-ec086b02610b,58aa5a7d-23d2-11e8-a6a3-ec086b02610b.jpg,30,empty,94,2013-11-06 16:58:16,70167b51-5567-11e8-be51-dca9047ef277,3,3,2048,1494
58ac0bd4-23d2-11e8-a6a3-ec086b02610b,58ac0bd4-23d2-11e8-a6a3-ec086b02610b.jpg,30,empty,108,2012-02-21 11:50:05,6f150fa3-5567-11e8-a368-dca9047ef277,3,3,2048,1494
58ac0dd7-23d2-11e8-a6a3-ec086b02610b,58ac0dd7-23d2-11e8-a6a3-ec086b02610b.jpg,30,empty,99,2015-03-11 13:19:21,701484d1-5567-11e8-bf98-dca9047ef277,1,3,2048,1494
58adc1ca-23d2-11e8-a6a3-ec086b02610b,58adc1ca-23d2-11e8-a6a3-ec086b02610b.jpg,30,empty,118,2013-04-21 00:34:16,700ac2d1-5567-11e8-a85f-dca9047ef277,1,1,2560,1920
58adc1d6-23d2-11e8-a6a3-ec086b02610b,58adc1d6-23d2-11e8-a6a3-ec086b02610b.jpg,30,empty,111,2014-10-19 23:13:33,7015370f-5567-11e8-a321-dca9047ef277,3,3,2048,1494
58adc1f3-23d2-11e8-a6a3-ec086b02610b,58adc1f3-23d2-11e8-a6a3-ec086b02610b.jpg,30,empty,87,2014-05-31 04:40:02,701ae2dc-5567-11e8-98e6-dca9047ef277,3,3,2048,1494
58adc37c-23d2-11e8-a6a3-ec086b02610b,58adc37c-23d2-11e8-a6a3-ec086b02610b.jpg,30,empty,85,2012-11-30 05:23:15,7010bca6-5567-11e8-8a7a-dca9047ef277,3,3,2048,1494
58af7505-23d2-11e8-a6a3-ec086b02610b,58af7505-23d2-11e8-a6a3-ec086b02610b.jpg,30,empty,76,2013-11-24 08:00:00,6f53c9e8-5567-11e8-8c02-dca9047ef277,1,1,2048,1494
58af75af-23d2-11e8-a6a3-ec086b02610b,58af75af-23d2-11e8-a6a3-ec086b02610b.jpg,30,empty,130,2011-08-23 07:18:34,6f0cfdc7-5567-11e8-ba53-dca9047ef277,1,3,2048,1494
58af7695-23d2-11e8-a6a3-ec086b02610b,58af7695-23d2-11e8-a6a3-ec086b02610b.jpg,30,empty,76,2014-07-15 23:00:00,6f623873-5567-11e8-a9be-dca9047ef277,1,1,2048,1494
58af7756-23d2-11e8-a6a3-ec086b02610b,58af7756-23d2-11e8-a6a3-ec086b02610b.jpg,30,empty,94,2013-10-25 05:54:37,701657a6-5567-11e8-80e1-dca9047ef277,1,3,2048,1494
58af786f-23d2-11e8-a6a3-ec086b02610b,58af786f-23d2-11e8-a6a3-ec086b02610b.jpg,30,empty,108,2011-09-19 11:00:45,6f14f287-5567-11e8-af40-dca9047ef277,2,3,2048,1494
58b12f57-23d2-11e8-a6a3-ec086b02610b,58b12f57-23d2-11e8-a6a3-ec086b02610b.jpg,30,empty,98,2012-05-13 04:40:20,6f158deb-5567-11e8-b4ff-dca9047ef277,3,3,2048,1494
58b12f6c-23d2-11e8-a6a3-ec086b02610b,58b12f6c-23d2-11e8-a6a3-ec086b02610b.jpg,30,empty,131,2014-09-24 19:15:09,701d368f-5567-11e8-b518-dca9047ef277,1,3,2048,1494
58b12fcb-23d2-11e8-a6a3-ec086b02610b,58b12fcb-23d2-11e8-a6a3-ec086b02610b.jpg,30,empty,135,2014-08-16 04:24:33,7016bcca-5567-11e8-8a69-dca9047ef277,3,3,2048,1494
58b1311b-23d2-11e8-a6a3-ec086b02610b,58b1311b-23d2-11e8-a6a3-ec086b02610b.jpg,30,empty,81,2012-04-25 09:14:57,6f10d7ca-5567-11e8-8692-dca9047ef277,1,3,2048,1494
58b1327a-23d2-11e8-a6a3-ec086b02610b,58b1327a-23d2-11e8-a6a3-ec086b02610b.jpg,30,empty,84,2014-08-28 14:11:42,70179919-5567-11e8-8921-dca9047ef277,1,3,2048,1494
58b13310-23d2-11e8-a6a3-ec086b02610b,58b13310-23d2-11e8-a6a3-ec086b02610b.jpg,30,empty,89,2012-01-27 12:53:20,6f10e4ae-5567-11e8-aede-dca9047ef277,1,3,2048,1494
58b1332a-23d2-11e8-a6a3-ec086b02610b,58b1332a-23d2-11e8-a6a3-ec086b02610b.jpg,30,empty,95,2011-10-03 12:55:35,6f0fd4ae-5567-11e8-842e-dca9047ef277,1,3,2048,1494
58b13331-23d2-11e8-a6a3-ec086b02610b,58b13331-23d2-11e8-a6a3-ec086b02610b.jpg,30,empty,103,2012-01-18 13:23:09,6f1b1f82-5567-11e8-a3a6-dca9047ef277,3,3,2048,1494
58b2eef8-23d2-11e8-a6a3-ec086b02610b,58b2eef8-23d2-11e8-a6a3-ec086b02610b.jpg,30,empty,89,2012-06-04 11:26:38,6f110311-5567-11e8-8041-dca9047ef277,3,3,2048,1494
58b2f04c-23d2-11e8-a6a3-ec086b02610b,58b2f04c-23d2-11e8-a6a3-ec086b02610b.jpg,30,empty,98,2012-04-25 09:32:17,6f1573fd-5567-11e8-9e02-dca9047ef277,1,3,2048,1494
58b2f0b4-23d2-11e8-a6a3-ec086b02610b,58b2f0b4-23d2-11e8-a6a3-ec086b02610b.jpg,30,empty,106,2014-05-04 04:00:00,6f74eff8-5567-11e8-8c5e-dca9047ef277,1,1,2048,1494
58b2f0c4-23d2-11e8-a6a3-ec086b02610b,58b2f0c4-23d2-11e8-a6a3-ec086b02610b.jpg,30,empty,96,2014-07-10 11:52:47,6fc56a63-5567-11e8-8228-dca9047ef277,1,1,2048,1494
58b4a99a-23d2-11e8-a6a3-ec086b02610b,58b4a99a-23d2-11e8-a6a3-ec086b02610b.jpg,30,empty,129,2014-01-29 20:11:41,70184cc0-5567-11e8-b131-dca9047ef277,2,3,2048,1494
58b4ab44-23d2-11e8-a6a3-ec086b02610b,58b4ab44-23d2-11e8-a6a3-ec086b02610b.jpg,30,empty,94,2013-10-23 07:54:05,70165759-5567-11e8-ad29-dca9047ef277,1,3,2048,1494
58b4ac1c-23d2-11e8-a6a3-ec086b02610b,58b4ac1c-23d2-11e8-a6a3-ec086b02610b.jpg,30,empty,131,2014-09-23 09:54:47,701d2ede-5567-11e8-94f0-dca9047ef277,2,3,2048,1494
58b663ef-23d2-11e8-a6a3-ec086b02610b,58b663ef-23d2-11e8-a6a3-ec086b02610b.jpg,30,empty,107,2011-11-02 12:11:13,6f0df491-5567-11e8-965b-dca9047ef277,3,3,2048,1494
58b66561-23d2-11e8-a6a3-ec086b02610b,58b66561-23d2-11e8-a6a3-ec086b02610b.jpg,30,empty,117,2013-11-28 06:07:43,701b6b61-5567-11e8-98d7-dca9047ef277,3,3,2048,1494
58b66580-23d2-11e8-a6a3-ec086b02610b,58b66580-23d2-11e8-a6a3-ec086b02610b.jpg,30,empty,108,2011-09-07 08:45:02,6f14e959-5567-11e8-b62f-dca9047ef277,1,3,2048,1494
58b66726-23d2-11e8-a6a3-ec086b02610b,58b66726-23d2-11e8-a6a3-ec086b02610b.jpg,30,empty,77,2014-01-03 12:52:38,701da114-5567-11e8-8edd-dca9047ef277,1,3,2048,1494
58b82043-23d2-11e8-a6a3-ec086b02610b,58b82043-23d2-11e8-a6a3-ec086b02610b.jpg,30,empty,103,2011-07-19 16:45:20,6f1ac73a-5567-11e8-9851-dca9047ef277,2,3,2048,1494
58b82204-23d2-11e8-a6a3-ec086b02610b,58b82204-23d2-11e8-a6a3-ec086b02610b.jpg,30,empty,98,2011-11-26 17:38:20,6f155dae-5567-11e8-ba3b-dca9047ef277,3,3,2048,1494
58b82299-23d2-11e8-a6a3-ec086b02610b,58b82299-23d2-11e8-a6a3-ec086b02610b.jpg,30,empty,82,2014-11-25 19:54:01,701a5c5c-5567-11e8-94c2-dca9047ef277,3,3,2048,1494
58b9d6f3-23d2-11e8-a6a3-ec086b02610b,58b9d6f3-23d2-11e8-a6a3-ec086b02610b.jpg,30,empty,94,2013-10-14 07:03:53,701647f3-5567-11e8-bfb9-dca9047ef277,2,3,2048,1494
58b9d829-23d2-11e8-a6a3-ec086b02610b,58b9d829-23d2-11e8-a6a3-ec086b02610b.jpg,30,empty,90,2012-03-10 11:42:02,6f0fb426-5567-11e8-a8f2-dca9047ef277,3,3,2048,1494
58bb89ce-23d2-11e8-a6a3-ec086b02610b,58bb89ce-23d2-11e8-a6a3-ec086b02610b.jpg,30,empty,118,2013-04-21 03:57:17,700ac317-5567-11e8-90ce-dca9047ef277,1,1,2560,1920
58bb8d0c-23d2-11e8-a6a3-ec086b02610b,58bb8d0c-23d2-11e8-a6a3-ec086b02610b.jpg,30,empty,99,2015-04-24 12:11:12,7014872b-5567-11e8-9afb-dca9047ef277,3,3,2048,1494
58bd1a33-23d2-11e8-a6a3-ec086b02610b,58bd1a33-23d2-11e8-a6a3-ec086b02610b.jpg,30,empty,126,2014-09-22 11:23:25,701c101c-5567-11e8-870c-dca9047ef277,2,3,2048,1494
58bd1ada-23d2-11e8-a6a3-ec086b02610b,58bd1ada-23d2-11e8-a6a3-ec086b02610b.jpg,30,empty,116,2015-02-06 09:52:01,70133db5-5567-11e8-95f6-dca9047ef277,2,3,2048,1494
58bd1b5f-23d2-11e8-a6a3-ec086b02610b,58bd1b5f-23d2-11e8-a6a3-ec086b02610b.jpg,30,empty,103,2012-04-25 11:45:50,6f1b52d4-5567-11e8-879e-dca9047ef277,3,3,2048,1494
58bd1bd6-23d2-11e8-a6a3-ec086b02610b,58bd1bd6-23d2-11e8-a6a3-ec086b02610b.jpg,30,empty,125,2011-12-16 09:19:04,6f160038-5567-11e8-8db2-dca9047ef277,2,3,2048,1494
58bd1d02-23d2-11e8-a6a3-ec086b02610b,58bd1d02-23d2-11e8-a6a3-ec086b02610b.jpg,30,empty,115,2012-05-06 06:46:55,6f123945-5567-11e8-991b-dca9047ef277,2,3,2048,1494
58bea4aa-23d2-11e8-a6a3-ec086b02610b,58bea4aa-23d2-11e8-a6a3-ec086b02610b.jpg,30,empty,93,2014-11-16 23:14:56,70181051-5567-11e8-bdf0-dca9047ef277,3,3,2048,1494
58bea727-23d2-11e8-a6a3-ec086b02610b,58bea727-23d2-11e8-a6a3-ec086b02610b.jpg,30,empty,76,2014-09-25 07:00:00,6f65b00f-5567-11e8-adb0-dca9047ef277,1,1,2048,1494
58c033f1-23d2-11e8-a6a3-ec086b02610b,58c033f1-23d2-11e8-a6a3-ec086b02610b.jpg,30,empty,78,2011-11-09 12:01:41,6f1bd666-5567-11e8-8fc2-dca9047ef277,1,3,2048,1494
58c1c1cc-23d2-11e8-a6a3-ec086b02610b,58c1c1cc-23d2-11e8-a6a3-ec086b02610b.jpg,30,empty,102,2014-03-20 20:24:36,70109c45-5567-11e8-b333-dca9047ef277,3,5,2048,1494
58c1c32d-23d2-11e8-a6a3-ec086b02610b,58c1c32d-23d2-11e8-a6a3-ec086b02610b.jpg,30,empty,94,2013-11-03 06:36:32,701670ee-5567-11e8-9d35-dca9047ef277,3,3,2048,1494
58c34c2c-23d2-11e8-a6a3-ec086b02610b,58c34c2c-23d2-11e8-a6a3-ec086b02610b.jpg,30,empty,126,2014-08-29 11:35:42,701bfff8-5567-11e8-84f6-dca9047ef277,1,3,2048,1494
58c34ca9-23d2-11e8-a6a3-ec086b02610b,58c34ca9-23d2-11e8-a6a3-ec086b02610b.jpg,30,empty,81,2011-11-24 09:24:36,6f10c8d4-5567-11e8-841f-dca9047ef277,2,3,2048,1494
58c34ccc-23d2-11e8-a6a3-ec086b02610b,58c34ccc-23d2-11e8-a6a3-ec086b02610b.jpg,30,empty,91,2014-02-20 19:04:33,7019d247-5567-11e8-a32a-dca9047ef277,3,3,2048,1494
58c34d3e-23d2-11e8-a6a3-ec086b02610b,58c34d3e-23d2-11e8-a6a3-ec086b02610b.jpg,30,empty,88,2012-01-28 13:12:54,6f146835-5567-11e8-9a51-dca9047ef277,3,3,2048,1494
58c34d9d-23d2-11e8-a6a3-ec086b02610b,58c34d9d-23d2-11e8-a6a3-ec086b02610b.jpg,30,empty,131,2014-09-24 19:15:13,701d373a-5567-11e8-8796-dca9047ef277,2,3,2048,1494
58c34db0-23d2-11e8-a6a3-ec086b02610b,58c34db0-23d2-11e8-a6a3-ec086b02610b.jpg,30,empty,121,2014-08-20 08:44:34,7018473d-5567-11e8-97e7-dca9047ef277,2,3,2048,1494
58c66221-23d2-11e8-a6a3-ec086b02610b,58c66221-23d2-11e8-a6a3-ec086b02610b.jpg,30,empty,94,2013-11-03 06:04:03,70166cf0-5567-11e8-a619-dca9047ef277,3,3,2048,1494
58c6629f-23d2-11e8-a6a3-ec086b02610b,58c6629f-23d2-11e8-a6a3-ec086b02610b.jpg,30,empty,120,2013-02-11 19:00:25,701022ab-5567-11e8-bf38-dca9047ef277,1,1,2560,1920
58c66436-23d2-11e8-a6a3-ec086b02610b,58c66436-23d2-11e8-a6a3-ec086b02610b.jpg,30,empty,108,2012-01-18 12:05:41,6f150945-5567-11e8-bfad-dca9047ef277,3,3,2048,1494
58c6643e-23d2-11e8-a6a3-ec086b02610b,58c6643e-23d2-11e8-a6a3-ec086b02610b.jpg,30,empty,117,2013-11-26 03:48:52,701b6a17-5567-11e8-919b-dca9047ef277,1,3,2048,1494
58c66562-23d2-11e8-a6a3-ec086b02610b,58c66562-23d2-11e8-a6a3-ec086b02610b.jpg,30,empty,123,2014-10-16 13:22:06,701b03ca-5567-11e8-813c-dca9047ef277,1,3,2048,1494
58c7ef38-23d2-11e8-a6a3-ec086b02610b,58c7ef38-23d2-11e8-a6a3-ec086b02610b.jpg,30,empty,95,2011-04-30 04:38:55,6f0fd045-5567-11e8-a4c5-dca9047ef277,1,3,2048,1494
58c7f039-23d2-11e8-a6a3-ec086b02610b,58c7f039-23d2-11e8-a6a3-ec086b02610b.jpg,30,empty,86,2014-03-15 08:03:03,70199102-5567-11e8-92e6-dca9047ef277,1,3,2048,1494
58c7f102-23d2-11e8-a6a3-ec086b02610b,58c7f102-23d2-11e8-a6a3-ec086b02610b.jpg,30,empty,82,2014-11-30 20:15:14,701a5d57-5567-11e8-ae64-dca9047ef277,1,3,2048,1494
58c7f1f6-23d2-11e8-a6a3-ec086b02610b,58c7f1f6-23d2-11e8-a6a3-ec086b02610b.jpg,30,empty,114,2013-12-28 08:00:00,6ff8dfb5-5567-11e8-b194-dca9047ef277,1,1,2048,1494
58c97af6-23d2-11e8-a6a3-ec086b02610b,58c97af6-23d2-11e8-a6a3-ec086b02610b.jpg,30,empty,114,2013-09-28 12:39:17,6ff2ff54-5567-11e8-8321-dca9047ef277,1,1,2048,1494
58c97bcb-23d2-11e8-a6a3-ec086b02610b,58c97bcb-23d2-11e8-a6a3-ec086b02610b.jpg,30,empty,130,2012-02-11 13:35:37,6f0d529e-5567-11e8-8179-dca9047ef277,1,3,2048,1494
58cb11cb-23d2-11e8-a6a3-ec086b02610b,58cb11cb-23d2-11e8-a6a3-ec086b02610b.jpg,30,empty,77,2014-04-02 03:17:00,701da20f-5567-11e8-962d-dca9047ef277,3,3,2048,1494
58cb11ed-23d2-11e8-a6a3-ec086b02610b,58cb11ed-23d2-11e8-a6a3-ec086b02610b.jpg,30,empty,129,2014-11-01 03:36:32,70186ae8-5567-11e8-b3ef-dca9047ef277,1,3,2048,1494
58cb1220-23d2-11e8-a6a3-ec086b02610b,58cb1220-23d2-11e8-a6a3-ec086b02610b.jpg,30,empty,137,2014-11-26 23:55:57,701a25cc-5567-11e8-97ee-dca9047ef277,3,3,2048,1494
58cb139b-23d2-11e8-a6a3-ec086b02610b,58cb139b-23d2-11e8-a6a3-ec086b02610b.jpg,30,empty,126,2014-09-24 17:14:23,701c2142-5567-11e8-a91a-dca9047ef277,1,3,2048,1494
58cb144a-23d2-11e8-a6a3-ec086b02610b,58cb144a-23d2-11e8-a6a3-ec086b02610b.jpg,30,empty,106,2014-05-09 07:00:00,6f753030-5567-11e8-839c-dca9047ef277,1,1,2048,1494
58ce3ebd-23d2-11e8-a6a3-ec086b02610b,58ce3ebd-23d2-11e8-a6a3-ec086b02610b.jpg,30,empty,75,2011-11-26 16:59:25,6efd64d7-5567-11e8-baa1-dca9047ef277,3,3,2048,1494
58ce3eed-23d2-11e8-a6a3-ec086b02610b,58ce3eed-23d2-11e8-a6a3-ec086b02610b.jpg,30,empty,76,2013-12-05 12:28:19,6f5456cf-5567-11e8-8f68-dca9047ef277,1,1,2048,1494
58ce3f0e-23d2-11e8-a6a3-ec086b02610b,58ce3f0e-23d2-11e8-a6a3-ec086b02610b.jpg,30,empty,89,2012-04-05 14:09:35,6f10e83a-5567-11e8-845e-dca9047ef277,3,3,2048,1494
58ce3fd9-23d2-11e8-a6a3-ec086b02610b,58ce3fd9-23d2-11e8-a6a3-ec086b02610b.jpg,30,empty,94,2013-10-12 07:05:23,70163d40-5567-11e8-9f1e-dca9047ef277,2,3,2048,1494
58ce4095-23d2-11e8-a6a3-ec086b02610b,58ce4095-23d2-11e8-a6a3-ec086b02610b.jpg,30,empty,103,2012-05-09 05:35:28,6f1b5ec0-5567-11e8-9b48-dca9047ef277,2,3,2048,1494
58cfcb34-23d2-11e8-a6a3-ec086b02610b,58cfcb34-23d2-11e8-a6a3-ec086b02610b.jpg,30,empty,123,2013-11-26 11:53:35,701b0078-5567-11e8-b6ee-dca9047ef277,3,3,2048,1494
58cfcbed-23d2-11e8-a6a3-ec086b02610b,58cfcbed-23d2-11e8-a6a3-ec086b02610b.jpg,30,empty,105,2011-12-16 12:34:19,6f19cfae-5567-11e8-83ad-dca9047ef277,1,3,2048,1494
58cfcc1f-23d2-11e8-a6a3-ec086b02610b,58cfcc1f-23d2-11e8-a6a3-ec086b02610b.jpg,30,empty,124,2014-04-07 02:37:20,7010d7e3-5567-11e8-8f36-dca9047ef277,2,3,2048,1494
58d15eb9-23d2-11e8-a6a3-ec086b02610b,58d15eb9-23d2-11e8-a6a3-ec086b02610b.jpg,30,empty,125,2012-04-29 16:10:02,6f165f9c-5567-11e8-a100-dca9047ef277,3,3,2048,1494
58d1600b-23d2-11e8-a6a3-ec086b02610b,58d1600b-23d2-11e8-a6a3-ec086b02610b.jpg,30,empty,86,2015-05-22 09:09:24,7019baa6-5567-11e8-869e-dca9047ef277,1,3,2048,1494
58d16070-23d2-11e8-a6a3-ec086b02610b,58d16070-23d2-11e8-a6a3-ec086b02610b.jpg,30,empty,95,2012-06-13 09:46:54,6f109d3a-5567-11e8-8de9-dca9047ef277,1,3,2048,1494
58d160fb-23d2-11e8-a6a3-ec086b02610b,58d160fb-23d2-11e8-a6a3-ec086b02610b.jpg,30,empty,112,2012-05-07 22:14:35,6f0f40c2-5567-11e8-9913-dca9047ef277,2,3,2048,1494
58d16174-23d2-11e8-a6a3-ec086b02610b,58d16174-23d2-11e8-a6a3-ec086b02610b.jpg,30,empty,90,2012-01-18 12:42:51,6f0f9eb3-5567-11e8-8cb3-dca9047ef277,1,3,2048,1494
58d2e9ed-23d2-11e8-a6a3-ec086b02610b,58d2e9ed-23d2-11e8-a6a3-ec086b02610b.jpg,30,empty,123,2014-10-11 10:12:19,701b0321-5567-11e8-88e5-dca9047ef277,2,3,2048,1494
58d2ea10-23d2-11e8-a6a3-ec086b02610b,58d2ea10-23d2-11e8-a6a3-ec086b02610b.jpg,30,empty,75,2012-05-16 09:20:15,6efe30fd-5567-11e8-a45f-dca9047ef277,1,3,2048,1494
58d2eb62-23d2-11e8-a6a3-ec086b02610b,58d2eb62-23d2-11e8-a6a3-ec086b02610b.jpg,30,empty,100,2010-07-20 04:48:54,6f1d4833-5567-11e8-b82e-dca9047ef277,3,3,2048,1494
58d2ec9f-23d2-11e8-a6a3-ec086b02610b,58d2ec9f-23d2-11e8-a6a3-ec086b02610b.jpg,30,empty,138,2014-05-28 11:01:49,701b574c-5567-11e8-9386-dca9047ef277,3,3,2048,1494
58d47dcd-23d2-11e8-a6a3-ec086b02610b,58d47dcd-23d2-11e8-a6a3-ec086b02610b.jpg,30,empty,128,2014-10-04 11:46:24,701aa61e-5567-11e8-8487-dca9047ef277,2,3,2048,1494
58d47e72-23d2-11e8-a6a3-ec086b02610b,58d47e72-23d2-11e8-a6a3-ec086b02610b.jpg,30,empty,81,2011-11-30 08:54:28,6f10c938-5567-11e8-a710-dca9047ef277,2,3,2048,1494
58d47e93-23d2-11e8-a6a3-ec086b02610b,58d47e93-23d2-11e8-a6a3-ec086b02610b.jpg,30,empty,90,2011-08-02 11:37:22,6f0f6f47-5567-11e8-a832-dca9047ef277,1,3,2048,1494
58d61299-23d2-11e8-a6a3-ec086b02610b,58d61299-23d2-11e8-a6a3-ec086b02610b.jpg,30,empty,123,2015-04-03 13:18:48,701b2197-5567-11e8-aa5b-dca9047ef277,3,5,800,584
58d61591-23d2-11e8-a6a3-ec086b02610b,58d61591-23d2-11e8-a6a3-ec086b02610b.jpg,30,empty,115,2011-06-16 15:27:54,6f115914-5567-11e8-8a8b-dca9047ef277,3,3,2048,1494
58d7a176-23d2-11e8-a6a3-ec086b02610b,58d7a176-23d2-11e8-a6a3-ec086b02610b.jpg,30,empty,130,2012-01-29 15:18:25,6f0d4dcf-5567-11e8-9304-dca9047ef277,1,3,2048,1494
58d7a2c9-23d2-11e8-a6a3-ec086b02610b,58d7a2c9-23d2-11e8-a6a3-ec086b02610b.jpg,30,empty,106,2013-12-08 20:00:00,6f6adf02-5567-11e8-96fb-dca9047ef277,1,1,2048,1494
58d7a309-23d2-11e8-a6a3-ec086b02610b,58d7a309-23d2-11e8-a6a3-ec086b02610b.jpg,30,empty,103,2012-05-09 02:42:04,6f1b5dd9-5567-11e8-9374-dca9047ef277,3,3,2048,1494
58d7a327-23d2-11e8-a6a3-ec086b02610b,58d7a327-23d2-11e8-a6a3-ec086b02610b.jpg,30,empty,125,2012-04-30 14:25:12,6f1660fa-5567-11e8-a1fc-dca9047ef277,1,3,2048,1494
58d92f23-23d2-11e8-a6a3-ec086b02610b,58d92f23-23d2-11e8-a6a3-ec086b02610b.jpg,30,empty,103,2012-05-13 20:46:21,6f1b61d7-5567-11e8-815b-dca9047ef277,1,3,2048,1494
58d92f9e-23d2-11e8-a6a3-ec086b02610b,58d92f9e-23d2-11e8-a6a3-ec086b02610b.jpg,30,empty,118,2013-04-14 23:56:56,700abee6-5567-11e8-98ed-dca9047ef277,1,1,2560,1920
58d92fe2-23d2-11e8-a6a3-ec086b02610b,58d92fe2-23d2-11e8-a6a3-ec086b02610b.jpg,30,empty,94,2013-10-14 07:54:16,70164928-5567-11e8-8caa-dca9047ef277,3,3,2048,1494
58d93041-23d2-11e8-a6a3-ec086b02610b,58d93041-23d2-11e8-a6a3-ec086b02610b.jpg,30,empty,90,2012-03-29 10:22:05,6f0fb74f-5567-11e8-9308-dca9047ef277,3,3,2048,1494
58d930d8-23d2-11e8-a6a3-ec086b02610b,58d930d8-23d2-11e8-a6a3-ec086b02610b.jpg,30,empty,131,2014-09-24 19:15:13,701d36f3-5567-11e8-a38f-dca9047ef277,3,3,2048,1494
58d931a6-23d2-11e8-a6a3-ec086b02610b,58d931a6-23d2-11e8-a6a3-ec086b02610b.jpg,30,empty,89,2012-05-16 10:25:47,6f10fd21-5567-11e8-8b1f-dca9047ef277,1,3,2048,1494
58d931f8-23d2-11e8-a6a3-ec086b02610b,58d931f8-23d2-11e8-a6a3-ec086b02610b.jpg,30,empty,128,2014-08-28 11:58:57,701a9d2e-5567-11e8-b76f-dca9047ef277,1,3,800,584
58d93232-23d2-11e8-a6a3-ec086b02610b,58d93232-23d2-11e8-a6a3-ec086b02610b.jpg,30,empty,91,2014-02-20 19:04:32,7019d202-5567-11e8-95e5-dca9047ef277,2,3,2048,1494
58dabdca-23d2-11e8-a6a3-ec086b02610b,58dabdca-23d2-11e8-a6a3-ec086b02610b.jpg,30,empty,88,2011-08-23 09:17:07,6f13ef3a-5567-11e8-abd5-dca9047ef277,1,3,2048,1494
58dabe51-23d2-11e8-a6a3-ec086b02610b,58dabe51-23d2-11e8-a6a3-ec086b02610b.jpg,30,empty,78,2011-12-22 13:09:18,6f1bf311-5567-11e8-bec3-dca9047ef277,1,3,2048,1494
58dabf5c-23d2-11e8-a6a3-ec086b02610b,58dabf5c-23d2-11e8-a6a3-ec086b02610b.jpg,30,empty,92,2014-07-09 14:29:14,7018c3d9-5567-11e8-a105-dca9047ef277,2,5,2048,1494
58dac08b-23d2-11e8-a6a3-ec086b02610b,58dac08b-23d2-11e8-a6a3-ec086b02610b.jpg,30,empty,86,2014-03-27 11:57:47,7019953a-5567-11e8-8594-dca9047ef277,2,3,2048,1494
58ddd4f2-23d2-11e8-a6a3-ec086b02610b,58ddd4f2-23d2-11e8-a6a3-ec086b02610b.jpg,30,empty,104,2014-02-15 13:48:01,701d0f26-5567-11e8-9506-dca9047ef277,1,3,2048,1494
58ddd589-23d2-11e8-a6a3-ec086b02610b,58ddd589-23d2-11e8-a6a3-ec086b02610b.jpg,30,empty,90,2012-04-25 11:13:49,6f0fc038-5567-11e8-9db0-dca9047ef277,1,3,2048,1494
58df67f4-23d2-11e8-a6a3-ec086b02610b,58df67f4-23d2-11e8-a6a3-ec086b02610b.jpg,30,empty,127,2014-10-02 11:31:33,7019d159-5567-11e8-be4f-dca9047ef277,1,3,2048,1494
58df6a1f-23d2-11e8-a6a3-ec086b02610b,58df6a1f-23d2-11e8-a6a3-ec086b02610b.jpg,30,empty,130,2011-12-10 11:14:47,6f0d2f91-5567-11e8-9e1a-dca9047ef277,2,3,2048,1494
58e0f4cf-23d2-11e8-a6a3-ec086b02610b,58e0f4cf-23d2-11e8-a6a3-ec086b02610b.jpg,30,empty,112,2012-05-05 18:28:03,6f0f3ef5-5567-11e8-86b8-dca9047ef277,2,3,2048,1494
58e0f857-23d2-11e8-a6a3-ec086b02610b,58e0f857-23d2-11e8-a6a3-ec086b02610b.jpg,30,empty,78,2011-07-17 18:37:21,6f1b9494-5567-11e8-8c2f-dca9047ef277,2,3,2048,1494
58e28102-23d2-11e8-a6a3-ec086b02610b,58e28102-23d2-11e8-a6a3-ec086b02610b.jpg,30,empty,81,2011-11-03 15:25:08,6f10c7cf-5567-11e8-9efb-dca9047ef277,2,3,2048,1494
58e28351-23d2-11e8-a6a3-ec086b02610b,58e28351-23d2-11e8-a6a3-ec086b02610b.jpg,30,empty,111,2014-10-20 12:52:42,701537a6-5567-11e8-bc49-dca9047ef277,3,3,2048,1494
58e40dcb-23d2-11e8-a6a3-ec086b02610b,58e40dcb-23d2-11e8-a6a3-ec086b02610b.jpg,30,empty,122,2014-10-19 13:26:44,7018709c-5567-11e8-9660-dca9047ef277,3,3,2048,1494
58e40e27-23d2-11e8-a6a3-ec086b02610b,58e40e27-23d2-11e8-a6a3-ec086b02610b.jpg,30,empty,114,2014-03-09 04:00:00,6ffec340-5567-11e8-b879-dca9047ef277,1,1,2048,1494
58e40fd7-23d2-11e8-a6a3-ec086b02610b,58e40fd7-23d2-11e8-a6a3-ec086b02610b.jpg,30,empty,89,2012-05-28 13:14:20,6f110202-5567-11e8-8ec7-dca9047ef277,3,3,2048,1494
58e59789-23d2-11e8-a6a3-ec086b02610b,58e59789-23d2-11e8-a6a3-ec086b02610b.jpg,30,empty,75,2011-07-26 11:27:28,6efd42dc-5567-11e8-8d2d-dca9047ef277,1,3,2048,1494
58e5981c-23d2-11e8-a6a3-ec086b02610b,58e5981c-23d2-11e8-a6a3-ec086b02610b.jpg,30,empty,103,2012-05-03 23:30:24,6f1b592b-5567-11e8-a604-dca9047ef277,1,3,2048,1494
58e598fc-23d2-11e8-a6a3-ec086b02610b,58e598fc-23d2-11e8-a6a3-ec086b02610b.jpg,30,empty,88,2011-08-24 06:33:45,6f13ef97-5567-11e8-9088-dca9047ef277,2,3,2048,1494
58e59903-23d2-11e8-a6a3-ec086b02610b,58e59903-23d2-11e8-a6a3-ec086b02610b.jpg,30,empty,100,2011-04-26 12:31:43,6f1ecf2e-5567-11e8-87ee-dca9047ef277,2,3,2048,1494
58e726a2-23d2-11e8-a6a3-ec086b02610b,58e726a2-23d2-11e8-a6a3-ec086b02610b.jpg,30,empty,106,2014-09-21 05:00:00,6f7a90e8-5567-11e8-95d4-dca9047ef277,1,1,2048,1494
58e93921-23d2-11e8-a6a3-ec086b02610b,58e93921-23d2-11e8-a6a3-ec086b02610b.jpg,30,empty,106,2014-09-05 20:00:00,6f79fba6-5567-11e8-9c59-dca9047ef277,1,1,2048,1494
58e93a23-23d2-11e8-a6a3-ec086b02610b,58e93a23-23d2-11e8-a6a3-ec086b02610b.jpg,30,empty,135,2013-03-29 03:03:19,7016998c-5567-11e8-87ea-dca9047ef277,3,3,2048,1494
58e93a50-23d2-11e8-a6a3-ec086b02610b,58e93a50-23d2-11e8-a6a3-ec086b02610b.jpg,30,empty,94,2013-10-17 05:44:04,70164d6b-5567-11e8-a2ba-dca9047ef277,3,3,2048,1494
58e93b2b-23d2-11e8-a6a3-ec086b02610b,58e93b2b-23d2-11e8-a6a3-ec086b02610b.jpg,30,empty,125,2011-08-23 08:41:47,6f15e80a-5567-11e8-a04e-dca9047ef277,1,3,2048,1494
58e93bf8-23d2-11e8-a6a3-ec086b02610b,58e93bf8-23d2-11e8-a6a3-ec086b02610b.jpg,30,empty,98,2012-04-25 09:35:42,6f157442-5567-11e8-a53d-dca9047ef277,1,3,2048,1494
58eac9d4-23d2-11e8-a6a3-ec086b02610b,58eac9d4-23d2-11e8-a6a3-ec086b02610b.jpg,30,empty,107,2011-07-11 01:15:06,6f0dabb8-5567-11e8-901e-dca9047ef277,3,3,2048,1494
58eaca6d-23d2-11e8-a6a3-ec086b02610b,58eaca6d-23d2-11e8-a6a3-ec086b02610b.jpg,30,empty,88,2012-04-02 20:14:11,6f148e0f-5567-11e8-ac09-dca9047ef277,2,3,2048,1494
58eacb53-23d2-11e8-a6a3-ec086b02610b,58eacb53-23d2-11e8-a6a3-ec086b02610b.jpg,30,empty,99,2013-08-30 12:58:19,70147d7a-5567-11e8-9d73-dca9047ef277,3,3,2048,1494
58ec5543-23d2-11e8-a6a3-ec086b02610b,58ec5543-23d2-11e8-a6a3-ec086b02610b.jpg,30,empty,88,2011-12-27 07:29:33,6f143f5c-5567-11e8-9cc7-dca9047ef277,1,3,2048,1494
58ec5556-23d2-11e8-a6a3-ec086b02610b,58ec5556-23d2-11e8-a6a3-ec086b02610b.jpg,30,empty,89,2012-04-25 13:15:19,6f10ebb5-5567-11e8-ab36-dca9047ef277,1,3,2048,1494
58ec55e6-23d2-11e8-a6a3-ec086b02610b,58ec55e6-23d2-11e8-a6a3-ec086b02610b.jpg,30,empty,125,2012-04-27 15:58:08,6f165cb5-5567-11e8-b6bf-dca9047ef277,3,3,2048,1494
58ec56f8-23d2-11e8-a6a3-ec086b02610b,58ec56f8-23d2-11e8-a6a3-ec086b02610b.jpg,30,empty,137,2014-03-15 06:37:57,701a1238-5567-11e8-88f7-dca9047ef277,2,3,2048,1494
58ec574f-23d2-11e8-a6a3-ec086b02610b,58ec574f-23d2-11e8-a6a3-ec086b02610b.jpg,30,empty,108,2012-03-30 20:18:45,6f15170f-5567-11e8-a3ce-dca9047ef277,1,3,2048,1494
58ec5869-23d2-11e8-a6a3-ec086b02610b,58ec5869-23d2-11e8-a6a3-ec086b02610b.jpg,30,empty,137,2014-12-28 15:14:26,701a4521-5567-11e8-9532-dca9047ef277,2,3,2048,1494
58ede0ef-23d2-11e8-a6a3-ec086b02610b,58ede0ef-23d2-11e8-a6a3-ec086b02610b.jpg,30,empty,125,2012-01-18 10:52:16,6f1604fa-5567-11e8-aab7-dca9047ef277,1,3,2048,1494
58ede1af-23d2-11e8-a6a3-ec086b02610b,58ede1af-23d2-11e8-a6a3-ec086b02610b.jpg,30,empty,78,2011-09-02 13:08:45,6f1bad07-5567-11e8-aba2-dca9047ef277,1,3,2048,1494
58ede215-23d2-11e8-a6a3-ec086b02610b,58ede215-23d2-11e8-a6a3-ec086b02610b.jpg,30,empty,123,2013-11-26 11:53:31,701b0028-5567-11e8-a662-dca9047ef277,3,3,2048,1494
58ede3fe-23d2-11e8-a6a3-ec086b02610b,58ede3fe-23d2-11e8-a6a3-ec086b02610b.jpg,30,empty,87,2014-06-01 22:33:37,701ae4cf-5567-11e8-ba31-dca9047ef277,1,3,2048,1494
58ede442-23d2-11e8-a6a3-ec086b02610b,58ede442-23d2-11e8-a6a3-ec086b02610b.jpg,30,empty,121,2014-03-28 09:17:54,7018411c-5567-11e8-b774-dca9047ef277,3,3,2048,1494
58ede461-23d2-11e8-a6a3-ec086b02610b,58ede461-23d2-11e8-a6a3-ec086b02610b.jpg,30,empty,125,2011-11-03 15:22:00,6f15f975-5567-11e8-aa61-dca9047ef277,1,3,2048,1494
58ede4aa-23d2-11e8-a6a3-ec086b02610b,58ede4aa-23d2-11e8-a6a3-ec086b02610b.jpg,30,empty,126,2014-09-22 11:15:52,701c0fcc-5567-11e8-8fc9-dca9047ef277,2,3,2048,1494
58ef6df1-23d2-11e8-a6a3-ec086b02610b,58ef6df1-23d2-11e8-a6a3-ec086b02610b.jpg,30,empty,115,2011-07-03 05:10:17,6f11725c-5567-11e8-adfd-dca9047ef277,2,3,2048,1494
58ef6e6d-23d2-11e8-a6a3-ec086b02610b,58ef6e6d-23d2-11e8-a6a3-ec086b02610b.jpg,30,empty,115,2011-08-26 08:35:59,6f119bc2-5567-11e8-b2fc-dca9047ef277,3,3,2048,1494
58ef6e84-23d2-11e8-a6a3-ec086b02610b,58ef6e84-23d2-11e8-a6a3-ec086b02610b.jpg,30,empty,133,2014-05-14 05:17:08,7010ca40-5567-11e8-b514-dca9047ef277,3,3,2048,1494
58ef6f53-23d2-11e8-a6a3-ec086b02610b,58ef6f53-23d2-11e8-a6a3-ec086b02610b.jpg,30,empty,96,2014-05-28 15:05:18,6fbe0b28-5567-11e8-ac0e-dca9047ef277,1,1,2048,1494
58ef6f74-23d2-11e8-a6a3-ec086b02610b,58ef6f74-23d2-11e8-a6a3-ec086b02610b.jpg,30,empty,117,2013-12-12 22:32:04,701b928f-5567-11e8-99f0-dca9047ef277,2,3,2048,1494
58ef6fc4-23d2-11e8-a6a3-ec086b02610b,58ef6fc4-23d2-11e8-a6a3-ec086b02610b.jpg,30,empty,117,2014-04-18 03:33:41,701bcf8a-5567-11e8-b4d4-dca9047ef277,2,3,2048,1494
58ef7003-23d2-11e8-a6a3-ec086b02610b,58ef7003-23d2-11e8-a6a3-ec086b02610b.jpg,30,empty,80,2013-03-02 10:13:55,7009c417-5567-11e8-ac87-dca9047ef277,1,1,2560,1920
58ef70c7-23d2-11e8-a6a3-ec086b02610b,58ef70c7-23d2-11e8-a6a3-ec086b02610b.jpg,30,empty,117,2014-04-15 02:29:52,701bce40-5567-11e8-984b-dca9047ef277,1,3,2048,1494
58f106d9-23d2-11e8-a6a3-ec086b02610b,58f106d9-23d2-11e8-a6a3-ec086b02610b.jpg,30,empty,107,2011-07-30 01:26:07,6f0dba68-5567-11e8-a5ec-dca9047ef277,1,3,2048,1494
58f293dd-23d2-11e8-a6a3-ec086b02610b,58f293dd-23d2-11e8-a6a3-ec086b02610b.jpg,30,empty,81,2011-12-15 18:07:09,6f10c991-5567-11e8-81d8-dca9047ef277,1,3,2048,1494
58f29419-23d2-11e8-a6a3-ec086b02610b,58f29419-23d2-11e8-a6a3-ec086b02610b.jpg,30,empty,95,2012-02-23 01:06:46,6f0fde2e-5567-11e8-a2d0-dca9047ef277,3,3,2048,1494
58f29427-23d2-11e8-a6a3-ec086b02610b,58f29427-23d2-11e8-a6a3-ec086b02610b.jpg,30,empty,120,2013-05-01 03:03:13,701050eb-5567-11e8-88a8-dca9047ef277,1,1,2560,1920
58f29487-23d2-11e8-a6a3-ec086b02610b,58f29487-23d2-11e8-a6a3-ec086b02610b.jpg,30,empty,137,2015-01-12 15:23:08,701a4e11-5567-11e8-8d74-dca9047ef277,2,3,2048,1494
58f296c5-23d2-11e8-a6a3-ec086b02610b,58f296c5-23d2-11e8-a6a3-ec086b02610b.jpg,30,empty,105,2011-06-25 13:52:11,6f19c5ba-5567-11e8-be24-dca9047ef277,2,3,2048,1494
58f423b0-23d2-11e8-a6a3-ec086b02610b,58f423b0-23d2-11e8-a6a3-ec086b02610b.jpg,30,empty,114,2014-04-02 12:00:00,6fffe017-5567-11e8-bd8d-dca9047ef277,1,1,2048,1494
58f5afd9-23d2-11e8-a6a3-ec086b02610b,58f5afd9-23d2-11e8-a6a3-ec086b02610b.jpg,30,empty,87,2014-05-28 03:53:42,701ad8f0-5567-11e8-8c14-dca9047ef277,3,3,2048,1494
58f5b089-23d2-11e8-a6a3-ec086b02610b,58f5b089-23d2-11e8-a6a3-ec086b02610b.jpg,30,empty,114,2013-12-02 07:00:00,6ff71726-5567-11e8-8b05-dca9047ef277,1,1,2048,1494
58f5b163-23d2-11e8-a6a3-ec086b02610b,58f5b163-23d2-11e8-a6a3-ec086b02610b.jpg,30,empty,98,2012-06-13 10:42:35,6f15a278-5567-11e8-849b-dca9047ef277,1,3,2048,1494
58f5b1f7-23d2-11e8-a6a3-ec086b02610b,58f5b1f7-23d2-11e8-a6a3-ec086b02610b.jpg,30,empty,93,2014-11-17 07:06:31,70181099-5567-11e8-95ea-dca9047ef277,2,3,2048,1494
58f5b1fd-23d2-11e8-a6a3-ec086b02610b,58f5b1fd-23d2-11e8-a6a3-ec086b02610b.jpg,30,empty,129,2014-10-11 23:29:28,7018580a-5567-11e8-9a25-dca9047ef277,3,3,2048,1494
58f73c7e-23d2-11e8-a6a3-ec086b02610b,58f73c7e-23d2-11e8-a6a3-ec086b02610b.jpg,30,empty,131,2014-10-27 07:21:29,701d4a5e-5567-11e8-8df9-dca9047ef277,1,3,2048,1494
58f73e28-23d2-11e8-a6a3-ec086b02610b,58f73e28-23d2-11e8-a6a3-ec086b02610b.jpg,30,empty,100,2010-08-23 10:40:15,6f1d62b0-5567-11e8-a0a4-dca9047ef277,3,3,2048,1494
58fa5c85-23d2-11e8-a6a3-ec086b02610b,58fa5c85-23d2-11e8-a6a3-ec086b02610b.jpg,30,empty,111,2014-10-19 23:13:31,701536c0-5567-11e8-b043-dca9047ef277,2,3,2048,1494
58fa5d3f-23d2-11e8-a6a3-ec086b02610b,58fa5d3f-23d2-11e8-a6a3-ec086b02610b.jpg,30,empty,108,2011-05-07 11:12:40,6f14bcbd-5567-11e8-a609-dca9047ef277,1,3,2048,1494
58fa5dbf-23d2-11e8-a6a3-ec086b02610b,58fa5dbf-23d2-11e8-a6a3-ec086b02610b.jpg,30,empty,94,2013-11-04 06:00:44,701675cf-5567-11e8-9ba3-dca9047ef277,1,3,2048,1494
58fa6005-23d2-11e8-a6a3-ec086b02610b,58fa6005-23d2-11e8-a6a3-ec086b02610b.jpg,30,empty,105,2012-05-26 12:59:39,6f1a6ec0-5567-11e8-8f92-dca9047ef277,1,3,2048,1494
58fbeb6a-23d2-11e8-a6a3-ec086b02610b,58fbeb6a-23d2-11e8-a6a3-ec086b02610b.jpg,30,empty,134,2014-12-17 16:43:55,7010740a-5567-11e8-90ce-dca9047ef277,3,3,2048,1494
58fd7b15-23d2-11e8-a6a3-ec086b02610b,58fd7b15-23d2-11e8-a6a3-ec086b02610b.jpg,30,empty,128,2013-11-08 20:35:26,701a937a-5567-11e8-80dd-dca9047ef277,1,3,2048,1494
58fd7bfb-23d2-11e8-a6a3-ec086b02610b,58fd7bfb-23d2-11e8-a6a3-ec086b02610b.jpg,30,empty,90,2012-03-05 16:19:04,6f0fae54-5567-11e8-87b4-dca9047ef277,1,3,2048,1494
58fd7c59-23d2-11e8-a6a3-ec086b02610b,58fd7c59-23d2-11e8-a6a3-ec086b02610b.jpg,30,empty,86,2014-03-10 12:14:15,70198e78-5567-11e8-b48e-dca9047ef277,3,3,2048,1494
58fd7c9d-23d2-11e8-a6a3-ec086b02610b,58fd7c9d-23d2-11e8-a6a3-ec086b02610b.jpg,30,empty,96,2014-06-22 13:41:25,6fc19d6b-5567-11e8-aee5-dca9047ef277,1,1,2048,1494
58ff0d15-23d2-11e8-a6a3-ec086b02610b,58ff0d15-23d2-11e8-a6a3-ec086b02610b.jpg,30,empty,94,2013-10-14 06:57:35,7016475c-5567-11e8-b2dc-dca9047ef277,3,3,2048,1494
58ff0da5-23d2-11e8-a6a3-ec086b02610b,58ff0da5-23d2-11e8-a6a3-ec086b02610b.jpg,30,empty,117,2014-04-02 03:44:04,701bb900-5567-11e8-affb-dca9047ef277,3,3,2048,1494
58ff0db4-23d2-11e8-a6a3-ec086b02610b,58ff0db4-23d2-11e8-a6a3-ec086b02610b.jpg,30,empty,82,2014-12-01 21:57:51,701a5e00-5567-11e8-a1d3-dca9047ef277,2,3,2048,1494
58ff0efb-23d2-11e8-a6a3-ec086b02610b,58ff0efb-23d2-11e8-a6a3-ec086b02610b.jpg,30,empty,78,2012-02-11 09:21:57,6f1c17d4-5567-11e8-a880-dca9047ef277,1,3,2048,1494
58ff100c-23d2-11e8-a6a3-ec086b02610b,58ff100c-23d2-11e8-a6a3-ec086b02610b.jpg,30,empty,130,2011-12-09 15:31:38,6f0d2e73-5567-11e8-b7b3-dca9047ef277,2,3,2048,1494
5900a0aa-23d2-11e8-a6a3-ec086b02610b,5900a0aa-23d2-11e8-a6a3-ec086b02610b.jpg,30,empty,81,2011-04-23 12:09:32,6f109de6-5567-11e8-ac38-dca9047ef277,3,3,2048,1494
5900a21d-23d2-11e8-a6a3-ec086b02610b,5900a21d-23d2-11e8-a6a3-ec086b02610b.jpg,30,empty,130,2011-05-30 14:27:13,6f0ce245-5567-11e8-9489-dca9047ef277,1,3,2048,1494
5900a229-23d2-11e8-a6a3-ec086b02610b,5900a229-23d2-11e8-a6a3-ec086b02610b.jpg,30,empty,97,2014-10-02 14:15:23,701b2e54-5567-11e8-a0db-dca9047ef277,2,3,2048,1494
5900a236-23d2-11e8-a6a3-ec086b02610b,5900a236-23d2-11e8-a6a3-ec086b02610b.jpg,30,empty,119,2014-04-08 03:41:00,70176dd1-5567-11e8-9d34-dca9047ef277,2,3,2048,1494
5900a3e6-23d2-11e8-a6a3-ec086b02610b,5900a3e6-23d2-11e8-a6a3-ec086b02610b.jpg,30,empty,123,2015-02-28 06:51:14,701b0802-5567-11e8-ab38-dca9047ef277,5,5,800,584
5902356d-23d2-11e8-a6a3-ec086b02610b,5902356d-23d2-11e8-a6a3-ec086b02610b.jpg,30,empty,117,2014-03-18 20:49:05,701ba833-5567-11e8-9225-dca9047ef277,3,3,2048,1494
5902370d-23d2-11e8-a6a3-ec086b02610b,5902370d-23d2-11e8-a6a3-ec086b02610b.jpg,30,empty,86,2014-12-11 05:56:27,70199c35-5567-11e8-8230-dca9047ef277,3,3,2048,1494
5902379b-23d2-11e8-a6a3-ec086b02610b,5902379b-23d2-11e8-a6a3-ec086b02610b.jpg,30,empty,107,2012-05-31 11:36:02,6f0e3f19-5567-11e8-adc6-dca9047ef277,1,3,2048,1494
590237f7-23d2-11e8-a6a3-ec086b02610b,590237f7-23d2-11e8-a6a3-ec086b02610b.jpg,30,empty,78,2011-12-09 14:22:41,6f1be668-5567-11e8-88b1-dca9047ef277,3,3,2048,1494
59023899-23d2-11e8-a6a3-ec086b02610b,59023899-23d2-11e8-a6a3-ec086b02610b.jpg,30,empty,95,2012-03-06 01:30:49,6f0fe48a-5567-11e8-bc05-dca9047ef277,2,3,2048,1494
5903cb4b-23d2-11e8-a6a3-ec086b02610b,5903cb4b-23d2-11e8-a6a3-ec086b02610b.jpg,30,empty,94,2013-11-03 16:00:51,70167580-5567-11e8-aae2-dca9047ef277,1,3,2048,1494
5903cc2a-23d2-11e8-a6a3-ec086b02610b,5903cc2a-23d2-11e8-a6a3-ec086b02610b.jpg,30,empty,129,2014-02-13 01:37:57,70184da6-5567-11e8-9f40-dca9047ef277,3,3,2048,1494
5903ccb1-23d2-11e8-a6a3-ec086b02610b,5903ccb1-23d2-11e8-a6a3-ec086b02610b.jpg,30,empty,96,2014-05-25 14:47:12,6fb914ee-5567-11e8-9d49-dca9047ef277,1,1,2048,1494
5903cd27-23d2-11e8-a6a3-ec086b02610b,5903cd27-23d2-11e8-a6a3-ec086b02610b.jpg,30,empty,87,2014-01-05 16:10:56,701abf1c-5567-11e8-bee1-dca9047ef277,3,3,2048,1494
5903cd49-23d2-11e8-a6a3-ec086b02610b,5903cd49-23d2-11e8-a6a3-ec086b02610b.jpg,30,empty,89,2012-05-16 12:55:35,6f10fd7d-5567-11e8-86e4-dca9047ef277,1,3,2048,1494
59056013-23d2-11e8-a6a3-ec086b02610b,59056013-23d2-11e8-a6a3-ec086b02610b.jpg,30,empty,88,2011-12-07 09:47:19,6f142357-5567-11e8-a9b0-dca9047ef277,1,3,2048,1494
5906f118-23d2-11e8-a6a3-ec086b02610b,5906f118-23d2-11e8-a6a3-ec086b02610b.jpg,30,empty,86,2014-12-28 03:40:08,7019ae26-5567-11e8-8eef-dca9047ef277,1,3,2048,1494
5906f1bf-23d2-11e8-a6a3-ec086b02610b,5906f1bf-23d2-11e8-a6a3-ec086b02610b.jpg,30,empty,111,2014-10-19 23:13:34,70153754-5567-11e8-8d69-dca9047ef277,2,3,2048,1494
59087ee3-23d2-11e8-a6a3-ec086b02610b,59087ee3-23d2-11e8-a6a3-ec086b02610b.jpg,30,empty,108,2012-04-25 10:18:15,6f151fe1-5567-11e8-81a0-dca9047ef277,2,3,2048,1494
590a0e6f-23d2-11e8-a6a3-ec086b02610b,590a0e6f-23d2-11e8-a6a3-ec086b02610b.jpg,30,empty,129,2013-08-07 23:16:09,70184868-5567-11e8-bc61-dca9047ef277,3,3,2048,1494
590b9b52-23d2-11e8-a6a3-ec086b02610b,590b9b52-23d2-11e8-a6a3-ec086b02610b.jpg,30,empty,135,2013-03-15 08:26:19,701691f8-5567-11e8-a33c-dca9047ef277,2,3,2048,1494
590b9d5d-23d2-11e8-a6a3-ec086b02610b,590b9d5d-23d2-11e8-a6a3-ec086b02610b.jpg,30,empty,128,2014-10-03 12:47:05,701aa482-5567-11e8-9a6c-dca9047ef277,3,3,2048,1494
590ebc46-23d2-11e8-a6a3-ec086b02610b,590ebc46-23d2-11e8-a6a3-ec086b02610b.jpg,30,empty,96,2014-05-10 12:58:01,6fa6f0d1-5567-11e8-8be5-dca9047ef277,1,1,2048,1494
590ebe1d-23d2-11e8-a6a3-ec086b02610b,590ebe1d-23d2-11e8-a6a3-ec086b02610b.jpg,30,empty,120,2012-10-09 21:20:16,700fa4a8-5567-11e8-bf67-dca9047ef277,1,1,2560,1920
59104978-23d2-11e8-a6a3-ec086b02610b,59104978-23d2-11e8-a6a3-ec086b02610b.jpg,30,empty,115,2011-12-15 01:39:57,6f11ca4a-5567-11e8-9b1a-dca9047ef277,2,3,2048,1494
5911d6df-23d2-11e8-a6a3-ec086b02610b,5911d6df-23d2-11e8-a6a3-ec086b02610b.jpg,30,empty,81,2011-12-15 18:07:14,6f10c9eb-5567-11e8-9901-dca9047ef277,1,3,2048,1494
5911d7c5-23d2-11e8-a6a3-ec086b02610b,5911d7c5-23d2-11e8-a6a3-ec086b02610b.jpg,30,empty,129,2014-10-30 03:18:04,70186aa1-5567-11e8-af31-dca9047ef277,1,3,2048,1494
5911d89a-23d2-11e8-a6a3-ec086b02610b,5911d89a-23d2-11e8-a6a3-ec086b02610b.jpg,30,empty,76,2014-04-04 02:00:00,6f5ba29e-5567-11e8-94fe-dca9047ef277,1,1,2048,1494
59136487-23d2-11e8-a6a3-ec086b02610b,59136487-23d2-11e8-a6a3-ec086b02610b.jpg,30,empty,114,2014-03-22 05:00:00,6fff3da1-5567-11e8-a409-dca9047ef277,1,1,2048,1494
591365d2-23d2-11e8-a6a3-ec086b02610b,591365d2-23d2-11e8-a6a3-ec086b02610b.jpg,30,empty,115,2011-05-10 06:35:30,6f111af8-5567-11e8-987d-dca9047ef277,3,3,2048,1494
59136633-23d2-11e8-a6a3-ec086b02610b,59136633-23d2-11e8-a6a3-ec086b02610b.jpg,30,empty,102,2014-03-23 03:42:08,70109c97-5567-11e8-af77-dca9047ef277,5,5,2048,1494
5913675b-23d2-11e8-a6a3-ec086b02610b,5913675b-23d2-11e8-a6a3-ec086b02610b.jpg,30,empty,112,2012-05-04 12:47:23,6f0f3cd9-5567-11e8-b171-dca9047ef277,3,3,2048,1494
5914ee6d-23d2-11e8-a6a3-ec086b02610b,5914ee6d-23d2-11e8-a6a3-ec086b02610b.jpg,30,empty,86,2014-02-26 18:06:45,7019872b-5567-11e8-bb81-dca9047ef277,1,3,2048,1494
5914f09a-23d2-11e8-a6a3-ec086b02610b,5914f09a-23d2-11e8-a6a3-ec086b02610b.jpg,30,empty,106,2013-12-24 14:00:00,6f6bafae-5567-11e8-a421-dca9047ef277,1,1,2048,1494
5914f141-23d2-11e8-a6a3-ec086b02610b,5914f141-23d2-11e8-a6a3-ec086b02610b.jpg,30,empty,117,2013-12-19 21:23:43,701b9a91-5567-11e8-b30d-dca9047ef277,2,3,2048,1494
5914f14c-23d2-11e8-a6a3-ec086b02610b,5914f14c-23d2-11e8-a6a3-ec086b02610b.jpg,30,empty,108,2011-09-01 22:31:40,6f14e52b-5567-11e8-a664-dca9047ef277,1,3,2048,1494
591678be-23d2-11e8-a6a3-ec086b02610b,591678be-23d2-11e8-a6a3-ec086b02610b.jpg,30,empty,96,2014-07-15 14:51:05,6fc76ac5-5567-11e8-aca0-dca9047ef277,1,1,2048,1494
59167998-23d2-11e8-a6a3-ec086b02610b,59167998-23d2-11e8-a6a3-ec086b02610b.jpg,30,empty,112,2011-04-21 14:23:54,6f0e41b8-5567-11e8-9c22-dca9047ef277,1,3,2048,1494
59167be5-23d2-11e8-a6a3-ec086b02610b,59167be5-23d2-11e8-a6a3-ec086b02610b.jpg,30,empty,86,2014-12-05 12:50:27,701999f3-5567-11e8-84e1-dca9047ef277,2,3,2048,1494
59180950-23d2-11e8-a6a3-ec086b02610b,59180950-23d2-11e8-a6a3-ec086b02610b.jpg,30,empty,118,2013-04-20 23:42:21,700ac28a-5567-11e8-a73f-dca9047ef277,1,1,2560,1920
59180a42-23d2-11e8-a6a3-ec086b02610b,59180a42-23d2-11e8-a6a3-ec086b02610b.jpg,30,empty,106,2014-04-05 12:07:24,6f719978-5567-11e8-9c2e-dca9047ef277,1,1,2048,1494
59180b6c-23d2-11e8-a6a3-ec086b02610b,59180b6c-23d2-11e8-a6a3-ec086b02610b.jpg,30,empty,126,2014-09-22 11:03:11,701c0f70-5567-11e8-a929-dca9047ef277,1,3,2048,1494
59199678-23d2-11e8-a6a3-ec086b02610b,59199678-23d2-11e8-a6a3-ec086b02610b.jpg,30,empty,81,2011-05-18 10:15:43,6f10b5d7-5567-11e8-b36b-dca9047ef277,1,3,2048,1494
591998c5-23d2-11e8-a6a3-ec086b02610b,591998c5-23d2-11e8-a6a3-ec086b02610b.jpg,30,empty,78,2012-03-24 14:47:51,6f1c3680-5567-11e8-a5c4-dca9047ef277,1,3,2048,1494
59199963-23d2-11e8-a6a3-ec086b02610b,59199963-23d2-11e8-a6a3-ec086b02610b.jpg,30,empty,135,2013-03-28 04:26:59,70169766-5567-11e8-89f5-dca9047ef277,2,3,2048,1494
591b22b3-23d2-11e8-a6a3-ec086b02610b,591b22b3-23d2-11e8-a6a3-ec086b02610b.jpg,30,empty,112,2011-05-16 09:55:03,6f0e5a40-5567-11e8-b5de-dca9047ef277,3,3,2048,1494
591b23c7-23d2-11e8-a6a3-ec086b02610b,591b23c7-23d2-11e8-a6a3-ec086b02610b.jpg,30,empty,130,2011-12-09 13:21:43,6f0d2e17-5567-11e8-99f5-dca9047ef277,3,3,2048,1494
591b243f-23d2-11e8-a6a3-ec086b02610b,591b243f-23d2-11e8-a6a3-ec086b02610b.jpg,30,empty,106,2013-10-19 08:00:00,6f68638a-5567-11e8-b0a3-dca9047ef277,1,1,2048,1494
591cb0e5-23d2-11e8-a6a3-ec086b02610b,591cb0e5-23d2-11e8-a6a3-ec086b02610b.jpg,30,empty,103,2011-08-23 09:32:38,6f1ade59-5567-11e8-93c8-dca9047ef277,1,3,2048,1494
591cb0e7-23d2-11e8-a6a3-ec086b02610b,591cb0e7-23d2-11e8-a6a3-ec086b02610b.jpg,30,empty,105,2011-05-05 09:46:01,6f19bafd-5567-11e8-bcb2-dca9047ef277,1,3,2048,1494
591cb28b-23d2-11e8-a6a3-ec086b02610b,591cb28b-23d2-11e8-a6a3-ec086b02610b.jpg,30,empty,107,2011-07-11 01:06:15,6f0dab5e-5567-11e8-886b-dca9047ef277,1,3,2048,1494
591cb2aa-23d2-11e8-a6a3-ec086b02610b,591cb2aa-23d2-11e8-a6a3-ec086b02610b.jpg,30,empty,87,2014-06-02 15:30:36,701ae521-5567-11e8-ab1f-dca9047ef277,3,3,2048,1494
591cb2d1-23d2-11e8-a6a3-ec086b02610b,591cb2d1-23d2-11e8-a6a3-ec086b02610b.jpg,30,empty,94,2013-10-13 10:09:18,70164587-5567-11e8-ae3f-dca9047ef277,2,3,2048,1494
591cb37c-23d2-11e8-a6a3-ec086b02610b,591cb37c-23d2-11e8-a6a3-ec086b02610b.jpg,30,empty,86,2014-03-11 14:48:19,70198f68-5567-11e8-8646-dca9047ef277,1,3,2048,1494
591cb3b9-23d2-11e8-a6a3-ec086b02610b,591cb3b9-23d2-11e8-a6a3-ec086b02610b.jpg,30,empty,103,2011-07-22 17:27:38,6f1ac95e-5567-11e8-8a2a-dca9047ef277,2,3,2048,1494
591cb43b-23d2-11e8-a6a3-ec086b02610b,591cb43b-23d2-11e8-a6a3-ec086b02610b.jpg,30,empty,96,2014-04-30 13:47:38,6f98feb5-5567-11e8-b764-dca9047ef277,1,1,2048,1494
591e404b-23d2-11e8-a6a3-ec086b02610b,591e404b-23d2-11e8-a6a3-ec086b02610b.jpg,30,empty,101,2015-04-29 08:28:26,701c4261-5567-11e8-95fa-dca9047ef277,1,3,2048,1494
591e4083-23d2-11e8-a6a3-ec086b02610b,591e4083-23d2-11e8-a6a3-ec086b02610b.jpg,30,empty,130,2012-05-12 07:44:37,6f0d7ddc-5567-11e8-a5fa-dca9047ef277,1,3,2048,1494
591e413b-23d2-11e8-a6a3-ec086b02610b,591e413b-23d2-11e8-a6a3-ec086b02610b.jpg,30,empty,99,2015-04-05 18:37:06,701486cf-5567-11e8-9c44-dca9047ef277,2,3,2048,1494
591e41e2-23d2-11e8-a6a3-ec086b02610b,591e41e2-23d2-11e8-a6a3-ec086b02610b.jpg,30,empty,131,2014-10-08 07:01:02,701d3a63-5567-11e8-8dc5-dca9047ef277,1,3,2048,1494
591e41e5-23d2-11e8-a6a3-ec086b02610b,591e41e5-23d2-11e8-a6a3-ec086b02610b.jpg,30,empty,100,2011-01-14 07:45:03,6f1e1619-5567-11e8-aa7a-dca9047ef277,1,3,2048,1494
591e42c5-23d2-11e8-a6a3-ec086b02610b,591e42c5-23d2-11e8-a6a3-ec086b02610b.jpg,30,empty,90,2011-11-02 12:22:32,6f0f81ae-5567-11e8-8be9-dca9047ef277,2,3,2048,1494
591fd21e-23d2-11e8-a6a3-ec086b02610b,591fd21e-23d2-11e8-a6a3-ec086b02610b.jpg,30,empty,128,2014-09-28 11:59:59,701aa380-5567-11e8-87a9-dca9047ef277,3,3,2048,1494
5922ea88-23d2-11e8-a6a3-ec086b02610b,5922ea88-23d2-11e8-a6a3-ec086b02610b.jpg,30,empty,120,2012-09-20 21:30:38,700f938a-5567-11e8-adc4-dca9047ef277,1,1,2560,1920
5922eb80-23d2-11e8-a6a3-ec086b02610b,5922eb80-23d2-11e8-a6a3-ec086b02610b.jpg,30,empty,125,2012-02-21 10:51:12,6f160f7d-5567-11e8-bb70-dca9047ef277,1,3,2048,1494
5922ec96-23d2-11e8-a6a3-ec086b02610b,5922ec96-23d2-11e8-a6a3-ec086b02610b.jpg,30,empty,105,2012-01-19 09:37:27,6f19ea54-5567-11e8-9b97-dca9047ef277,1,3,2048,1494
5922ed9e-23d2-11e8-a6a3-ec086b02610b,5922ed9e-23d2-11e8-a6a3-ec086b02610b.jpg,30,empty,120,2012-09-14 05:03:27,700f8ac2-5567-11e8-8c20-dca9047ef277,1,1,2560,1920
5922edcd-23d2-11e8-a6a3-ec086b02610b,5922edcd-23d2-11e8-a6a3-ec086b02610b.jpg,30,empty,121,2014-03-14 11:40:00,70183f47-5567-11e8-990a-dca9047ef277,3,3,2048,1494
59247a1b-23d2-11e8-a6a3-ec086b02610b,59247a1b-23d2-11e8-a6a3-ec086b02610b.jpg,30,empty,93,2014-11-05 15:44:39,70180a30-5567-11e8-8db8-dca9047ef277,3,3,2048,1494
59247ad7-23d2-11e8-a6a3-ec086b02610b,59247ad7-23d2-11e8-a6a3-ec086b02610b.jpg,30,empty,82,2015-01-23 05:49:18,701a879c-5567-11e8-872e-dca9047ef277,3,3,2048,1494
59247ba5-23d2-11e8-a6a3-ec086b02610b,59247ba5-23d2-11e8-a6a3-ec086b02610b.jpg,30,empty,120,2012-09-13 22:23:46,700f8a2b-5567-11e8-ba88-dca9047ef277,1,1,2560,1920
59260b95-23d2-11e8-a6a3-ec086b02610b,59260b95-23d2-11e8-a6a3-ec086b02610b.jpg,30,empty,114,2014-04-20 09:00:00,70009345-5567-11e8-abcd-dca9047ef277,1,1,2048,1494
59260d8b-23d2-11e8-a6a3-ec086b02610b,59260d8b-23d2-11e8-a6a3-ec086b02610b.jpg,30,empty,107,2011-11-25 03:42:30,6f0df851-5567-11e8-a4e1-dca9047ef277,1,3,2048,1494
59260da4-23d2-11e8-a6a3-ec086b02610b,59260da4-23d2-11e8-a6a3-ec086b02610b.jpg,30,empty,100,2010-06-04 10:22:05,6f1d2028-5567-11e8-9289-dca9047ef277,1,5,2048,1494
59260f09-23d2-11e8-a6a3-ec086b02610b,59260f09-23d2-11e8-a6a3-ec086b02610b.jpg,30,empty,123,2015-03-27 12:06:58,701b18eb-5567-11e8-a271-dca9047ef277,2,5,800,584
59279ae5-23d2-11e8-a6a3-ec086b02610b,59279ae5-23d2-11e8-a6a3-ec086b02610b.jpg,30,empty,118,2013-03-01 20:09:34,700a9f8a-5567-11e8-b12d-dca9047ef277,1,1,2560,1920
59279b6f-23d2-11e8-a6a3-ec086b02610b,59279b6f-23d2-11e8-a6a3-ec086b02610b.jpg,30,empty,98,2011-08-22 09:42:09,6f15503d-5567-11e8-9441-dca9047ef277,1,3,2048,1494
59279c5b-23d2-11e8-a6a3-ec086b02610b,59279c5b-23d2-11e8-a6a3-ec086b02610b.jpg,30,empty,100,2010-06-17 10:44:56,6f1d313d-5567-11e8-97a2-dca9047ef277,2,5,2048,1494
59279cb9-23d2-11e8-a6a3-ec086b02610b,59279cb9-23d2-11e8-a6a3-ec086b02610b.jpg,30,empty,115,2012-05-27 14:04:34,6f125438-5567-11e8-9785-dca9047ef277,3,3,2048,1494
59279d0c-23d2-11e8-a6a3-ec086b02610b,59279d0c-23d2-11e8-a6a3-ec086b02610b.jpg,30,empty,101,2014-08-17 05:59:13,701c2817-5567-11e8-8c75-dca9047ef277,3,3,2048,1494
59292d78-23d2-11e8-a6a3-ec086b02610b,59292d78-23d2-11e8-a6a3-ec086b02610b.jpg,30,empty,112,2012-06-13 10:02:17,6f0f4c35-5567-11e8-b52c-dca9047ef277,1,3,2048,1494
59292ebc-23d2-11e8-a6a3-ec086b02610b,59292ebc-23d2-11e8-a6a3-ec086b02610b.jpg,30,empty,125,2011-06-16 12:09:07,6f15c563-5567-11e8-83fd-dca9047ef277,1,3,2048,1494
592abe8d-23d2-11e8-a6a3-ec086b02610b,592abe8d-23d2-11e8-a6a3-ec086b02610b.jpg,30,empty,100,2010-12-25 09:47:39,6f1df6c5-5567-11e8-9d81-dca9047ef277,1,3,2048,1494
592c4bd9-23d2-11e8-a6a3-ec086b02610b,592c4bd9-23d2-11e8-a6a3-ec086b02610b.jpg,30,empty,81,2011-09-06 14:20:58,6f10c673-5567-11e8-b3cb-dca9047ef277,2,3,2048,1494
592c4d23-23d2-11e8-a6a3-ec086b02610b,592c4d23-23d2-11e8-a6a3-ec086b02610b.jpg,30,empty,123,2015-03-30 14:31:41,701b1f4a-5567-11e8-85d7-dca9047ef277,3,5,800,584
592c4f0a-23d2-11e8-a6a3-ec086b02610b,592c4f0a-23d2-11e8-a6a3-ec086b02610b.jpg,30,empty,98,2011-08-23 08:54:22,6f15508f-5567-11e8-8f2d-dca9047ef277,2,3,2048,1494
592de2f2-23d2-11e8-a6a3-ec086b02610b,592de2f2-23d2-11e8-a6a3-ec086b02610b.jpg,30,empty,88,2011-06-27 17:42:24,6f13ac99-5567-11e8-8e8e-dca9047ef277,2,3,2048,1494
592de442-23d2-11e8-a6a3-ec086b02610b,592de442-23d2-11e8-a6a3-ec086b02610b.jpg,30,empty,117,2014-04-08 03:08:59,701bc287-5567-11e8-8ce2-dca9047ef277,1,3,2048,1494
592f6f85-23d2-11e8-a6a3-ec086b02610b,592f6f85-23d2-11e8-a6a3-ec086b02610b.jpg,30,empty,103,2012-02-28 12:34:41,6f1b3075-5567-11e8-90f9-dca9047ef277,1,3,2048,1494
592f6ff5-23d2-11e8-a6a3-ec086b02610b,592f6ff5-23d2-11e8-a6a3-ec086b02610b.jpg,30,empty,120,2013-01-16 21:24:06,70100830-5567-11e8-a726-dca9047ef277,1,1,2560,1920
592f734a-23d2-11e8-a6a3-ec086b02610b,592f734a-23d2-11e8-a6a3-ec086b02610b.jpg,30,empty,75,2012-03-29 13:03:25,6efe1a35-5567-11e8-ad7e-dca9047ef277,3,3,2048,1494
5930fe4c-23d2-11e8-a6a3-ec086b02610b,5930fe4c-23d2-11e8-a6a3-ec086b02610b.jpg,30,empty,75,2011-06-21 11:12:37,6efd3240-5567-11e8-8245-dca9047ef277,1,3,2048,1494
5930ff2d-23d2-11e8-a6a3-ec086b02610b,5930ff2d-23d2-11e8-a6a3-ec086b02610b.jpg,30,empty,78,2012-03-29 11:31:23,6f1c3714-5567-11e8-adf3-dca9047ef277,3,3,2048,1494
59341849-23d2-11e8-a6a3-ec086b02610b,59341849-23d2-11e8-a6a3-ec086b02610b.jpg,30,empty,78,2012-04-25 12:02:34,6f1c4cd7-5567-11e8-824b-dca9047ef277,2,3,2048,1494
5935a59d-23d2-11e8-a6a3-ec086b02610b,5935a59d-23d2-11e8-a6a3-ec086b02610b.jpg,30,empty,76,2014-09-12 13:00:00,6f64f511-5567-11e8-8d57-dca9047ef277,1,1,2048,1494
5935a672-23d2-11e8-a6a3-ec086b02610b,5935a672-23d2-11e8-a6a3-ec086b02610b.jpg,30,empty,120,2013-05-02 19:40:34,7010548f-5567-11e8-b66b-dca9047ef277,1,1,2560,1920
5935a92e-23d2-11e8-a6a3-ec086b02610b,5935a92e-23d2-11e8-a6a3-ec086b02610b.jpg,30,empty,104,2014-11-06 07:15:55,701d1c4f-5567-11e8-8419-dca9047ef277,2,3,2048,1494
5937327e-23d2-11e8-a6a3-ec086b02610b,5937327e-23d2-11e8-a6a3-ec086b02610b.jpg,30,empty,81,2011-07-26 09:50:09,6f10c514-5567-11e8-91aa-dca9047ef277,1,3,2048,1494
5937333b-23d2-11e8-a6a3-ec086b02610b,5937333b-23d2-11e8-a6a3-ec086b02610b.jpg,30,empty,126,2014-09-24 17:14:30,701c2191-5567-11e8-b541-dca9047ef277,1,3,2048,1494
593735c5-23d2-11e8-a6a3-ec086b02610b,593735c5-23d2-11e8-a6a3-ec086b02610b.jpg,30,empty,82,2014-08-28 12:47:01,701a5c05-5567-11e8-a469-dca9047ef277,1,3,2048,1494
5938c0e9-23d2-11e8-a6a3-ec086b02610b,5938c0e9-23d2-11e8-a6a3-ec086b02610b.jpg,30,empty,95,2012-05-22 14:22:47,6f105fe8-5567-11e8-8e9c-dca9047ef277,2,3,2048,1494
5938c156-23d2-11e8-a6a3-ec086b02610b,5938c156-23d2-11e8-a6a3-ec086b02610b.jpg,30,empty,95,2012-03-07 02:18:27,6f0fe7a3-5567-11e8-9877-dca9047ef277,2,3,2048,1494
5938c1bd-23d2-11e8-a6a3-ec086b02610b,5938c1bd-23d2-11e8-a6a3-ec086b02610b.jpg,30,empty,120,2013-02-19 02:32:34,701029f0-5567-11e8-b3a6-dca9047ef277,1,1,2560,1920
5938c359-23d2-11e8-a6a3-ec086b02610b,5938c359-23d2-11e8-a6a3-ec086b02610b.jpg,30,empty,84,2014-08-29 12:22:56,7017996b-5567-11e8-aca1-dca9047ef277,3,3,2048,1494
593a4ce6-23d2-11e8-a6a3-ec086b02610b,593a4ce6-23d2-11e8-a6a3-ec086b02610b.jpg,30,empty,107,2011-10-20 04:25:32,6f0debee-5567-11e8-8d68-dca9047ef277,3,3,2048,1494
593a4f05-23d2-11e8-a6a3-ec086b02610b,593a4f05-23d2-11e8-a6a3-ec086b02610b.jpg,30,empty,108,2011-12-28 14:12:55,6f1505ca-5567-11e8-ad93-dca9047ef277,3,3,2048,1494
593bdbe6-23d2-11e8-a6a3-ec086b02610b,593bdbe6-23d2-11e8-a6a3-ec086b02610b.jpg,30,empty,93,2014-11-03 08:32:13,7018094a-5567-11e8-8f42-dca9047ef277,2,3,2048,1494
593bdd15-23d2-11e8-a6a3-ec086b02610b,593bdd15-23d2-11e8-a6a3-ec086b02610b.jpg,30,empty,103,2011-05-25 10:24:15,6f1aa35c-5567-11e8-b888-dca9047ef277,3,3,2048,1494
593d678e-23d2-11e8-a6a3-ec086b02610b,593d678e-23d2-11e8-a6a3-ec086b02610b.jpg,30,empty,130,2012-02-20 14:08:11,6f0d57a8-5567-11e8-a394-dca9047ef277,1,3,2048,1494
593d67d5-23d2-11e8-a6a3-ec086b02610b,593d67d5-23d2-11e8-a6a3-ec086b02610b.jpg,30,empty,107,2012-02-21 15:29:27,6f0e0c78-5567-11e8-bbbb-dca9047ef277,1,3,2048,1494
593d682a-23d2-11e8-a6a3-ec086b02610b,593d682a-23d2-11e8-a6a3-ec086b02610b.jpg,30,empty,107,2011-07-25 05:16:09,6f0db451-5567-11e8-95b0-dca9047ef277,1,3,2048,1494
593d68d5-23d2-11e8-a6a3-ec086b02610b,593d68d5-23d2-11e8-a6a3-ec086b02610b.jpg,30,empty,120,2012-03-10 06:57:00,700f578c-5567-11e8-9050-dca9047ef277,1,1,2048,1536
593d6a35-23d2-11e8-a6a3-ec086b02610b,593d6a35-23d2-11e8-a6a3-ec086b02610b.jpg,30,empty,104,2014-01-15 04:53:16,701cf9a8-5567-11e8-b59b-dca9047ef277,3,3,2048,1494
593ef485-23d2-11e8-a6a3-ec086b02610b,593ef485-23d2-11e8-a6a3-ec086b02610b.jpg,30,empty,96,2014-05-11 13:57:49,6fad0635-5567-11e8-b33d-dca9047ef277,1,1,2048,1494
593ef56e-23d2-11e8-a6a3-ec086b02610b,593ef56e-23d2-11e8-a6a3-ec086b02610b.jpg,30,empty,112,2011-05-16 12:23:02,6f0e5a99-5567-11e8-99c3-dca9047ef277,1,3,2048,1494
5940822f-23d2-11e8-a6a3-ec086b02610b,5940822f-23d2-11e8-a6a3-ec086b02610b.jpg,30,empty,119,2014-04-08 03:41:01,70176e21-5567-11e8-8bd7-dca9047ef277,3,3,2048,1494
5940828e-23d2-11e8-a6a3-ec086b02610b,5940828e-23d2-11e8-a6a3-ec086b02610b.jpg,30,empty,86,2014-03-03 06:21:27,701989fa-5567-11e8-8c63-dca9047ef277,2,3,2048,1494
59408506-23d2-11e8-a6a3-ec086b02610b,59408506-23d2-11e8-a6a3-ec086b02610b.jpg,30,empty,137,2014-03-09 19:34:25,701a10a1-5567-11e8-a749-dca9047ef277,3,3,2048,1494
59420e73-23d2-11e8-a6a3-ec086b02610b,59420e73-23d2-11e8-a6a3-ec086b02610b.jpg,30,empty,135,2013-03-17 14:43:32,70169240-5567-11e8-b26e-dca9047ef277,2,3,2048,1494
59420ea6-23d2-11e8-a6a3-ec086b02610b,59420ea6-23d2-11e8-a6a3-ec086b02610b.jpg,30,empty,93,2014-11-17 16:23:39,7018117d-5567-11e8-be12-dca9047ef277,1,3,2048,1494
59421084-23d2-11e8-a6a3-ec086b02610b,59421084-23d2-11e8-a6a3-ec086b02610b.jpg,30,empty,99,2013-08-01 16:16:30,701475ab-5567-11e8-8973-dca9047ef277,3,3,2048,1494
59421220-23d2-11e8-a6a3-ec086b02610b,59421220-23d2-11e8-a6a3-ec086b02610b.jpg,30,empty,121,2014-02-19 11:48:44,70183d70-5567-11e8-8bc5-dca9047ef277,1,3,2048,1494
5942123e-23d2-11e8-a6a3-ec086b02610b,5942123e-23d2-11e8-a6a3-ec086b02610b.jpg,30,empty,89,2012-02-21 13:59:35,6f10e60c-5567-11e8-8971-dca9047ef277,1,3,2048,1494
5942123f-23d2-11e8-a6a3-ec086b02610b,5942123f-23d2-11e8-a6a3-ec086b02610b.jpg,30,empty,115,2011-07-04 05:32:11,6f117585-5567-11e8-8651-dca9047ef277,1,3,2048,1494
59439c7a-23d2-11e8-a6a3-ec086b02610b,59439c7a-23d2-11e8-a6a3-ec086b02610b.jpg,30,empty,112,2012-04-30 22:28:06,6f0f3b70-5567-11e8-bdc7-dca9047ef277,2,3,2048,1494
59439d92-23d2-11e8-a6a3-ec086b02610b,59439d92-23d2-11e8-a6a3-ec086b02610b.jpg,30,empty,78,2011-07-17 18:37:18,6f1b9445-5567-11e8-8ffb-dca9047ef277,3,3,2048,1494
59439f33-23d2-11e8-a6a3-ec086b02610b,59439f33-23d2-11e8-a6a3-ec086b02610b.jpg,30,empty,115,2011-05-15 13:49:35,6f114154-5567-11e8-8030-dca9047ef277,1,3,2048,1494
59439fb4-23d2-11e8-a6a3-ec086b02610b,59439fb4-23d2-11e8-a6a3-ec086b02610b.jpg,30,empty,108,2011-09-20 14:00:01,6f14f602-5567-11e8-adc4-dca9047ef277,2,3,2048,1494
59452bae-23d2-11e8-a6a3-ec086b02610b,59452bae-23d2-11e8-a6a3-ec086b02610b.jpg,30,empty,99,2013-08-01 16:16:29,70147559-5567-11e8-a669-dca9047ef277,2,3,2048,1494
59452c4f-23d2-11e8-a6a3-ec086b02610b,59452c4f-23d2-11e8-a6a3-ec086b02610b.jpg,30,empty,135,2014-08-12 06:29:05,7016b819-5567-11e8-bd9e-dca9047ef277,3,3,2048,1494
5946b7d6-23d2-11e8-a6a3-ec086b02610b,5946b7d6-23d2-11e8-a6a3-ec086b02610b.jpg,30,empty,107,2011-06-05 09:20:48,6f0d9fc2-5567-11e8-a067-dca9047ef277,3,3,2048,1494
5946b907-23d2-11e8-a6a3-ec086b02610b,5946b907-23d2-11e8-a6a3-ec086b02610b.jpg,30,empty,123,2015-04-02 12:39:38,701b2147-5567-11e8-9117-dca9047ef277,3,5,800,584
5946ba7f-23d2-11e8-a6a3-ec086b02610b,5946ba7f-23d2-11e8-a6a3-ec086b02610b.jpg,30,empty,89,2012-04-14 13:56:52,6f10e940-5567-11e8-a879-dca9047ef277,3,3,2048,1494
5946bae1-23d2-11e8-a6a3-ec086b02610b,5946bae1-23d2-11e8-a6a3-ec086b02610b.jpg,30,empty,90,2011-12-16 10:46:42,6f0f9568-5567-11e8-a95f-dca9047ef277,2,3,2048,1494
5948447b-23d2-11e8-a6a3-ec086b02610b,5948447b-23d2-11e8-a6a3-ec086b02610b.jpg,30,empty,76,2014-08-19 14:00:00,6f63f37d-5567-11e8-a03a-dca9047ef277,1,1,2048,1494
5948468d-23d2-11e8-a6a3-ec086b02610b,5948468d-23d2-11e8-a6a3-ec086b02610b.jpg,30,empty,116,2015-02-07 07:43:09,70133e19-5567-11e8-a12c-dca9047ef277,3,3,2048,1494
5948470d-23d2-11e8-a6a3-ec086b02610b,5948470d-23d2-11e8-a6a3-ec086b02610b.jpg,30,empty,98,2011-11-03 15:38:22,6f155c1e-5567-11e8-8d48-dca9047ef277,3,3,2048,1494
59484722-23d2-11e8-a6a3-ec086b02610b,59484722-23d2-11e8-a6a3-ec086b02610b.jpg,30,empty,125,2012-04-18 02:55:29,6f164017-5567-11e8-bffb-dca9047ef277,1,3,2048,1494
5949cfb1-23d2-11e8-a6a3-ec086b02610b,5949cfb1-23d2-11e8-a6a3-ec086b02610b.jpg,30,empty,114,2014-09-18 09:00:00,700707e3-5567-11e8-ad50-dca9047ef277,1,1,2048,1494
594b5c67-23d2-11e8-a6a3-ec086b02610b,594b5c67-23d2-11e8-a6a3-ec086b02610b.jpg,30,empty,74,2014-09-13 15:39:50,701aff87-5567-11e8-bca4-dca9047ef277,1,3,2048,1494
594b5f13-23d2-11e8-a6a3-ec086b02610b,594b5f13-23d2-11e8-a6a3-ec086b02610b.jpg,30,empty,68,2014-10-27 17:39:21,701dce1e-5567-11e8-8de9-dca9047ef277,1,3,2048,1494
594b5f77-23d2-11e8-a6a3-ec086b02610b,594b5f77-23d2-11e8-a6a3-ec086b02610b.jpg,30,empty,67,2014-09-19 12:48:47,701c90b3-5567-11e8-abfb-dca9047ef277,2,3,2048,1494
594b5fb1-23d2-11e8-a6a3-ec086b02610b,594b5fb1-23d2-11e8-a6a3-ec086b02610b.jpg,30,empty,66,2012-12-03 15:57:00,700a38cc-5567-11e8-89e6-dca9047ef277,1,1,2048,1536
594cea71-23d2-11e8-a6a3-ec086b02610b,594cea71-23d2-11e8-a6a3-ec086b02610b.jpg,30,empty,72,2014-08-17 22:25:36,7014745e-5567-11e8-aadd-dca9047ef277,2,3,2048,1494
594ceac3-23d2-11e8-a6a3-ec086b02610b,594ceac3-23d2-11e8-a6a3-ec086b02610b.jpg,30,empty,67,2014-09-21 04:34:49,701c98de-5567-11e8-8998-dca9047ef277,1,3,2048,1494
594cec4c-23d2-11e8-a6a3-ec086b02610b,594cec4c-23d2-11e8-a6a3-ec086b02610b.jpg,30,empty,68,2014-11-19 04:17:35,701dd1ae-5567-11e8-9788-dca9047ef277,1,3,2048,1494
594ced31-23d2-11e8-a6a3-ec086b02610b,594ced31-23d2-11e8-a6a3-ec086b02610b.jpg,30,empty,66,2013-02-15 10:05:00,700a3c66-5567-11e8-a3de-dca9047ef277,1,1,2048,1536
594cedbd-23d2-11e8-a6a3-ec086b02610b,594cedbd-23d2-11e8-a6a3-ec086b02610b.jpg,30,empty,70,2013-11-30 12:00:00,6fcfbb2e-5567-11e8-bd41-dca9047ef277,1,1,2048,1494
594e7618-23d2-11e8-a6a3-ec086b02610b,594e7618-23d2-11e8-a6a3-ec086b02610b.jpg,30,empty,66,2013-02-09 22:18:00,700a3c21-5567-11e8-984d-dca9047ef277,1,1,2048,1536
594e761e-23d2-11e8-a6a3-ec086b02610b,594e761e-23d2-11e8-a6a3-ec086b02610b.jpg,30,empty,70,2014-02-02 19:00:00,6fd2ed07-5567-11e8-998f-dca9047ef277,1,1,2048,1494
594e770d-23d2-11e8-a6a3-ec086b02610b,594e770d-23d2-11e8-a6a3-ec086b02610b.jpg,30,empty,68,2014-11-14 12:39:20,701dd105-5567-11e8-8f12-dca9047ef277,3,3,2048,1494
594e7713-23d2-11e8-a6a3-ec086b02610b,594e7713-23d2-11e8-a6a3-ec086b02610b.jpg,30,empty,69,2013-10-24 02:31:40,701b4d07-5567-11e8-b5c4-dca9047ef277,1,3,2048,1494
594e788a-23d2-11e8-a6a3-ec086b02610b,594e788a-23d2-11e8-a6a3-ec086b02610b.jpg,30,empty,67,2014-09-21 03:59:25,701c9640-5567-11e8-835a-dca9047ef277,1,3,2048,1494
594e788f-23d2-11e8-a6a3-ec086b02610b,594e788f-23d2-11e8-a6a3-ec086b02610b.jpg,30,empty,67,2014-09-24 04:19:02,701c9cba-5567-11e8-80a2-dca9047ef277,3,3,2048,1494
594e7957-23d2-11e8-a6a3-ec086b02610b,594e7957-23d2-11e8-a6a3-ec086b02610b.jpg,30,empty,67,2014-10-04 02:51:50,701cb719-5567-11e8-9dfe-dca9047ef277,3,3,2048,1494
5950035d-23d2-11e8-a6a3-ec086b02610b,5950035d-23d2-11e8-a6a3-ec086b02610b.jpg,30,empty,68,2014-10-30 21:29:22,701dcec0-5567-11e8-80e5-dca9047ef277,3,3,2048,1494
5950039a-23d2-11e8-a6a3-ec086b02610b,5950039a-23d2-11e8-a6a3-ec086b02610b.jpg,30,empty,71,2013-04-22 20:58:55,70082c63-5567-11e8-8048-dca9047ef277,1,1,2560,1920
595005f4-23d2-11e8-a6a3-ec086b02610b,595005f4-23d2-11e8-a6a3-ec086b02610b.jpg,30,empty,70,2014-05-28 19:00:00,6fd8373d-5567-11e8-9572-dca9047ef277,1,1,2048,1494
59500648-23d2-11e8-a6a3-ec086b02610b,59500648-23d2-11e8-a6a3-ec086b02610b.jpg,30,empty,65,2015-04-21 12:30:10,70176b70-5567-11e8-a3da-dca9047ef277,1,3,2048,1494
59518ecc-23d2-11e8-a6a3-ec086b02610b,59518ecc-23d2-11e8-a6a3-ec086b02610b.jpg,30,empty,72,2013-10-08 09:38:21,70147211-5567-11e8-819c-dca9047ef277,1,3,2048,1494
59518f56-23d2-11e8-a6a3-ec086b02610b,59518f56-23d2-11e8-a6a3-ec086b02610b.jpg,30,empty,67,2014-09-24 14:50:33,701cad19-5567-11e8-a780-dca9047ef277,3,3,2048,1494
595190b3-23d2-11e8-a6a3-ec086b02610b,595190b3-23d2-11e8-a6a3-ec086b02610b.jpg,30,empty,67,2014-09-24 04:19:17,701c9d0c-5567-11e8-86e4-dca9047ef277,1,3,2048,1494
59519162-23d2-11e8-a6a3-ec086b02610b,59519162-23d2-11e8-a6a3-ec086b02610b.jpg,30,empty,68,2014-10-25 06:54:25,701dcdcf-5567-11e8-aa83-dca9047ef277,2,3,2048,1494
59531b01-23d2-11e8-a6a3-ec086b02610b,59531b01-23d2-11e8-a6a3-ec086b02610b.jpg,30,empty,67,2014-09-18 13:53:55,701c9063-5567-11e8-8ce9-dca9047ef277,3,3,2048,1494
59531ba7-23d2-11e8-a6a3-ec086b02610b,59531ba7-23d2-11e8-a6a3-ec086b02610b.jpg,30,empty,68,2014-10-21 12:52:06,701dccd7-5567-11e8-929d-dca9047ef277,2,3,2048,1494
59531cf9-23d2-11e8-a6a3-ec086b02610b,59531cf9-23d2-11e8-a6a3-ec086b02610b.jpg,30,empty,68,2014-10-30 10:59:55,701dce70-5567-11e8-886f-dca9047ef277,1,3,2048,1494
59531d69-23d2-11e8-a6a3-ec086b02610b,59531d69-23d2-11e8-a6a3-ec086b02610b.jpg,30,empty,66,2012-11-26 08:40:00,700a37b5-5567-11e8-bda9-dca9047ef277,1,1,2048,1536
5954a903-23d2-11e8-a6a3-ec086b02610b,5954a903-23d2-11e8-a6a3-ec086b02610b.jpg,30,empty,69,2013-10-08 03:49:14,701b4a75-5567-11e8-ab3b-dca9047ef277,1,3,2048,1494
5956350c-23d2-11e8-a6a3-ec086b02610b,5956350c-23d2-11e8-a6a3-ec086b02610b.jpg,30,empty,70,2014-01-25 03:00:00,6fd29770-5567-11e8-b1d9-dca9047ef277,1,1,2048,1494
59563622-23d2-11e8-a6a3-ec086b02610b,59563622-23d2-11e8-a6a3-ec086b02610b.jpg,30,empty,74,2014-05-05 06:11:35,701afee8-5567-11e8-9302-dca9047ef277,3,3,2048,1494
5956362f-23d2-11e8-a6a3-ec086b02610b,5956362f-23d2-11e8-a6a3-ec086b02610b.jpg,30,empty,74,2014-09-11 15:01:25,701aff38-5567-11e8-85d1-dca9047ef277,2,3,2048,1494
5957c252-23d2-11e8-a6a3-ec086b02610b,5957c252-23d2-11e8-a6a3-ec086b02610b.jpg,30,empty,68,2014-10-19 14:17:55,701dcc2e-5567-11e8-97af-dca9047ef277,2,3,2048,1494
5957c2b7-23d2-11e8-a6a3-ec086b02610b,5957c2b7-23d2-11e8-a6a3-ec086b02610b.jpg,30,empty,69,2013-10-18 05:32:36,701b4bbd-5567-11e8-a9a9-dca9047ef277,1,3,2048,1494
5957c3af-23d2-11e8-a6a3-ec086b02610b,5957c3af-23d2-11e8-a6a3-ec086b02610b.jpg,30,empty,71,2013-04-08 03:58:59,70081666-5567-11e8-bc1d-dca9047ef277,1,1,2560,1920
5957c3cc-23d2-11e8-a6a3-ec086b02610b,5957c3cc-23d2-11e8-a6a3-ec086b02610b.jpg,30,empty,69,2013-10-05 13:14:02,701b488a-5567-11e8-9cf6-dca9047ef277,2,3,2048,1494
5957c432-23d2-11e8-a6a3-ec086b02610b,5957c432-23d2-11e8-a6a3-ec086b02610b.jpg,30,empty,70,2013-11-06 02:00:00,6fcec938-5567-11e8-9626-dca9047ef277,1,1,2048,1494
59594f8f-23d2-11e8-a6a3-ec086b02610b,59594f8f-23d2-11e8-a6a3-ec086b02610b.jpg,30,empty,70,2014-09-16 09:00:00,6fdc88d4-5567-11e8-be65-dca9047ef277,1,1,2048,1494
59594f91-23d2-11e8-a6a3-ec086b02610b,59594f91-23d2-11e8-a6a3-ec086b02610b.jpg,30,empty,67,2014-09-21 03:32:03,701c9533-5567-11e8-a2cf-dca9047ef277,2,3,2048,1494
595adae0-23d2-11e8-a6a3-ec086b02610b,595adae0-23d2-11e8-a6a3-ec086b02610b.jpg,30,empty,66,2011-05-29 22:29:00,7009fa23-5567-11e8-8b1b-dca9047ef277,1,1,2048,1536
595adb28-23d2-11e8-a6a3-ec086b02610b,595adb28-23d2-11e8-a6a3-ec086b02610b.jpg,30,empty,71,2013-04-20 05:16:40,7008250c-5567-11e8-8ecd-dca9047ef277,1,1,2560,1920
595adb4a-23d2-11e8-a6a3-ec086b02610b,595adb4a-23d2-11e8-a6a3-ec086b02610b.jpg,30,empty,68,2014-11-05 08:05:31,701dd014-5567-11e8-9760-dca9047ef277,3,3,2048,1494
595adb98-23d2-11e8-a6a3-ec086b02610b,595adb98-23d2-11e8-a6a3-ec086b02610b.jpg,30,empty,68,2014-10-22 13:40:38,701dcd80-5567-11e8-849d-dca9047ef277,3,3,2048,1494
595adc1e-23d2-11e8-a6a3-ec086b02610b,595adc1e-23d2-11e8-a6a3-ec086b02610b.jpg,30,empty,70,2014-05-20 13:40:28,6fd7b9bd-5567-11e8-9cd5-dca9047ef277,1,1,2048,1494
595add3b-23d2-11e8-a6a3-ec086b02610b,595add3b-23d2-11e8-a6a3-ec086b02610b.jpg,30,empty,67,2014-09-21 23:07:37,701c9aca-5567-11e8-9967-dca9047ef277,2,3,2048,1494
595addac-23d2-11e8-a6a3-ec086b02610b,595addac-23d2-11e8-a6a3-ec086b02610b.jpg,30,empty,65,2015-04-21 12:30:14,70176c05-5567-11e8-884d-dca9047ef277,2,3,2048,1494
595ade05-23d2-11e8-a6a3-ec086b02610b,595ade05-23d2-11e8-a6a3-ec086b02610b.jpg,30,empty,68,2014-01-16 13:33:43,701dca4a-5567-11e8-a2fa-dca9047ef277,3,3,2048,1494
595c67a2-23d2-11e8-a6a3-ec086b02610b,595c67a2-23d2-11e8-a6a3-ec086b02610b.jpg,30,empty,66,2012-12-03 15:54:00,700a3887-5567-11e8-9a95-dca9047ef277,1,1,2048,1536
595c67a7-23d2-11e8-a6a3-ec086b02610b,595c67a7-23d2-11e8-a6a3-ec086b02610b.jpg,30,empty,67,2014-09-21 04:19:07,701c973a-5567-11e8-b482-dca9047ef277,2,3,2048,1494
595c6916-23d2-11e8-a6a3-ec086b02610b,595c6916-23d2-11e8-a6a3-ec086b02610b.jpg,30,empty,70,2014-06-26 18:00:00,6fd98e35-5567-11e8-af00-dca9047ef277,1,1,2048,1494
595deccf-23d2-11e8-a6a3-ec086b02610b,595deccf-23d2-11e8-a6a3-ec086b02610b.jpg,30,empty,70,2013-11-05 19:00:00,6fcec6fd-5567-11e8-934c-dca9047ef277,1,1,2048,1494
595ded2f-23d2-11e8-a6a3-ec086b02610b,595ded2f-23d2-11e8-a6a3-ec086b02610b.jpg,30,empty,68,2014-01-25 11:26:05,701dcb45-5567-11e8-88f8-dca9047ef277,1,3,2048,1494
595ded31-23d2-11e8-a6a3-ec086b02610b,595ded31-23d2-11e8-a6a3-ec086b02610b.jpg,30,empty,67,2014-09-21 05:37:59,701c9a78-5567-11e8-99a7-dca9047ef277,2,3,2048,1494
595f79e8-23d2-11e8-a6a3-ec086b02610b,595f79e8-23d2-11e8-a6a3-ec086b02610b.jpg,30,empty,66,2011-08-06 05:02:00,700a0528-5567-11e8-8c61-dca9047ef277,1,1,2048,1536
595f7c17-23d2-11e8-a6a3-ec086b02610b,595f7c17-23d2-11e8-a6a3-ec086b02610b.jpg,30,empty,70,2013-09-12 14:00:00,6fccd287-5567-11e8-aa0c-dca9047ef277,1,1,2048,1494
596106be-23d2-11e8-a6a3-ec086b02610b,596106be-23d2-11e8-a6a3-ec086b02610b.jpg,30,empty,65,2015-04-21 12:30:12,70176bc0-5567-11e8-a0bd-dca9047ef277,3,3,2048,1494
596107e7-23d2-11e8-a6a3-ec086b02610b,596107e7-23d2-11e8-a6a3-ec086b02610b.jpg,30,empty,67,2014-09-21 04:25:04,701c97e3-5567-11e8-900e-dca9047ef277,1,3,2048,1494
596107f5-23d2-11e8-a6a3-ec086b02610b,596107f5-23d2-11e8-a6a3-ec086b02610b.jpg,30,empty,68,2014-01-23 18:15:04,701dcaa6-5567-11e8-a064-dca9047ef277,1,3,2048,1494
59610933-23d2-11e8-a6a3-ec086b02610b,59610933-23d2-11e8-a6a3-ec086b02610b.jpg,30,empty,70,2014-08-24 21:00:00,6fdbd1c7-5567-11e8-a1ac-dca9047ef277,1,1,2048,1494
59610952-23d2-11e8-a6a3-ec086b02610b,59610952-23d2-11e8-a6a3-ec086b02610b.jpg,30,empty,69,2013-10-10 05:06:59,701b4b14-5567-11e8-864e-dca9047ef277,3,3,2048,1494
5962925f-23d2-11e8-a6a3-ec086b02610b,5962925f-23d2-11e8-a6a3-ec086b02610b.jpg,30,empty,66,2011-10-11 10:28:00,700a0bf5-5567-11e8-899d-dca9047ef277,1,1,2048,1536
5962933b-23d2-11e8-a6a3-ec086b02610b,5962933b-23d2-11e8-a6a3-ec086b02610b.jpg,30,empty,72,2013-09-15 03:07:14,70146d57-5567-11e8-a9ae-dca9047ef277,1,3,2048,1494
5962947d-23d2-11e8-a6a3-ec086b02610b,5962947d-23d2-11e8-a6a3-ec086b02610b.jpg,30,empty,70,2014-07-04 23:00:00,6fd9e642-5567-11e8-868e-dca9047ef277,1,1,2048,1494
596294c9-23d2-11e8-a6a3-ec086b02610b,596294c9-23d2-11e8-a6a3-ec086b02610b.jpg,30,empty,72,2013-10-07 12:29:32,701471b8-5567-11e8-bafe-dca9047ef277,1,3,2048,1494
596294d4-23d2-11e8-a6a3-ec086b02610b,596294d4-23d2-11e8-a6a3-ec086b02610b.jpg,30,empty,70,2013-10-06 22:00:00,6fcdb105-5567-11e8-9ee0-dca9047ef277,1,1,2048,1494
59641d11-23d2-11e8-a6a3-ec086b02610b,59641d11-23d2-11e8-a6a3-ec086b02610b.jpg,30,empty,70,2013-09-25 12:00:00,6fcd4a99-5567-11e8-a396-dca9047ef277,1,1,2048,1494
59641e2b-23d2-11e8-a6a3-ec086b02610b,59641e2b-23d2-11e8-a6a3-ec086b02610b.jpg,30,empty,32,2014-10-08 13:38:44,70112600-5567-11e8-8e6e-dca9047ef277,3,3,2048,1494
59641eb4-23d2-11e8-a6a3-ec086b02610b,59641eb4-23d2-11e8-a6a3-ec086b02610b.jpg,30,empty,59,2014-02-03 02:05:41,701877cc-5567-11e8-8b5a-dca9047ef277,1,3,2048,1494
59641ec9-23d2-11e8-a6a3-ec086b02610b,59641ec9-23d2-11e8-a6a3-ec086b02610b.jpg,30,empty,18,2011-10-14 02:27:00,6f067cf8-5567-11e8-b310-dca9047ef277,2,3,2048,1494
59642004-23d2-11e8-a6a3-ec086b02610b,59642004-23d2-11e8-a6a3-ec086b02610b.jpg,30,empty,18,2011-07-15 04:26:49,6f065317-5567-11e8-a1c1-dca9047ef277,2,3,2048,1494
5965a98f-23d2-11e8-a6a3-ec086b02610b,5965a98f-23d2-11e8-a6a3-ec086b02610b.jpg,30,empty,24,2012-01-18 13:10:43,6f0a7b4f-5567-11e8-9dde-dca9047ef277,3,3,2048,1494
59673739-23d2-11e8-a6a3-ec086b02610b,59673739-23d2-11e8-a6a3-ec086b02610b.jpg,30,empty,23,2013-10-19 16:00:00,6fdee4b3-5567-11e8-ba61-dca9047ef277,1,1,2048,1494
5968c042-23d2-11e8-a6a3-ec086b02610b,5968c042-23d2-11e8-a6a3-ec086b02610b.jpg,30,empty,42,2014-08-11 06:04:16,7019ea8a-5567-11e8-9151-dca9047ef277,2,3,2048,1494
5968c059-23d2-11e8-a6a3-ec086b02610b,5968c059-23d2-11e8-a6a3-ec086b02610b.jpg,30,empty,38,2012-06-05 02:17:58,6f054251-5567-11e8-8f0d-dca9047ef277,1,3,2048,1494
5968c07b-23d2-11e8-a6a3-ec086b02610b,5968c07b-23d2-11e8-a6a3-ec086b02610b.jpg,30,empty,34,2014-07-18 08:25:52,701527b5-5567-11e8-b61d-dca9047ef277,2,3,2048,1494
596a4c3d-23d2-11e8-a6a3-ec086b02610b,596a4c3d-23d2-11e8-a6a3-ec086b02610b.jpg,30,empty,29,2011-07-15 16:55:00,700a4eae-5567-11e8-a120-dca9047ef277,1,1,2048,1536
596bd80e-23d2-11e8-a6a3-ec086b02610b,596bd80e-23d2-11e8-a6a3-ec086b02610b.jpg,30,empty,26,2014-05-15 12:46:20,6f3ed985-5567-11e8-aefc-dca9047ef277,1,1,2048,1494
596bd99d-23d2-11e8-a6a3-ec086b02610b,596bd99d-23d2-11e8-a6a3-ec086b02610b.jpg,30,empty,23,2014-02-25 17:00:00,6fe43911-5567-11e8-a19c-dca9047ef277,1,1,2048,1494
596bda2d-23d2-11e8-a6a3-ec086b02610b,596bda2d-23d2-11e8-a6a3-ec086b02610b.jpg,30,empty,19,2013-11-12 08:10:34,701e9c7d-5567-11e8-ae0c-dca9047ef277,3,3,2048,1494
596d628b-23d2-11e8-a6a3-ec086b02610b,596d628b-23d2-11e8-a6a3-ec086b02610b.jpg,30,empty,26,2014-04-20 13:00:29,6f30f2cf-5567-11e8-ab7d-dca9047ef277,1,1,2048,1494
596d637d-23d2-11e8-a6a3-ec086b02610b,596d637d-23d2-11e8-a6a3-ec086b02610b.jpg,30,empty,61,2014-10-27 03:25:05,7014094f-5567-11e8-a126-dca9047ef277,1,3,2048,1494
596d63e0-23d2-11e8-a6a3-ec086b02610b,596d63e0-23d2-11e8-a6a3-ec086b02610b.jpg,30,empty,12,2014-08-28 14:40:33,701bdde8-5567-11e8-81e9-dca9047ef277,1,3,2048,1494
596eee76-23d2-11e8-a6a3-ec086b02610b,596eee76-23d2-11e8-a6a3-ec086b02610b.jpg,30,empty,27,2015-03-20 09:00:35,701254e6-5567-11e8-8953-dca9047ef277,3,3,2048,1494
596eef24-23d2-11e8-a6a3-ec086b02610b,596eef24-23d2-11e8-a6a3-ec086b02610b.jpg,30,empty,46,2011-07-03 04:14:48,6f17003d-5567-11e8-b5f8-dca9047ef277,1,3,2048,1494
596ef059-23d2-11e8-a6a3-ec086b02610b,596ef059-23d2-11e8-a6a3-ec086b02610b.jpg,30,empty,43,2011-07-22 15:00:36,6f0b16bd-5567-11e8-b1ec-dca9047ef277,1,3,2048,1494
5971f805-23d2-11e8-a6a3-ec086b02610b,5971f805-23d2-11e8-a6a3-ec086b02610b.jpg,30,empty,35,2014-06-23 14:00:16,701137c0-5567-11e8-a067-dca9047ef277,1,3,2048,1494
5971f8f8-23d2-11e8-a6a3-ec086b02610b,5971f8f8-23d2-11e8-a6a3-ec086b02610b.jpg,30,empty,42,2015-01-04 06:24:36,7019fdcc-5567-11e8-942c-dca9047ef277,1,3,2048,1494
5971f901-23d2-11e8-a6a3-ec086b02610b,5971f901-23d2-11e8-a6a3-ec086b02610b.jpg,30,empty,58,2011-12-16 11:17:22,6f131591-5567-11e8-825d-dca9047ef277,3,3,2048,1494
5971f991-23d2-11e8-a6a3-ec086b02610b,5971f991-23d2-11e8-a6a3-ec086b02610b.jpg,30,empty,61,2013-08-27 20:08:19,70138991-5567-11e8-96e6-dca9047ef277,2,3,2048,1494
5971f9a1-23d2-11e8-a6a3-ec086b02610b,5971f9a1-23d2-11e8-a6a3-ec086b02610b.jpg,30,empty,18,2012-02-21 15:16:08,6f06b30a-5567-11e8-bc65-dca9047ef277,3,3,2048,1494
5971fa4e-23d2-11e8-a6a3-ec086b02610b,5971fa4e-23d2-11e8-a6a3-ec086b02610b.jpg,30,empty,0,2012-10-19 12:47:24,700c5f63-5567-11e8-83da-dca9047ef277,1,1,2560,1920
597386af-23d2-11e8-a6a3-ec086b02610b,597386af-23d2-11e8-a6a3-ec086b02610b.jpg,30,empty,1,2013-11-21 05:04:46,7015aa87-5567-11e8-b1eb-dca9047ef277,2,5,2048,1494
5973872a-23d2-11e8-a6a3-ec086b02610b,5973872a-23d2-11e8-a6a3-ec086b02610b.jpg,30,empty,47,2013-03-06 12:30:20,7009f0f8-5567-11e8-89ca-dca9047ef277,1,1,2560,1920
59738836-23d2-11e8-a6a3-ec086b02610b,59738836-23d2-11e8-a6a3-ec086b02610b.jpg,30,empty,60,2012-03-04 02:35:45,6f058602-5567-11e8-9753-dca9047ef277,4,5,2048,1494
597388c1-23d2-11e8-a6a3-ec086b02610b,597388c1-23d2-11e8-a6a3-ec086b02610b.jpg,30,empty,32,2014-02-01 06:19:35,7011203a-5567-11e8-a0c7-dca9047ef277,3,3,2048,1494
59738936-23d2-11e8-a6a3-ec086b02610b,59738936-23d2-11e8-a6a3-ec086b02610b.jpg,30,empty,38,2011-10-18 08:35:27,6f006926-5567-11e8-9a45-dca9047ef277,2,3,2048,1494
5973898b-23d2-11e8-a6a3-ec086b02610b,5973898b-23d2-11e8-a6a3-ec086b02610b.jpg,30,empty,23,2013-10-11 12:00:00,6fde9a0c-5567-11e8-a78f-dca9047ef277,1,1,2048,1494
5975147a-23d2-11e8-a6a3-ec086b02610b,5975147a-23d2-11e8-a6a3-ec086b02610b.jpg,30,empty,40,2011-07-28 21:01:38,6f05f8d1-5567-11e8-8ff3-dca9047ef277,3,3,2048,1494
597514a4-23d2-11e8-a6a3-ec086b02610b,597514a4-23d2-11e8-a6a3-ec086b02610b.jpg,30,empty,57,2014-07-15 07:04:51,6f8cb69c-5567-11e8-b2d8-dca9047ef277,1,1,2048,1494
597514b6-23d2-11e8-a6a3-ec086b02610b,597514b6-23d2-11e8-a6a3-ec086b02610b.jpg,30,empty,7,2012-03-29 09:43:17,6f0784b8-5567-11e8-ab2b-dca9047ef277,1,3,2048,1494
5975153e-23d2-11e8-a6a3-ec086b02610b,5975153e-23d2-11e8-a6a3-ec086b02610b.jpg,30,empty,50,2014-03-23 22:50:12,70174e42-5567-11e8-a346-dca9047ef277,3,3,2048,1494
5976a2bd-23d2-11e8-a6a3-ec086b02610b,5976a2bd-23d2-11e8-a6a3-ec086b02610b.jpg,30,empty,10,2013-12-10 01:46:30,701d5061-5567-11e8-81ae-dca9047ef277,1,3,2048,1494
5976a320-23d2-11e8-a6a3-ec086b02610b,5976a320-23d2-11e8-a6a3-ec086b02610b.jpg,30,empty,38,2012-04-07 10:00:29,6f03f3e8-5567-11e8-b494-dca9047ef277,2,3,2048,1494
59782f55-23d2-11e8-a6a3-ec086b02610b,59782f55-23d2-11e8-a6a3-ec086b02610b.jpg,30,empty,23,2013-12-16 12:00:17,6fe10d78-5567-11e8-aa53-dca9047ef277,1,1,2048,1494
59782fd7-23d2-11e8-a6a3-ec086b02610b,59782fd7-23d2-11e8-a6a3-ec086b02610b.jpg,30,empty,13,2013-09-29 23:04:56,70157e97-5567-11e8-ba08-dca9047ef277,3,3,2048,1494
59783215-23d2-11e8-a6a3-ec086b02610b,59783215-23d2-11e8-a6a3-ec086b02610b.jpg,30,empty,0,2012-10-19 12:59:47,700c669e-5567-11e8-a2a0-dca9047ef277,1,1,2560,1920
5978322f-23d2-11e8-a6a3-ec086b02610b,5978322f-23d2-11e8-a6a3-ec086b02610b.jpg,30,empty,0,2012-10-19 12:51:34,700c6391-5567-11e8-903a-dca9047ef277,1,1,2560,1920
5979bb82-23d2-11e8-a6a3-ec086b02610b,5979bb82-23d2-11e8-a6a3-ec086b02610b.jpg,30,empty,24,2011-09-07 15:59:58,6f0a5d59-5567-11e8-adac-dca9047ef277,1,3,2048,1494
597b4932-23d2-11e8-a6a3-ec086b02610b,597b4932-23d2-11e8-a6a3-ec086b02610b.jpg,30,empty,51,2011-09-05 10:48:13,6f1cc84f-5567-11e8-9e2f-dca9047ef277,3,3,2048,1494
597b49c6-23d2-11e8-a6a3-ec086b02610b,597b49c6-23d2-11e8-a6a3-ec086b02610b.jpg,30,empty,5,2011-07-07 13:57:05,6f192d1c-5567-11e8-8b88-dca9047ef277,1,3,2048,1494
597b49eb-23d2-11e8-a6a3-ec086b02610b,597b49eb-23d2-11e8-a6a3-ec086b02610b.jpg,30,empty,46,2012-01-14 10:08:02,6f182e4c-5567-11e8-bf21-dca9047ef277,3,3,2048,1494
597b4a0d-23d2-11e8-a6a3-ec086b02610b,597b4a0d-23d2-11e8-a6a3-ec086b02610b.jpg,30,empty,25,2014-09-17 08:26:09,7010de40-5567-11e8-973c-dca9047ef277,2,3,2048,1494
597b4a6d-23d2-11e8-a6a3-ec086b02610b,597b4a6d-23d2-11e8-a6a3-ec086b02610b.jpg,30,empty,43,2012-06-06 05:29:37,6f0cdd4f-5567-11e8-91b4-dca9047ef277,2,3,2048,1494
597cd517-23d2-11e8-a6a3-ec086b02610b,597cd517-23d2-11e8-a6a3-ec086b02610b.jpg,30,empty,35,2014-10-13 20:45:16,70113b6b-5567-11e8-ac5e-dca9047ef277,2,3,2048,1494
597cd574-23d2-11e8-a6a3-ec086b02610b,597cd574-23d2-11e8-a6a3-ec086b02610b.jpg,30,empty,57,2013-12-08 03:00:00,6f80fd78-5567-11e8-b5af-dca9047ef277,1,1,2048,1494
597cd611-23d2-11e8-a6a3-ec086b02610b,597cd611-23d2-11e8-a6a3-ec086b02610b.jpg,30,empty,5,2011-08-26 14:53:07,6f19367a-5567-11e8-a9af-dca9047ef277,3,3,2048,1494
597cd694-23d2-11e8-a6a3-ec086b02610b,597cd694-23d2-11e8-a6a3-ec086b02610b.jpg,30,empty,51,2011-11-02 10:47:26,6f1ce6b3-5567-11e8-86d9-dca9047ef277,1,3,2048,1494
597e628b-23d2-11e8-a6a3-ec086b02610b,597e628b-23d2-11e8-a6a3-ec086b02610b.jpg,30,empty,10,2014-10-18 04:28:15,701d9945-5567-11e8-a691-dca9047ef277,1,3,2048,1494
597e635a-23d2-11e8-a6a3-ec086b02610b,597e635a-23d2-11e8-a6a3-ec086b02610b.jpg,30,empty,38,2011-09-06 13:51:23,6efff89c-5567-11e8-b33e-dca9047ef277,1,3,2048,1494
597e635e-23d2-11e8-a6a3-ec086b02610b,597e635e-23d2-11e8-a6a3-ec086b02610b.jpg,30,empty,3,2014-07-22 16:05:30,701cc282-5567-11e8-9e91-dca9047ef277,2,3,2048,1494
597e6480-23d2-11e8-a6a3-ec086b02610b,597e6480-23d2-11e8-a6a3-ec086b02610b.jpg,30,empty,14,2015-05-08 14:27:12,70192968-5567-11e8-b9f6-dca9047ef277,1,3,2048,1494
597fedae-23d2-11e8-a6a3-ec086b02610b,597fedae-23d2-11e8-a6a3-ec086b02610b.jpg,30,empty,51,2011-09-07 07:13:05,6f1ccd63-5567-11e8-a153-dca9047ef277,2,3,2048,1494
597fef27-23d2-11e8-a6a3-ec086b02610b,597fef27-23d2-11e8-a6a3-ec086b02610b.jpg,30,empty,27,2015-04-05 19:39:14,7012bc73-5567-11e8-90d9-dca9047ef277,2,3,2048,1494
597fef3a-23d2-11e8-a6a3-ec086b02610b,597fef3a-23d2-11e8-a6a3-ec086b02610b.jpg,30,empty,42,2014-12-22 22:24:04,7019f1e3-5567-11e8-b895-dca9047ef277,2,3,2048,1494
597fef4b-23d2-11e8-a6a3-ec086b02610b,597fef4b-23d2-11e8-a6a3-ec086b02610b.jpg,30,empty,19,2013-11-21 18:49:55,701e9ccc-5567-11e8-8854-dca9047ef277,2,3,2048,1494
597ff050-23d2-11e8-a6a3-ec086b02610b,597ff050-23d2-11e8-a6a3-ec086b02610b.jpg,30,empty,21,2014-02-15 15:05:24,701d1d35-5567-11e8-b4c9-dca9047ef277,1,3,2048,1494
59817b10-23d2-11e8-a6a3-ec086b02610b,59817b10-23d2-11e8-a6a3-ec086b02610b.jpg,30,empty,33,2011-07-14 12:00:46,6f08b7d4-5567-11e8-b4b0-dca9047ef277,1,3,2048,1494
59817bc8-23d2-11e8-a6a3-ec086b02610b,59817bc8-23d2-11e8-a6a3-ec086b02610b.jpg,30,empty,58,2012-05-04 11:29:55,6f134991-5567-11e8-b6e9-dca9047ef277,1,3,2048,1494
5983076c-23d2-11e8-a6a3-ec086b02610b,5983076c-23d2-11e8-a6a3-ec086b02610b.jpg,30,empty,13,2013-10-04 02:38:29,7015806e-5567-11e8-ba8b-dca9047ef277,3,3,2048,1494
598307f1-23d2-11e8-a6a3-ec086b02610b,598307f1-23d2-11e8-a6a3-ec086b02610b.jpg,30,empty,20,2014-03-30 17:07:49,7017b3c7-5567-11e8-854c-dca9047ef277,3,3,2048,1494
5983097a-23d2-11e8-a6a3-ec086b02610b,5983097a-23d2-11e8-a6a3-ec086b02610b.jpg,30,empty,58,2012-05-16 12:40:18,6f13522b-5567-11e8-96b4-dca9047ef277,2,3,2048,1494
598309ec-23d2-11e8-a6a3-ec086b02610b,598309ec-23d2-11e8-a6a3-ec086b02610b.jpg,30,empty,2,2014-09-14 20:25:34,70156761-5567-11e8-b5be-dca9047ef277,1,3,800,584
5984979b-23d2-11e8-a6a3-ec086b02610b,5984979b-23d2-11e8-a6a3-ec086b02610b.jpg,30,empty,28,2011-12-16 09:31:47,6f12a51e-5567-11e8-8207-dca9047ef277,3,3,2048,1494
598497d6-23d2-11e8-a6a3-ec086b02610b,598497d6-23d2-11e8-a6a3-ec086b02610b.jpg,30,empty,56,2013-08-10 13:54:16,7010f6c7-5567-11e8-88ab-dca9047ef277,2,5,2048,1494
598497fe-23d2-11e8-a6a3-ec086b02610b,598497fe-23d2-11e8-a6a3-ec086b02610b.jpg,30,empty,58,2011-08-14 07:59:21,6f130ce6-5567-11e8-b46b-dca9047ef277,2,3,2048,1494
5984982b-23d2-11e8-a6a3-ec086b02610b,5984982b-23d2-11e8-a6a3-ec086b02610b.jpg,30,empty,23,2013-11-03 09:00:00,6fdf597d-5567-11e8-9852-dca9047ef277,1,1,2048,1494
598622ad-23d2-11e8-a6a3-ec086b02610b,598622ad-23d2-11e8-a6a3-ec086b02610b.jpg,30,empty,51,2011-09-14 08:11:32,6f1ce133-5567-11e8-9613-dca9047ef277,1,3,2048,1494
598624a6-23d2-11e8-a6a3-ec086b02610b,598624a6-23d2-11e8-a6a3-ec086b02610b.jpg,30,empty,60,2011-12-19 12:10:37,6f057d11-5567-11e8-900d-dca9047ef277,5,5,2048,1494
598625db-23d2-11e8-a6a3-ec086b02610b,598625db-23d2-11e8-a6a3-ec086b02610b.jpg,30,empty,10,2013-12-10 01:46:35,701d50bd-5567-11e8-8e63-dca9047ef277,3,3,2048,1494
5987b232-23d2-11e8-a6a3-ec086b02610b,5987b232-23d2-11e8-a6a3-ec086b02610b.jpg,30,empty,26,2014-05-10 13:12:08,6f3a788c-5567-11e8-ab93-dca9047ef277,1,1,2048,1494
5987b43d-23d2-11e8-a6a3-ec086b02610b,5987b43d-23d2-11e8-a6a3-ec086b02610b.jpg,30,empty,55,2013-08-26 11:45:53,70188e5e-5567-11e8-a225-dca9047ef277,1,3,2048,1494
5987b4b0-23d2-11e8-a6a3-ec086b02610b,5987b4b0-23d2-11e8-a6a3-ec086b02610b.jpg,30,empty,61,2013-08-13 18:14:48,70137d8a-5567-11e8-b2dc-dca9047ef277,2,3,2048,1494
5987b55c-23d2-11e8-a6a3-ec086b02610b,5987b55c-23d2-11e8-a6a3-ec086b02610b.jpg,30,empty,40,2011-08-21 03:41:25,6f05fec2-5567-11e8-9654-dca9047ef277,2,3,2048,1494
5989442c-23d2-11e8-a6a3-ec086b02610b,5989442c-23d2-11e8-a6a3-ec086b02610b.jpg,30,empty,59,2014-02-15 05:05:34,701885f8-5567-11e8-a0e2-dca9047ef277,1,3,2048,1494
598acd69-23d2-11e8-a6a3-ec086b02610b,598acd69-23d2-11e8-a6a3-ec086b02610b.jpg,30,empty,40,2011-12-29 09:01:43,6f062d02-5567-11e8-83e8-dca9047ef277,3,5,2048,1494
598acd8d-23d2-11e8-a6a3-ec086b02610b,598acd8d-23d2-11e8-a6a3-ec086b02610b.jpg,30,empty,56,2013-08-01 14:14:23,7010ed91-5567-11e8-92cb-dca9047ef277,4,5,2048,1494
598acda9-23d2-11e8-a6a3-ec086b02610b,598acda9-23d2-11e8-a6a3-ec086b02610b.jpg,30,empty,7,2012-04-25 11:02:51,6f07b847-5567-11e8-8779-dca9047ef277,2,3,2048,1494
598ace6e-23d2-11e8-a6a3-ec086b02610b,598ace6e-23d2-11e8-a6a3-ec086b02610b.jpg,30,empty,23,2014-06-28 13:00:00,6feab359-5567-11e8-a4a3-dca9047ef277,1,1,2048,1494
598c5ab9-23d2-11e8-a6a3-ec086b02610b,598c5ab9-23d2-11e8-a6a3-ec086b02610b.jpg,30,empty,40,2011-04-15 09:38:00,6f05aa6b-5567-11e8-ba7f-dca9047ef277,1,3,2048,1494
598de978-23d2-11e8-a6a3-ec086b02610b,598de978-23d2-11e8-a6a3-ec086b02610b.jpg,30,empty,42,2015-01-21 12:42:18,701a0561-5567-11e8-875c-dca9047ef277,2,3,2048,1494
598f7600-23d2-11e8-a6a3-ec086b02610b,598f7600-23d2-11e8-a6a3-ec086b02610b.jpg,30,empty,7,2011-05-07 12:46:17,6f06c419-5567-11e8-8c13-dca9047ef277,3,3,2048,1494
598f7723-23d2-11e8-a6a3-ec086b02610b,598f7723-23d2-11e8-a6a3-ec086b02610b.jpg,30,empty,60,2012-02-28 12:46:21,6f05858c-5567-11e8-9bdf-dca9047ef277,5,5,2048,1494
598f777d-23d2-11e8-a6a3-ec086b02610b,598f777d-23d2-11e8-a6a3-ec086b02610b.jpg,30,empty,19,2013-12-12 01:48:31,701ea4cf-5567-11e8-af5e-dca9047ef277,2,3,2048,1494
598f780f-23d2-11e8-a6a3-ec086b02610b,598f780f-23d2-11e8-a6a3-ec086b02610b.jpg,30,empty,60,2012-02-28 12:23:30,6f05851e-5567-11e8-a4ba-dca9047ef277,1,5,2048,1494
598f7816-23d2-11e8-a6a3-ec086b02610b,598f7816-23d2-11e8-a6a3-ec086b02610b.jpg,30,empty,51,2011-07-01 15:37:57,6f1c7473-5567-11e8-9743-dca9047ef277,1,3,2048,1494
598f78c9-23d2-11e8-a6a3-ec086b02610b,598f78c9-23d2-11e8-a6a3-ec086b02610b.jpg,30,empty,27,2014-05-25 22:26:23,70123ceb-5567-11e8-b6ae-dca9047ef277,1,3,2048,1494
5991032b-23d2-11e8-a6a3-ec086b02610b,5991032b-23d2-11e8-a6a3-ec086b02610b.jpg,30,empty,10,2014-09-17 04:26:13,701d926e-5567-11e8-9011-dca9047ef277,1,3,2048,1494
59910406-23d2-11e8-a6a3-ec086b02610b,59910406-23d2-11e8-a6a3-ec086b02610b.jpg,30,empty,36,2011-04-13 02:53:00,70085a7d-5567-11e8-a690-dca9047ef277,1,1,2048,1536
59910507-23d2-11e8-a6a3-ec086b02610b,59910507-23d2-11e8-a6a3-ec086b02610b.jpg,30,empty,7,2011-12-16 23:11:36,6f073499-5567-11e8-8833-dca9047ef277,2,3,2048,1494
59910513-23d2-11e8-a6a3-ec086b02610b,59910513-23d2-11e8-a6a3-ec086b02610b.jpg,30,empty,3,2014-11-23 01:04:52,701ccbf5-5567-11e8-bf93-dca9047ef277,3,3,2048,1494
599105f4-23d2-11e8-a6a3-ec086b02610b,599105f4-23d2-11e8-a6a3-ec086b02610b.jpg,30,empty,57,2014-03-13 19:00:00,6f86298a-5567-11e8-8b4d-dca9047ef277,1,1,2048,1494
59929099-23d2-11e8-a6a3-ec086b02610b,59929099-23d2-11e8-a6a3-ec086b02610b.jpg,30,empty,60,2012-04-02 08:52:19,6f059c0c-5567-11e8-81ba-dca9047ef277,2,5,2048,1494
5992919d-23d2-11e8-a6a3-ec086b02610b,5992919d-23d2-11e8-a6a3-ec086b02610b.jpg,30,empty,46,2012-06-05 12:40:26,6f190e47-5567-11e8-b01e-dca9047ef277,3,3,2048,1494
5992921e-23d2-11e8-a6a3-ec086b02610b,5992921e-23d2-11e8-a6a3-ec086b02610b.jpg,30,empty,58,2011-12-01 07:27:12,6f130d38-5567-11e8-8ef2-dca9047ef277,3,3,2048,1494
5992927f-23d2-11e8-a6a3-ec086b02610b,5992927f-23d2-11e8-a6a3-ec086b02610b.jpg,30,empty,5,2012-02-03 12:45:38,6f193fb3-5567-11e8-b20a-dca9047ef277,3,3,2048,1494
599292fb-23d2-11e8-a6a3-ec086b02610b,599292fb-23d2-11e8-a6a3-ec086b02610b.jpg,30,empty,33,2012-04-01 14:58:49,6f0a274a-5567-11e8-90db-dca9047ef277,2,3,2048,1494
5992931d-23d2-11e8-a6a3-ec086b02610b,5992931d-23d2-11e8-a6a3-ec086b02610b.jpg,30,empty,55,2014-10-22 15:33:35,701898e3-5567-11e8-9f61-dca9047ef277,2,3,2048,1494
59941ed8-23d2-11e8-a6a3-ec086b02610b,59941ed8-23d2-11e8-a6a3-ec086b02610b.jpg,30,empty,14,2014-07-07 05:50:10,70190480-5567-11e8-a04a-dca9047ef277,2,3,2048,1494
59941f6d-23d2-11e8-a6a3-ec086b02610b,59941f6d-23d2-11e8-a6a3-ec086b02610b.jpg,30,empty,14,2015-05-02 07:18:26,70192370-5567-11e8-b454-dca9047ef277,3,3,2048,1494
599420d9-23d2-11e8-a6a3-ec086b02610b,599420d9-23d2-11e8-a6a3-ec086b02610b.jpg,30,empty,56,2013-09-05 12:46:17,70110530-5567-11e8-b4c2-dca9047ef277,2,5,2048,1494
5995aef0-23d2-11e8-a6a3-ec086b02610b,5995aef0-23d2-11e8-a6a3-ec086b02610b.jpg,30,empty,52,2014-08-31 04:23:19,701d9d61-5567-11e8-b478-dca9047ef277,1,3,2048,1494
5995af00-23d2-11e8-a6a3-ec086b02610b,5995af00-23d2-11e8-a6a3-ec086b02610b.jpg,30,empty,40,2011-04-30 04:17:44,6f05bb87-5567-11e8-8429-dca9047ef277,2,3,2048,1494
5995af90-23d2-11e8-a6a3-ec086b02610b,5995af90-23d2-11e8-a6a3-ec086b02610b.jpg,30,empty,39,2014-02-27 20:19:46,701ebe97-5567-11e8-8c3a-dca9047ef277,2,3,2048,1494
59973df8-23d2-11e8-a6a3-ec086b02610b,59973df8-23d2-11e8-a6a3-ec086b02610b.jpg,30,empty,26,2013-10-30 06:00:00,6f27bbfa-5567-11e8-8a9a-dca9047ef277,1,1,2048,1494
5998cc8a-23d2-11e8-a6a3-ec086b02610b,5998cc8a-23d2-11e8-a6a3-ec086b02610b.jpg,30,empty,51,2011-09-11 22:12:00,6f1cda5c-5567-11e8-859c-dca9047ef277,1,3,2048,1494
5998cd3a-23d2-11e8-a6a3-ec086b02610b,5998cd3a-23d2-11e8-a6a3-ec086b02610b.jpg,30,empty,59,2013-08-10 08:11:19,7018740a-5567-11e8-9886-dca9047ef277,5,5,2048,1494
5998ce5c-23d2-11e8-a6a3-ec086b02610b,5998ce5c-23d2-11e8-a6a3-ec086b02610b.jpg,30,empty,23,2014-09-01 19:00:00,6feee90c-5567-11e8-9c8d-dca9047ef277,1,1,2048,1494
5998cea2-23d2-11e8-a6a3-ec086b02610b,5998cea2-23d2-11e8-a6a3-ec086b02610b.jpg,30,empty,46,2011-06-01 21:34:01,6f16890c-5567-11e8-8f5b-dca9047ef277,2,3,2048,1494
5998ceec-23d2-11e8-a6a3-ec086b02610b,5998ceec-23d2-11e8-a6a3-ec086b02610b.jpg,30,empty,0,2012-10-19 12:49:26,700c619e-5567-11e8-a7e4-dca9047ef277,1,1,2560,1920
5998cf62-23d2-11e8-a6a3-ec086b02610b,5998cf62-23d2-11e8-a6a3-ec086b02610b.jpg,30,empty,40,2012-05-02 23:17:40,6f0644a3-5567-11e8-a778-dca9047ef277,5,5,2048,1494
599a59ff-23d2-11e8-a6a3-ec086b02610b,599a59ff-23d2-11e8-a6a3-ec086b02610b.jpg,30,empty,38,2011-11-27 04:25:40,6f0105ca-5567-11e8-a77d-dca9047ef277,1,3,2048,1494
599a5a0e-23d2-11e8-a6a3-ec086b02610b,599a5a0e-23d2-11e8-a6a3-ec086b02610b.jpg,30,empty,13,2013-11-17 12:27:36,70158d1e-5567-11e8-94be-dca9047ef277,1,3,2048,1494
599be725-23d2-11e8-a6a3-ec086b02610b,599be725-23d2-11e8-a6a3-ec086b02610b.jpg,30,empty,4,2014-04-08 01:30:13,7016e04c-5567-11e8-8c39-dca9047ef277,2,3,2048,1494
599be765-23d2-11e8-a6a3-ec086b02610b,599be765-23d2-11e8-a6a3-ec086b02610b.jpg,30,empty,38,2011-06-16 15:58:02,6efe7ceb-5567-11e8-942c-dca9047ef277,1,3,2048,1494
599be8bf-23d2-11e8-a6a3-ec086b02610b,599be8bf-23d2-11e8-a6a3-ec086b02610b.jpg,30,empty,59,2013-08-10 08:11:17,701873bd-5567-11e8-b89f-dca9047ef277,2,5,2048,1494
599d7c46-23d2-11e8-a6a3-ec086b02610b,599d7c46-23d2-11e8-a6a3-ec086b02610b.jpg,30,empty,28,2012-04-25 09:28:48,6f12dc51-5567-11e8-af31-dca9047ef277,3,3,2048,1494
599d7e98-23d2-11e8-a6a3-ec086b02610b,599d7e98-23d2-11e8-a6a3-ec086b02610b.jpg,30,empty,46,2012-04-02 12:15:22,6f18a5a3-5567-11e8-833a-dca9047ef277,2,3,2048,1494
599fbf45-23d2-11e8-a6a3-ec086b02610b,599fbf45-23d2-11e8-a6a3-ec086b02610b.jpg,30,empty,58,2011-12-02 23:19:30,6f130f35-5567-11e8-b359-dca9047ef277,2,3,2048,1494
599fc07f-23d2-11e8-a6a3-ec086b02610b,599fc07f-23d2-11e8-a6a3-ec086b02610b.jpg,30,empty,43,2012-04-12 12:39:56,6f0c8378-5567-11e8-8e73-dca9047ef277,1,3,2048,1494
59a17c09-23d2-11e8-a6a3-ec086b02610b,59a17c09-23d2-11e8-a6a3-ec086b02610b.jpg,30,empty,18,2012-01-19 10:44:58,6f06a0c0-5567-11e8-90ae-dca9047ef277,1,3,2048,1494
59a30ab6-23d2-11e8-a6a3-ec086b02610b,59a30ab6-23d2-11e8-a6a3-ec086b02610b.jpg,30,empty,55,2014-11-16 21:05:08,70189ade-5567-11e8-b187-dca9047ef277,2,3,2048,1494
59a30c56-23d2-11e8-a6a3-ec086b02610b,59a30c56-23d2-11e8-a6a3-ec086b02610b.jpg,30,empty,5,2011-08-23 21:51:10,6f193226-5567-11e8-bfe4-dca9047ef277,2,3,2048,1494
59a30ca2-23d2-11e8-a6a3-ec086b02610b,59a30ca2-23d2-11e8-a6a3-ec086b02610b.jpg,30,empty,12,2014-09-05 05:05:52,701bdee3-5567-11e8-9f11-dca9047ef277,2,3,2048,1494
59a30d30-23d2-11e8-a6a3-ec086b02610b,59a30d30-23d2-11e8-a6a3-ec086b02610b.jpg,30,empty,10,2013-12-27 22:15:31,701d69e3-5567-11e8-ba8e-dca9047ef277,3,3,2048,1494
59a499db-23d2-11e8-a6a3-ec086b02610b,59a499db-23d2-11e8-a6a3-ec086b02610b.jpg,30,empty,26,2014-05-25 14:02:07,6f42b2ae-5567-11e8-a945-dca9047ef277,1,1,2048,1494
59a49a70-23d2-11e8-a6a3-ec086b02610b,59a49a70-23d2-11e8-a6a3-ec086b02610b.jpg,30,empty,28,2011-07-06 12:14:39,6f127d4f-5567-11e8-b504-dca9047ef277,3,3,2048,1494
59a49bae-23d2-11e8-a6a3-ec086b02610b,59a49bae-23d2-11e8-a6a3-ec086b02610b.jpg,30,empty,40,2011-06-16 13:24:25,6f05f7e3-5567-11e8-8c2b-dca9047ef277,2,3,2048,1494
59a49c67-23d2-11e8-a6a3-ec086b02610b,59a49c67-23d2-11e8-a6a3-ec086b02610b.jpg,30,empty,48,2013-11-13 06:41:42,701b32f0-5567-11e8-aa45-dca9047ef277,3,3,2048,1494
59a62be2-23d2-11e8-a6a3-ec086b02610b,59a62be2-23d2-11e8-a6a3-ec086b02610b.jpg,30,empty,56,2013-08-19 14:26:02,7010fe28-5567-11e8-aa78-dca9047ef277,3,5,2048,1494
59a62c43-23d2-11e8-a6a3-ec086b02610b,59a62c43-23d2-11e8-a6a3-ec086b02610b.jpg,30,empty,24,2011-05-03 16:47:01,6f0a4c99-5567-11e8-bb18-dca9047ef277,3,3,2048,1494
59a62c91-23d2-11e8-a6a3-ec086b02610b,59a62c91-23d2-11e8-a6a3-ec086b02610b.jpg,30,empty,28,2011-06-05 23:12:16,6f126d91-5567-11e8-b273-dca9047ef277,3,3,2048,1494
59a7bd71-23d2-11e8-a6a3-ec086b02610b,59a7bd71-23d2-11e8-a6a3-ec086b02610b.jpg,30,empty,56,2013-08-01 12:48:31,7010ed35-5567-11e8-8c27-dca9047ef277,2,5,2048,1494
59a7bdc8-23d2-11e8-a6a3-ec086b02610b,59a7bdc8-23d2-11e8-a6a3-ec086b02610b.jpg,30,empty,45,2014-10-20 08:46:39,701c4b7a-5567-11e8-84b2-dca9047ef277,1,3,2048,1494
59a7be4d-23d2-11e8-a6a3-ec086b02610b,59a7be4d-23d2-11e8-a6a3-ec086b02610b.jpg,30,empty,12,2014-04-28 12:14:32,701bdd8f-5567-11e8-83c3-dca9047ef277,1,3,2048,1494
59a7bef3-23d2-11e8-a6a3-ec086b02610b,59a7bef3-23d2-11e8-a6a3-ec086b02610b.jpg,30,empty,23,2014-05-25 22:00:00,6fe8490a-5567-11e8-9a87-dca9047ef277,1,1,2048,1494
59a94ada-23d2-11e8-a6a3-ec086b02610b,59a94ada-23d2-11e8-a6a3-ec086b02610b.jpg,30,empty,46,2011-06-10 05:07:21,6f16a0ba-5567-11e8-89ed-dca9047ef277,3,3,2048,1494
59a94b09-23d2-11e8-a6a3-ec086b02610b,59a94b09-23d2-11e8-a6a3-ec086b02610b.jpg,30,empty,24,2011-07-05 23:25:55,6f0a589e-5567-11e8-a618-dca9047ef277,1,3,2048,1494
59a94b59-23d2-11e8-a6a3-ec086b02610b,59a94b59-23d2-11e8-a6a3-ec086b02610b.jpg,30,empty,20,2014-03-18 20:55:33,7017b378-5567-11e8-8fdb-dca9047ef277,2,3,2048,1494
59a94bd1-23d2-11e8-a6a3-ec086b02610b,59a94bd1-23d2-11e8-a6a3-ec086b02610b.jpg,30,empty,26,2014-04-20 12:04:12,6f30a37a-5567-11e8-a376-dca9047ef277,1,1,2048,1494
59a94bf3-23d2-11e8-a6a3-ec086b02610b,59a94bf3-23d2-11e8-a6a3-ec086b02610b.jpg,30,empty,58,2012-02-12 09:22:29,6f132fd4-5567-11e8-a330-dca9047ef277,1,3,2048,1494
59a94c5b-23d2-11e8-a6a3-ec086b02610b,59a94c5b-23d2-11e8-a6a3-ec086b02610b.jpg,30,empty,5,2011-07-05 19:49:27,6f1927d7-5567-11e8-8ff3-dca9047ef277,1,3,2048,1494
59a94c61-23d2-11e8-a6a3-ec086b02610b,59a94c61-23d2-11e8-a6a3-ec086b02610b.jpg,30,empty,11,2014-08-20 11:43:30,7018e8cc-5567-11e8-a9e5-dca9047ef277,2,3,2048,1494
59a94e8e-23d2-11e8-a6a3-ec086b02610b,59a94e8e-23d2-11e8-a6a3-ec086b02610b.jpg,30,empty,64,2011-06-03 16:24:05,6f19463a-5567-11e8-8b65-dca9047ef277,2,3,2048,1494
59aad9af-23d2-11e8-a6a3-ec086b02610b,59aad9af-23d2-11e8-a6a3-ec086b02610b.jpg,30,empty,50,2014-08-15 22:48:19,70175157-5567-11e8-a35a-dca9047ef277,1,3,2048,1494
59aadaa2-23d2-11e8-a6a3-ec086b02610b,59aadaa2-23d2-11e8-a6a3-ec086b02610b.jpg,30,empty,18,2012-02-05 01:09:31,6f06ad5c-5567-11e8-9744-dca9047ef277,3,3,2048,1494
59aadb88-23d2-11e8-a6a3-ec086b02610b,59aadb88-23d2-11e8-a6a3-ec086b02610b.jpg,30,empty,29,2011-07-13 19:51:00,700a4e17-5567-11e8-9579-dca9047ef277,1,1,2048,1536
59aadcaf-23d2-11e8-a6a3-ec086b02610b,59aadcaf-23d2-11e8-a6a3-ec086b02610b.jpg,30,empty,58,2012-02-21 14:06:38,6f13342b-5567-11e8-826d-dca9047ef277,1,3,2048,1494
59ac6bdd-23d2-11e8-a6a3-ec086b02610b,59ac6bdd-23d2-11e8-a6a3-ec086b02610b.jpg,30,empty,2,2013-10-04 01:39:09,70155b14-5567-11e8-87e8-dca9047ef277,1,3,2048,1494
59adfb4d-23d2-11e8-a6a3-ec086b02610b,59adfb4d-23d2-11e8-a6a3-ec086b02610b.jpg,30,empty,7,2011-11-30 07:06:16,6f0728a6-5567-11e8-8f67-dca9047ef277,2,3,2048,1494
59adfc90-23d2-11e8-a6a3-ec086b02610b,59adfc90-23d2-11e8-a6a3-ec086b02610b.jpg,30,empty,43,2011-08-23 06:44:04,6f0b4197-5567-11e8-a02f-dca9047ef277,1,3,2048,1494
59adfd1b-23d2-11e8-a6a3-ec086b02610b,59adfd1b-23d2-11e8-a6a3-ec086b02610b.jpg,30,empty,63,2014-01-28 20:36:10,70175f66-5567-11e8-a051-dca9047ef277,1,3,2048,1494
59adfe96-23d2-11e8-a6a3-ec086b02610b,59adfe96-23d2-11e8-a6a3-ec086b02610b.jpg,30,empty,57,2014-03-21 01:00:00,6f8665e3-5567-11e8-a764-dca9047ef277,1,1,2048,1494
59af95c8-23d2-11e8-a6a3-ec086b02610b,59af95c8-23d2-11e8-a6a3-ec086b02610b.jpg,30,empty,60,2012-04-25 11:53:51,6f05a419-5567-11e8-81df-dca9047ef277,1,3,2048,1494
59af9647-23d2-11e8-a6a3-ec086b02610b,59af9647-23d2-11e8-a6a3-ec086b02610b.jpg,30,empty,28,2012-04-02 02:01:10,6f12c4d7-5567-11e8-8ba5-dca9047ef277,2,3,2048,1494
59af96bb-23d2-11e8-a6a3-ec086b02610b,59af96bb-23d2-11e8-a6a3-ec086b02610b.jpg,30,empty,10,2014-01-04 02:31:57,701d72b8-5567-11e8-82b5-dca9047ef277,3,3,2048,1494
59af96e2-23d2-11e8-a6a3-ec086b02610b,59af96e2-23d2-11e8-a6a3-ec086b02610b.jpg,30,empty,52,2014-09-04 06:06:37,701d9e4f-5567-11e8-890d-dca9047ef277,3,3,2048,1494
59af9746-23d2-11e8-a6a3-ec086b02610b,59af9746-23d2-11e8-a6a3-ec086b02610b.jpg,30,empty,43,2011-09-15 22:33:02,6f0b5726-5567-11e8-b263-dca9047ef277,2,3,2048,1494
59af97a1-23d2-11e8-a6a3-ec086b02610b,59af97a1-23d2-11e8-a6a3-ec086b02610b.jpg,30,empty,60,2012-06-13 11:26:42,6f05aa07-5567-11e8-81dc-dca9047ef277,3,3,2048,1494
59af97b2-23d2-11e8-a6a3-ec086b02610b,59af97b2-23d2-11e8-a6a3-ec086b02610b.jpg,30,empty,23,2014-03-25 21:00:00,6fe56f61-5567-11e8-b283-dca9047ef277,1,1,2048,1494
59af97bf-23d2-11e8-a6a3-ec086b02610b,59af97bf-23d2-11e8-a6a3-ec086b02610b.jpg,30,empty,58,2012-03-23 08:32:17,6f133e5c-5567-11e8-bdb0-dca9047ef277,1,3,2048,1494
59af98bd-23d2-11e8-a6a3-ec086b02610b,59af98bd-23d2-11e8-a6a3-ec086b02610b.jpg,30,empty,46,2011-09-16 12:35:32,6f17a08a-5567-11e8-adb6-dca9047ef277,1,3,2048,1494
59b12ea2-23d2-11e8-a6a3-ec086b02610b,59b12ea2-23d2-11e8-a6a3-ec086b02610b.jpg,30,empty,5,2011-07-21 18:46:33,6f19312b-5567-11e8-b2fd-dca9047ef277,2,3,2048,1494
59b12fa6-23d2-11e8-a6a3-ec086b02610b,59b12fa6-23d2-11e8-a6a3-ec086b02610b.jpg,30,empty,23,2014-01-18 15:00:00,6fe27c11-5567-11e8-ae0e-dca9047ef277,1,1,2048,1494
59b12fc8-23d2-11e8-a6a3-ec086b02610b,59b12fc8-23d2-11e8-a6a3-ec086b02610b.jpg,30,empty,18,2011-05-24 11:25:55,6f0649ae-5567-11e8-ba57-dca9047ef277,3,3,2048,1494
59b13036-23d2-11e8-a6a3-ec086b02610b,59b13036-23d2-11e8-a6a3-ec086b02610b.jpg,30,empty,59,2014-02-20 12:33:33,70188897-5567-11e8-aeff-dca9047ef277,3,3,2048,1494
59b13171-23d2-11e8-a6a3-ec086b02610b,59b13171-23d2-11e8-a6a3-ec086b02610b.jpg,30,empty,46,2012-04-29 04:29:16,6f18d221-5567-11e8-80cd-dca9047ef277,3,3,2048,1494
59b131bc-23d2-11e8-a6a3-ec086b02610b,59b131bc-23d2-11e8-a6a3-ec086b02610b.jpg,30,empty,38,2011-07-06 20:17:51,6eff0e80-5567-11e8-a7cc-dca9047ef277,3,3,2048,1494
59b2e8a0-23d2-11e8-a6a3-ec086b02610b,59b2e8a0-23d2-11e8-a6a3-ec086b02610b.jpg,30,empty,38,2011-11-02 11:19:18,6f009b9e-5567-11e8-8a52-dca9047ef277,1,3,2048,1494
59b2e8b6-23d2-11e8-a6a3-ec086b02610b,59b2e8b6-23d2-11e8-a6a3-ec086b02610b.jpg,30,empty,3,2014-12-01 12:10:35,701ccfde-5567-11e8-ba26-dca9047ef277,1,3,2048,1494
59b2ec60-23d2-11e8-a6a3-ec086b02610b,59b2ec60-23d2-11e8-a6a3-ec086b02610b.jpg,30,empty,28,2012-04-23 20:35:01,6f12d797-5567-11e8-a20b-dca9047ef277,1,3,2048,1494
59b4832e-23d2-11e8-a6a3-ec086b02610b,59b4832e-23d2-11e8-a6a3-ec086b02610b.jpg,30,empty,43,2011-08-16 14:38:15,6f0b38cc-5567-11e8-9f72-dca9047ef277,1,3,2048,1494
59b48415-23d2-11e8-a6a3-ec086b02610b,59b48415-23d2-11e8-a6a3-ec086b02610b.jpg,30,empty,45,2014-09-12 04:43:19,701c464a-5567-11e8-99be-dca9047ef277,2,3,2048,1494
59b48612-23d2-11e8-a6a3-ec086b02610b,59b48612-23d2-11e8-a6a3-ec086b02610b.jpg,30,empty,51,2011-09-11 08:38:14,6f1cd9c7-5567-11e8-8362-dca9047ef277,3,3,2048,1494
59b61444-23d2-11e8-a6a3-ec086b02610b,59b61444-23d2-11e8-a6a3-ec086b02610b.jpg,30,empty,33,2011-12-19 15:19:18,6f096b97-5567-11e8-aa45-dca9047ef277,2,3,2048,1494
59b6145e-23d2-11e8-a6a3-ec086b02610b,59b6145e-23d2-11e8-a6a3-ec086b02610b.jpg,30,empty,58,2012-02-09 10:09:54,6f132ecf-5567-11e8-aa00-dca9047ef277,2,3,2048,1494
59b616dd-23d2-11e8-a6a3-ec086b02610b,59b616dd-23d2-11e8-a6a3-ec086b02610b.jpg,30,empty,10,2013-12-21 21:38:25,701d5ee8-5567-11e8-b7ce-dca9047ef277,1,3,2048,1494
59b616ee-23d2-11e8-a6a3-ec086b02610b,59b616ee-23d2-11e8-a6a3-ec086b02610b.jpg,30,empty,59,2014-02-16 12:29:55,70188726-5567-11e8-b664-dca9047ef277,1,3,2048,1494
59b7a618-23d2-11e8-a6a3-ec086b02610b,59b7a618-23d2-11e8-a6a3-ec086b02610b.jpg,30,empty,56,2013-09-18 14:40:10,701109c5-5567-11e8-b26b-dca9047ef277,4,5,2048,1494
59b9397b-23d2-11e8-a6a3-ec086b02610b,59b9397b-23d2-11e8-a6a3-ec086b02610b.jpg,30,empty,60,2012-03-21 14:38:37,6f059361-5567-11e8-9d28-dca9047ef277,2,5,2048,1494
59b9398a-23d2-11e8-a6a3-ec086b02610b,59b9398a-23d2-11e8-a6a3-ec086b02610b.jpg,30,empty,0,2012-10-19 12:49:15,700c6159-5567-11e8-96d7-dca9047ef277,1,1,2560,1920
59b939ec-23d2-11e8-a6a3-ec086b02610b,59b939ec-23d2-11e8-a6a3-ec086b02610b.jpg,30,empty,14,2015-05-09 01:10:02,70192a59-5567-11e8-8843-dca9047ef277,3,3,2048,1494
59b93a19-23d2-11e8-a6a3-ec086b02610b,59b93a19-23d2-11e8-a6a3-ec086b02610b.jpg,30,empty,2,2013-10-04 01:39:10,70155b59-5567-11e8-9ef6-dca9047ef277,3,3,2048,1494
59bac74c-23d2-11e8-a6a3-ec086b02610b,59bac74c-23d2-11e8-a6a3-ec086b02610b.jpg,30,empty,57,2014-07-21 14:31:58,6f8d114f-5567-11e8-b6e4-dca9047ef277,1,1,2048,1494
59bac903-23d2-11e8-a6a3-ec086b02610b,59bac903-23d2-11e8-a6a3-ec086b02610b.jpg,30,empty,28,2012-04-11 22:30:03,6f12cb17-5567-11e8-8a0a-dca9047ef277,2,3,2048,1494
59baca6d-23d2-11e8-a6a3-ec086b02610b,59baca6d-23d2-11e8-a6a3-ec086b02610b.jpg,30,empty,50,2014-04-20 04:51:22,70175017-5567-11e8-8c45-dca9047ef277,3,3,2048,1494
59bca45c-23d2-11e8-a6a3-ec086b02610b,59bca45c-23d2-11e8-a6a3-ec086b02610b.jpg,30,empty,24,2011-07-09 02:30:27,6f0a58fa-5567-11e8-b131-dca9047ef277,2,3,2048,1494
59bca55f-23d2-11e8-a6a3-ec086b02610b,59bca55f-23d2-11e8-a6a3-ec086b02610b.jpg,30,empty,59,2014-11-06 07:00:12,70188a59-5567-11e8-ab0d-dca9047ef277,1,3,2048,1494
59bca6ae-23d2-11e8-a6a3-ec086b02610b,59bca6ae-23d2-11e8-a6a3-ec086b02610b.jpg,30,empty,18,2011-07-27 11:50:59,6f065899-5567-11e8-9758-dca9047ef277,3,3,2048,1494
59bca6db-23d2-11e8-a6a3-ec086b02610b,59bca6db-23d2-11e8-a6a3-ec086b02610b.jpg,30,empty,22,2015-04-30 13:07:41,7019447a-5567-11e8-b412-dca9047ef277,3,3,2048,1494
59be3f6f-23d2-11e8-a6a3-ec086b02610b,59be3f6f-23d2-11e8-a6a3-ec086b02610b.jpg,30,empty,51,2011-09-05 22:58:28,6f1cc8e6-5567-11e8-8648-dca9047ef277,3,3,2048,1494
59be3f71-23d2-11e8-a6a3-ec086b02610b,59be3f71-23d2-11e8-a6a3-ec086b02610b.jpg,30,empty,56,2013-08-19 13:42:42,7010fddc-5567-11e8-82c4-dca9047ef277,1,5,2048,1494
59be3fe3-23d2-11e8-a6a3-ec086b02610b,59be3fe3-23d2-11e8-a6a3-ec086b02610b.jpg,30,empty,10,2014-10-19 12:43:14,701d9997-5567-11e8-9213-dca9047ef277,1,3,2048,1494
59be408e-23d2-11e8-a6a3-ec086b02610b,59be408e-23d2-11e8-a6a3-ec086b02610b.jpg,30,empty,7,2011-11-24 16:06:55,6f072675-5567-11e8-a0eb-dca9047ef277,3,3,2048,1494
59bfdeeb-23d2-11e8-a6a3-ec086b02610b,59bfdeeb-23d2-11e8-a6a3-ec086b02610b.jpg,30,empty,26,2014-04-20 13:55:15,6f315568-5567-11e8-90b5-dca9047ef277,1,1,2048,1494
59c177f8-23d2-11e8-a6a3-ec086b02610b,59c177f8-23d2-11e8-a6a3-ec086b02610b.jpg,30,empty,10,2013-12-12 06:21:19,701d5587-5567-11e8-94e7-dca9047ef277,3,3,2048,1494
59c1788c-23d2-11e8-a6a3-ec086b02610b,59c1788c-23d2-11e8-a6a3-ec086b02610b.jpg,30,empty,46,2012-02-26 12:15:50,6f186fd9-5567-11e8-a212-dca9047ef277,2,3,2048,1494
59c17983-23d2-11e8-a6a3-ec086b02610b,59c17983-23d2-11e8-a6a3-ec086b02610b.jpg,30,empty,13,2014-05-18 14:10:21,70159ea8-5567-11e8-aa37-dca9047ef277,2,3,2048,1494
59c17a45-23d2-11e8-a6a3-ec086b02610b,59c17a45-23d2-11e8-a6a3-ec086b02610b.jpg,30,empty,61,2014-07-04 07:00:02,7013d328-5567-11e8-89aa-dca9047ef277,2,3,2048,1494
59c319d0-23d2-11e8-a6a3-ec086b02610b,59c319d0-23d2-11e8-a6a3-ec086b02610b.jpg,30,empty,50,2014-03-30 11:04:56,70174ed9-5567-11e8-9eef-dca9047ef277,1,3,2048,1494
59c31a78-23d2-11e8-a6a3-ec086b02610b,59c31a78-23d2-11e8-a6a3-ec086b02610b.jpg,30,empty,3,2014-07-22 16:05:20,701cc233-5567-11e8-87c0-dca9047ef277,1,3,2048,1494
59c4bec5-23d2-11e8-a6a3-ec086b02610b,59c4bec5-23d2-11e8-a6a3-ec086b02610b.jpg,30,empty,27,2015-04-15 20:44:33,7012e7cf-5567-11e8-8848-dca9047ef277,2,3,2048,1494
59c4c049-23d2-11e8-a6a3-ec086b02610b,59c4c049-23d2-11e8-a6a3-ec086b02610b.jpg,30,empty,64,2011-07-02 22:54:10,6f19598f-5567-11e8-8abe-dca9047ef277,2,3,2048,1494
59c4c0f8-23d2-11e8-a6a3-ec086b02610b,59c4c0f8-23d2-11e8-a6a3-ec086b02610b.jpg,30,empty,40,2012-03-12 15:40:05,6f063691-5567-11e8-8322-dca9047ef277,3,5,2048,1494
59c4c151-23d2-11e8-a6a3-ec086b02610b,59c4c151-23d2-11e8-a6a3-ec086b02610b.jpg,30,empty,3,2014-02-06 03:52:10,701cbe5e-5567-11e8-87a2-dca9047ef277,3,3,2048,1494
59c4c162-23d2-11e8-a6a3-ec086b02610b,59c4c162-23d2-11e8-a6a3-ec086b02610b.jpg,30,empty,34,2014-10-22 17:37:15,7015280f-5567-11e8-b022-dca9047ef277,2,3,2048,1494
59c4c267-23d2-11e8-a6a3-ec086b02610b,59c4c267-23d2-11e8-a6a3-ec086b02610b.jpg,30,empty,4,2014-04-07 12:54:00,7016dfb5-5567-11e8-8ada-dca9047ef277,3,3,2048,1494
59c66ac2-23d2-11e8-a6a3-ec086b02610b,59c66ac2-23d2-11e8-a6a3-ec086b02610b.jpg,30,empty,39,2014-03-06 02:06:09,701ec0dc-5567-11e8-beb9-dca9047ef277,3,3,2048,1494
59c80313-23d2-11e8-a6a3-ec086b02610b,59c80313-23d2-11e8-a6a3-ec086b02610b.jpg,30,empty,20,2015-01-17 10:48:41,7017c335-5567-11e8-bd37-dca9047ef277,2,3,2048,1494
59c8051f-23d2-11e8-a6a3-ec086b02610b,59c8051f-23d2-11e8-a6a3-ec086b02610b.jpg,30,empty,61,2014-07-04 06:39:43,7013d263-5567-11e8-a5df-dca9047ef277,3,3,2048,1494
59c8059e-23d2-11e8-a6a3-ec086b02610b,59c8059e-23d2-11e8-a6a3-ec086b02610b.jpg,30,empty,29,2011-07-21 23:44:00,700a4ef3-5567-11e8-af05-dca9047ef277,1,1,2048,1536
59c805b8-23d2-11e8-a6a3-ec086b02610b,59c805b8-23d2-11e8-a6a3-ec086b02610b.jpg,30,empty,10,2014-09-21 02:53:58,701d9368-5567-11e8-b116-dca9047ef277,1,3,2048,1494
59c80603-23d2-11e8-a6a3-ec086b02610b,59c80603-23d2-11e8-a6a3-ec086b02610b.jpg,30,empty,48,2014-08-21 16:09:13,701b40cf-5567-11e8-abcc-dca9047ef277,1,3,2048,1494
59c8069a-23d2-11e8-a6a3-ec086b02610b,59c8069a-23d2-11e8-a6a3-ec086b02610b.jpg,30,empty,0,2012-10-19 12:55:48,700c6585-5567-11e8-bf03-dca9047ef277,1,1,2560,1920
59c99bf5-23d2-11e8-a6a3-ec086b02610b,59c99bf5-23d2-11e8-a6a3-ec086b02610b.jpg,30,empty,56,2013-08-15 14:24:14,7010fb63-5567-11e8-9af3-dca9047ef277,5,5,2048,1494
59c99dae-23d2-11e8-a6a3-ec086b02610b,59c99dae-23d2-11e8-a6a3-ec086b02610b.jpg,30,empty,26,2014-04-20 15:55:49,6f32c78f-5567-11e8-bca0-dca9047ef277,1,1,2048,1494
59c99eaf-23d2-11e8-a6a3-ec086b02610b,59c99eaf-23d2-11e8-a6a3-ec086b02610b.jpg,30,empty,1,2013-11-21 05:04:47,7015aad9-5567-11e8-bb82-dca9047ef277,5,5,2048,1494
59c99eb7-23d2-11e8-a6a3-ec086b02610b,59c99eb7-23d2-11e8-a6a3-ec086b02610b.jpg,30,empty,37,2014-09-04 13:26:29,70182af5-5567-11e8-9a3c-dca9047ef277,1,3,2048,1494
59c99efe-23d2-11e8-a6a3-ec086b02610b,59c99efe-23d2-11e8-a6a3-ec086b02610b.jpg,30,empty,33,2011-10-28 12:43:57,6f08f3ab-5567-11e8-8bc4-dca9047ef277,1,3,2048,1494
59c99f49-23d2-11e8-a6a3-ec086b02610b,59c99f49-23d2-11e8-a6a3-ec086b02610b.jpg,30,empty,51,2011-07-08 16:51:42,6f1c7507-5567-11e8-a660-dca9047ef277,2,3,2048,1494
59cb3875-23d2-11e8-a6a3-ec086b02610b,59cb3875-23d2-11e8-a6a3-ec086b02610b.jpg,30,empty,28,2012-03-04 14:43:03,6f12bd42-5567-11e8-80cc-dca9047ef277,3,3,2048,1494
59cb38d8-23d2-11e8-a6a3-ec086b02610b,59cb38d8-23d2-11e8-a6a3-ec086b02610b.jpg,30,empty,28,2012-01-15 03:51:56,6f12b0d4-5567-11e8-b7f1-dca9047ef277,1,3,2048,1494
59cb3a51-23d2-11e8-a6a3-ec086b02610b,59cb3a51-23d2-11e8-a6a3-ec086b02610b.jpg,30,empty,33,2011-05-11 02:37:49,6f081f7a-5567-11e8-9a1c-dca9047ef277,2,3,2048,1494
59cb3a77-23d2-11e8-a6a3-ec086b02610b,59cb3a77-23d2-11e8-a6a3-ec086b02610b.jpg,30,empty,2,2014-08-14 20:25:36,701563e8-5567-11e8-b196-dca9047ef277,3,3,800,584
59ccd157-23d2-11e8-a6a3-ec086b02610b,59ccd157-23d2-11e8-a6a3-ec086b02610b.jpg,30,empty,3,2014-12-06 07:16:53,701cd557-5567-11e8-ab8f-dca9047ef277,2,3,2048,1494
59ccd39c-23d2-11e8-a6a3-ec086b02610b,59ccd39c-23d2-11e8-a6a3-ec086b02610b.jpg,30,empty,26,2014-05-14 13:58:44,6f3e82d9-5567-11e8-80fc-dca9047ef277,1,1,2048,1494
59cf448e-23d2-11e8-a6a3-ec086b02610b,59cf448e-23d2-11e8-a6a3-ec086b02610b.jpg,30,empty,57,2013-10-15 11:00:00,6f7e085c-5567-11e8-be31-dca9047ef277,1,1,2048,1494
59d0e12f-23d2-11e8-a6a3-ec086b02610b,59d0e12f-23d2-11e8-a6a3-ec086b02610b.jpg,30,empty,33,2012-05-03 12:58:41,6f0a386e-5567-11e8-b697-dca9047ef277,1,3,2048,1494
59d0e151-23d2-11e8-a6a3-ec086b02610b,59d0e151-23d2-11e8-a6a3-ec086b02610b.jpg,30,empty,15,2014-04-05 15:04:13,7010d8bd-5567-11e8-a6bd-dca9047ef277,3,3,2048,1494
59d0e2c5-23d2-11e8-a6a3-ec086b02610b,59d0e2c5-23d2-11e8-a6a3-ec086b02610b.jpg,30,empty,40,2012-01-18 12:24:26,6f062fbd-5567-11e8-bd22-dca9047ef277,1,5,2048,1494
59d0e3b3-23d2-11e8-a6a3-ec086b02610b,59d0e3b3-23d2-11e8-a6a3-ec086b02610b.jpg,30,empty,24,2012-02-28 12:11:15,6f0a8a28-5567-11e8-80bd-dca9047ef277,1,3,2048,1494
59d0e414-23d2-11e8-a6a3-ec086b02610b,59d0e414-23d2-11e8-a6a3-ec086b02610b.jpg,30,empty,24,2012-03-29 10:15:53,6f0a8c9e-5567-11e8-8221-dca9047ef277,3,3,2048,1494
59d0e448-23d2-11e8-a6a3-ec086b02610b,59d0e448-23d2-11e8-a6a3-ec086b02610b.jpg,30,empty,40,2011-08-23 09:17:54,6f05ffbd-5567-11e8-ae8a-dca9047ef277,2,3,2048,1494
59d0e481-23d2-11e8-a6a3-ec086b02610b,59d0e481-23d2-11e8-a6a3-ec086b02610b.jpg,30,empty,26,2013-10-04 14:24:09,6f220cde-5567-11e8-bee2-dca9047ef277,1,1,2048,1494
59d27d5d-23d2-11e8-a6a3-ec086b02610b,59d27d5d-23d2-11e8-a6a3-ec086b02610b.jpg,30,empty,28,2012-04-16 12:00:07,6f12d051-5567-11e8-ad3b-dca9047ef277,1,3,2048,1494
59d41a9f-23d2-11e8-a6a3-ec086b02610b,59d41a9f-23d2-11e8-a6a3-ec086b02610b.jpg,30,empty,18,2011-10-14 02:26:46,6f067b99-5567-11e8-a718-dca9047ef277,3,3,2048,1494
59d5b569-23d2-11e8-a6a3-ec086b02610b,59d5b569-23d2-11e8-a6a3-ec086b02610b.jpg,30,empty,26,2014-06-26 13:51:31,6f494b6e-5567-11e8-98a8-dca9047ef277,1,1,2048,1494
59d5b573-23d2-11e8-a6a3-ec086b02610b,59d5b573-23d2-11e8-a6a3-ec086b02610b.jpg,30,empty,60,2012-03-29 10:39:16,6f059a2b-5567-11e8-b461-dca9047ef277,2,5,2048,1494
59d5b58b-23d2-11e8-a6a3-ec086b02610b,59d5b58b-23d2-11e8-a6a3-ec086b02610b.jpg,30,empty,52,2014-09-04 21:21:07,701d9e9e-5567-11e8-ae26-dca9047ef277,2,3,2048,1494
59d5b636-23d2-11e8-a6a3-ec086b02610b,59d5b636-23d2-11e8-a6a3-ec086b02610b.jpg,30,empty,24,2012-04-22 03:52:16,6f0a9305-5567-11e8-af76-dca9047ef277,3,3,2048,1494
59d7513a-23d2-11e8-a6a3-ec086b02610b,59d7513a-23d2-11e8-a6a3-ec086b02610b.jpg,30,empty,38,2012-04-29 21:51:30,6f045523-5567-11e8-853e-dca9047ef277,2,3,2048,1494
59d75458-23d2-11e8-a6a3-ec086b02610b,59d75458-23d2-11e8-a6a3-ec086b02610b.jpg,30,empty,0,2012-10-19 12:51:49,700c63d7-5567-11e8-80c5-dca9047ef277,1,1,2560,1920
59d8ec60-23d2-11e8-a6a3-ec086b02610b,59d8ec60-23d2-11e8-a6a3-ec086b02610b.jpg,30,empty,0,2012-10-19 13:01:22,700c6807-5567-11e8-8c73-dca9047ef277,1,1,2560,1920
59d8ed5f-23d2-11e8-a6a3-ec086b02610b,59d8ed5f-23d2-11e8-a6a3-ec086b02610b.jpg,30,empty,18,2011-10-13 23:51:40,6f067968-5567-11e8-a69c-dca9047ef277,2,3,2048,1494
59da89d6-23d2-11e8-a6a3-ec086b02610b,59da89d6-23d2-11e8-a6a3-ec086b02610b.jpg,30,empty,26,2014-04-21 14:14:04,6f338554-5567-11e8-a4e3-dca9047ef277,1,1,2048,1494
59da8b20-23d2-11e8-a6a3-ec086b02610b,59da8b20-23d2-11e8-a6a3-ec086b02610b.jpg,30,empty,13,2014-05-08 13:59:17,70159751-5567-11e8-acd3-dca9047ef277,2,3,2048,1494
59dc2456-23d2-11e8-a6a3-ec086b02610b,59dc2456-23d2-11e8-a6a3-ec086b02610b.jpg,30,empty,60,2012-01-07 20:11:35,6f057df8-5567-11e8-9a85-dca9047ef277,1,5,2048,1494
59dc24c0-23d2-11e8-a6a3-ec086b02610b,59dc24c0-23d2-11e8-a6a3-ec086b02610b.jpg,30,empty,32,2014-10-08 14:18:16,7011265c-5567-11e8-95d1-dca9047ef277,1,3,2048,1494
59dc255e-23d2-11e8-a6a3-ec086b02610b,59dc255e-23d2-11e8-a6a3-ec086b02610b.jpg,30,empty,24,2012-04-25 11:10:35,6f0a93cf-5567-11e8-b447-dca9047ef277,3,3,2048,1494
59dc26da-23d2-11e8-a6a3-ec086b02610b,59dc26da-23d2-11e8-a6a3-ec086b02610b.jpg,30,empty,29,2011-08-07 09:25:00,700a5097-5567-11e8-a436-dca9047ef277,1,1,2048,1536
59dc2736-23d2-11e8-a6a3-ec086b02610b,59dc2736-23d2-11e8-a6a3-ec086b02610b.jpg,30,empty,14,2015-04-28 05:50:23,70191f42-5567-11e8-b43f-dca9047ef277,2,3,2048,1494
59ddc0dc-23d2-11e8-a6a3-ec086b02610b,59ddc0dc-23d2-11e8-a6a3-ec086b02610b.jpg,30,empty,3,2014-12-05 08:44:31,701cd270-5567-11e8-89fe-dca9047ef277,1,3,2048,1494
59ddc131-23d2-11e8-a6a3-ec086b02610b,59ddc131-23d2-11e8-a6a3-ec086b02610b.jpg,30,empty,10,2014-09-18 03:16:36,701d9319-5567-11e8-b974-dca9047ef277,3,3,2048,1494
59ddc19c-23d2-11e8-a6a3-ec086b02610b,59ddc19c-23d2-11e8-a6a3-ec086b02610b.jpg,30,empty,60,2011-12-21 23:07:54,6f057d80-5567-11e8-b1d2-dca9047ef277,2,5,2048,1494
59ddc2e5-23d2-11e8-a6a3-ec086b02610b,59ddc2e5-23d2-11e8-a6a3-ec086b02610b.jpg,30,empty,31,2014-09-21 13:27:37,701dc061-5567-11e8-839c-dca9047ef277,2,3,2048,1494
59ddc306-23d2-11e8-a6a3-ec086b02610b,59ddc306-23d2-11e8-a6a3-ec086b02610b.jpg,30,empty,57,2013-12-27 22:04:04,6f8283c0-5567-11e8-ace9-dca9047ef277,1,1,2048,1494
59df5c6e-23d2-11e8-a6a3-ec086b02610b,59df5c6e-23d2-11e8-a6a3-ec086b02610b.jpg,30,empty,61,2014-10-18 19:07:17,7013f7b8-5567-11e8-8770-dca9047ef277,2,3,2048,1494
59df5ca6-23d2-11e8-a6a3-ec086b02610b,59df5ca6-23d2-11e8-a6a3-ec086b02610b.jpg,30,empty,28,2011-11-03 15:39:07,6f1298d9-5567-11e8-bd71-dca9047ef277,3,3,2048,1494
59df5dba-23d2-11e8-a6a3-ec086b02610b,59df5dba-23d2-11e8-a6a3-ec086b02610b.jpg,30,empty,14,2015-05-09 17:55:04,70192a9e-5567-11e8-8c6e-dca9047ef277,3,3,2048,1494
59e10260-23d2-11e8-a6a3-ec086b02610b,59e10260-23d2-11e8-a6a3-ec086b02610b.jpg,30,empty,3,2014-11-11 16:56:55,701cc2d1-5567-11e8-8dcb-dca9047ef277,2,3,2048,1494
59e102e5-23d2-11e8-a6a3-ec086b02610b,59e102e5-23d2-11e8-a6a3-ec086b02610b.jpg,30,empty,64,2012-04-25 11:27:38,6f1997de-5567-11e8-bb65-dca9047ef277,2,3,2048,1494
59e103ae-23d2-11e8-a6a3-ec086b02610b,59e103ae-23d2-11e8-a6a3-ec086b02610b.jpg,30,empty,5,2012-02-21 14:15:24,6f194005-5567-11e8-8b18-dca9047ef277,1,3,2048,1494
59e10466-23d2-11e8-a6a3-ec086b02610b,59e10466-23d2-11e8-a6a3-ec086b02610b.jpg,30,empty,38,2011-12-22 06:59:13,6f01b70f-5567-11e8-bd4e-dca9047ef277,3,3,2048,1494
59e104ec-23d2-11e8-a6a3-ec086b02610b,59e104ec-23d2-11e8-a6a3-ec086b02610b.jpg,30,empty,57,2014-10-15 13:00:00,6f8fee66-5567-11e8-b8ae-dca9047ef277,1,1,2048,1494
59e2a482-23d2-11e8-a6a3-ec086b02610b,59e2a482-23d2-11e8-a6a3-ec086b02610b.jpg,30,empty,24,2011-12-16 11:15:52,6f0a71ca-5567-11e8-b629-dca9047ef277,3,3,2048,1494
59e2a49d-23d2-11e8-a6a3-ec086b02610b,59e2a49d-23d2-11e8-a6a3-ec086b02610b.jpg,30,empty,3,2014-02-06 03:52:06,701cbe17-5567-11e8-ba49-dca9047ef277,1,3,2048,1494
59e43f4a-23d2-11e8-a6a3-ec086b02610b,59e43f4a-23d2-11e8-a6a3-ec086b02610b.jpg,30,empty,64,2011-08-23 09:50:48,6f19671c-5567-11e8-9386-dca9047ef277,1,3,2048,1494
59e43f63-23d2-11e8-a6a3-ec086b02610b,59e43f63-23d2-11e8-a6a3-ec086b02610b.jpg,30,empty,0,2012-12-24 19:22:09,700c7ec2-5567-11e8-ad64-dca9047ef277,1,1,2560,1920
59e43fc9-23d2-11e8-a6a3-ec086b02610b,59e43fc9-23d2-11e8-a6a3-ec086b02610b.jpg,30,empty,48,2014-08-30 12:39:01,701b416e-5567-11e8-93ee-dca9047ef277,2,3,2048,1494
59e44084-23d2-11e8-a6a3-ec086b02610b,59e44084-23d2-11e8-a6a3-ec086b02610b.jpg,30,empty,7,2011-09-08 02:46:39,6f0708e3-5567-11e8-b362-dca9047ef277,2,3,2048,1494
59e440f3-23d2-11e8-a6a3-ec086b02610b,59e440f3-23d2-11e8-a6a3-ec086b02610b.jpg,30,empty,12,2014-09-26 21:41:28,701be74a-5567-11e8-987a-dca9047ef277,3,3,2048,1494
59e5de6d-23d2-11e8-a6a3-ec086b02610b,59e5de6d-23d2-11e8-a6a3-ec086b02610b.jpg,30,empty,23,2014-09-10 21:00:00,6fef5deb-5567-11e8-9073-dca9047ef277,1,1,2048,1494
59e5e046-23d2-11e8-a6a3-ec086b02610b,59e5e046-23d2-11e8-a6a3-ec086b02610b.jpg,30,empty,23,2014-03-03 01:00:00,6fe46b42-5567-11e8-8ac5-dca9047ef277,1,1,2048,1494
59e77c4b-23d2-11e8-a6a3-ec086b02610b,59e77c4b-23d2-11e8-a6a3-ec086b02610b.jpg,30,empty,51,2011-09-08 06:42:59,6f1cd0f3-5567-11e8-a869-dca9047ef277,2,3,2048,1494
59e77c55-23d2-11e8-a6a3-ec086b02610b,59e77c55-23d2-11e8-a6a3-ec086b02610b.jpg,30,empty,51,2012-04-01 23:51:37,6f1d0497-5567-11e8-8f1f-dca9047ef277,2,3,2048,1494
59e77c9b-23d2-11e8-a6a3-ec086b02610b,59e77c9b-23d2-11e8-a6a3-ec086b02610b.jpg,30,empty,57,2014-06-15 15:00:00,6f8ae1e6-5567-11e8-a1e6-dca9047ef277,1,1,2048,1494
59e77dfb-23d2-11e8-a6a3-ec086b02610b,59e77dfb-23d2-11e8-a6a3-ec086b02610b.jpg,30,empty,57,2014-02-03 14:00:00,6f84aefd-5567-11e8-82d0-dca9047ef277,1,1,2048,1494
59e91965-23d2-11e8-a6a3-ec086b02610b,59e91965-23d2-11e8-a6a3-ec086b02610b.jpg,30,empty,61,2014-11-03 09:05:40,70141402-5567-11e8-a91a-dca9047ef277,2,3,2048,1494
59e91ad6-23d2-11e8-a6a3-ec086b02610b,59e91ad6-23d2-11e8-a6a3-ec086b02610b.jpg,30,empty,4,2013-09-02 22:53:11,7016d00c-5567-11e8-9878-dca9047ef277,3,3,2048,1494
59e91afe-23d2-11e8-a6a3-ec086b02610b,59e91afe-23d2-11e8-a6a3-ec086b02610b.jpg,30,empty,52,2014-09-03 21:35:02,701d9dae-5567-11e8-a9d5-dca9047ef277,2,3,2048,1494
59e91b18-23d2-11e8-a6a3-ec086b02610b,59e91b18-23d2-11e8-a6a3-ec086b02610b.jpg,30,empty,37,2014-05-02 05:36:39,7018194f-5567-11e8-9c04-dca9047ef277,1,3,2048,1494
59e91b6b-23d2-11e8-a6a3-ec086b02610b,59e91b6b-23d2-11e8-a6a3-ec086b02610b.jpg,30,empty,29,2011-05-10 10:30:00,700a4999-5567-11e8-b842-dca9047ef277,1,1,2048,1536
59eab75f-23d2-11e8-a6a3-ec086b02610b,59eab75f-23d2-11e8-a6a3-ec086b02610b.jpg,30,empty,32,2014-10-08 12:18:56,701125ba-5567-11e8-890f-dca9047ef277,1,3,2048,1494
59eab7cf-23d2-11e8-a6a3-ec086b02610b,59eab7cf-23d2-11e8-a6a3-ec086b02610b.jpg,30,empty,23,2014-06-28 14:00:00,6feab3a1-5567-11e8-9b9e-dca9047ef277,1,1,2048,1494
59eab87f-23d2-11e8-a6a3-ec086b02610b,59eab87f-23d2-11e8-a6a3-ec086b02610b.jpg,30,empty,7,2012-03-29 04:53:03,6f0783e3-5567-11e8-b284-dca9047ef277,1,3,2048,1494
59eab94a-23d2-11e8-a6a3-ec086b02610b,59eab94a-23d2-11e8-a6a3-ec086b02610b.jpg,30,empty,18,2011-10-13 02:22:53,6f0672ee-5567-11e8-b1b1-dca9047ef277,2,3,2048,1494
59eaba14-23d2-11e8-a6a3-ec086b02610b,59eaba14-23d2-11e8-a6a3-ec086b02610b.jpg,30,empty,58,2012-05-04 11:35:06,6f1349e3-5567-11e8-a521-dca9047ef277,2,3,2048,1494
59ec537a-23d2-11e8-a6a3-ec086b02610b,59ec537a-23d2-11e8-a6a3-ec086b02610b.jpg,30,empty,61,2014-11-07 10:01:14,70141c68-5567-11e8-8fc1-dca9047ef277,2,3,2048,1494
59ec540f-23d2-11e8-a6a3-ec086b02610b,59ec540f-23d2-11e8-a6a3-ec086b02610b.jpg,30,empty,43,2011-11-03 15:10:34,6f0b7e23-5567-11e8-b966-dca9047ef277,1,3,2048,1494
59ec5513-23d2-11e8-a6a3-ec086b02610b,59ec5513-23d2-11e8-a6a3-ec086b02610b.jpg,30,empty,56,2013-07-31 13:51:58,7010ebf5-5567-11e8-b7ce-dca9047ef277,3,5,2048,1494
59ec5546-23d2-11e8-a6a3-ec086b02610b,59ec5546-23d2-11e8-a6a3-ec086b02610b.jpg,30,empty,59,2014-02-14 11:32:33,70188419-5567-11e8-b739-dca9047ef277,2,3,2048,1494
59ef8eb5-23d2-11e8-a6a3-ec086b02610b,59ef8eb5-23d2-11e8-a6a3-ec086b02610b.jpg,30,empty,26,2014-05-15 13:04:56,6f3ee87a-5567-11e8-a958-dca9047ef277,1,1,2048,1494
59f127f1-23d2-11e8-a6a3-ec086b02610b,59f127f1-23d2-11e8-a6a3-ec086b02610b.jpg,30,empty,42,2014-12-06 05:45:18,7019f097-5567-11e8-868b-dca9047ef277,2,3,2048,1494
59f128e5-23d2-11e8-a6a3-ec086b02610b,59f128e5-23d2-11e8-a6a3-ec086b02610b.jpg,30,empty,12,2014-08-28 14:40:37,701bde3a-5567-11e8-92c6-dca9047ef277,1,3,2048,1494
59f12a21-23d2-11e8-a6a3-ec086b02610b,59f12a21-23d2-11e8-a6a3-ec086b02610b.jpg,30,empty,46,2011-06-01 23:03:24,6f1689ae-5567-11e8-b33d-dca9047ef277,3,3,2048,1494
59f2c2e5-23d2-11e8-a6a3-ec086b02610b,59f2c2e5-23d2-11e8-a6a3-ec086b02610b.jpg,30,empty,64,2011-07-07 05:03:03,6f19600c-5567-11e8-b16e-dca9047ef277,2,3,2048,1494
59f2c4b3-23d2-11e8-a6a3-ec086b02610b,59f2c4b3-23d2-11e8-a6a3-ec086b02610b.jpg,30,empty,4,2014-08-11 11:40:19,7016e273-5567-11e8-8718-dca9047ef277,1,3,2048,1494
59f2c4dd-23d2-11e8-a6a3-ec086b02610b,59f2c4dd-23d2-11e8-a6a3-ec086b02610b.jpg,30,empty,10,2013-12-24 02:21:30,701d60d4-5567-11e8-83f5-dca9047ef277,1,3,2048,1494
59f2c55d-23d2-11e8-a6a3-ec086b02610b,59f2c55d-23d2-11e8-a6a3-ec086b02610b.jpg,30,empty,57,2014-06-28 06:00:00,6f8bac7a-5567-11e8-8633-dca9047ef277,1,1,2048,1494
59f460ff-23d2-11e8-a6a3-ec086b02610b,59f460ff-23d2-11e8-a6a3-ec086b02610b.jpg,30,empty,26,2014-07-16 15:03:05,6f4af728-5567-11e8-b76d-dca9047ef277,1,1,2048,1494
59f46331-23d2-11e8-a6a3-ec086b02610b,59f46331-23d2-11e8-a6a3-ec086b02610b.jpg,30,empty,39,2014-03-06 03:23:17,701ec12b-5567-11e8-8f00-dca9047ef277,2,3,2048,1494
59f46357-23d2-11e8-a6a3-ec086b02610b,59f46357-23d2-11e8-a6a3-ec086b02610b.jpg,30,empty,4,2014-08-02 11:32:51,7016e1d1-5567-11e8-a028-dca9047ef277,2,3,2048,1494
59f46366-23d2-11e8-a6a3-ec086b02610b,59f46366-23d2-11e8-a6a3-ec086b02610b.jpg,30,empty,51,2011-09-14 18:28:33,6f1ce268-5567-11e8-b5ed-dca9047ef277,1,3,2048,1494
59f463a1-23d2-11e8-a6a3-ec086b02610b,59f463a1-23d2-11e8-a6a3-ec086b02610b.jpg,30,empty,64,2012-02-12 13:27:03,6f1979fa-5567-11e8-9d28-dca9047ef277,2,3,2048,1494
59f46421-23d2-11e8-a6a3-ec086b02610b,59f46421-23d2-11e8-a6a3-ec086b02610b.jpg,30,empty,19,2014-01-02 03:07:23,701ea9bd-5567-11e8-b800-dca9047ef277,3,3,2048,1494
59f5fce8-23d2-11e8-a6a3-ec086b02610b,59f5fce8-23d2-11e8-a6a3-ec086b02610b.jpg,30,empty,57,2013-10-23 10:00:00,6f7e8f66-5567-11e8-a233-dca9047ef277,1,1,2048,1494
59f5fea1-23d2-11e8-a6a3-ec086b02610b,59f5fea1-23d2-11e8-a6a3-ec086b02610b.jpg,30,empty,33,2011-07-18 08:59:36,6f08bb07-5567-11e8-83d0-dca9047ef277,2,3,2048,1494
59f5ff57-23d2-11e8-a6a3-ec086b02610b,59f5ff57-23d2-11e8-a6a3-ec086b02610b.jpg,30,empty,0,2012-10-19 12:48:04,700c5ff0-5567-11e8-afc5-dca9047ef277,1,1,2560,1920
59f5fff9-23d2-11e8-a6a3-ec086b02610b,59f5fff9-23d2-11e8-a6a3-ec086b02610b.jpg,30,empty,18,2011-10-13 01:17:21,6f066feb-5567-11e8-a02e-dca9047ef277,1,3,2048,1494
59f79962-23d2-11e8-a6a3-ec086b02610b,59f79962-23d2-11e8-a6a3-ec086b02610b.jpg,30,empty,29,2011-07-25 04:15:00,700a4f45-5567-11e8-a403-dca9047ef277,1,1,2048,1536
59f799e4-23d2-11e8-a6a3-ec086b02610b,59f799e4-23d2-11e8-a6a3-ec086b02610b.jpg,30,empty,60,2012-01-18 13:23:32,6f057f5e-5567-11e8-9896-dca9047ef277,3,5,2048,1494
59f79a59-23d2-11e8-a6a3-ec086b02610b,59f79a59-23d2-11e8-a6a3-ec086b02610b.jpg,30,empty,46,2012-05-23 09:26:38,6f18f16b-5567-11e8-a82a-dca9047ef277,1,3,2048,1494
59f79b84-23d2-11e8-a6a3-ec086b02610b,59f79b84-23d2-11e8-a6a3-ec086b02610b.jpg,30,empty,28,2012-03-07 09:23:08,6f12be5c-5567-11e8-bea4-dca9047ef277,1,3,2048,1494
59f9450b-23d2-11e8-a6a3-ec086b02610b,59f9450b-23d2-11e8-a6a3-ec086b02610b.jpg,30,empty,56,2013-08-08 14:24:47,7010f5cf-5567-11e8-b6f9-dca9047ef277,4,5,2048,1494
59fae5c7-23d2-11e8-a6a3-ec086b02610b,59fae5c7-23d2-11e8-a6a3-ec086b02610b.jpg,30,empty,45,2014-10-07 07:20:46,701c4938-5567-11e8-bd51-dca9047ef277,3,3,2048,1494
59fae5e0-23d2-11e8-a6a3-ec086b02610b,59fae5e0-23d2-11e8-a6a3-ec086b02610b.jpg,30,empty,33,2011-04-29 11:12:02,6f07ee45-5567-11e8-b5ae-dca9047ef277,2,3,2048,1494
59fae62b-23d2-11e8-a6a3-ec086b02610b,59fae62b-23d2-11e8-a6a3-ec086b02610b.jpg,30,empty,40,2011-06-05 03:30:50,6f05ea9c-5567-11e8-87c6-dca9047ef277,3,3,2048,1494
59fae668-23d2-11e8-a6a3-ec086b02610b,59fae668-23d2-11e8-a6a3-ec086b02610b.jpg,30,empty,5,2011-07-10 13:44:48,6f192e5c-5567-11e8-99e0-dca9047ef277,3,3,2048,1494
59fae70f-23d2-11e8-a6a3-ec086b02610b,59fae70f-23d2-11e8-a6a3-ec086b02610b.jpg,30,empty,61,2013-01-28 04:59:16,70134a54-5567-11e8-8dd3-dca9047ef277,1,3,2048,1494
59fc7cf9-23d2-11e8-a6a3-ec086b02610b,59fc7cf9-23d2-11e8-a6a3-ec086b02610b.jpg,30,empty,61,2013-09-05 12:22:54,70138d00-5567-11e8-b665-dca9047ef277,1,3,2048,1494
59fc7e2e-23d2-11e8-a6a3-ec086b02610b,59fc7e2e-23d2-11e8-a6a3-ec086b02610b.jpg,30,empty,0,2012-10-19 12:56:16,700c6611-5567-11e8-b110-dca9047ef277,1,1,2560,1920
59fc7e83-23d2-11e8-a6a3-ec086b02610b,59fc7e83-23d2-11e8-a6a3-ec086b02610b.jpg,30,empty,37,2014-09-22 02:08:58,70182ce8-5567-11e8-a9a1-dca9047ef277,3,3,2048,1494
59fc8046-23d2-11e8-a6a3-ec086b02610b,59fc8046-23d2-11e8-a6a3-ec086b02610b.jpg,30,empty,46,2011-09-20 23:12:56,6f17a54f-5567-11e8-a446-dca9047ef277,3,3,2048,1494
59fe2109-23d2-11e8-a6a3-ec086b02610b,59fe2109-23d2-11e8-a6a3-ec086b02610b.jpg,30,empty,4,2014-08-06 02:54:11,7016e221-5567-11e8-a623-dca9047ef277,2,3,2048,1494
59fe2210-23d2-11e8-a6a3-ec086b02610b,59fe2210-23d2-11e8-a6a3-ec086b02610b.jpg,30,empty,22,2014-01-29 08:04:12,70193d7d-5567-11e8-8157-dca9047ef277,3,3,2048,1494
59fe2251-23d2-11e8-a6a3-ec086b02610b,59fe2251-23d2-11e8-a6a3-ec086b02610b.jpg,30,empty,56,2013-08-29 15:50:04,7011024f-5567-11e8-8e0a-dca9047ef277,1,5,2048,1494
59fe238c-23d2-11e8-a6a3-ec086b02610b,59fe238c-23d2-11e8-a6a3-ec086b02610b.jpg,30,empty,34,2013-11-03 12:26:55,7015078f-5567-11e8-8306-dca9047ef277,2,3,2048,1494
59fe23c8-23d2-11e8-a6a3-ec086b02610b,59fe23c8-23d2-11e8-a6a3-ec086b02610b.jpg,30,empty,14,2015-04-30 04:08:17,70191f91-5567-11e8-a45b-dca9047ef277,3,3,2048,1494
59ffb9f9-23d2-11e8-a6a3-ec086b02610b,59ffb9f9-23d2-11e8-a6a3-ec086b02610b.jpg,30,empty,5,2011-06-27 12:08:59,6f19218a-5567-11e8-b0af-dca9047ef277,1,3,2048,1494
59ffba75-23d2-11e8-a6a3-ec086b02610b,59ffba75-23d2-11e8-a6a3-ec086b02610b.jpg,30,empty,33,2011-05-09 09:07:31,6f08053d-5567-11e8-9124-dca9047ef277,1,3,2048,1494
59ffbbda-23d2-11e8-a6a3-ec086b02610b,59ffbbda-23d2-11e8-a6a3-ec086b02610b.jpg,30,empty,43,2011-12-29 02:42:04,6f0c0202-5567-11e8-b051-dca9047ef277,3,3,2048,1494
59ffbced-23d2-11e8-a6a3-ec086b02610b,59ffbced-23d2-11e8-a6a3-ec086b02610b.jpg,30,empty,11,2014-08-20 15:46:23,7018e91e-5567-11e8-b5c0-dca9047ef277,3,3,2048,1494
5a015e28-23d2-11e8-a6a3-ec086b02610b,5a015e28-23d2-11e8-a6a3-ec086b02610b.jpg,30,empty,43,2011-06-16 16:05:15,6f0af15c-5567-11e8-a439-dca9047ef277,3,3,2048,1494
5a015ebf-23d2-11e8-a6a3-ec086b02610b,5a015ebf-23d2-11e8-a6a3-ec086b02610b.jpg,30,empty,13,2013-09-08 08:03:39,70157842-5567-11e8-987f-dca9047ef277,3,3,2048,1494
5a02f93a-23d2-11e8-a6a3-ec086b02610b,5a02f93a-23d2-11e8-a6a3-ec086b02610b.jpg,30,empty,40,2011-04-15 11:40:09,6f05aaee-5567-11e8-90f3-dca9047ef277,1,3,2048,1494
5a02fa24-23d2-11e8-a6a3-ec086b02610b,5a02fa24-23d2-11e8-a6a3-ec086b02610b.jpg,30,empty,46,2012-05-02 03:00:54,6f18d2c0-5567-11e8-8bd1-dca9047ef277,2,3,2048,1494
5a02fb31-23d2-11e8-a6a3-ec086b02610b,5a02fb31-23d2-11e8-a6a3-ec086b02610b.jpg,30,empty,58,2012-02-21 14:10:01,6f13347a-5567-11e8-8e64-dca9047ef277,3,3,2048,1494
5a02fb90-23d2-11e8-a6a3-ec086b02610b,5a02fb90-23d2-11e8-a6a3-ec086b02610b.jpg,30,empty,48,2013-11-13 06:41:41,701b3297-5567-11e8-b6c1-dca9047ef277,2,3,2048,1494
5a02fcd3-23d2-11e8-a6a3-ec086b02610b,5a02fcd3-23d2-11e8-a6a3-ec086b02610b.jpg,30,empty,33,2011-11-02 13:22:58,6f08f775-5567-11e8-8d2d-dca9047ef277,1,3,2048,1494
5a04931f-23d2-11e8-a6a3-ec086b02610b,5a04931f-23d2-11e8-a6a3-ec086b02610b.jpg,30,empty,10,2013-12-20 21:45:40,701d5df0-5567-11e8-984b-dca9047ef277,1,3,2048,1494
5a0494f7-23d2-11e8-a6a3-ec086b02610b,5a0494f7-23d2-11e8-a6a3-ec086b02610b.jpg,30,empty,25,2014-09-17 08:26:10,7010de87-5567-11e8-8825-dca9047ef277,3,3,2048,1494
5a049598-23d2-11e8-a6a3-ec086b02610b,5a049598-23d2-11e8-a6a3-ec086b02610b.jpg,30,empty,7,2011-07-22 01:03:45,6f06ea75-5567-11e8-a698-dca9047ef277,2,3,2048,1494
5a06314b-23d2-11e8-a6a3-ec086b02610b,5a06314b-23d2-11e8-a6a3-ec086b02610b.jpg,30,empty,43,2011-05-17 20:55:41,6f0ab3cc-5567-11e8-b152-dca9047ef277,2,3,2048,1494
5a063207-23d2-11e8-a6a3-ec086b02610b,5a063207-23d2-11e8-a6a3-ec086b02610b.jpg,30,empty,33,2011-05-05 15:36:36,6f07f933-5567-11e8-ae81-dca9047ef277,3,3,2048,1494
5a07cc1b-23d2-11e8-a6a3-ec086b02610b,5a07cc1b-23d2-11e8-a6a3-ec086b02610b.jpg,30,empty,7,2012-01-02 12:46:27,6f0743b8-5567-11e8-9b07-dca9047ef277,2,3,2048,1494
5a07cc56-23d2-11e8-a6a3-ec086b02610b,5a07cc56-23d2-11e8-a6a3-ec086b02610b.jpg,30,empty,49,2014-09-30 20:40:40,701b5ea6-5567-11e8-825e-dca9047ef277,2,3,2048,1494
5a07cc63-23d2-11e8-a6a3-ec086b02610b,5a07cc63-23d2-11e8-a6a3-ec086b02610b.jpg,30,empty,5,2011-08-26 13:47:03,6f1935dc-5567-11e8-ab93-dca9047ef277,2,3,2048,1494
5a07cd5f-23d2-11e8-a6a3-ec086b02610b,5a07cd5f-23d2-11e8-a6a3-ec086b02610b.jpg,30,empty,7,2012-01-06 23:47:43,6f0745de-5567-11e8-a8ab-dca9047ef277,3,3,2048,1494
5a07cdd8-23d2-11e8-a6a3-ec086b02610b,5a07cdd8-23d2-11e8-a6a3-ec086b02610b.jpg,30,empty,58,2012-04-28 08:35:15,6f134621-5567-11e8-8fb0-dca9047ef277,2,3,2048,1494
5a07cdee-23d2-11e8-a6a3-ec086b02610b,5a07cdee-23d2-11e8-a6a3-ec086b02610b.jpg,30,empty,13,2013-09-09 07:54:41,70157891-5567-11e8-b196-dca9047ef277,2,3,2048,1494
5a07ce0f-23d2-11e8-a6a3-ec086b02610b,5a07ce0f-23d2-11e8-a6a3-ec086b02610b.jpg,30,empty,64,2011-07-01 04:04:28,6f1950a8-5567-11e8-b5bd-dca9047ef277,3,3,2048,1494
5a07cf2e-23d2-11e8-a6a3-ec086b02610b,5a07cf2e-23d2-11e8-a6a3-ec086b02610b.jpg,30,empty,13,2013-10-18 08:03:20,701584b8-5567-11e8-a4ad-dca9047ef277,1,3,2048,1494
5a096906-23d2-11e8-a6a3-ec086b02610b,5a096906-23d2-11e8-a6a3-ec086b02610b.jpg,30,empty,28,2012-04-25 12:03:08,6f12e023-5567-11e8-bfc7-dca9047ef277,1,3,2048,1494
5a096b37-23d2-11e8-a6a3-ec086b02610b,5a096b37-23d2-11e8-a6a3-ec086b02610b.jpg,30,empty,50,2014-03-23 22:50:09,70174df0-5567-11e8-af66-dca9047ef277,1,3,2048,1494
5a096c02-23d2-11e8-a6a3-ec086b02610b,5a096c02-23d2-11e8-a6a3-ec086b02610b.jpg,30,empty,43,2011-12-24 04:49:37,6f0bfb38-5567-11e8-80a0-dca9047ef277,1,3,2048,1494
5a0b013b-23d2-11e8-a6a3-ec086b02610b,5a0b013b-23d2-11e8-a6a3-ec086b02610b.jpg,30,empty,22,2015-05-19 06:15:17,70195051-5567-11e8-a9a8-dca9047ef277,1,3,2048,1494
5a0b01e0-23d2-11e8-a6a3-ec086b02610b,5a0b01e0-23d2-11e8-a6a3-ec086b02610b.jpg,30,empty,57,2013-12-14 18:00:00,6f814321-5567-11e8-8cf1-dca9047ef277,1,1,2048,1494
5a0b0221-23d2-11e8-a6a3-ec086b02610b,5a0b0221-23d2-11e8-a6a3-ec086b02610b.jpg,30,empty,39,2014-03-14 05:10:28,701ec4b0-5567-11e8-859a-dca9047ef277,2,3,2048,1494
5a0b02c7-23d2-11e8-a6a3-ec086b02610b,5a0b02c7-23d2-11e8-a6a3-ec086b02610b.jpg,30,empty,5,2011-07-10 13:51:46,6f192feb-5567-11e8-b97a-dca9047ef277,2,3,2048,1494
5a0c9c13-23d2-11e8-a6a3-ec086b02610b,5a0c9c13-23d2-11e8-a6a3-ec086b02610b.jpg,30,empty,44,2014-05-27 12:45:32,701226b8-5567-11e8-96cd-dca9047ef277,3,3,800,584
5a0c9d0a-23d2-11e8-a6a3-ec086b02610b,5a0c9d0a-23d2-11e8-a6a3-ec086b02610b.jpg,30,empty,63,2015-04-20 12:18:08,701764eb-5567-11e8-b988-dca9047ef277,3,3,2048,1494
5a0c9e0a-23d2-11e8-a6a3-ec086b02610b,5a0c9e0a-23d2-11e8-a6a3-ec086b02610b.jpg,30,empty,64,2011-07-02 23:23:09,6f195a26-5567-11e8-ba49-dca9047ef277,2,3,2048,1494
5a0e3481-23d2-11e8-a6a3-ec086b02610b,5a0e3481-23d2-11e8-a6a3-ec086b02610b.jpg,30,empty,34,2014-07-05 13:30:42,70152305-5567-11e8-a8a9-dca9047ef277,2,3,2048,1494
5a0e3593-23d2-11e8-a6a3-ec086b02610b,5a0e3593-23d2-11e8-a6a3-ec086b02610b.jpg,30,empty,64,2011-07-01 21:28:10,6f1952f5-5567-11e8-814e-dca9047ef277,2,3,2048,1494
5a0e372d-23d2-11e8-a6a3-ec086b02610b,5a0e372d-23d2-11e8-a6a3-ec086b02610b.jpg,30,empty,4,2014-04-07 21:54:59,7016e007-5567-11e8-966d-dca9047ef277,3,3,2048,1494
5a0e37d0-23d2-11e8-a6a3-ec086b02610b,5a0e37d0-23d2-11e8-a6a3-ec086b02610b.jpg,30,empty,60,2012-03-29 11:11:47,6f059aa3-5567-11e8-8ea2-dca9047ef277,4,5,2048,1494
5a0fcee0-23d2-11e8-a6a3-ec086b02610b,5a0fcee0-23d2-11e8-a6a3-ec086b02610b.jpg,30,empty,38,2012-01-19 09:53:52,6f025357-5567-11e8-add3-dca9047ef277,1,3,2048,1494
5a0fd089-23d2-11e8-a6a3-ec086b02610b,5a0fd089-23d2-11e8-a6a3-ec086b02610b.jpg,30,empty,22,2015-05-17 19:30:31,70194fa8-5567-11e8-89ca-dca9047ef277,1,3,2048,1494
5a0fd0f8-23d2-11e8-a6a3-ec086b02610b,5a0fd0f8-23d2-11e8-a6a3-ec086b02610b.jpg,30,empty,32,2013-08-10 15:09:09,70111645-5567-11e8-ac41-dca9047ef277,3,3,2048,1494
5a0fd262-23d2-11e8-a6a3-ec086b02610b,5a0fd262-23d2-11e8-a6a3-ec086b02610b.jpg,30,empty,14,2015-05-10 20:01:20,70192c80-5567-11e8-81e0-dca9047ef277,3,3,2048,1494
5a116bb7-23d2-11e8-a6a3-ec086b02610b,5a116bb7-23d2-11e8-a6a3-ec086b02610b.jpg,30,empty,24,2012-06-05 09:02:21,6f0aa421-5567-11e8-a281-dca9047ef277,2,3,2048,1494
5a130aef-23d2-11e8-a6a3-ec086b02610b,5a130aef-23d2-11e8-a6a3-ec086b02610b.jpg,30,empty,41,2014-06-16 21:32:00,7011d1eb-5567-11e8-b4ce-dca9047ef277,1,3,2048,1494
5a14a495-23d2-11e8-a6a3-ec086b02610b,5a14a495-23d2-11e8-a6a3-ec086b02610b.jpg,30,empty,0,2012-10-19 13:00:14,700c6735-5567-11e8-a009-dca9047ef277,1,1,2560,1920
5a1640f5-23d2-11e8-a6a3-ec086b02610b,5a1640f5-23d2-11e8-a6a3-ec086b02610b.jpg,30,empty,22,2015-05-14 18:18:17,70194e0f-5567-11e8-98ab-dca9047ef277,1,3,2048,1494
5a164138-23d2-11e8-a6a3-ec086b02610b,5a164138-23d2-11e8-a6a3-ec086b02610b.jpg,30,empty,1,2014-07-11 11:04:03,7015c040-5567-11e8-a108-dca9047ef277,3,3,2048,1494
5a17dea8-23d2-11e8-a6a3-ec086b02610b,5a17dea8-23d2-11e8-a6a3-ec086b02610b.jpg,30,empty,60,2012-04-15 11:28:11,6f059f7d-5567-11e8-b8d9-dca9047ef277,3,5,2048,1494
5a17e03f-23d2-11e8-a6a3-ec086b02610b,5a17e03f-23d2-11e8-a6a3-ec086b02610b.jpg,30,empty,43,2011-07-23 12:44:17,6f0b18f8-5567-11e8-9727-dca9047ef277,3,3,2048,1494
5a17e061-23d2-11e8-a6a3-ec086b02610b,5a17e061-23d2-11e8-a6a3-ec086b02610b.jpg,30,empty,2,2014-09-14 20:26:07,701567a6-5567-11e8-abf7-dca9047ef277,2,3,800,584
5a1979fb-23d2-11e8-a6a3-ec086b02610b,5a1979fb-23d2-11e8-a6a3-ec086b02610b.jpg,30,empty,32,2014-10-08 10:05:16,7011256b-5567-11e8-ad7f-dca9047ef277,1,3,2048,1494
5a197a58-23d2-11e8-a6a3-ec086b02610b,5a197a58-23d2-11e8-a6a3-ec086b02610b.jpg,30,empty,51,2011-09-11 04:17:17,6f1cd88f-5567-11e8-8594-dca9047ef277,3,3,2048,1494
5a197b6b-23d2-11e8-a6a3-ec086b02610b,5a197b6b-23d2-11e8-a6a3-ec086b02610b.jpg,30,empty,47,2013-03-16 05:41:29,7009f13d-5567-11e8-bf1a-dca9047ef277,1,1,2560,1920
5a197baf-23d2-11e8-a6a3-ec086b02610b,5a197baf-23d2-11e8-a6a3-ec086b02610b.jpg,30,empty,57,2014-09-26 15:00:00,6f8f46ca-5567-11e8-b8a6-dca9047ef277,1,1,2048,1494
5a197bdf-23d2-11e8-a6a3-ec086b02610b,5a197bdf-23d2-11e8-a6a3-ec086b02610b.jpg,30,empty,7,2012-03-02 10:22:57,6f076314-5567-11e8-b3f0-dca9047ef277,2,3,2048,1494
5a1b12d5-23d2-11e8-a6a3-ec086b02610b,5a1b12d5-23d2-11e8-a6a3-ec086b02610b.jpg,30,empty,64,2012-05-25 09:45:56,6f19a970-5567-11e8-adc3-dca9047ef277,3,3,2048,1494
5a1b1475-23d2-11e8-a6a3-ec086b02610b,5a1b1475-23d2-11e8-a6a3-ec086b02610b.jpg,30,empty,38,2012-01-06 20:03:20,6f02032e-5567-11e8-891c-dca9047ef277,2,3,2048,1494
5a1b15b6-23d2-11e8-a6a3-ec086b02610b,5a1b15b6-23d2-11e8-a6a3-ec086b02610b.jpg,30,empty,59,2014-02-18 16:50:20,7018880c-5567-11e8-8d91-dca9047ef277,2,3,2048,1494
5a1b167f-23d2-11e8-a6a3-ec086b02610b,5a1b167f-23d2-11e8-a6a3-ec086b02610b.jpg,30,empty,43,2011-06-07 17:39:03,6f0ad9ba-5567-11e8-a5e4-dca9047ef277,3,3,2048,1494
5a1caf4b-23d2-11e8-a6a3-ec086b02610b,5a1caf4b-23d2-11e8-a6a3-ec086b02610b.jpg,30,empty,54,2014-05-01 03:03:50,701cbbde-5567-11e8-bd13-dca9047ef277,3,3,2048,1494
5a1cb0f3-23d2-11e8-a6a3-ec086b02610b,5a1cb0f3-23d2-11e8-a6a3-ec086b02610b.jpg,30,empty,33,2011-08-23 12:41:40,6f08cf75-5567-11e8-8d31-dca9047ef277,2,3,2048,1494
5a1cb163-23d2-11e8-a6a3-ec086b02610b,5a1cb163-23d2-11e8-a6a3-ec086b02610b.jpg,30,empty,13,2013-09-14 18:17:02,70157b9e-5567-11e8-888f-dca9047ef277,2,3,2048,1494
5a1e4f63-23d2-11e8-a6a3-ec086b02610b,5a1e4f63-23d2-11e8-a6a3-ec086b02610b.jpg,30,empty,0,2012-10-19 12:37:35,700c5f1c-5567-11e8-ba57-dca9047ef277,1,1,2560,1920
5a1e50b3-23d2-11e8-a6a3-ec086b02610b,5a1e50b3-23d2-11e8-a6a3-ec086b02610b.jpg,30,empty,58,2012-03-01 10:46:01,6f1335d7-5567-11e8-afb3-dca9047ef277,1,3,2048,1494
5a1e511b-23d2-11e8-a6a3-ec086b02610b,5a1e511b-23d2-11e8-a6a3-ec086b02610b.jpg,30,empty,40,2012-03-29 18:29:24,6f06378c-5567-11e8-942d-dca9047ef277,2,5,2048,1494
5a1fe719-23d2-11e8-a6a3-ec086b02610b,5a1fe719-23d2-11e8-a6a3-ec086b02610b.jpg,30,empty,38,2011-09-06 13:50:02,6efff823-5567-11e8-a588-dca9047ef277,1,3,2048,1494
5a1fe732-23d2-11e8-a6a3-ec086b02610b,5a1fe732-23d2-11e8-a6a3-ec086b02610b.jpg,30,empty,64,2011-07-01 21:28:04,6f195257-5567-11e8-91df-dca9047ef277,2,3,2048,1494
5a1fe7e5-23d2-11e8-a6a3-ec086b02610b,5a1fe7e5-23d2-11e8-a6a3-ec086b02610b.jpg,30,empty,5,2011-08-24 13:48:12,6f193275-5567-11e8-ac13-dca9047ef277,1,3,2048,1494
5a1fe8b8-23d2-11e8-a6a3-ec086b02610b,5a1fe8b8-23d2-11e8-a6a3-ec086b02610b.jpg,30,empty,10,2014-09-26 05:24:43,701d94a8-5567-11e8-8a0f-dca9047ef277,3,3,2048,1494
5a1fe915-23d2-11e8-a6a3-ec086b02610b,5a1fe915-23d2-11e8-a6a3-ec086b02610b.jpg,30,empty,7,2011-11-03 12:34:58,6f071c30-5567-11e8-81c1-dca9047ef277,3,3,2048,1494
5a21757b-23d2-11e8-a6a3-ec086b02610b,5a21757b-23d2-11e8-a6a3-ec086b02610b.jpg,30,empty,44,2014-05-26 05:23:57,701206d1-5567-11e8-b168-dca9047ef277,2,3,800,584
5a2175e7-23d2-11e8-a6a3-ec086b02610b,5a2175e7-23d2-11e8-a6a3-ec086b02610b.jpg,30,empty,15,2014-04-10 12:31:24,7010d921-5567-11e8-96ad-dca9047ef277,1,3,2048,1494
5a2175fc-23d2-11e8-a6a3-ec086b02610b,5a2175fc-23d2-11e8-a6a3-ec086b02610b.jpg,30,empty,64,2012-03-02 12:42:25,6f1981ae-5567-11e8-9138-dca9047ef277,2,3,2048,1494
5a2177ce-23d2-11e8-a6a3-ec086b02610b,5a2177ce-23d2-11e8-a6a3-ec086b02610b.jpg,30,empty,61,2013-02-09 15:00:53,70136214-5567-11e8-8aee-dca9047ef277,3,3,2048,1494
5a230ed3-23d2-11e8-a6a3-ec086b02610b,5a230ed3-23d2-11e8-a6a3-ec086b02610b.jpg,30,empty,50,2014-03-29 10:37:41,70174e91-5567-11e8-9803-dca9047ef277,1,3,2048,1494
5a230ee1-23d2-11e8-a6a3-ec086b02610b,5a230ee1-23d2-11e8-a6a3-ec086b02610b.jpg,30,empty,12,2014-09-24 12:00:21,701be6fa-5567-11e8-aea8-dca9047ef277,1,3,2048,1494
5a230eee-23d2-11e8-a6a3-ec086b02610b,5a230eee-23d2-11e8-a6a3-ec086b02610b.jpg,30,empty,29,2011-05-04 22:15:00,700a490f-5567-11e8-b58f-dca9047ef277,1,1,2048,1536
5a230ef6-23d2-11e8-a6a3-ec086b02610b,5a230ef6-23d2-11e8-a6a3-ec086b02610b.jpg,30,empty,25,2014-09-18 03:22:31,7010decc-5567-11e8-a4af-dca9047ef277,1,3,2048,1494
5a230f65-23d2-11e8-a6a3-ec086b02610b,5a230f65-23d2-11e8-a6a3-ec086b02610b.jpg,30,empty,48,2013-11-18 22:32:07,701b349e-5567-11e8-a7bf-dca9047ef277,1,3,2048,1494
5a230f82-23d2-11e8-a6a3-ec086b02610b,5a230f82-23d2-11e8-a6a3-ec086b02610b.jpg,30,empty,6,2014-03-06 06:12:27,701732f3-5567-11e8-9c69-dca9047ef277,3,3,2048,1494
5a231054-23d2-11e8-a6a3-ec086b02610b,5a231054-23d2-11e8-a6a3-ec086b02610b.jpg,30,empty,24,2011-11-02 12:59:05,6f0a655c-5567-11e8-b9a0-dca9047ef277,3,3,2048,1494
5a2310e5-23d2-11e8-a6a3-ec086b02610b,5a2310e5-23d2-11e8-a6a3-ec086b02610b.jpg,30,empty,5,2011-05-30 16:14:06,6f1916e1-5567-11e8-8a84-dca9047ef277,3,3,2048,1494
5a231154-23d2-11e8-a6a3-ec086b02610b,5a231154-23d2-11e8-a6a3-ec086b02610b.jpg,30,empty,39,2014-02-24 22:14:28,701ebdf8-5567-11e8-baa8-dca9047ef277,3,3,2048,1494
5a231197-23d2-11e8-a6a3-ec086b02610b,5a231197-23d2-11e8-a6a3-ec086b02610b.jpg,30,empty,51,2011-07-08 04:28:42,6f1c74b8-5567-11e8-bc79-dca9047ef277,3,3,2048,1494
5a24a733-23d2-11e8-a6a3-ec086b02610b,5a24a733-23d2-11e8-a6a3-ec086b02610b.jpg,30,empty,61,2013-10-01 09:50:20,70139323-5567-11e8-990d-dca9047ef277,3,3,2048,1494
5a24a763-23d2-11e8-a6a3-ec086b02610b,5a24a763-23d2-11e8-a6a3-ec086b02610b.jpg,30,empty,13,2013-09-14 17:19:19,70157b4c-5567-11e8-94ed-dca9047ef277,3,3,2048,1494
5a24a780-23d2-11e8-a6a3-ec086b02610b,5a24a780-23d2-11e8-a6a3-ec086b02610b.jpg,30,empty,24,2011-05-25 09:45:51,6f0a503a-5567-11e8-a07b-dca9047ef277,3,3,2048,1494
5a24a78f-23d2-11e8-a6a3-ec086b02610b,5a24a78f-23d2-11e8-a6a3-ec086b02610b.jpg,30,empty,56,2013-08-03 14:05:17,7010f019-5567-11e8-8bab-dca9047ef277,3,5,2048,1494
5a24a7e4-23d2-11e8-a6a3-ec086b02610b,5a24a7e4-23d2-11e8-a6a3-ec086b02610b.jpg,30,empty,24,2012-06-06 12:33:50,6f0aa485-5567-11e8-a0df-dca9047ef277,1,3,2048,1494
5a24a8ef-23d2-11e8-a6a3-ec086b02610b,5a24a8ef-23d2-11e8-a6a3-ec086b02610b.jpg,30,empty,18,2011-11-11 02:32:42,6f068900-5567-11e8-8951-dca9047ef277,1,3,2048,1494
5a24a907-23d2-11e8-a6a3-ec086b02610b,5a24a907-23d2-11e8-a6a3-ec086b02610b.jpg,30,empty,1,2014-11-14 18:42:36,7015c214-5567-11e8-a0de-dca9047ef277,2,3,2048,1494
5a263ae8-23d2-11e8-a6a3-ec086b02610b,5a263ae8-23d2-11e8-a6a3-ec086b02610b.jpg,30,empty,44,2014-05-26 06:23:55,70120717-5567-11e8-815a-dca9047ef277,1,3,800,584
5a263b21-23d2-11e8-a6a3-ec086b02610b,5a263b21-23d2-11e8-a6a3-ec086b02610b.jpg,30,empty,21,2015-04-21 10:42:07,701d1f6e-5567-11e8-b222-dca9047ef277,1,3,2048,1494
5a263b2c-23d2-11e8-a6a3-ec086b02610b,5a263b2c-23d2-11e8-a6a3-ec086b02610b.jpg,30,empty,61,2013-02-09 15:01:33,701362dc-5567-11e8-a1b7-dca9047ef277,3,3,2048,1494
5a27d899-23d2-11e8-a6a3-ec086b02610b,5a27d899-23d2-11e8-a6a3-ec086b02610b.jpg,30,empty,20,2015-01-16 22:14:20,7017c2e6-5567-11e8-a1c9-dca9047ef277,2,3,2048,1494
5a27da82-23d2-11e8-a6a3-ec086b02610b,5a27da82-23d2-11e8-a6a3-ec086b02610b.jpg,30,empty,7,2012-03-08 11:56:33,6f0768c0-5567-11e8-9c78-dca9047ef277,3,3,2048,1494
5a27da8f-23d2-11e8-a6a3-ec086b02610b,5a27da8f-23d2-11e8-a6a3-ec086b02610b.jpg,30,empty,46,2011-09-03 12:25:54,6f179433-5567-11e8-a736-dca9047ef277,3,3,2048,1494
5a27daf3-23d2-11e8-a6a3-ec086b02610b,5a27daf3-23d2-11e8-a6a3-ec086b02610b.jpg,30,empty,56,2013-07-31 14:08:04,7010ec97-5567-11e8-9692-dca9047ef277,5,5,2048,1494
5a296438-23d2-11e8-a6a3-ec086b02610b,5a296438-23d2-11e8-a6a3-ec086b02610b.jpg,30,empty,40,2011-05-16 15:38:30,6f05d50a-5567-11e8-88c8-dca9047ef277,2,3,2048,1494
5a29646f-23d2-11e8-a6a3-ec086b02610b,5a29646f-23d2-11e8-a6a3-ec086b02610b.jpg,30,empty,43,2012-05-13 01:32:30,6f0cd15c-5567-11e8-9fea-dca9047ef277,2,3,2048,1494
5a2964b2-23d2-11e8-a6a3-ec086b02610b,5a2964b2-23d2-11e8-a6a3-ec086b02610b.jpg,30,empty,50,2014-08-29 11:34:01,70175247-5567-11e8-9f34-dca9047ef277,3,3,2048,1494
5a2964d2-23d2-11e8-a6a3-ec086b02610b,5a2964d2-23d2-11e8-a6a3-ec086b02610b.jpg,30,empty,64,2011-07-03 01:24:21,6f195acf-5567-11e8-a1a9-dca9047ef277,2,3,2048,1494
5a29658c-23d2-11e8-a6a3-ec086b02610b,5a29658c-23d2-11e8-a6a3-ec086b02610b.jpg,30,empty,39,2014-03-21 02:05:31,701ec7e3-5567-11e8-8fcd-dca9047ef277,1,3,2048,1494
5a2965dc-23d2-11e8-a6a3-ec086b02610b,5a2965dc-23d2-11e8-a6a3-ec086b02610b.jpg,30,empty,18,2011-07-28 14:01:49,6f065907-5567-11e8-bfa8-dca9047ef277,2,3,2048,1494
5a2af367-23d2-11e8-a6a3-ec086b02610b,5a2af367-23d2-11e8-a6a3-ec086b02610b.jpg,30,empty,52,2014-09-04 06:06:36,701d9e0a-5567-11e8-8270-dca9047ef277,2,3,2048,1494
5a2af4e2-23d2-11e8-a6a3-ec086b02610b,5a2af4e2-23d2-11e8-a6a3-ec086b02610b.jpg,30,empty,23,2013-11-02 21:00:00,6fdf5673-5567-11e8-8226-dca9047ef277,1,1,2048,1494
5a2af531-23d2-11e8-a6a3-ec086b02610b,5a2af531-23d2-11e8-a6a3-ec086b02610b.jpg,30,empty,33,2012-01-30 02:02:32,6f09b421-5567-11e8-bee9-dca9047ef277,1,3,2048,1494
5a2af54c-23d2-11e8-a6a3-ec086b02610b,5a2af54c-23d2-11e8-a6a3-ec086b02610b.jpg,30,empty,39,2014-03-15 16:04:22,701ec5ab-5567-11e8-be0d-dca9047ef277,1,3,2048,1494
5a2af612-23d2-11e8-a6a3-ec086b02610b,5a2af612-23d2-11e8-a6a3-ec086b02610b.jpg,30,empty,33,2011-12-13 09:18:11,6f09534a-5567-11e8-b457-dca9047ef277,3,3,2048,1494
5a2af660-23d2-11e8-a6a3-ec086b02610b,5a2af660-23d2-11e8-a6a3-ec086b02610b.jpg,30,empty,14,2014-10-18 18:11:25,70190a5c-5567-11e8-a15e-dca9047ef277,3,3,2048,1494
5a2c873c-23d2-11e8-a6a3-ec086b02610b,5a2c873c-23d2-11e8-a6a3-ec086b02610b.jpg,30,empty,41,2014-06-13 02:42:55,7011cde3-5567-11e8-b734-dca9047ef277,3,3,2048,1494
5858bfa5-23d2-11e8-a6a3-ec086b02610b,5858bfa5-23d2-11e8-a6a3-ec086b02610b.jpg,1,opossum,130,2011-06-11 12:34:28,6f0ce835-5567-11e8-a954-dca9047ef277,1,3,2048,1494
5858c0a8-23d2-11e8-a6a3-ec086b02610b,5858c0a8-23d2-11e8-a6a3-ec086b02610b.jpg,1,opossum,115,2012-02-23 01:08:46,6f11f933-5567-11e8-9424-dca9047ef277,2,3,2048,1494
5858c1c7-23d2-11e8-a6a3-ec086b02610b,5858c1c7-23d2-11e8-a6a3-ec086b02610b.jpg,1,opossum,83,2014-09-27 04:18:06,701eed1e-5567-11e8-a7b2-dca9047ef277,4,5,2048,1494
5858c27f-23d2-11e8-a6a3-ec086b02610b,5858c27f-23d2-11e8-a6a3-ec086b02610b.jpg,1,opossum,105,2012-01-13 01:55:16,6f19de9c-5567-11e8-b2a4-dca9047ef277,2,3,2048,1494
585a6308-23d2-11e8-a6a3-ec086b02610b,585a6308-23d2-11e8-a6a3-ec086b02610b.jpg,1,opossum,83,2014-05-15 22:30:40,701edc70-5567-11e8-8509-dca9047ef277,1,3,2048,1494
585a6311-23d2-11e8-a6a3-ec086b02610b,585a6311-23d2-11e8-a6a3-ec086b02610b.jpg,1,opossum,98,2012-04-27 05:18:22,6f157835-5567-11e8-89cd-dca9047ef277,1,3,2048,1494
585a6368-23d2-11e8-a6a3-ec086b02610b,585a6368-23d2-11e8-a6a3-ec086b02610b.jpg,1,opossum,78,2011-05-30 04:33:33,6f1b7f17-5567-11e8-b961-dca9047ef277,2,3,2048,1494
585a63f9-23d2-11e8-a6a3-ec086b02610b,585a63f9-23d2-11e8-a6a3-ec086b02610b.jpg,1,opossum,125,2012-03-08 22:41:24,6f161938-5567-11e8-b734-dca9047ef277,2,3,2048,1494
585a6472-23d2-11e8-a6a3-ec086b02610b,585a6472-23d2-11e8-a6a3-ec086b02610b.jpg,1,opossum,98,2012-05-23 12:57:27,6f159651-5567-11e8-bae5-dca9047ef277,2,3,2048,1494
585a648e-23d2-11e8-a6a3-ec086b02610b,585a648e-23d2-11e8-a6a3-ec086b02610b.jpg,1,opossum,125,2011-07-08 23:50:33,6f15ccd1-5567-11e8-a28e-dca9047ef277,3,3,2048,1494
585c0438-23d2-11e8-a6a3-ec086b02610b,585c0438-23d2-11e8-a6a3-ec086b02610b.jpg,1,opossum,90,2011-12-16 01:42:49,6f0f940a-5567-11e8-9742-dca9047ef277,3,3,2048,1494
585c046d-23d2-11e8-a6a3-ec086b02610b,585c046d-23d2-11e8-a6a3-ec086b02610b.jpg,1,opossum,83,2014-05-19 01:12:07,701edeee-5567-11e8-994e-dca9047ef277,1,3,2048,1494
585daa01-23d2-11e8-a6a3-ec086b02610b,585daa01-23d2-11e8-a6a3-ec086b02610b.jpg,1,opossum,81,2011-05-22 03:30:51,6f10ba61-5567-11e8-91be-dca9047ef277,3,3,2048,1494
585dab14-23d2-11e8-a6a3-ec086b02610b,585dab14-23d2-11e8-a6a3-ec086b02610b.jpg,1,opossum,90,2012-04-11 21:32:53,6f0fbaf0-5567-11e8-ac53-dca9047ef277,1,3,2048,1494
585dac20-23d2-11e8-a6a3-ec086b02610b,585dac20-23d2-11e8-a6a3-ec086b02610b.jpg,1,opossum,105,2012-03-27 22:36:17,6f1a262b-5567-11e8-8c9e-dca9047ef277,2,3,2048,1494
585f4dda-23d2-11e8-a6a3-ec086b02610b,585f4dda-23d2-11e8-a6a3-ec086b02610b.jpg,1,opossum,107,2011-06-10 03:58:18,6f0da078-5567-11e8-90c3-dca9047ef277,3,3,2048,1494
5860edd1-23d2-11e8-a6a3-ec086b02610b,5860edd1-23d2-11e8-a6a3-ec086b02610b.jpg,1,opossum,115,2012-02-23 01:04:08,6f11f86b-5567-11e8-96ec-dca9047ef277,1,3,2048,1494
5860ee73-23d2-11e8-a6a3-ec086b02610b,5860ee73-23d2-11e8-a6a3-ec086b02610b.jpg,1,opossum,100,2010-06-28 21:12:39,6f1d3bab-5567-11e8-b3c4-dca9047ef277,3,3,2048,1494
5860ef18-23d2-11e8-a6a3-ec086b02610b,5860ef18-23d2-11e8-a6a3-ec086b02610b.jpg,1,opossum,90,2012-03-31 04:06:09,6f0fb7a8-5567-11e8-99ea-dca9047ef277,2,3,2048,1494
5860ef27-23d2-11e8-a6a3-ec086b02610b,5860ef27-23d2-11e8-a6a3-ec086b02610b.jpg,1,opossum,98,2011-04-22 20:42:42,6f15364c-5567-11e8-ac0f-dca9047ef277,2,3,2048,1494
5860ef30-23d2-11e8-a6a3-ec086b02610b,5860ef30-23d2-11e8-a6a3-ec086b02610b.jpg,1,opossum,98,2012-04-19 04:31:15,6f156a61-5567-11e8-a865-dca9047ef277,3,3,2048,1494
5860f023-23d2-11e8-a6a3-ec086b02610b,5860f023-23d2-11e8-a6a3-ec086b02610b.jpg,1,opossum,115,2012-02-26 21:15:54,6f11fbee-5567-11e8-a3df-dca9047ef277,2,3,2048,1494
586292b1-23d2-11e8-a6a3-ec086b02610b,586292b1-23d2-11e8-a6a3-ec086b02610b.jpg,1,opossum,78,2011-07-25 02:43:01,6f1b984a-5567-11e8-b126-dca9047ef277,1,3,2048,1494
58629379-23d2-11e8-a6a3-ec086b02610b,58629379-23d2-11e8-a6a3-ec086b02610b.jpg,1,opossum,108,2011-07-27 02:45:02,6f14d938-5567-11e8-9cad-dca9047ef277,3,3,2048,1494
58629564-23d2-11e8-a6a3-ec086b02610b,58629564-23d2-11e8-a6a3-ec086b02610b.jpg,1,opossum,100,2011-04-19 04:39:31,6f1eca19-5567-11e8-b085-dca9047ef277,3,3,2048,1494
58643600-23d2-11e8-a6a3-ec086b02610b,58643600-23d2-11e8-a6a3-ec086b02610b.jpg,1,opossum,105,2012-02-08 06:23:42,6f19f314-5567-11e8-8ea2-dca9047ef277,1,3,2048,1494
5864369c-23d2-11e8-a6a3-ec086b02610b,5864369c-23d2-11e8-a6a3-ec086b02610b.jpg,1,opossum,112,2011-07-15 12:39:41,6f0eb80a-5567-11e8-ad1c-dca9047ef277,3,3,2048,1494
58643724-23d2-11e8-a6a3-ec086b02610b,58643724-23d2-11e8-a6a3-ec086b02610b.jpg,1,opossum,130,2012-04-12 04:34:52,6f0d70ee-5567-11e8-a85a-dca9047ef277,1,3,2048,1494
5865e1a2-23d2-11e8-a6a3-ec086b02610b,5865e1a2-23d2-11e8-a6a3-ec086b02610b.jpg,1,opossum,81,2011-05-22 22:13:18,6f10bcc2-5567-11e8-b95f-dca9047ef277,3,3,2048,1494
5865e223-23d2-11e8-a6a3-ec086b02610b,5865e223-23d2-11e8-a6a3-ec086b02610b.jpg,1,opossum,90,2012-04-11 22:39:08,6f0fbba6-5567-11e8-9975-dca9047ef277,3,3,2048,1494
5865e386-23d2-11e8-a6a3-ec086b02610b,5865e386-23d2-11e8-a6a3-ec086b02610b.jpg,1,opossum,112,2011-06-05 04:34:48,6f0e7fc0-5567-11e8-a6bc-dca9047ef277,3,3,2048,1494
5865e49d-23d2-11e8-a6a3-ec086b02610b,5865e49d-23d2-11e8-a6a3-ec086b02610b.jpg,1,opossum,88,2011-06-08 21:39:40,6f13818a-5567-11e8-913e-dca9047ef277,1,3,2048,1494
58678d35-23d2-11e8-a6a3-ec086b02610b,58678d35-23d2-11e8-a6a3-ec086b02610b.jpg,1,opossum,103,2012-03-22 12:38:28,6f1b3da8-5567-11e8-b72a-dca9047ef277,2,3,2048,1494
58678d75-23d2-11e8-a6a3-ec086b02610b,58678d75-23d2-11e8-a6a3-ec086b02610b.jpg,1,opossum,105,2012-04-12 02:39:56,6f1a415c-5567-11e8-a53d-dca9047ef277,1,3,2048,1494
58678ee1-23d2-11e8-a6a3-ec086b02610b,58678ee1-23d2-11e8-a6a3-ec086b02610b.jpg,1,opossum,81,2012-05-03 02:01:23,6f10da2b-5567-11e8-a147-dca9047ef277,3,3,2048,1494
5869340a-23d2-11e8-a6a3-ec086b02610b,5869340a-23d2-11e8-a6a3-ec086b02610b.jpg,1,opossum,112,2011-05-16 23:22:28,6f0e5ba8-5567-11e8-92cd-dca9047ef277,2,3,2048,1494
5869344d-23d2-11e8-a6a3-ec086b02610b,5869344d-23d2-11e8-a6a3-ec086b02610b.jpg,1,opossum,112,2011-07-15 04:26:54,6f0eb633-5567-11e8-8e2f-dca9047ef277,1,3,2048,1494
586935e7-23d2-11e8-a6a3-ec086b02610b,586935e7-23d2-11e8-a6a3-ec086b02610b.jpg,1,opossum,105,2012-02-17 21:21:09,6f19f7f5-5567-11e8-85a7-dca9047ef277,1,3,2048,1494
586936f0-23d2-11e8-a6a3-ec086b02610b,586936f0-23d2-11e8-a6a3-ec086b02610b.jpg,1,opossum,78,2011-06-14 01:03:10,6f1b847a-5567-11e8-9400-dca9047ef277,1,3,2048,1494
586936fd-23d2-11e8-a6a3-ec086b02610b,586936fd-23d2-11e8-a6a3-ec086b02610b.jpg,1,opossum,78,2012-01-18 21:27:25,6f1c07d9-5567-11e8-bb8f-dca9047ef277,3,3,2048,1494
586937d3-23d2-11e8-a6a3-ec086b02610b,586937d3-23d2-11e8-a6a3-ec086b02610b.jpg,1,opossum,105,2012-04-03 21:25:00,6f1a302b-5567-11e8-99cd-dca9047ef277,3,3,2048,1494
586adf06-23d2-11e8-a6a3-ec086b02610b,586adf06-23d2-11e8-a6a3-ec086b02610b.jpg,1,opossum,90,2012-05-26 01:21:08,6f0fc917-5567-11e8-931f-dca9047ef277,1,3,2048,1494
586ae070-23d2-11e8-a6a3-ec086b02610b,586ae070-23d2-11e8-a6a3-ec086b02610b.jpg,1,opossum,89,2012-04-19 03:16:01,6f10ea4c-5567-11e8-9a9e-dca9047ef277,3,3,2048,1494
586ae119-23d2-11e8-a6a3-ec086b02610b,586ae119-23d2-11e8-a6a3-ec086b02610b.jpg,1,opossum,125,2012-03-27 12:32:33,6f16273d-5567-11e8-b762-dca9047ef277,1,3,2048,1494
586ae164-23d2-11e8-a6a3-ec086b02610b,586ae164-23d2-11e8-a6a3-ec086b02610b.jpg,1,opossum,115,2011-12-26 20:11:06,6f11d6f0-5567-11e8-8739-dca9047ef277,1,3,2048,1494
586ae16a-23d2-11e8-a6a3-ec086b02610b,586ae16a-23d2-11e8-a6a3-ec086b02610b.jpg,1,opossum,115,2012-05-29 03:11:10,6f125654-5567-11e8-ab2d-dca9047ef277,2,3,2048,1494
586c8656-23d2-11e8-a6a3-ec086b02610b,586c8656-23d2-11e8-a6a3-ec086b02610b.jpg,1,opossum,81,2011-05-28 23:05:35,6f10c242-5567-11e8-b805-dca9047ef277,3,3,2048,1494
586c86a4-23d2-11e8-a6a3-ec086b02610b,586c86a4-23d2-11e8-a6a3-ec086b02610b.jpg,1,opossum,83,2014-06-02 12:39:57,701ee363-5567-11e8-8844-dca9047ef277,3,3,2048,1494
586c87cd-23d2-11e8-a6a3-ec086b02610b,586c87cd-23d2-11e8-a6a3-ec086b02610b.jpg,1,opossum,75,2011-07-25 02:57:06,6efd4161-5567-11e8-a575-dca9047ef277,2,3,2048,1494
586c87d3-23d2-11e8-a6a3-ec086b02610b,586c87d3-23d2-11e8-a6a3-ec086b02610b.jpg,1,opossum,130,2012-01-01 01:26:48,6f0d3f28-5567-11e8-8e87-dca9047ef277,2,3,2048,1494
586c87f8-23d2-11e8-a6a3-ec086b02610b,586c87f8-23d2-11e8-a6a3-ec086b02610b.jpg,1,opossum,103,2012-06-01 21:19:29,6f1b70eb-5567-11e8-8810-dca9047ef277,1,3,2048,1494
586c88eb-23d2-11e8-a6a3-ec086b02610b,586c88eb-23d2-11e8-a6a3-ec086b02610b.jpg,1,opossum,75,2012-02-02 23:34:52,6efe0bd7-5567-11e8-85d0-dca9047ef277,2,3,2048,1494
586e2dd6-23d2-11e8-a6a3-ec086b02610b,586e2dd6-23d2-11e8-a6a3-ec086b02610b.jpg,1,opossum,90,2011-04-21 22:32:20,6f0f502e-5567-11e8-8969-dca9047ef277,2,3,2048,1494
586e305d-23d2-11e8-a6a3-ec086b02610b,586e305d-23d2-11e8-a6a3-ec086b02610b.jpg,1,opossum,108,2012-05-28 03:48:29,6f152c94-5567-11e8-b392-dca9047ef277,2,3,2048,1494
586fdbc5-23d2-11e8-a6a3-ec086b02610b,586fdbc5-23d2-11e8-a6a3-ec086b02610b.jpg,1,opossum,98,2012-05-15 05:09:32,6f1590d9-5567-11e8-a5dc-dca9047ef277,3,3,2048,1494
586fdcdd-23d2-11e8-a6a3-ec086b02610b,586fdcdd-23d2-11e8-a6a3-ec086b02610b.jpg,1,opossum,108,2012-05-23 04:32:15,6f152a00-5567-11e8-9620-dca9047ef277,1,3,2048,1494
586fdd07-23d2-11e8-a6a3-ec086b02610b,586fdd07-23d2-11e8-a6a3-ec086b02610b.jpg,1,opossum,88,2012-03-20 23:42:11,6f1481fd-5567-11e8-b232-dca9047ef277,3,3,2048,1494
586fddef-23d2-11e8-a6a3-ec086b02610b,586fddef-23d2-11e8-a6a3-ec086b02610b.jpg,1,opossum,100,2010-11-08 19:54:57,6f1dcc0a-5567-11e8-b717-dca9047ef277,1,3,2048,1494
586fde9e-23d2-11e8-a6a3-ec086b02610b,586fde9e-23d2-11e8-a6a3-ec086b02610b.jpg,1,opossum,112,2012-04-13 12:13:58,6f0f30fa-5567-11e8-8915-dca9047ef277,2,3,2048,1494
587186dc-23d2-11e8-a6a3-ec086b02610b,587186dc-23d2-11e8-a6a3-ec086b02610b.jpg,1,opossum,125,2011-04-26 09:01:27,6f15a84a-5567-11e8-ba35-dca9047ef277,1,3,2048,1494
58732ca4-23d2-11e8-a6a3-ec086b02610b,58732ca4-23d2-11e8-a6a3-ec086b02610b.jpg,1,opossum,105,2012-01-13 22:18:25,6f19e373-5567-11e8-b43f-dca9047ef277,1,3,2048,1494
58732ce1-23d2-11e8-a6a3-ec086b02610b,58732ce1-23d2-11e8-a6a3-ec086b02610b.jpg,1,opossum,105,2012-04-16 12:27:05,6f1a4aa6-5567-11e8-8b9a-dca9047ef277,2,3,2048,1494
58732d15-23d2-11e8-a6a3-ec086b02610b,58732d15-23d2-11e8-a6a3-ec086b02610b.jpg,1,opossum,115,2011-05-09 03:42:08,6f1107a3-5567-11e8-ac30-dca9047ef277,3,3,2048,1494
58732d37-23d2-11e8-a6a3-ec086b02610b,58732d37-23d2-11e8-a6a3-ec086b02610b.jpg,1,opossum,108,2011-05-31 12:15:56,6f14c933-5567-11e8-ac58-dca9047ef277,1,3,2048,1494
58732d3c-23d2-11e8-a6a3-ec086b02610b,58732d3c-23d2-11e8-a6a3-ec086b02610b.jpg,1,opossum,78,2012-01-29 03:11:07,6f1c10cc-5567-11e8-9134-dca9047ef277,2,3,2048,1494
58732e3f-23d2-11e8-a6a3-ec086b02610b,58732e3f-23d2-11e8-a6a3-ec086b02610b.jpg,1,opossum,78,2012-02-07 22:53:29,6f1c15fd-5567-11e8-902b-dca9047ef277,3,3,2048,1494
5874d593-23d2-11e8-a6a3-ec086b02610b,5874d593-23d2-11e8-a6a3-ec086b02610b.jpg,1,opossum,98,2012-05-09 20:20:50,6f1583a6-5567-11e8-b5b3-dca9047ef277,3,3,2048,1494
5874d5d9-23d2-11e8-a6a3-ec086b02610b,5874d5d9-23d2-11e8-a6a3-ec086b02610b.jpg,1,opossum,115,2011-10-09 05:31:00,6f11ae02-5567-11e8-8d03-dca9047ef277,1,3,2048,1494
5874d70c-23d2-11e8-a6a3-ec086b02610b,5874d70c-23d2-11e8-a6a3-ec086b02610b.jpg,1,opossum,112,2011-07-03 04:15:58,6f0ea323-5567-11e8-b645-dca9047ef277,1,3,2048,1494
5874d756-23d2-11e8-a6a3-ec086b02610b,5874d756-23d2-11e8-a6a3-ec086b02610b.jpg,1,opossum,105,2012-01-12 06:00:20,6f19ddab-5567-11e8-a232-dca9047ef277,3,3,2048,1494
58767ee8-23d2-11e8-a6a3-ec086b02610b,58767ee8-23d2-11e8-a6a3-ec086b02610b.jpg,1,opossum,88,2011-08-08 02:47:47,6f13e261-5567-11e8-8361-dca9047ef277,2,3,2048,1494
58768013-23d2-11e8-a6a3-ec086b02610b,58768013-23d2-11e8-a6a3-ec086b02610b.jpg,1,opossum,90,2012-05-01 20:35:39,6f0fc361-5567-11e8-a3dc-dca9047ef277,1,3,2048,1494
5876809f-23d2-11e8-a6a3-ec086b02610b,5876809f-23d2-11e8-a6a3-ec086b02610b.jpg,1,opossum,90,2012-05-06 22:38:09,6f0fc523-5567-11e8-8e98-dca9047ef277,2,3,2048,1494
587680c9-23d2-11e8-a6a3-ec086b02610b,587680c9-23d2-11e8-a6a3-ec086b02610b.jpg,1,opossum,89,2012-04-25 12:15:07,6f10eaa8-5567-11e8-8e19-dca9047ef277,2,3,2048,1494
5876818a-23d2-11e8-a6a3-ec086b02610b,5876818a-23d2-11e8-a6a3-ec086b02610b.jpg,1,opossum,81,2012-05-19 02:19:01,6f10dc33-5567-11e8-ae90-dca9047ef277,3,3,2048,1494
587829cc-23d2-11e8-a6a3-ec086b02610b,587829cc-23d2-11e8-a6a3-ec086b02610b.jpg,1,opossum,108,2011-07-30 12:19:06,6f14db21-5567-11e8-b6b4-dca9047ef277,2,3,2048,1494
587829d4-23d2-11e8-a6a3-ec086b02610b,587829d4-23d2-11e8-a6a3-ec086b02610b.jpg,1,opossum,108,2011-06-09 02:58:31,6f14ceca-5567-11e8-b877-dca9047ef277,2,3,2048,1494
58782a02-23d2-11e8-a6a3-ec086b02610b,58782a02-23d2-11e8-a6a3-ec086b02610b.jpg,1,opossum,103,2011-08-27 02:29:40,6f1ae133-5567-11e8-8376-dca9047ef277,2,3,2048,1494
58782aa4-23d2-11e8-a6a3-ec086b02610b,58782aa4-23d2-11e8-a6a3-ec086b02610b.jpg,1,opossum,95,2012-05-16 23:08:14,6f105714-5567-11e8-8b19-dca9047ef277,3,3,2048,1494
58782aaa-23d2-11e8-a6a3-ec086b02610b,58782aaa-23d2-11e8-a6a3-ec086b02610b.jpg,1,opossum,90,2012-04-30 01:20:55,6f0fc2ae-5567-11e8-96dc-dca9047ef277,3,3,2048,1494
5879d186-23d2-11e8-a6a3-ec086b02610b,5879d186-23d2-11e8-a6a3-ec086b02610b.jpg,1,opossum,105,2012-02-18 21:20:46,6f19fb21-5567-11e8-a731-dca9047ef277,1,3,2048,1494
5879d3e0-23d2-11e8-a6a3-ec086b02610b,5879d3e0-23d2-11e8-a6a3-ec086b02610b.jpg,1,opossum,95,2012-05-11 02:54:17,6f104f75-5567-11e8-b723-dca9047ef277,3,3,2048,1494
5879d522-23d2-11e8-a6a3-ec086b02610b,5879d522-23d2-11e8-a6a3-ec086b02610b.jpg,1,opossum,108,2011-05-19 22:06:44,6f14c1f8-5567-11e8-9684-dca9047ef277,2,3,2048,1494
587b7c65-23d2-11e8-a6a3-ec086b02610b,587b7c65-23d2-11e8-a6a3-ec086b02610b.jpg,1,opossum,112,2012-05-26 21:39:10,6f0f461c-5567-11e8-8bf7-dca9047ef277,3,3,2048,1494
587b7da7-23d2-11e8-a6a3-ec086b02610b,587b7da7-23d2-11e8-a6a3-ec086b02610b.jpg,1,opossum,75,2012-01-06 05:48:41,6efd7ca1-5567-11e8-a268-dca9047ef277,3,3,2048,1494
587b7f21-23d2-11e8-a6a3-ec086b02610b,587b7f21-23d2-11e8-a6a3-ec086b02610b.jpg,1,opossum,83,2014-06-07 23:31:00,701ee6a3-5567-11e8-9b06-dca9047ef277,1,3,2048,1494
587b7fd3-23d2-11e8-a6a3-ec086b02610b,587b7fd3-23d2-11e8-a6a3-ec086b02610b.jpg,1,opossum,105,2012-02-07 01:23:06,6f19f1d4-5567-11e8-92d4-dca9047ef277,3,3,2048,1494
587d4083-23d2-11e8-a6a3-ec086b02610b,587d4083-23d2-11e8-a6a3-ec086b02610b.jpg,1,opossum,98,2011-09-12 02:15:24,6f15553d-5567-11e8-a58d-dca9047ef277,2,3,2048,1494
587d4151-23d2-11e8-a6a3-ec086b02610b,587d4151-23d2-11e8-a6a3-ec086b02610b.jpg,1,opossum,103,2011-07-28 03:28:39,6f1ace9c-5567-11e8-8d41-dca9047ef277,2,3,2048,1494
587d41bd-23d2-11e8-a6a3-ec086b02610b,587d41bd-23d2-11e8-a6a3-ec086b02610b.jpg,1,opossum,98,2011-06-14 01:18:05,6f1544f3-5567-11e8-8f2d-dca9047ef277,3,3,2048,1494
587eea3f-23d2-11e8-a6a3-ec086b02610b,587eea3f-23d2-11e8-a6a3-ec086b02610b.jpg,1,opossum,130,2012-02-11 21:10:04,6f0d53b5-5567-11e8-9922-dca9047ef277,1,3,2048,1494
587eebcc-23d2-11e8-a6a3-ec086b02610b,587eebcc-23d2-11e8-a6a3-ec086b02610b.jpg,1,opossum,98,2012-05-10 20:21:22,6f158785-5567-11e8-9615-dca9047ef277,1,3,2048,1494
587eec2a-23d2-11e8-a6a3-ec086b02610b,587eec2a-23d2-11e8-a6a3-ec086b02610b.jpg,1,opossum,107,2012-01-14 02:12:08,6f0e058f-5567-11e8-92fb-dca9047ef277,1,3,2048,1494
587eec8f-23d2-11e8-a6a3-ec086b02610b,587eec8f-23d2-11e8-a6a3-ec086b02610b.jpg,1,opossum,108,2012-03-29 02:51:57,6f15166e-5567-11e8-8c39-dca9047ef277,2,3,2048,1494
587eeccd-23d2-11e8-a6a3-ec086b02610b,587eeccd-23d2-11e8-a6a3-ec086b02610b.jpg,1,opossum,75,2012-03-04 03:47:22,6efe154a-5567-11e8-a155-dca9047ef277,2,3,2048,1494
587eed86-23d2-11e8-a6a3-ec086b02610b,587eed86-23d2-11e8-a6a3-ec086b02610b.jpg,1,opossum,90,2011-05-22 21:58:58,6f0f58f0-5567-11e8-8567-dca9047ef277,3,3,2048,1494
588093d9-23d2-11e8-a6a3-ec086b02610b,588093d9-23d2-11e8-a6a3-ec086b02610b.jpg,1,opossum,100,2011-04-18 22:15:04,6f1ec721-5567-11e8-b4cc-dca9047ef277,3,3,2048,1494
58809437-23d2-11e8-a6a3-ec086b02610b,58809437-23d2-11e8-a6a3-ec086b02610b.jpg,1,opossum,105,2012-04-06 22:58:53,6f1a34bd-5567-11e8-8b1d-dca9047ef277,2,3,2048,1494
58823be3-23d2-11e8-a6a3-ec086b02610b,58823be3-23d2-11e8-a6a3-ec086b02610b.jpg,1,opossum,95,2012-03-31 20:32:00,6f0fec00-5567-11e8-b199-dca9047ef277,2,3,2048,1494
58823ce9-23d2-11e8-a6a3-ec086b02610b,58823ce9-23d2-11e8-a6a3-ec086b02610b.jpg,1,opossum,88,2012-03-17 03:57:07,6f147e85-5567-11e8-8c55-dca9047ef277,3,3,2048,1494
58823d5c-23d2-11e8-a6a3-ec086b02610b,58823d5c-23d2-11e8-a6a3-ec086b02610b.jpg,1,opossum,115,2012-02-11 21:56:33,6f11eb73-5567-11e8-b823-dca9047ef277,2,3,2048,1494
58823eae-23d2-11e8-a6a3-ec086b02610b,58823eae-23d2-11e8-a6a3-ec086b02610b.jpg,1,opossum,108,2012-05-18 21:37:40,6f1529b0-5567-11e8-a0c0-dca9047ef277,2,3,2048,1494
5883e859-23d2-11e8-a6a3-ec086b02610b,5883e859-23d2-11e8-a6a3-ec086b02610b.jpg,1,opossum,130,2012-06-02 22:05:22,6f0d998f-5567-11e8-9942-dca9047ef277,2,3,2048,1494
5883e9fa-23d2-11e8-a6a3-ec086b02610b,5883e9fa-23d2-11e8-a6a3-ec086b02610b.jpg,1,opossum,83,2014-05-18 02:30:40,701edea1-5567-11e8-9209-dca9047ef277,1,3,2048,1494
58857ae4-23d2-11e8-a6a3-ec086b02610b,58857ae4-23d2-11e8-a6a3-ec086b02610b.jpg,1,opossum,108,2012-05-16 02:14:29,6f152905-5567-11e8-97d8-dca9047ef277,3,3,2048,1494
58857ba9-23d2-11e8-a6a3-ec086b02610b,58857ba9-23d2-11e8-a6a3-ec086b02610b.jpg,1,opossum,125,2012-04-14 20:29:04,6f163c87-5567-11e8-b312-dca9047ef277,3,3,2048,1494
58857cc1-23d2-11e8-a6a3-ec086b02610b,58857cc1-23d2-11e8-a6a3-ec086b02610b.jpg,1,opossum,105,2012-03-18 02:17:16,6f1a11f8-5567-11e8-ae70-dca9047ef277,3,3,2048,1494
58857cf9-23d2-11e8-a6a3-ec086b02610b,58857cf9-23d2-11e8-a6a3-ec086b02610b.jpg,1,opossum,115,2012-04-13 03:22:57,6f12201c-5567-11e8-acf6-dca9047ef277,3,3,2048,1494
58857d05-23d2-11e8-a6a3-ec086b02610b,58857d05-23d2-11e8-a6a3-ec086b02610b.jpg,1,opossum,103,2012-04-30 05:01:57,6f1b56b3-5567-11e8-9639-dca9047ef277,1,3,2048,1494
588717b8-23d2-11e8-a6a3-ec086b02610b,588717b8-23d2-11e8-a6a3-ec086b02610b.jpg,1,opossum,107,2011-06-26 12:17:32,6f0da33d-5567-11e8-ace2-dca9047ef277,1,3,2048,1494
588717bd-23d2-11e8-a6a3-ec086b02610b,588717bd-23d2-11e8-a6a3-ec086b02610b.jpg,1,opossum,125,2012-04-11 23:13:25,6f16397a-5567-11e8-ab99-dca9047ef277,1,3,2048,1494
58871a13-23d2-11e8-a6a3-ec086b02610b,58871a13-23d2-11e8-a6a3-ec086b02610b.jpg,1,opossum,98,2012-04-29 05:32:56,6f157d51-5567-11e8-a2ab-dca9047ef277,3,3,2048,1494
5888bc04-23d2-11e8-a6a3-ec086b02610b,5888bc04-23d2-11e8-a6a3-ec086b02610b.jpg,1,opossum,83,2014-05-16 23:31:48,701eddb0-5567-11e8-b862-dca9047ef277,3,3,2048,1494
5888bc3e-23d2-11e8-a6a3-ec086b02610b,5888bc3e-23d2-11e8-a6a3-ec086b02610b.jpg,1,opossum,115,2011-05-14 22:40:51,6f113d0a-5567-11e8-833d-dca9047ef277,2,3,2048,1494
5888be74-23d2-11e8-a6a3-ec086b02610b,5888be74-23d2-11e8-a6a3-ec086b02610b.jpg,1,opossum,112,2012-05-16 03:01:54,6f0f4505-5567-11e8-bf1e-dca9047ef277,3,3,2048,1494
5888bf4f-23d2-11e8-a6a3-ec086b02610b,5888bf4f-23d2-11e8-a6a3-ec086b02610b.jpg,1,opossum,98,2011-05-16 12:46:21,6f1539f8-5567-11e8-8b46-dca9047ef277,2,3,2048,1494
588a677e-23d2-11e8-a6a3-ec086b02610b,588a677e-23d2-11e8-a6a3-ec086b02610b.jpg,1,opossum,75,2011-07-30 03:51:50,6efd4457-5567-11e8-88c2-dca9047ef277,2,3,2048,1494
588c132f-23d2-11e8-a6a3-ec086b02610b,588c132f-23d2-11e8-a6a3-ec086b02610b.jpg,1,opossum,88,2011-05-30 03:22:57,6f137426-5567-11e8-bfd7-dca9047ef277,3,3,2048,1494
588c1433-23d2-11e8-a6a3-ec086b02610b,588c1433-23d2-11e8-a6a3-ec086b02610b.jpg,1,opossum,75,2012-02-05 02:10:42,6efe0c6e-5567-11e8-9488-dca9047ef277,1,3,2048,1494
588c1457-23d2-11e8-a6a3-ec086b02610b,588c1457-23d2-11e8-a6a3-ec086b02610b.jpg,1,opossum,78,2012-01-08 12:39:37,6f1bfeab-5567-11e8-94e4-dca9047ef277,1,3,2048,1494
588c14ae-23d2-11e8-a6a3-ec086b02610b,588c14ae-23d2-11e8-a6a3-ec086b02610b.jpg,1,opossum,83,2014-05-16 23:31:47,701edd61-5567-11e8-b198-dca9047ef277,1,3,2048,1494
588dbb4f-23d2-11e8-a6a3-ec086b02610b,588dbb4f-23d2-11e8-a6a3-ec086b02610b.jpg,1,opossum,125,2012-03-15 22:49:11,6f161e2e-5567-11e8-bd46-dca9047ef277,2,3,2048,1494
588dbb93-23d2-11e8-a6a3-ec086b02610b,588dbb93-23d2-11e8-a6a3-ec086b02610b.jpg,1,opossum,78,2011-05-30 04:33:37,6f1b7fe8-5567-11e8-bba2-dca9047ef277,3,3,2048,1494
588dbc7f-23d2-11e8-a6a3-ec086b02610b,588dbc7f-23d2-11e8-a6a3-ec086b02610b.jpg,1,opossum,88,2011-05-11 01:08:45,6f135da6-5567-11e8-a01a-dca9047ef277,1,3,2048,1494
588dbd30-23d2-11e8-a6a3-ec086b02610b,588dbd30-23d2-11e8-a6a3-ec086b02610b.jpg,1,opossum,78,2011-12-16 12:09:37,6f1bebe3-5567-11e8-9933-dca9047ef277,2,3,2048,1494
588f6556-23d2-11e8-a6a3-ec086b02610b,588f6556-23d2-11e8-a6a3-ec086b02610b.jpg,1,opossum,100,2010-12-14 02:07:56,6f1dea45-5567-11e8-8115-dca9047ef277,3,3,2048,1494
588f6561-23d2-11e8-a6a3-ec086b02610b,588f6561-23d2-11e8-a6a3-ec086b02610b.jpg,1,opossum,105,2011-12-30 02:10:59,6f19d6f5-5567-11e8-aad1-dca9047ef277,3,3,2048,1494
588f666f-23d2-11e8-a6a3-ec086b02610b,588f666f-23d2-11e8-a6a3-ec086b02610b.jpg,1,opossum,95,2012-04-09 22:08:44,6f100d35-5567-11e8-b6fd-dca9047ef277,3,3,2048,1494
588f676f-23d2-11e8-a6a3-ec086b02610b,588f676f-23d2-11e8-a6a3-ec086b02610b.jpg,1,opossum,100,2010-06-06 04:03:09,6f1d23b8-5567-11e8-a5d7-dca9047ef277,4,5,2048,1494
588f681b-23d2-11e8-a6a3-ec086b02610b,588f681b-23d2-11e8-a6a3-ec086b02610b.jpg,1,opossum,105,2012-02-08 06:28:23,6f19f363-5567-11e8-81cf-dca9047ef277,3,3,2048,1494
588f68b3-23d2-11e8-a6a3-ec086b02610b,588f68b3-23d2-11e8-a6a3-ec086b02610b.jpg,1,opossum,108,2011-06-06 02:27:35,6f14cc40-5567-11e8-99e5-dca9047ef277,3,3,2048,1494
58910e24-23d2-11e8-a6a3-ec086b02610b,58910e24-23d2-11e8-a6a3-ec086b02610b.jpg,1,opossum,90,2012-05-16 03:05:13,6f0fc647-5567-11e8-99ef-dca9047ef277,1,3,2048,1494
58910eb4-23d2-11e8-a6a3-ec086b02610b,58910eb4-23d2-11e8-a6a3-ec086b02610b.jpg,1,opossum,103,2011-08-14 04:38:12,6f1ada40-5567-11e8-840b-dca9047ef277,3,3,2048,1494
58910eb8-23d2-11e8-a6a3-ec086b02610b,58910eb8-23d2-11e8-a6a3-ec086b02610b.jpg,1,opossum,75,2012-04-04 23:55:02,6efe1b80-5567-11e8-8a87-dca9047ef277,3,3,2048,1494
5892b3ee-23d2-11e8-a6a3-ec086b02610b,5892b3ee-23d2-11e8-a6a3-ec086b02610b.jpg,1,opossum,103,2011-07-13 03:25:37,6f1abe47-5567-11e8-9504-dca9047ef277,2,3,2048,1494
5892b65d-23d2-11e8-a6a3-ec086b02610b,5892b65d-23d2-11e8-a6a3-ec086b02610b.jpg,1,opossum,81,2012-05-05 22:54:42,6f10dad4-5567-11e8-a975-dca9047ef277,1,3,2048,1494
5892b762-23d2-11e8-a6a3-ec086b02610b,5892b762-23d2-11e8-a6a3-ec086b02610b.jpg,1,opossum,83,2014-06-10 23:33:35,701ee742-5567-11e8-979a-dca9047ef277,3,3,2048,1494
58945fc7-23d2-11e8-a6a3-ec086b02610b,58945fc7-23d2-11e8-a6a3-ec086b02610b.jpg,1,opossum,98,2011-05-25 03:00:39,6f153e6e-5567-11e8-a8c1-dca9047ef277,2,3,2048,1494
58945fef-23d2-11e8-a6a3-ec086b02610b,58945fef-23d2-11e8-a6a3-ec086b02610b.jpg,1,opossum,78,2012-01-29 03:11:03,6f1c107d-5567-11e8-9a32-dca9047ef277,1,3,2048,1494
5894613b-23d2-11e8-a6a3-ec086b02610b,5894613b-23d2-11e8-a6a3-ec086b02610b.jpg,1,opossum,130,2011-07-20 22:52:22,6f0cf2c2-5567-11e8-98af-dca9047ef277,2,3,2048,1494
5894625f-23d2-11e8-a6a3-ec086b02610b,5894625f-23d2-11e8-a6a3-ec086b02610b.jpg,1,opossum,130,2011-10-31 03:34:25,6f0d0f0a-5567-11e8-aee2-dca9047ef277,3,3,2048,1494
58946298-23d2-11e8-a6a3-ec086b02610b,58946298-23d2-11e8-a6a3-ec086b02610b.jpg,1,opossum,105,2012-01-24 22:51:21,6f19ecae-5567-11e8-add1-dca9047ef277,2,3,2048,1494
589462b8-23d2-11e8-a6a3-ec086b02610b,589462b8-23d2-11e8-a6a3-ec086b02610b.jpg,1,opossum,100,2011-03-02 01:59:15,6f1e7702-5567-11e8-a059-dca9047ef277,2,3,2048,1494
589607e9-23d2-11e8-a6a3-ec086b02610b,589607e9-23d2-11e8-a6a3-ec086b02610b.jpg,1,opossum,95,2012-05-17 23:00:24,6f10599e-5567-11e8-a788-dca9047ef277,3,3,2048,1494
5896099a-23d2-11e8-a6a3-ec086b02610b,5896099a-23d2-11e8-a6a3-ec086b02610b.jpg,1,opossum,75,2012-04-13 23:36:40,6efe1d38-5567-11e8-b560-dca9047ef277,2,3,2048,1494
589609ee-23d2-11e8-a6a3-ec086b02610b,589609ee-23d2-11e8-a6a3-ec086b02610b.jpg,1,opossum,78,2011-06-27 02:14:55,6f1b9119-5567-11e8-8849-dca9047ef277,1,3,2048,1494
58960a0e-23d2-11e8-a6a3-ec086b02610b,58960a0e-23d2-11e8-a6a3-ec086b02610b.jpg,1,opossum,75,2012-06-11 02:19:01,6efe3926-5567-11e8-9fbc-dca9047ef277,1,3,2048,1494
58960aba-23d2-11e8-a6a3-ec086b02610b,58960aba-23d2-11e8-a6a3-ec086b02610b.jpg,1,opossum,105,2011-12-30 02:02:45,6f19d5e3-5567-11e8-ad69-dca9047ef277,1,3,2048,1494
5897b02b-23d2-11e8-a6a3-ec086b02610b,5897b02b-23d2-11e8-a6a3-ec086b02610b.jpg,1,opossum,78,2011-06-15 04:35:31,6f1b8742-5567-11e8-bc68-dca9047ef277,2,3,2048,1494
5897b0a8-23d2-11e8-a6a3-ec086b02610b,5897b0a8-23d2-11e8-a6a3-ec086b02610b.jpg,1,opossum,112,2011-06-03 03:33:49,6f0e799e-5567-11e8-be6e-dca9047ef277,2,3,2048,1494
5897b145-23d2-11e8-a6a3-ec086b02610b,5897b145-23d2-11e8-a6a3-ec086b02610b.jpg,1,opossum,95,2012-04-07 12:03:11,6f1007a8-5567-11e8-9bcc-dca9047ef277,3,3,2048,1494
58995af3-23d2-11e8-a6a3-ec086b02610b,58995af3-23d2-11e8-a6a3-ec086b02610b.jpg,1,opossum,100,2010-11-24 23:50:03,6f1dd8ba-5567-11e8-835d-dca9047ef277,2,3,2048,1494
58995b67-23d2-11e8-a6a3-ec086b02610b,58995b67-23d2-11e8-a6a3-ec086b02610b.jpg,1,opossum,105,2012-02-17 23:10:44,6f19f9de-5567-11e8-a208-dca9047ef277,2,3,2048,1494
589b031c-23d2-11e8-a6a3-ec086b02610b,589b031c-23d2-11e8-a6a3-ec086b02610b.jpg,1,opossum,108,2011-10-25 22:03:35,6f14fe68-5567-11e8-9b6d-dca9047ef277,3,3,2048,1494
589b0462-23d2-11e8-a6a3-ec086b02610b,589b0462-23d2-11e8-a6a3-ec086b02610b.jpg,1,opossum,88,2012-06-03 01:32:25,6f14b105-5567-11e8-afc7-dca9047ef277,3,3,2048,1494
589b0497-23d2-11e8-a6a3-ec086b02610b,589b0497-23d2-11e8-a6a3-ec086b02610b.jpg,1,opossum,83,2014-09-24 22:59:28,701eec11-5567-11e8-8c7f-dca9047ef277,5,5,2048,1494
589b04aa-23d2-11e8-a6a3-ec086b02610b,589b04aa-23d2-11e8-a6a3-ec086b02610b.jpg,1,opossum,125,2011-04-26 08:58:35,6f15a7f8-5567-11e8-b436-dca9047ef277,3,3,2048,1494
589cb325-23d2-11e8-a6a3-ec086b02610b,589cb325-23d2-11e8-a6a3-ec086b02610b.jpg,1,opossum,130,2012-03-29 02:36:34,6f0d6c97-5567-11e8-a970-dca9047ef277,3,3,2048,1494
589cb3b3-23d2-11e8-a6a3-ec086b02610b,589cb3b3-23d2-11e8-a6a3-ec086b02610b.jpg,1,opossum,105,2012-03-21 23:34:31,6f1a1c8f-5567-11e8-99fc-dca9047ef277,3,3,2048,1494
589cb3c5-23d2-11e8-a6a3-ec086b02610b,589cb3c5-23d2-11e8-a6a3-ec086b02610b.jpg,1,opossum,103,2011-07-25 23:02:58,6f1acb85-5567-11e8-b0cf-dca9047ef277,2,3,2048,1494
589cb533-23d2-11e8-a6a3-ec086b02610b,589cb533-23d2-11e8-a6a3-ec086b02610b.jpg,1,opossum,115,2012-04-30 02:09:57,6f122e4a-5567-11e8-8ada-dca9047ef277,2,3,2048,1494
589cb555-23d2-11e8-a6a3-ec086b02610b,589cb555-23d2-11e8-a6a3-ec086b02610b.jpg,1,opossum,115,2011-12-26 20:11:17,6f11d74a-5567-11e8-9c04-dca9047ef277,3,3,2048,1494
589e675a-23d2-11e8-a6a3-ec086b02610b,589e675a-23d2-11e8-a6a3-ec086b02610b.jpg,1,opossum,95,2012-04-16 22:32:41,6f102140-5567-11e8-9aeb-dca9047ef277,1,3,2048,1494
589e680f-23d2-11e8-a6a3-ec086b02610b,589e680f-23d2-11e8-a6a3-ec086b02610b.jpg,1,opossum,83,2014-06-02 12:40:13,701ee40f-5567-11e8-9e4c-dca9047ef277,2,3,2048,1494
58a02041-23d2-11e8-a6a3-ec086b02610b,58a02041-23d2-11e8-a6a3-ec086b02610b.jpg,1,opossum,88,2012-06-05 21:16:50,6f14b46b-5567-11e8-a13e-dca9047ef277,3,3,2048,1494
58a02084-23d2-11e8-a6a3-ec086b02610b,58a02084-23d2-11e8-a6a3-ec086b02610b.jpg,1,opossum,125,2011-04-25 22:21:09,6f15a6b8-5567-11e8-9323-dca9047ef277,2,3,2048,1494
58a02105-23d2-11e8-a6a3-ec086b02610b,58a02105-23d2-11e8-a6a3-ec086b02610b.jpg,1,opossum,100,2010-11-26 20:44:46,6f1dd9e8-5567-11e8-9ae7-dca9047ef277,2,3,2048,1494
58a02218-23d2-11e8-a6a3-ec086b02610b,58a02218-23d2-11e8-a6a3-ec086b02610b.jpg,1,opossum,130,2011-06-23 23:53:49,6f0cebd7-5567-11e8-8caa-dca9047ef277,3,3,2048,1494
58a02271-23d2-11e8-a6a3-ec086b02610b,58a02271-23d2-11e8-a6a3-ec086b02610b.jpg,1,opossum,78,2012-01-29 03:11:13,6f1c1111-5567-11e8-ac4f-dca9047ef277,3,3,2048,1494
58a022c4-23d2-11e8-a6a3-ec086b02610b,58a022c4-23d2-11e8-a6a3-ec086b02610b.jpg,1,opossum,88,2011-05-19 21:53:32,6f136670-5567-11e8-ae0b-dca9047ef277,2,3,2048,1494
58a1ca6c-23d2-11e8-a6a3-ec086b02610b,58a1ca6c-23d2-11e8-a6a3-ec086b02610b.jpg,1,opossum,98,2012-04-27 12:30:59,6f1579cf-5567-11e8-a3e5-dca9047ef277,1,3,2048,1494
58a1ca94-23d2-11e8-a6a3-ec086b02610b,58a1ca94-23d2-11e8-a6a3-ec086b02610b.jpg,1,opossum,115,2011-05-18 03:24:58,6f1147b3-5567-11e8-a8ee-dca9047ef277,3,3,2048,1494
58a1caec-23d2-11e8-a6a3-ec086b02610b,58a1caec-23d2-11e8-a6a3-ec086b02610b.jpg,1,opossum,83,2014-05-17 23:01:40,701ede4f-5567-11e8-851d-dca9047ef277,1,3,2048,1494
58a1cba7-23d2-11e8-a6a3-ec086b02610b,58a1cba7-23d2-11e8-a6a3-ec086b02610b.jpg,1,opossum,88,2011-06-02 12:26:26,6f1377d1-5567-11e8-a853-dca9047ef277,2,3,2048,1494
58a1cbb5-23d2-11e8-a6a3-ec086b02610b,58a1cbb5-23d2-11e8-a6a3-ec086b02610b.jpg,1,opossum,108,2011-05-31 12:41:01,6f14c9d1-5567-11e8-9a67-dca9047ef277,1,3,2048,1494
58a379d1-23d2-11e8-a6a3-ec086b02610b,58a379d1-23d2-11e8-a6a3-ec086b02610b.jpg,1,opossum,100,2010-10-16 04:55:32,6f1d9f33-5567-11e8-9cc2-dca9047ef277,3,3,2048,1494
58a37a7b-23d2-11e8-a6a3-ec086b02610b,58a37a7b-23d2-11e8-a6a3-ec086b02610b.jpg,1,opossum,103,2011-07-06 21:58:47,6f1ab81c-5567-11e8-9462-dca9047ef277,2,3,2048,1494
58a37b15-23d2-11e8-a6a3-ec086b02610b,58a37b15-23d2-11e8-a6a3-ec086b02610b.jpg,1,opossum,78,2011-06-27 04:10:51,6f1b916b-5567-11e8-a855-dca9047ef277,3,3,2048,1494
58a37b98-23d2-11e8-a6a3-ec086b02610b,58a37b98-23d2-11e8-a6a3-ec086b02610b.jpg,1,opossum,130,2011-07-18 21:49:10,6f0cf130-5567-11e8-a859-dca9047ef277,2,3,2048,1494
58a37cc6-23d2-11e8-a6a3-ec086b02610b,58a37cc6-23d2-11e8-a6a3-ec086b02610b.jpg,1,opossum,100,2010-05-30 01:42:46,6f1d1545-5567-11e8-88ba-dca9047ef277,3,5,2048,1494
58a52da0-23d2-11e8-a6a3-ec086b02610b,58a52da0-23d2-11e8-a6a3-ec086b02610b.jpg,1,opossum,125,2012-02-28 23:48:30,6f161335-5567-11e8-9d71-dca9047ef277,2,3,2048,1494
58a52fa8-23d2-11e8-a6a3-ec086b02610b,58a52fa8-23d2-11e8-a6a3-ec086b02610b.jpg,1,opossum,125,2011-04-26 10:05:44,6f15a94c-5567-11e8-a6aa-dca9047ef277,1,3,2048,1494
58a5304d-23d2-11e8-a6a3-ec086b02610b,58a5304d-23d2-11e8-a6a3-ec086b02610b.jpg,1,opossum,112,2011-05-14 02:45:18,6f0e5823-5567-11e8-a38c-dca9047ef277,2,3,2048,1494
58a5311a-23d2-11e8-a6a3-ec086b02610b,58a5311a-23d2-11e8-a6a3-ec086b02610b.jpg,1,opossum,105,2012-02-08 06:23:37,6f19f273-5567-11e8-ac23-dca9047ef277,2,3,2048,1494
58a6e669-23d2-11e8-a6a3-ec086b02610b,58a6e669-23d2-11e8-a6a3-ec086b02610b.jpg,1,opossum,130,2011-07-30 03:28:42,6f0cf830-5567-11e8-ac2b-dca9047ef277,2,3,2048,1494
58a6e674-23d2-11e8-a6a3-ec086b02610b,58a6e674-23d2-11e8-a6a3-ec086b02610b.jpg,1,opossum,83,2014-05-19 02:44:18,701edf40-5567-11e8-bd37-dca9047ef277,1,3,2048,1494
58a8a0fc-23d2-11e8-a6a3-ec086b02610b,58a8a0fc-23d2-11e8-a6a3-ec086b02610b.jpg,1,opossum,81,2012-05-04 23:18:07,6f10da7d-5567-11e8-b963-dca9047ef277,1,3,2048,1494
58a8a17c-23d2-11e8-a6a3-ec086b02610b,58a8a17c-23d2-11e8-a6a3-ec086b02610b.jpg,1,opossum,78,2011-06-15 04:36:19,6f1b87e1-5567-11e8-9ac0-dca9047ef277,3,3,2048,1494
58a8a246-23d2-11e8-a6a3-ec086b02610b,58a8a246-23d2-11e8-a6a3-ec086b02610b.jpg,1,opossum,115,2011-05-18 03:24:53,6f114730-5567-11e8-9108-dca9047ef277,1,3,2048,1494
58a8a2e4-23d2-11e8-a6a3-ec086b02610b,58a8a2e4-23d2-11e8-a6a3-ec086b02610b.jpg,1,opossum,103,2011-07-14 02:41:14,6f1abfd7-5567-11e8-b0a8-dca9047ef277,3,3,2048,1494
58a8a3c4-23d2-11e8-a6a3-ec086b02610b,58a8a3c4-23d2-11e8-a6a3-ec086b02610b.jpg,1,opossum,100,2010-05-27 02:24:38,6f1d0fd7-5567-11e8-b24b-dca9047ef277,5,5,2048,1494
58a8a3f2-23d2-11e8-a6a3-ec086b02610b,58a8a3f2-23d2-11e8-a6a3-ec086b02610b.jpg,1,opossum,90,2011-05-22 21:59:01,6f0f594a-5567-11e8-8876-dca9047ef277,2,3,2048,1494
58aa57e3-23d2-11e8-a6a3-ec086b02610b,58aa57e3-23d2-11e8-a6a3-ec086b02610b.jpg,1,opossum,115,2012-02-26 21:15:46,6f11fb3a-5567-11e8-bf7e-dca9047ef277,2,3,2048,1494
58aa5970-23d2-11e8-a6a3-ec086b02610b,58aa5970-23d2-11e8-a6a3-ec086b02610b.jpg,1,opossum,115,2012-04-18 22:26:20,6f122530-5567-11e8-afd2-dca9047ef277,2,3,2048,1494
58aa5b56-23d2-11e8-a6a3-ec086b02610b,58aa5b56-23d2-11e8-a6a3-ec086b02610b.jpg,1,opossum,112,2011-05-20 23:29:30,6f0e65b3-5567-11e8-9f8a-dca9047ef277,1,3,2048,1494
58ac0ce2-23d2-11e8-a6a3-ec086b02610b,58ac0ce2-23d2-11e8-a6a3-ec086b02610b.jpg,1,opossum,95,2012-05-13 21:58:39,6f105335-5567-11e8-b52e-dca9047ef277,1,3,2048,1494
58ac0cfb-23d2-11e8-a6a3-ec086b02610b,58ac0cfb-23d2-11e8-a6a3-ec086b02610b.jpg,1,opossum,95,2012-04-03 05:34:58,6f0ff382-5567-11e8-817b-dca9047ef277,1,3,2048,1494
58ac0dc5-23d2-11e8-a6a3-ec086b02610b,58ac0dc5-23d2-11e8-a6a3-ec086b02610b.jpg,1,opossum,103,2011-07-29 22:58:37,6f1acfdc-5567-11e8-8bc8-dca9047ef277,1,3,2048,1494
58adc1b8-23d2-11e8-a6a3-ec086b02610b,58adc1b8-23d2-11e8-a6a3-ec086b02610b.jpg,1,opossum,100,2011-05-04 02:03:52,6f1ed405-5567-11e8-9546-dca9047ef277,2,3,2048,1494
58adc272-23d2-11e8-a6a3-ec086b02610b,58adc272-23d2-11e8-a6a3-ec086b02610b.jpg,1,opossum,112,2011-06-03 21:47:36,6f0e7d54-5567-11e8-9707-dca9047ef277,1,3,2048,1494
58adc300-23d2-11e8-a6a3-ec086b02610b,58adc300-23d2-11e8-a6a3-ec086b02610b.jpg,1,opossum,88,2012-03-21 12:15:40,6f1482f8-5567-11e8-ae6f-dca9047ef277,3,3,2048,1494
58adc368-23d2-11e8-a6a3-ec086b02610b,58adc368-23d2-11e8-a6a3-ec086b02610b.jpg,1,opossum,95,2012-04-13 21:11:40,6f10189c-5567-11e8-affc-dca9047ef277,2,3,2048,1494
58adc374-23d2-11e8-a6a3-ec086b02610b,58adc374-23d2-11e8-a6a3-ec086b02610b.jpg,1,opossum,112,2011-12-27 19:28:00,6f0f0185-5567-11e8-8d8d-dca9047ef277,1,3,2048,1494
58adc3e0-23d2-11e8-a6a3-ec086b02610b,58adc3e0-23d2-11e8-a6a3-ec086b02610b.jpg,1,opossum,90,2012-05-26 01:29:48,6f0fc966-5567-11e8-8393-dca9047ef277,3,3,2048,1494
58adc45a-23d2-11e8-a6a3-ec086b02610b,58adc45a-23d2-11e8-a6a3-ec086b02610b.jpg,1,opossum,112,2011-05-17 04:47:04,6f0e5c66-5567-11e8-9613-dca9047ef277,3,3,2048,1494
58af74e6-23d2-11e8-a6a3-ec086b02610b,58af74e6-23d2-11e8-a6a3-ec086b02610b.jpg,1,opossum,103,2012-03-29 01:03:53,6f1b40de-5567-11e8-a7f3-dca9047ef277,2,3,2048,1494
58af7603-23d2-11e8-a6a3-ec086b02610b,58af7603-23d2-11e8-a6a3-ec086b02610b.jpg,1,opossum,95,2012-04-13 21:28:41,6f1018ee-5567-11e8-b991-dca9047ef277,1,3,2048,1494
58af777b-23d2-11e8-a6a3-ec086b02610b,58af777b-23d2-11e8-a6a3-ec086b02610b.jpg,1,opossum,100,2010-10-19 19:35:42,6f1da3a6-5567-11e8-87ad-dca9047ef277,2,3,2048,1494
58af7790-23d2-11e8-a6a3-ec086b02610b,58af7790-23d2-11e8-a6a3-ec086b02610b.jpg,1,opossum,83,2014-05-16 23:31:21,701edcc0-5567-11e8-b320-dca9047ef277,3,3,2048,1494
58b2ed6b-23d2-11e8-a6a3-ec086b02610b,58b2ed6b-23d2-11e8-a6a3-ec086b02610b.jpg,1,opossum,130,2011-07-10 02:12:43,6f0cee80-5567-11e8-8d2c-dca9047ef277,1,3,2048,1494
58b2ee12-23d2-11e8-a6a3-ec086b02610b,58b2ee12-23d2-11e8-a6a3-ec086b02610b.jpg,1,opossum,83,2014-09-16 22:12:30,701eeb0c-5567-11e8-862f-dca9047ef277,1,5,2048,1494
58b2ee7f-23d2-11e8-a6a3-ec086b02610b,58b2ee7f-23d2-11e8-a6a3-ec086b02610b.jpg,1,opossum,100,2010-08-05 02:28:14,6f1d52fd-5567-11e8-b9cf-dca9047ef277,1,3,2048,1494
58b2ef97-23d2-11e8-a6a3-ec086b02610b,58b2ef97-23d2-11e8-a6a3-ec086b02610b.jpg,1,opossum,130,2011-07-18 04:35:08,6f0cf068-5567-11e8-83c4-dca9047ef277,3,3,2048,1494
58b2f082-23d2-11e8-a6a3-ec086b02610b,58b2f082-23d2-11e8-a6a3-ec086b02610b.jpg,1,opossum,88,2011-05-11 03:10:45,6f135e4f-5567-11e8-8056-dca9047ef277,3,3,2048,1494
58b4aaee-23d2-11e8-a6a3-ec086b02610b,58b4aaee-23d2-11e8-a6a3-ec086b02610b.jpg,1,opossum,115,2012-01-07 20:29:06,6f11df80-5567-11e8-a959-dca9047ef277,2,3,2048,1494
58b4ab9a-23d2-11e8-a6a3-ec086b02610b,58b4ab9a-23d2-11e8-a6a3-ec086b02610b.jpg,1,opossum,75,2012-01-12 04:09:58,6efd8038-5567-11e8-ac2a-dca9047ef277,2,3,2048,1494
58b4abcd-23d2-11e8-a6a3-ec086b02610b,58b4abcd-23d2-11e8-a6a3-ec086b02610b.jpg,1,opossum,125,2011-04-29 21:47:37,6f15a9a8-5567-11e8-9c3f-dca9047ef277,3,3,2048,1494
58b66411-23d2-11e8-a6a3-ec086b02610b,58b66411-23d2-11e8-a6a3-ec086b02610b.jpg,1,opossum,75,2012-01-01 06:50:16,6efd79d1-5567-11e8-b23a-dca9047ef277,2,3,2048,1494
58b66573-23d2-11e8-a6a3-ec086b02610b,58b66573-23d2-11e8-a6a3-ec086b02610b.jpg,1,opossum,98,2011-09-03 04:57:25,6f15530c-5567-11e8-b65f-dca9047ef277,1,3,2048,1494
58b666e8-23d2-11e8-a6a3-ec086b02610b,58b666e8-23d2-11e8-a6a3-ec086b02610b.jpg,1,opossum,88,2011-05-28 12:03:29,6f1371d7-5567-11e8-966c-dca9047ef277,3,3,2048,1494
58b666f3-23d2-11e8-a6a3-ec086b02610b,58b666f3-23d2-11e8-a6a3-ec086b02610b.jpg,1,opossum,78,2012-02-21 20:23:25,6f1c1e45-5567-11e8-b500-dca9047ef277,2,3,2048,1494
58b82158-23d2-11e8-a6a3-ec086b02610b,58b82158-23d2-11e8-a6a3-ec086b02610b.jpg,1,opossum,130,2011-07-20 21:30:21,6f0cf268-5567-11e8-a0a9-dca9047ef277,1,3,2048,1494
58b82342-23d2-11e8-a6a3-ec086b02610b,58b82342-23d2-11e8-a6a3-ec086b02610b.jpg,1,opossum,105,2012-06-01 02:05:29,6f1a98dc-5567-11e8-b40e-dca9047ef277,1,3,2048,1494
58b9d7cd-23d2-11e8-a6a3-ec086b02610b,58b9d7cd-23d2-11e8-a6a3-ec086b02610b.jpg,1,opossum,95,2012-04-05 01:37:59,6f0ff970-5567-11e8-91e2-dca9047ef277,1,3,2048,1494
58b9d840-23d2-11e8-a6a3-ec086b02610b,58b9d840-23d2-11e8-a6a3-ec086b02610b.jpg,1,opossum,103,2012-01-16 02:38:52,6f1b1ee1-5567-11e8-bb68-dca9047ef277,3,3,2048,1494
58b9d928-23d2-11e8-a6a3-ec086b02610b,58b9d928-23d2-11e8-a6a3-ec086b02610b.jpg,1,opossum,88,2012-05-30 23:43:53,6f14af9e-5567-11e8-83a7-dca9047ef277,2,3,2048,1494
58bd1a05-23d2-11e8-a6a3-ec086b02610b,58bd1a05-23d2-11e8-a6a3-ec086b02610b.jpg,1,opossum,95,2012-05-04 19:54:25,6f104419-5567-11e8-957a-dca9047ef277,2,3,2048,1494
58bd1a0a-23d2-11e8-a6a3-ec086b02610b,58bd1a0a-23d2-11e8-a6a3-ec086b02610b.jpg,1,opossum,88,2011-06-11 22:48:19,6f1385cf-5567-11e8-be2e-dca9047ef277,3,3,2048,1494
58bd1a9b-23d2-11e8-a6a3-ec086b02610b,58bd1a9b-23d2-11e8-a6a3-ec086b02610b.jpg,1,opossum,115,2011-12-29 23:12:50,6f11dd4f-5567-11e8-8183-dca9047ef277,2,3,2048,1494
58bd1a9e-23d2-11e8-a6a3-ec086b02610b,58bd1a9e-23d2-11e8-a6a3-ec086b02610b.jpg,1,opossum,108,2012-05-25 23:29:13,6f152b05-5567-11e8-82e9-dca9047ef277,2,3,2048,1494
58bd1ba4-23d2-11e8-a6a3-ec086b02610b,58bd1ba4-23d2-11e8-a6a3-ec086b02610b.jpg,1,opossum,115,2011-05-21 12:53:43,6f1150e3-5567-11e8-b138-dca9047ef277,1,3,2048,1494
58bd1c4b-23d2-11e8-a6a3-ec086b02610b,58bd1c4b-23d2-11e8-a6a3-ec086b02610b.jpg,1,opossum,112,2011-06-18 01:42:11,6f0e8bf0-5567-11e8-a2fc-dca9047ef277,1,3,2048,1494
58bd1cc2-23d2-11e8-a6a3-ec086b02610b,58bd1cc2-23d2-11e8-a6a3-ec086b02610b.jpg,1,opossum,95,2012-04-13 20:18:30,6f101845-5567-11e8-87ff-dca9047ef277,1,3,2048,1494
58bea54f-23d2-11e8-a6a3-ec086b02610b,58bea54f-23d2-11e8-a6a3-ec086b02610b.jpg,1,opossum,75,2011-07-22 03:22:00,6efd3fc7-5567-11e8-9cda-dca9047ef277,3,3,2048,1494
58bea735-23d2-11e8-a6a3-ec086b02610b,58bea735-23d2-11e8-a6a3-ec086b02610b.jpg,1,opossum,112,2011-10-12 12:23:05,6f0ee119-5567-11e8-9d92-dca9047ef277,1,3,2048,1494
58bea79d-23d2-11e8-a6a3-ec086b02610b,58bea79d-23d2-11e8-a6a3-ec086b02610b.jpg,1,opossum,115,2011-12-20 21:11:27,6f11d3dc-5567-11e8-98e2-dca9047ef277,1,3,2048,1494
58bea7b6-23d2-11e8-a6a3-ec086b02610b,58bea7b6-23d2-11e8-a6a3-ec086b02610b.jpg,1,opossum,125,2011-04-24 01:15:49,6f15a517-5567-11e8-b4fe-dca9047ef277,3,3,2048,1494
58c036a5-23d2-11e8-a6a3-ec086b02610b,58c036a5-23d2-11e8-a6a3-ec086b02610b.jpg,1,opossum,103,2011-06-18 02:34:33,6f1aa821-5567-11e8-b8c0-dca9047ef277,2,3,2048,1494
58c4d70f-23d2-11e8-a6a3-ec086b02610b,58c4d70f-23d2-11e8-a6a3-ec086b02610b.jpg,1,opossum,98,2012-04-28 20:23:39,6f157c07-5567-11e8-a577-dca9047ef277,3,3,2048,1494
58c4d72e-23d2-11e8-a6a3-ec086b02610b,58c4d72e-23d2-11e8-a6a3-ec086b02610b.jpg,1,opossum,112,2012-04-22 02:24:23,6f0f36f3-5567-11e8-80b5-dca9047ef277,3,3,2048,1494
58c4d922-23d2-11e8-a6a3-ec086b02610b,58c4d922-23d2-11e8-a6a3-ec086b02610b.jpg,1,opossum,88,2011-07-05 07:18:22,6f13b299-5567-11e8-a91b-dca9047ef277,2,3,2048,1494
58c661ac-23d2-11e8-a6a3-ec086b02610b,58c661ac-23d2-11e8-a6a3-ec086b02610b.jpg,1,opossum,95,2012-02-27 22:28:08,6f0fe107-5567-11e8-8557-dca9047ef277,1,3,2048,1494
58c66328-23d2-11e8-a6a3-ec086b02610b,58c66328-23d2-11e8-a6a3-ec086b02610b.jpg,1,opossum,88,2011-06-09 22:50:41,6f13838a-5567-11e8-b0dc-dca9047ef277,2,3,2048,1494
58c663d5-23d2-11e8-a6a3-ec086b02610b,58c663d5-23d2-11e8-a6a3-ec086b02610b.jpg,1,opossum,115,2011-11-30 23:35:38,6f11bf14-5567-11e8-bf12-dca9047ef277,1,3,2048,1494
58c66425-23d2-11e8-a6a3-ec086b02610b,58c66425-23d2-11e8-a6a3-ec086b02610b.jpg,1,opossum,83,2014-06-02 12:39:59,701ee3bd-5567-11e8-8fe5-dca9047ef277,2,3,2048,1494
58c7ef80-23d2-11e8-a6a3-ec086b02610b,58c7ef80-23d2-11e8-a6a3-ec086b02610b.jpg,1,opossum,130,2011-08-24 04:53:08,6f0cfe1e-5567-11e8-8ccf-dca9047ef277,1,3,2048,1494
58c7efb7-23d2-11e8-a6a3-ec086b02610b,58c7efb7-23d2-11e8-a6a3-ec086b02610b.jpg,1,opossum,115,2012-01-07 20:29:10,6f11dfd9-5567-11e8-a89e-dca9047ef277,3,3,2048,1494
58c7efc1-23d2-11e8-a6a3-ec086b02610b,58c7efc1-23d2-11e8-a6a3-ec086b02610b.jpg,1,opossum,108,2012-04-28 12:01:22,6f152170-5567-11e8-afd6-dca9047ef277,1,3,2048,1494
58c7f103-23d2-11e8-a6a3-ec086b02610b,58c7f103-23d2-11e8-a6a3-ec086b02610b.jpg,1,opossum,103,2012-05-13 01:42:28,6f1b6135-5567-11e8-92d7-dca9047ef277,2,3,2048,1494
58c7f131-23d2-11e8-a6a3-ec086b02610b,58c7f131-23d2-11e8-a6a3-ec086b02610b.jpg,1,opossum,78,2011-07-13 04:50:28,6f1b92f0-5567-11e8-a05f-dca9047ef277,3,3,2048,1494
58c7f14b-23d2-11e8-a6a3-ec086b02610b,58c7f14b-23d2-11e8-a6a3-ec086b02610b.jpg,1,opossum,90,2012-04-11 22:37:11,6f0fbb4c-5567-11e8-bac9-dca9047ef277,1,3,2048,1494
58c7f2b0-23d2-11e8-a6a3-ec086b02610b,58c7f2b0-23d2-11e8-a6a3-ec086b02610b.jpg,1,opossum,112,2011-05-18 05:08:18,6f0e5d7d-5567-11e8-8a78-dca9047ef277,3,3,2048,1494
58c97a36-23d2-11e8-a6a3-ec086b02610b,58c97a36-23d2-11e8-a6a3-ec086b02610b.jpg,1,opossum,115,2012-04-14 22:05:15,6f1221f3-5567-11e8-a9f6-dca9047ef277,3,3,2048,1494
58c97a46-23d2-11e8-a6a3-ec086b02610b,58c97a46-23d2-11e8-a6a3-ec086b02610b.jpg,1,opossum,78,2011-12-31 03:07:31,6f1bfa19-5567-11e8-8ac2-dca9047ef277,2,3,2048,1494
58c97ae9-23d2-11e8-a6a3-ec086b02610b,58c97ae9-23d2-11e8-a6a3-ec086b02610b.jpg,1,opossum,88,2011-05-27 22:46:12,6f136ee1-5567-11e8-8bfc-dca9047ef277,2,3,2048,1494
58c97b9b-23d2-11e8-a6a3-ec086b02610b,58c97b9b-23d2-11e8-a6a3-ec086b02610b.jpg,1,opossum,112,2012-04-06 12:48:49,6f0f2cc2-5567-11e8-8487-dca9047ef277,2,3,2048,1494
58cb12ac-23d2-11e8-a6a3-ec086b02610b,58cb12ac-23d2-11e8-a6a3-ec086b02610b.jpg,1,opossum,100,2011-05-05 02:46:52,6f1ed5c0-5567-11e8-b376-dca9047ef277,3,3,2048,1494
58cb1384-23d2-11e8-a6a3-ec086b02610b,58cb1384-23d2-11e8-a6a3-ec086b02610b.jpg,1,opossum,90,2012-04-11 22:40:02,6f0fbc00-5567-11e8-89c3-dca9047ef277,1,3,2048,1494
58cb14ae-23d2-11e8-a6a3-ec086b02610b,58cb14ae-23d2-11e8-a6a3-ec086b02610b.jpg,1,opossum,75,2012-04-10 21:07:37,6efe1c97-5567-11e8-8198-dca9047ef277,2,3,2048,1494
58cca517-23d2-11e8-a6a3-ec086b02610b,58cca517-23d2-11e8-a6a3-ec086b02610b.jpg,1,opossum,130,2011-08-18 03:05:48,6f0cfd07-5567-11e8-9750-dca9047ef277,1,3,2048,1494
58cca7b6-23d2-11e8-a6a3-ec086b02610b,58cca7b6-23d2-11e8-a6a3-ec086b02610b.jpg,1,opossum,90,2012-04-11 11:22:38,6f0fba1e-5567-11e8-be7b-dca9047ef277,3,3,2048,1494
58ce3e18-23d2-11e8-a6a3-ec086b02610b,58ce3e18-23d2-11e8-a6a3-ec086b02610b.jpg,1,opossum,125,2011-06-05 03:57:45,6f15b9d4-5567-11e8-b8ee-dca9047ef277,3,3,2048,1494
58ce3eb6-23d2-11e8-a6a3-ec086b02610b,58ce3eb6-23d2-11e8-a6a3-ec086b02610b.jpg,1,opossum,112,2011-04-24 12:51:28,6f0e42cf-5567-11e8-8673-dca9047ef277,1,3,2048,1494
58ce3f3b-23d2-11e8-a6a3-ec086b02610b,58ce3f3b-23d2-11e8-a6a3-ec086b02610b.jpg,1,opossum,115,2012-02-26 21:15:50,6f11fb97-5567-11e8-b934-dca9047ef277,2,3,2048,1494
58cfcb5a-23d2-11e8-a6a3-ec086b02610b,58cfcb5a-23d2-11e8-a6a3-ec086b02610b.jpg,1,opossum,90,2012-01-28 20:50:13,6f0fa185-5567-11e8-9f2c-dca9047ef277,1,3,2048,1494
58cfcbba-23d2-11e8-a6a3-ec086b02610b,58cfcbba-23d2-11e8-a6a3-ec086b02610b.jpg,1,opossum,88,2011-07-06 21:11:45,6f13b53a-5567-11e8-9d47-dca9047ef277,3,3,2048,1494
58d15e94-23d2-11e8-a6a3-ec086b02610b,58d15e94-23d2-11e8-a6a3-ec086b02610b.jpg,1,opossum,103,2011-07-14 23:14:53,6f1ac121-5567-11e8-86e9-dca9047ef277,1,3,2048,1494
58d15ed7-23d2-11e8-a6a3-ec086b02610b,58d15ed7-23d2-11e8-a6a3-ec086b02610b.jpg,1,opossum,108,2012-03-23 21:14:14,6f1513cf-5567-11e8-9168-dca9047ef277,1,3,2048,1494
58d160e8-23d2-11e8-a6a3-ec086b02610b,58d160e8-23d2-11e8-a6a3-ec086b02610b.jpg,1,opossum,75,2011-08-03 01:38:03,6efd478a-5567-11e8-add6-dca9047ef277,2,3,2048,1494
58d1617a-23d2-11e8-a6a3-ec086b02610b,58d1617a-23d2-11e8-a6a3-ec086b02610b.jpg,1,opossum,88,2011-06-06 22:14:00,6f137e30-5567-11e8-9d43-dca9047ef277,1,3,2048,1494
58d161d2-23d2-11e8-a6a3-ec086b02610b,58d161d2-23d2-11e8-a6a3-ec086b02610b.jpg,1,opossum,75,2011-08-19 12:03:03,6efd4cb3-5567-11e8-b774-dca9047ef277,1,3,2048,1494
58d2ebc3-23d2-11e8-a6a3-ec086b02610b,58d2ebc3-23d2-11e8-a6a3-ec086b02610b.jpg,1,opossum,112,2011-06-18 22:49:51,6f0e8cae-5567-11e8-b1aa-dca9047ef277,1,3,2048,1494
58d2ec34-23d2-11e8-a6a3-ec086b02610b,58d2ec34-23d2-11e8-a6a3-ec086b02610b.jpg,1,opossum,78,2012-04-18 04:04:39,6f1c4935-5567-11e8-bcd1-dca9047ef277,3,3,2048,1494
58d2ec6d-23d2-11e8-a6a3-ec086b02610b,58d2ec6d-23d2-11e8-a6a3-ec086b02610b.jpg,1,opossum,98,2012-04-28 06:01:52,6f157bb8-5567-11e8-b5b7-dca9047ef277,1,3,2048,1494
58d2ec82-23d2-11e8-a6a3-ec086b02610b,58d2ec82-23d2-11e8-a6a3-ec086b02610b.jpg,1,opossum,107,2011-07-02 02:35:25,6f0da833-5567-11e8-9216-dca9047ef277,2,3,2048,1494
58d47dd8-23d2-11e8-a6a3-ec086b02610b,58d47dd8-23d2-11e8-a6a3-ec086b02610b.jpg,1,opossum,83,2014-05-14 12:00:17,701edb75-5567-11e8-be97-dca9047ef277,1,3,2048,1494
58d47e1a-23d2-11e8-a6a3-ec086b02610b,58d47e1a-23d2-11e8-a6a3-ec086b02610b.jpg,1,opossum,100,2011-03-28 22:59:29,6f1eb173-5567-11e8-a35a-dca9047ef277,1,3,2048,1494
58d47e90-23d2-11e8-a6a3-ec086b02610b,58d47e90-23d2-11e8-a6a3-ec086b02610b.jpg,1,opossum,75,2011-09-04 12:12:25,6efd4fca-5567-11e8-bdd7-dca9047ef277,2,3,2048,1494
58d47ebd-23d2-11e8-a6a3-ec086b02610b,58d47ebd-23d2-11e8-a6a3-ec086b02610b.jpg,1,opossum,78,2012-02-24 21:50:47,6f1c276b-5567-11e8-99fc-dca9047ef277,2,3,2048,1494
58d47f3d-23d2-11e8-a6a3-ec086b02610b,58d47f3d-23d2-11e8-a6a3-ec086b02610b.jpg,1,opossum,125,2012-04-16 12:00:40,6f163e2b-5567-11e8-baa1-dca9047ef277,1,3,2048,1494
58d47f7d-23d2-11e8-a6a3-ec086b02610b,58d47f7d-23d2-11e8-a6a3-ec086b02610b.jpg,1,opossum,100,2010-07-13 04:23:57,6f1d44b0-5567-11e8-a067-dca9047ef277,3,3,2048,1494
58d612c7-23d2-11e8-a6a3-ec086b02610b,58d612c7-23d2-11e8-a6a3-ec086b02610b.jpg,1,opossum,112,2011-05-08 04:32:43,6f0e5361-5567-11e8-bacf-dca9047ef277,1,3,2048,1494
58d612f9-23d2-11e8-a6a3-ec086b02610b,58d612f9-23d2-11e8-a6a3-ec086b02610b.jpg,1,opossum,89,2012-04-25 12:15:11,6f10eb02-5567-11e8-9b90-dca9047ef277,2,3,2048,1494
58d61317-23d2-11e8-a6a3-ec086b02610b,58d61317-23d2-11e8-a6a3-ec086b02610b.jpg,1,opossum,98,2011-06-14 23:52:40,6f154594-5567-11e8-ac4f-dca9047ef277,2,3,2048,1494
58d61360-23d2-11e8-a6a3-ec086b02610b,58d61360-23d2-11e8-a6a3-ec086b02610b.jpg,1,opossum,90,2012-05-16 03:05:20,6f0fc69e-5567-11e8-ad28-dca9047ef277,3,3,2048,1494
58d6140f-23d2-11e8-a6a3-ec086b02610b,58d6140f-23d2-11e8-a6a3-ec086b02610b.jpg,1,opossum,112,2011-05-19 04:02:58,6f0e6170-5567-11e8-8cdf-dca9047ef277,1,3,2048,1494
58d7a1aa-23d2-11e8-a6a3-ec086b02610b,58d7a1aa-23d2-11e8-a6a3-ec086b02610b.jpg,1,opossum,95,2012-04-02 03:48:55,6f0feffd-5567-11e8-8209-dca9047ef277,2,3,2048,1494
58d7a359-23d2-11e8-a6a3-ec086b02610b,58d7a359-23d2-11e8-a6a3-ec086b02610b.jpg,1,opossum,105,2012-03-22 03:57:58,6f1a1dc5-5567-11e8-8122-dca9047ef277,2,3,2048,1494
58d7a3e3-23d2-11e8-a6a3-ec086b02610b,58d7a3e3-23d2-11e8-a6a3-ec086b02610b.jpg,1,opossum,78,2011-06-21 04:19:22,6f1b8b47-5567-11e8-9d9e-dca9047ef277,1,3,2048,1494
58d93095-23d2-11e8-a6a3-ec086b02610b,58d93095-23d2-11e8-a6a3-ec086b02610b.jpg,1,opossum,81,2012-01-15 19:46:10,6f10ce6b-5567-11e8-8ec3-dca9047ef277,2,3,2048,1494
58d9316e-23d2-11e8-a6a3-ec086b02610b,58d9316e-23d2-11e8-a6a3-ec086b02610b.jpg,1,opossum,100,2010-05-28 03:05:01,6f1d12f5-5567-11e8-9eea-dca9047ef277,4,5,2048,1494
58d93189-23d2-11e8-a6a3-ec086b02610b,58d93189-23d2-11e8-a6a3-ec086b02610b.jpg,1,opossum,98,2011-04-23 20:09:04,6f1536ba-5567-11e8-a11b-dca9047ef277,2,3,2048,1494
58dabecc-23d2-11e8-a6a3-ec086b02610b,58dabecc-23d2-11e8-a6a3-ec086b02610b.jpg,1,opossum,125,2012-03-31 01:26:41,6f162e8c-5567-11e8-b3a7-dca9047ef277,3,3,2048,1494
58dabf30-23d2-11e8-a6a3-ec086b02610b,58dabf30-23d2-11e8-a6a3-ec086b02610b.jpg,1,opossum,100,2010-07-12 04:21:35,6f1d437a-5567-11e8-8fe9-dca9047ef277,1,3,2048,1494
58dac118-23d2-11e8-a6a3-ec086b02610b,58dac118-23d2-11e8-a6a3-ec086b02610b.jpg,1,opossum,112,2012-04-15 21:24:19,6f0f3480-5567-11e8-9e96-dca9047ef277,1,3,2048,1494
58dac129-23d2-11e8-a6a3-ec086b02610b,58dac129-23d2-11e8-a6a3-ec086b02610b.jpg,1,opossum,81,2012-04-30 12:05:41,6f10d91e-5567-11e8-92f4-dca9047ef277,1,3,2048,1494
58dc4a84-23d2-11e8-a6a3-ec086b02610b,58dc4a84-23d2-11e8-a6a3-ec086b02610b.jpg,1,opossum,75,2011-12-13 20:56:01,6efd7040-5567-11e8-b36b-dca9047ef277,2,3,2048,1494
58dc4c9f-23d2-11e8-a6a3-ec086b02610b,58dc4c9f-23d2-11e8-a6a3-ec086b02610b.jpg,1,opossum,112,2012-05-18 21:21:27,6f0f45c0-5567-11e8-99b8-dca9047ef277,2,3,2048,1494
58ddd554-23d2-11e8-a6a3-ec086b02610b,58ddd554-23d2-11e8-a6a3-ec086b02610b.jpg,1,opossum,83,2014-09-07 05:14:31,701ee8f8-5567-11e8-a2c7-dca9047ef277,5,5,2048,1494
58ddd55c-23d2-11e8-a6a3-ec086b02610b,58ddd55c-23d2-11e8-a6a3-ec086b02610b.jpg,1,opossum,103,2012-03-26 20:46:17,6f1b3fee-5567-11e8-bc21-dca9047ef277,3,3,2048,1494
58ddd580-23d2-11e8-a6a3-ec086b02610b,58ddd580-23d2-11e8-a6a3-ec086b02610b.jpg,1,opossum,88,2011-05-19 21:58:45,6f1366c0-5567-11e8-a353-dca9047ef277,1,3,2048,1494
58ddd792-23d2-11e8-a6a3-ec086b02610b,58ddd792-23d2-11e8-a6a3-ec086b02610b.jpg,1,opossum,103,2012-05-15 22:45:59,6f1b650a-5567-11e8-9535-dca9047ef277,2,3,2048,1494
58df6775-23d2-11e8-a6a3-ec086b02610b,58df6775-23d2-11e8-a6a3-ec086b02610b.jpg,1,opossum,103,2011-06-17 23:16:05,6f1aa782-5567-11e8-8567-dca9047ef277,3,3,2048,1494
58df6a3c-23d2-11e8-a6a3-ec086b02610b,58df6a3c-23d2-11e8-a6a3-ec086b02610b.jpg,1,opossum,78,2012-05-21 01:07:43,6f1c5da1-5567-11e8-bd76-dca9047ef277,3,3,2048,1494
58e0f606-23d2-11e8-a6a3-ec086b02610b,58e0f606-23d2-11e8-a6a3-ec086b02610b.jpg,1,opossum,81,2011-07-16 21:08:22,6f10c3f3-5567-11e8-8d73-dca9047ef277,2,3,2048,1494
58e0f625-23d2-11e8-a6a3-ec086b02610b,58e0f625-23d2-11e8-a6a3-ec086b02610b.jpg,1,opossum,130,2011-06-11 21:38:33,6f0ce88f-5567-11e8-9741-dca9047ef277,3,3,2048,1494
58e0f6d6-23d2-11e8-a6a3-ec086b02610b,58e0f6d6-23d2-11e8-a6a3-ec086b02610b.jpg,1,opossum,98,2012-04-30 21:57:00,6f157e42-5567-11e8-b3b3-dca9047ef277,1,3,2048,1494
58e0f70a-23d2-11e8-a6a3-ec086b02610b,58e0f70a-23d2-11e8-a6a3-ec086b02610b.jpg,1,opossum,108,2012-01-28 01:48:53,6f150a35-5567-11e8-8100-dca9047ef277,2,3,2048,1494
58e0f75d-23d2-11e8-a6a3-ec086b02610b,58e0f75d-23d2-11e8-a6a3-ec086b02610b.jpg,1,opossum,125,2012-04-27 22:33:00,6f165d1c-5567-11e8-a372-dca9047ef277,3,3,2048,1494
58e281bf-23d2-11e8-a6a3-ec086b02610b,58e281bf-23d2-11e8-a6a3-ec086b02610b.jpg,1,opossum,88,2011-06-08 03:20:05,6f138091-5567-11e8-bb69-dca9047ef277,1,3,2048,1494
58e28243-23d2-11e8-a6a3-ec086b02610b,58e28243-23d2-11e8-a6a3-ec086b02610b.jpg,1,opossum,88,2011-06-26 01:07:25,6f13a842-5567-11e8-8f45-dca9047ef277,3,3,2048,1494
58e28343-23d2-11e8-a6a3-ec086b02610b,58e28343-23d2-11e8-a6a3-ec086b02610b.jpg,1,opossum,105,2012-04-11 01:21:51,6f1a3be3-5567-11e8-9cdc-dca9047ef277,3,3,2048,1494
58e28392-23d2-11e8-a6a3-ec086b02610b,58e28392-23d2-11e8-a6a3-ec086b02610b.jpg,1,opossum,115,2011-05-16 20:52:39,6f114642-5567-11e8-8131-dca9047ef277,1,3,2048,1494
58e283e4-23d2-11e8-a6a3-ec086b02610b,58e283e4-23d2-11e8-a6a3-ec086b02610b.jpg,1,opossum,115,2011-05-11 03:36:01,6f11240a-5567-11e8-bdc1-dca9047ef277,2,3,2048,1494
58e40cab-23d2-11e8-a6a3-ec086b02610b,58e40cab-23d2-11e8-a6a3-ec086b02610b.jpg,1,opossum,95,2012-05-24 21:39:37,6f1064c0-5567-11e8-8c13-dca9047ef277,1,3,2048,1494
58e40d93-23d2-11e8-a6a3-ec086b02610b,58e40d93-23d2-11e8-a6a3-ec086b02610b.jpg,1,opossum,78,2012-05-29 23:45:53,6f1c646e-5567-11e8-bc9b-dca9047ef277,2,3,2048,1494
58e40e67-23d2-11e8-a6a3-ec086b02610b,58e40e67-23d2-11e8-a6a3-ec086b02610b.jpg,1,opossum,100,2010-10-30 03:00:55,6f1db705-5567-11e8-a455-dca9047ef277,1,3,2048,1494
58e40eb4-23d2-11e8-a6a3-ec086b02610b,58e40eb4-23d2-11e8-a6a3-ec086b02610b.jpg,1,opossum,88,2012-03-17 23:55:24,6f147f23-5567-11e8-91b9-dca9047ef277,1,3,2048,1494
58e40eb8-23d2-11e8-a6a3-ec086b02610b,58e40eb8-23d2-11e8-a6a3-ec086b02610b.jpg,1,opossum,90,2011-05-07 01:55:51,6f0f54fd-5567-11e8-a4aa-dca9047ef277,3,3,2048,1494
58e40f45-23d2-11e8-a6a3-ec086b02610b,58e40f45-23d2-11e8-a6a3-ec086b02610b.jpg,1,opossum,95,2012-02-23 12:53:59,6f0fdeeb-5567-11e8-af50-dca9047ef277,1,3,2048,1494
58e40ff1-23d2-11e8-a6a3-ec086b02610b,58e40ff1-23d2-11e8-a6a3-ec086b02610b.jpg,1,opossum,98,2011-09-12 02:15:26,6f1555a1-5567-11e8-89f7-dca9047ef277,1,3,2048,1494
58e59755-23d2-11e8-a6a3-ec086b02610b,58e59755-23d2-11e8-a6a3-ec086b02610b.jpg,1,opossum,130,2011-06-10 22:03:09,6f0ce7d1-5567-11e8-9bf2-dca9047ef277,3,3,2048,1494
58e598c5-23d2-11e8-a6a3-ec086b02610b,58e598c5-23d2-11e8-a6a3-ec086b02610b.jpg,1,opossum,95,2012-04-02 12:07:00,6f0ff0ba-5567-11e8-aaf3-dca9047ef277,1,3,2048,1494
58e59a9a-23d2-11e8-a6a3-ec086b02610b,58e59a9a-23d2-11e8-a6a3-ec086b02610b.jpg,1,opossum,88,2012-03-23 05:39:05,6f148468-5567-11e8-9e18-dca9047ef277,3,3,2048,1494
58e59ac3-23d2-11e8-a6a3-ec086b02610b,58e59ac3-23d2-11e8-a6a3-ec086b02610b.jpg,1,opossum,112,2011-07-02 02:28:47,6f0e9f3a-5567-11e8-9a2e-dca9047ef277,2,3,2048,1494
58e723f6-23d2-11e8-a6a3-ec086b02610b,58e723f6-23d2-11e8-a6a3-ec086b02610b.jpg,1,opossum,115,2012-02-24 12:57:16,6f11fa42-5567-11e8-a913-dca9047ef277,2,3,2048,1494
58e72444-23d2-11e8-a6a3-ec086b02610b,58e72444-23d2-11e8-a6a3-ec086b02610b.jpg,1,opossum,78,2011-06-15 22:08:37,6f1b88d1-5567-11e8-8c65-dca9047ef277,2,3,2048,1494
58e7245d-23d2-11e8-a6a3-ec086b02610b,58e7245d-23d2-11e8-a6a3-ec086b02610b.jpg,1,opossum,78,2011-09-07 01:20:21,6f1bb2c5-5567-11e8-921b-dca9047ef277,2,3,2048,1494
58e72599-23d2-11e8-a6a3-ec086b02610b,58e72599-23d2-11e8-a6a3-ec086b02610b.jpg,1,opossum,98,2012-04-26 22:58:41,6f157699-5567-11e8-99eb-dca9047ef277,3,3,2048,1494
58e725bf-23d2-11e8-a6a3-ec086b02610b,58e725bf-23d2-11e8-a6a3-ec086b02610b.jpg,1,opossum,95,2012-05-20 03:59:58,6f105c6e-5567-11e8-aaf6-dca9047ef277,2,3,2048,1494
58e725eb-23d2-11e8-a6a3-ec086b02610b,58e725eb-23d2-11e8-a6a3-ec086b02610b.jpg,1,opossum,98,2012-05-28 03:25:43,6f159f80-5567-11e8-a960-dca9047ef277,3,3,2048,1494
58e938b8-23d2-11e8-a6a3-ec086b02610b,58e938b8-23d2-11e8-a6a3-ec086b02610b.jpg,1,opossum,105,2012-01-15 21:20:10,6f19e5e1-5567-11e8-a545-dca9047ef277,1,3,2048,1494
58e938db-23d2-11e8-a6a3-ec086b02610b,58e938db-23d2-11e8-a6a3-ec086b02610b.jpg,1,opossum,103,2011-08-26 23:33:49,6f1ae03a-5567-11e8-875e-dca9047ef277,1,3,2048,1494
58e93abb-23d2-11e8-a6a3-ec086b02610b,58e93abb-23d2-11e8-a6a3-ec086b02610b.jpg,1,opossum,108,2012-04-10 20:45:51,6f151902-5567-11e8-9cf4-dca9047ef277,3,3,2048,1494
58e93c05-23d2-11e8-a6a3-ec086b02610b,58e93c05-23d2-11e8-a6a3-ec086b02610b.jpg,1,opossum,130,2012-02-10 21:40:35,6f0d51e1-5567-11e8-a27e-dca9047ef277,1,3,2048,1494
58e93c16-23d2-11e8-a6a3-ec086b02610b,58e93c16-23d2-11e8-a6a3-ec086b02610b.jpg,1,opossum,125,2012-04-26 23:11:38,6f1656bd-5567-11e8-9e6a-dca9047ef277,3,3,2048,1494
58eac8a3-23d2-11e8-a6a3-ec086b02610b,58eac8a3-23d2-11e8-a6a3-ec086b02610b.jpg,1,opossum,105,2012-04-19 20:28:49,6f1a510f-5567-11e8-87f2-dca9047ef277,2,3,2048,1494
58eacaa8-23d2-11e8-a6a3-ec086b02610b,58eacaa8-23d2-11e8-a6a3-ec086b02610b.jpg,1,opossum,100,2011-03-25 01:26:00,6f1ea499-5567-11e8-ade8-dca9047ef277,1,3,2048,1494
58eacade-23d2-11e8-a6a3-ec086b02610b,58eacade-23d2-11e8-a6a3-ec086b02610b.jpg,1,opossum,125,2012-05-02 05:27:53,6f166200-5567-11e8-a2ec-dca9047ef277,2,3,2048,1494
58ec54f6-23d2-11e8-a6a3-ec086b02610b,58ec54f6-23d2-11e8-a6a3-ec086b02610b.jpg,1,opossum,95,2012-04-02 20:28:19,6f0ff117-5567-11e8-8729-dca9047ef277,1,3,2048,1494
58ec5501-23d2-11e8-a6a3-ec086b02610b,58ec5501-23d2-11e8-a6a3-ec086b02610b.jpg,1,opossum,75,2011-07-31 03:37:04,6efd44ee-5567-11e8-b02b-dca9047ef277,2,3,2048,1494
58ec559b-23d2-11e8-a6a3-ec086b02610b,58ec559b-23d2-11e8-a6a3-ec086b02610b.jpg,1,opossum,125,2012-04-13 22:05:07,6f163bf0-5567-11e8-940f-dca9047ef277,2,3,2048,1494
58ec55c0-23d2-11e8-a6a3-ec086b02610b,58ec55c0-23d2-11e8-a6a3-ec086b02610b.jpg,1,opossum,125,2011-06-09 20:37:15,6f15bf0f-5567-11e8-86ff-dca9047ef277,2,3,2048,1494
58ec55d1-23d2-11e8-a6a3-ec086b02610b,58ec55d1-23d2-11e8-a6a3-ec086b02610b.jpg,1,opossum,108,2011-06-09 02:56:53,6f14ce28-5567-11e8-95d2-dca9047ef277,3,3,2048,1494
58ec5623-23d2-11e8-a6a3-ec086b02610b,58ec5623-23d2-11e8-a6a3-ec086b02610b.jpg,1,opossum,125,2012-03-14 02:36:10,6f161c9e-5567-11e8-b3c0-dca9047ef277,2,3,2048,1494
58ec5642-23d2-11e8-a6a3-ec086b02610b,58ec5642-23d2-11e8-a6a3-ec086b02610b.jpg,1,opossum,103,2012-04-09 21:27:53,6f1b4af3-5567-11e8-be4e-dca9047ef277,1,3,2048,1494
58ec565b-23d2-11e8-a6a3-ec086b02610b,58ec565b-23d2-11e8-a6a3-ec086b02610b.jpg,1,opossum,108,2012-04-15 06:49:43,6f151ccc-5567-11e8-8675-dca9047ef277,1,3,2048,1494
58ec5660-23d2-11e8-a6a3-ec086b02610b,58ec5660-23d2-11e8-a6a3-ec086b02610b.jpg,1,opossum,90,2012-05-26 01:07:04,6f0fc857-5567-11e8-b6c8-dca9047ef277,1,3,2048,1494
58ec5701-23d2-11e8-a6a3-ec086b02610b,58ec5701-23d2-11e8-a6a3-ec086b02610b.jpg,1,opossum,95,2012-03-31 21:12:19,6f0fecb5-5567-11e8-88d4-dca9047ef277,1,3,2048,1494
58ec5876-23d2-11e8-a6a3-ec086b02610b,58ec5876-23d2-11e8-a6a3-ec086b02610b.jpg,1,opossum,75,2012-02-12 23:43:11,6efe0e38-5567-11e8-8629-dca9047ef277,1,3,2048,1494
58ede1d3-23d2-11e8-a6a3-ec086b02610b,58ede1d3-23d2-11e8-a6a3-ec086b02610b.jpg,1,opossum,108,2012-05-18 21:37:16,6f152961-5567-11e8-b83c-dca9047ef277,3,3,2048,1494
58ede31b-23d2-11e8-a6a3-ec086b02610b,58ede31b-23d2-11e8-a6a3-ec086b02610b.jpg,1,opossum,130,2012-05-26 12:07:51,6f0d92d4-5567-11e8-9d65-dca9047ef277,2,3,2048,1494
58ede32a-23d2-11e8-a6a3-ec086b02610b,58ede32a-23d2-11e8-a6a3-ec086b02610b.jpg,1,opossum,103,2012-04-11 21:18:14,6f1b4b42-5567-11e8-95f2-dca9047ef277,2,3,2048,1494
58ede3cf-23d2-11e8-a6a3-ec086b02610b,58ede3cf-23d2-11e8-a6a3-ec086b02610b.jpg,1,opossum,75,2011-07-26 02:39:52,6efd41eb-5567-11e8-a347-dca9047ef277,2,3,2048,1494
58ede3e7-23d2-11e8-a6a3-ec086b02610b,58ede3e7-23d2-11e8-a6a3-ec086b02610b.jpg,1,opossum,88,2011-06-02 01:03:36,6f1376cc-5567-11e8-b6d5-dca9047ef277,1,3,2048,1494
58ef6d42-23d2-11e8-a6a3-ec086b02610b,58ef6d42-23d2-11e8-a6a3-ec086b02610b.jpg,1,opossum,75,2011-07-22 03:22:05,6efd4047-5567-11e8-8e7d-dca9047ef277,1,3,2048,1494
58ef6d8c-23d2-11e8-a6a3-ec086b02610b,58ef6d8c-23d2-11e8-a6a3-ec086b02610b.jpg,1,opossum,98,2012-05-27 23:04:45,6f159dee-5567-11e8-a627-dca9047ef277,1,3,2048,1494
58ef7087-23d2-11e8-a6a3-ec086b02610b,58ef7087-23d2-11e8-a6a3-ec086b02610b.jpg,1,opossum,75,2012-01-05 19:57:46,6efd7bcf-5567-11e8-a591-dca9047ef277,1,3,2048,1494
58ef70c6-23d2-11e8-a6a3-ec086b02610b,58ef70c6-23d2-11e8-a6a3-ec086b02610b.jpg,1,opossum,108,2011-08-01 02:29:29,6f14db7a-5567-11e8-ae0b-dca9047ef277,2,3,2048,1494
58f105ac-23d2-11e8-a6a3-ec086b02610b,58f105ac-23d2-11e8-a6a3-ec086b02610b.jpg,1,opossum,112,2012-06-02 23:24:49,6f0f486b-5567-11e8-b3b4-dca9047ef277,2,3,2048,1494
58f108ec-23d2-11e8-a6a3-ec086b02610b,58f108ec-23d2-11e8-a6a3-ec086b02610b.jpg,1,opossum,90,2012-04-17 04:51:30,6f0fbd0f-5567-11e8-ae6a-dca9047ef277,3,3,2048,1494
58f29410-23d2-11e8-a6a3-ec086b02610b,58f29410-23d2-11e8-a6a3-ec086b02610b.jpg,1,opossum,108,2011-08-04 23:05:30,6f14dcf8-5567-11e8-85d2-dca9047ef277,1,3,2048,1494
58f296d5-23d2-11e8-a6a3-ec086b02610b,58f296d5-23d2-11e8-a6a3-ec086b02610b.jpg,1,opossum,108,2011-10-07 02:47:41,6f14fbdc-5567-11e8-a0bd-dca9047ef277,3,3,2048,1494
58f296ef-23d2-11e8-a6a3-ec086b02610b,58f296ef-23d2-11e8-a6a3-ec086b02610b.jpg,1,opossum,105,2012-04-04 21:15:52,6f1a3202-5567-11e8-bc5e-dca9047ef277,2,3,2048,1494
58f422f2-23d2-11e8-a6a3-ec086b02610b,58f422f2-23d2-11e8-a6a3-ec086b02610b.jpg,1,opossum,83,2014-05-20 01:26:56,701edfe8-5567-11e8-b10e-dca9047ef277,2,3,2048,1494
58f423a8-23d2-11e8-a6a3-ec086b02610b,58f423a8-23d2-11e8-a6a3-ec086b02610b.jpg,1,opossum,100,2010-06-04 01:32:15,6f1d1eeb-5567-11e8-92ef-dca9047ef277,2,5,2048,1494
58f423b6-23d2-11e8-a6a3-ec086b02610b,58f423b6-23d2-11e8-a6a3-ec086b02610b.jpg,1,opossum,83,2014-05-22 05:28:16,701ee08a-5567-11e8-bf89-dca9047ef277,3,3,2048,1494
58f4247f-23d2-11e8-a6a3-ec086b02610b,58f4247f-23d2-11e8-a6a3-ec086b02610b.jpg,1,opossum,105,2012-04-14 20:00:03,6f1a45e3-5567-11e8-b4ff-dca9047ef277,2,3,2048,1494
58f5aee5-23d2-11e8-a6a3-ec086b02610b,58f5aee5-23d2-11e8-a6a3-ec086b02610b.jpg,1,opossum,115,2012-02-23 01:04:04,6f11f811-5567-11e8-91b0-dca9047ef277,3,3,2048,1494
58f5af00-23d2-11e8-a6a3-ec086b02610b,58f5af00-23d2-11e8-a6a3-ec086b02610b.jpg,1,opossum,103,2011-07-05 01:48:17,6f1ab38a-5567-11e8-877a-dca9047ef277,3,3,2048,1494
58f5b072-23d2-11e8-a6a3-ec086b02610b,58f5b072-23d2-11e8-a6a3-ec086b02610b.jpg,1,opossum,98,2012-04-24 23:54:13,6f1573a1-5567-11e8-80a4-dca9047ef277,3,3,2048,1494
58f5b184-23d2-11e8-a6a3-ec086b02610b,58f5b184-23d2-11e8-a6a3-ec086b02610b.jpg,1,opossum,75,2012-01-06 06:50:52,6efd7ebd-5567-11e8-8530-dca9047ef277,2,3,2048,1494
58f5b289-23d2-11e8-a6a3-ec086b02610b,58f5b289-23d2-11e8-a6a3-ec086b02610b.jpg,1,opossum,78,2011-06-09 01:58:32,6f1b8205-5567-11e8-859d-dca9047ef277,1,3,2048,1494
58f73dea-23d2-11e8-a6a3-ec086b02610b,58f73dea-23d2-11e8-a6a3-ec086b02610b.jpg,1,opossum,125,2011-06-10 05:53:02,6f15bfae-5567-11e8-ba84-dca9047ef277,2,3,2048,1494
58f73e2b-23d2-11e8-a6a3-ec086b02610b,58f73e2b-23d2-11e8-a6a3-ec086b02610b.jpg,1,opossum,83,2014-09-24 22:59:29,701eec68-5567-11e8-9787-dca9047ef277,1,5,2048,1494
58f73e36-23d2-11e8-a6a3-ec086b02610b,58f73e36-23d2-11e8-a6a3-ec086b02610b.jpg,1,opossum,105,2012-01-07 03:12:13,6f19d90f-5567-11e8-8388-dca9047ef277,1,3,2048,1494
58f73eb8-23d2-11e8-a6a3-ec086b02610b,58f73eb8-23d2-11e8-a6a3-ec086b02610b.jpg,1,opossum,90,2012-04-28 21:49:23,6f0fc254-5567-11e8-9a32-dca9047ef277,3,3,2048,1494
58f73f11-23d2-11e8-a6a3-ec086b02610b,58f73f11-23d2-11e8-a6a3-ec086b02610b.jpg,1,opossum,98,2012-05-14 01:04:43,6f158e3a-5567-11e8-9b6c-dca9047ef277,1,3,2048,1494
58f8cc9d-23d2-11e8-a6a3-ec086b02610b,58f8cc9d-23d2-11e8-a6a3-ec086b02610b.jpg,1,opossum,112,2011-04-27 04:25:59,6f0e44cc-5567-11e8-ac83-dca9047ef277,1,3,2048,1494
58f8cd68-23d2-11e8-a6a3-ec086b02610b,58f8cd68-23d2-11e8-a6a3-ec086b02610b.jpg,1,opossum,108,2012-03-29 03:44:02,6f1516bd-5567-11e8-9022-dca9047ef277,1,3,2048,1494
58f8cda4-23d2-11e8-a6a3-ec086b02610b,58f8cda4-23d2-11e8-a6a3-ec086b02610b.jpg,1,opossum,95,2012-04-06 23:07:19,6f100317-5567-11e8-8948-dca9047ef277,2,3,2048,1494
58f8ce98-23d2-11e8-a6a3-ec086b02610b,58f8ce98-23d2-11e8-a6a3-ec086b02610b.jpg,1,opossum,105,2012-04-04 20:49:00,6f1a311c-5567-11e8-ae15-dca9047ef277,1,3,2048,1494
58f8cf96-23d2-11e8-a6a3-ec086b02610b,58f8cf96-23d2-11e8-a6a3-ec086b02610b.jpg,1,opossum,100,2010-12-19 01:12:58,6f1df0ae-5567-11e8-aa0f-dca9047ef277,1,3,2048,1494
58fa5ce8-23d2-11e8-a6a3-ec086b02610b,58fa5ce8-23d2-11e8-a6a3-ec086b02610b.jpg,1,opossum,83,2014-05-16 23:31:24,701edd0f-5567-11e8-89fa-dca9047ef277,3,3,2048,1494
58fa5eb9-23d2-11e8-a6a3-ec086b02610b,58fa5eb9-23d2-11e8-a6a3-ec086b02610b.jpg,1,opossum,105,2012-03-06 04:42:39,6f1a0691-5567-11e8-b0bb-dca9047ef277,3,3,2048,1494
58fa5f48-23d2-11e8-a6a3-ec086b02610b,58fa5f48-23d2-11e8-a6a3-ec086b02610b.jpg,1,opossum,75,2011-07-14 20:42:44,6efd3d14-5567-11e8-bb43-dca9047ef277,1,3,2048,1494
58fbeb92-23d2-11e8-a6a3-ec086b02610b,58fbeb92-23d2-11e8-a6a3-ec086b02610b.jpg,1,opossum,105,2012-02-05 22:03:31,6f19f13d-5567-11e8-96ae-dca9047ef277,1,3,2048,1494
58fbebb5-23d2-11e8-a6a3-ec086b02610b,58fbebb5-23d2-11e8-a6a3-ec086b02610b.jpg,1,opossum,103,2011-06-18 02:34:31,6f1aa7d1-5567-11e8-af79-dca9047ef277,3,3,2048,1494
58fbecd8-23d2-11e8-a6a3-ec086b02610b,58fbecd8-23d2-11e8-a6a3-ec086b02610b.jpg,1,opossum,75,2012-04-08 23:09:39,6efe1bf8-5567-11e8-8dbd-dca9047ef277,2,3,2048,1494
58fbee81-23d2-11e8-a6a3-ec086b02610b,58fbee81-23d2-11e8-a6a3-ec086b02610b.jpg,1,opossum,125,2012-04-25 20:48:57,6f165380-5567-11e8-a02e-dca9047ef277,3,3,2048,1494
58fd7b47-23d2-11e8-a6a3-ec086b02610b,58fd7b47-23d2-11e8-a6a3-ec086b02610b.jpg,1,opossum,98,2012-05-10 02:27:29,6f158502-5567-11e8-98e8-dca9047ef277,2,3,2048,1494
58fd7cfd-23d2-11e8-a6a3-ec086b02610b,58fd7cfd-23d2-11e8-a6a3-ec086b02610b.jpg,1,opossum,103,2011-08-10 23:59:47,6f1ad611-5567-11e8-95fc-dca9047ef277,2,3,2048,1494
58ff0cd3-23d2-11e8-a6a3-ec086b02610b,58ff0cd3-23d2-11e8-a6a3-ec086b02610b.jpg,1,opossum,103,2012-04-05 03:06:30,6f1b4866-5567-11e8-a8d4-dca9047ef277,2,3,2048,1494
58ff0db8-23d2-11e8-a6a3-ec086b02610b,58ff0db8-23d2-11e8-a6a3-ec086b02610b.jpg,1,opossum,130,2012-04-15 05:57:45,6f0d777d-5567-11e8-a96c-dca9047ef277,1,3,2048,1494
58ff0fc7-23d2-11e8-a6a3-ec086b02610b,58ff0fc7-23d2-11e8-a6a3-ec086b02610b.jpg,1,opossum,103,2012-05-15 22:51:14,6f1b6559-5567-11e8-b919-dca9047ef277,2,3,2048,1494
5900a0d5-23d2-11e8-a6a3-ec086b02610b,5900a0d5-23d2-11e8-a6a3-ec086b02610b.jpg,1,opossum,88,2012-06-05 01:33:00,6f14b2a8-5567-11e8-889e-dca9047ef277,3,3,2048,1494
5900a1d1-23d2-11e8-a6a3-ec086b02610b,5900a1d1-23d2-11e8-a6a3-ec086b02610b.jpg,1,opossum,90,2012-05-22 02:31:36,6f0fc7fd-5567-11e8-af17-dca9047ef277,3,3,2048,1494
5900a464-23d2-11e8-a6a3-ec086b02610b,5900a464-23d2-11e8-a6a3-ec086b02610b.jpg,1,opossum,75,2011-07-25 02:56:59,6efd40de-5567-11e8-9e2e-dca9047ef277,2,3,2048,1494
590234ff-23d2-11e8-a6a3-ec086b02610b,590234ff-23d2-11e8-a6a3-ec086b02610b.jpg,1,opossum,115,2011-10-09 05:14:30,6f11adb0-5567-11e8-8378-dca9047ef277,2,3,2048,1494
59023566-23d2-11e8-a6a3-ec086b02610b,59023566-23d2-11e8-a6a3-ec086b02610b.jpg,1,opossum,88,2011-07-25 01:59:15,6f13d182-5567-11e8-afa3-dca9047ef277,1,3,2048,1494
590235f6-23d2-11e8-a6a3-ec086b02610b,590235f6-23d2-11e8-a6a3-ec086b02610b.jpg,1,opossum,95,2012-02-29 20:49:38,6f0fe1ba-5567-11e8-a3ff-dca9047ef277,3,3,2048,1494
590237fb-23d2-11e8-a6a3-ec086b02610b,590237fb-23d2-11e8-a6a3-ec086b02610b.jpg,1,opossum,112,2012-01-05 06:45:52,6f0f0633-5567-11e8-9bfe-dca9047ef277,2,3,2048,1494
59023866-23d2-11e8-a6a3-ec086b02610b,59023866-23d2-11e8-a6a3-ec086b02610b.jpg,1,opossum,112,2011-05-28 04:07:27,6f0e6d47-5567-11e8-823f-dca9047ef277,2,3,2048,1494
59023893-23d2-11e8-a6a3-ec086b02610b,59023893-23d2-11e8-a6a3-ec086b02610b.jpg,1,opossum,130,2011-07-20 21:30:19,6f0cf202-5567-11e8-bace-dca9047ef277,2,3,2048,1494
5903ca6b-23d2-11e8-a6a3-ec086b02610b,5903ca6b-23d2-11e8-a6a3-ec086b02610b.jpg,1,opossum,105,2012-04-11 06:30:24,6f1a406b-5567-11e8-bea0-dca9047ef277,2,3,2048,1494
5903cb53-23d2-11e8-a6a3-ec086b02610b,5903cb53-23d2-11e8-a6a3-ec086b02610b.jpg,1,opossum,90,2011-12-27 20:59:08,6f0f9807-5567-11e8-92ad-dca9047ef277,2,3,2048,1494
5903cb54-23d2-11e8-a6a3-ec086b02610b,5903cb54-23d2-11e8-a6a3-ec086b02610b.jpg,1,opossum,115,2012-04-30 02:25:02,6f122ea3-5567-11e8-9cc1-dca9047ef277,1,3,2048,1494
5903cca8-23d2-11e8-a6a3-ec086b02610b,5903cca8-23d2-11e8-a6a3-ec086b02610b.jpg,1,opossum,95,2012-06-11 23:39:20,6f109a61-5567-11e8-9d07-dca9047ef277,3,3,2048,1494
5903ce13-23d2-11e8-a6a3-ec086b02610b,5903ce13-23d2-11e8-a6a3-ec086b02610b.jpg,1,opossum,125,2012-04-23 22:50:23,6f164cdc-5567-11e8-b5fc-dca9047ef277,3,3,2048,1494
59055d8d-23d2-11e8-a6a3-ec086b02610b,59055d8d-23d2-11e8-a6a3-ec086b02610b.jpg,1,opossum,105,2012-02-08 12:46:54,6f19f44a-5567-11e8-9ba9-dca9047ef277,1,3,2048,1494
59056026-23d2-11e8-a6a3-ec086b02610b,59056026-23d2-11e8-a6a3-ec086b02610b.jpg,1,opossum,75,2011-08-08 03:47:51,6efd4911-5567-11e8-84f3-dca9047ef277,2,3,2048,1494
59056089-23d2-11e8-a6a3-ec086b02610b,59056089-23d2-11e8-a6a3-ec086b02610b.jpg,1,opossum,88,2011-05-27 22:48:07,6f137033-5567-11e8-97f0-dca9047ef277,1,3,2048,1494
590560be-23d2-11e8-a6a3-ec086b02610b,590560be-23d2-11e8-a6a3-ec086b02610b.jpg,1,opossum,100,2011-02-18 23:08:25,6f1e5845-5567-11e8-9261-dca9047ef277,3,3,2048,1494
5906efbc-23d2-11e8-a6a3-ec086b02610b,5906efbc-23d2-11e8-a6a3-ec086b02610b.jpg,1,opossum,100,2010-06-07 04:21:09,6f1d2778-5567-11e8-904f-dca9047ef277,4,5,2048,1494
5906f077-23d2-11e8-a6a3-ec086b02610b,5906f077-23d2-11e8-a6a3-ec086b02610b.jpg,1,opossum,88,2011-07-05 07:18:42,6f13b33d-5567-11e8-b089-dca9047ef277,3,3,2048,1494
5906f1dd-23d2-11e8-a6a3-ec086b02610b,5906f1dd-23d2-11e8-a6a3-ec086b02610b.jpg,1,opossum,115,2011-07-07 04:13:33,6f117c33-5567-11e8-8534-dca9047ef277,3,3,2048,1494
5906f2e7-23d2-11e8-a6a3-ec086b02610b,5906f2e7-23d2-11e8-a6a3-ec086b02610b.jpg,1,opossum,88,2011-05-30 23:16:35,6f137578-5567-11e8-9979-dca9047ef277,3,3,2048,1494
59087e14-23d2-11e8-a6a3-ec086b02610b,59087e14-23d2-11e8-a6a3-ec086b02610b.jpg,1,opossum,107,2011-10-19 02:34:42,6f0deb45-5567-11e8-9c32-dca9047ef277,3,3,2048,1494
59087ef6-23d2-11e8-a6a3-ec086b02610b,59087ef6-23d2-11e8-a6a3-ec086b02610b.jpg,1,opossum,130,2011-07-03 02:32:24,6f0cec8c-5567-11e8-9f28-dca9047ef277,3,3,2048,1494
59087fb2-23d2-11e8-a6a3-ec086b02610b,59087fb2-23d2-11e8-a6a3-ec086b02610b.jpg,1,opossum,125,2012-04-26 21:16:14,6f165573-5567-11e8-ba61-dca9047ef277,1,3,2048,1494
59087fc0-23d2-11e8-a6a3-ec086b02610b,59087fc0-23d2-11e8-a6a3-ec086b02610b.jpg,1,opossum,88,2012-04-29 03:59:45,6f14a117-5567-11e8-9185-dca9047ef277,3,3,2048,1494
59087fd6-23d2-11e8-a6a3-ec086b02610b,59087fd6-23d2-11e8-a6a3-ec086b02610b.jpg,1,opossum,130,2011-08-13 04:02:09,6f0cfb8c-5567-11e8-a8ba-dca9047ef277,2,3,2048,1494
59088033-23d2-11e8-a6a3-ec086b02610b,59088033-23d2-11e8-a6a3-ec086b02610b.jpg,1,opossum,108,2011-05-23 12:23:44,6f14c440-5567-11e8-8153-dca9047ef277,2,3,2048,1494
590a0dc2-23d2-11e8-a6a3-ec086b02610b,590a0dc2-23d2-11e8-a6a3-ec086b02610b.jpg,1,opossum,88,2011-05-10 12:18:42,6f135cfd-5567-11e8-8afb-dca9047ef277,3,3,2048,1494
590a0ee6-23d2-11e8-a6a3-ec086b02610b,590a0ee6-23d2-11e8-a6a3-ec086b02610b.jpg,1,opossum,78,2012-04-17 01:31:26,6f1c4717-5567-11e8-9d37-dca9047ef277,1,3,2048,1494
590a0f6e-23d2-11e8-a6a3-ec086b02610b,590a0f6e-23d2-11e8-a6a3-ec086b02610b.jpg,1,opossum,130,2011-06-08 21:12:13,6f0ce65e-5567-11e8-af5d-dca9047ef277,2,3,2048,1494
590a0f75-23d2-11e8-a6a3-ec086b02610b,590a0f75-23d2-11e8-a6a3-ec086b02610b.jpg,1,opossum,88,2011-10-25 01:41:05,6f140d0a-5567-11e8-81f9-dca9047ef277,1,3,2048,1494
590a103b-23d2-11e8-a6a3-ec086b02610b,590a103b-23d2-11e8-a6a3-ec086b02610b.jpg,1,opossum,95,2012-05-10 20:23:25,6f104e68-5567-11e8-9d55-dca9047ef277,3,3,2048,1494
590a1088-23d2-11e8-a6a3-ec086b02610b,590a1088-23d2-11e8-a6a3-ec086b02610b.jpg,1,opossum,115,2012-05-29 03:11:08,6f1255f8-5567-11e8-9cc0-dca9047ef277,3,3,2048,1494
590b9bb1-23d2-11e8-a6a3-ec086b02610b,590b9bb1-23d2-11e8-a6a3-ec086b02610b.jpg,1,opossum,98,2012-05-01 20:10:30,6f157f3d-5567-11e8-b209-dca9047ef277,2,3,2048,1494
590b9d2d-23d2-11e8-a6a3-ec086b02610b,590b9d2d-23d2-11e8-a6a3-ec086b02610b.jpg,1,opossum,90,2012-04-24 03:30:34,6f0fbf28-5567-11e8-bc1b-dca9047ef277,3,3,2048,1494
590b9d61-23d2-11e8-a6a3-ec086b02610b,590b9d61-23d2-11e8-a6a3-ec086b02610b.jpg,1,opossum,125,2012-04-17 21:52:03,6f163fc5-5567-11e8-9ac8-dca9047ef277,2,3,2048,1494
590b9ec9-23d2-11e8-a6a3-ec086b02610b,590b9ec9-23d2-11e8-a6a3-ec086b02610b.jpg,1,opossum,103,2011-08-15 12:31:36,6f1adb30-5567-11e8-8858-dca9047ef277,2,3,2048,1494
590d2a72-23d2-11e8-a6a3-ec086b02610b,590d2a72-23d2-11e8-a6a3-ec086b02610b.jpg,1,opossum,103,2012-03-23 23:28:36,6f1b3e54-5567-11e8-a031-dca9047ef277,3,3,2048,1494
590ebb4b-23d2-11e8-a6a3-ec086b02610b,590ebb4b-23d2-11e8-a6a3-ec086b02610b.jpg,1,opossum,107,2011-07-21 02:49:24,6f0daf4f-5567-11e8-9434-dca9047ef277,2,3,2048,1494
590ebbe9-23d2-11e8-a6a3-ec086b02610b,590ebbe9-23d2-11e8-a6a3-ec086b02610b.jpg,1,opossum,95,2012-04-20 06:13:11,6f102e07-5567-11e8-9e98-dca9047ef277,1,3,2048,1494
590ebd90-23d2-11e8-a6a3-ec086b02610b,590ebd90-23d2-11e8-a6a3-ec086b02610b.jpg,1,opossum,103,2012-05-03 21:24:48,6f1b58d9-5567-11e8-9fa6-dca9047ef277,2,3,2048,1494
590ebdb6-23d2-11e8-a6a3-ec086b02610b,590ebdb6-23d2-11e8-a6a3-ec086b02610b.jpg,1,opossum,98,2012-05-20 05:36:03,6f159402-5567-11e8-abad-dca9047ef277,1,3,2048,1494
590ebdc0-23d2-11e8-a6a3-ec086b02610b,590ebdc0-23d2-11e8-a6a3-ec086b02610b.jpg,1,opossum,115,2012-04-18 22:26:16,6f1224d7-5567-11e8-b5ef-dca9047ef277,1,3,2048,1494
5910499e-23d2-11e8-a6a3-ec086b02610b,5910499e-23d2-11e8-a6a3-ec086b02610b.jpg,1,opossum,107,2012-01-23 21:36:36,6f0e0873-5567-11e8-99b2-dca9047ef277,2,3,2048,1494
591049c9-23d2-11e8-a6a3-ec086b02610b,591049c9-23d2-11e8-a6a3-ec086b02610b.jpg,1,opossum,105,2012-03-29 21:43:13,6f1a2899-5567-11e8-b559-dca9047ef277,3,3,2048,1494
59104b72-23d2-11e8-a6a3-ec086b02610b,59104b72-23d2-11e8-a6a3-ec086b02610b.jpg,1,opossum,125,2012-04-24 02:02:58,6f164d2b-5567-11e8-97e7-dca9047ef277,1,3,2048,1494
59104bb5-23d2-11e8-a6a3-ec086b02610b,59104bb5-23d2-11e8-a6a3-ec086b02610b.jpg,1,opossum,83,2014-05-19 02:44:21,701edf8f-5567-11e8-8723-dca9047ef277,1,3,2048,1494
59104bc1-23d2-11e8-a6a3-ec086b02610b,59104bc1-23d2-11e8-a6a3-ec086b02610b.jpg,1,opossum,78,2011-06-27 02:14:15,6f1b90ca-5567-11e8-921b-dca9047ef277,1,3,2048,1494
5911d753-23d2-11e8-a6a3-ec086b02610b,5911d753-23d2-11e8-a6a3-ec086b02610b.jpg,1,opossum,90,2012-03-18 21:16:23,6f0fb58f-5567-11e8-a8fa-dca9047ef277,2,3,2048,1494
5911d932-23d2-11e8-a6a3-ec086b02610b,5911d932-23d2-11e8-a6a3-ec086b02610b.jpg,1,opossum,90,2011-05-22 21:59:04,6f0f59ae-5567-11e8-83c5-dca9047ef277,2,3,2048,1494
59136473-23d2-11e8-a6a3-ec086b02610b,59136473-23d2-11e8-a6a3-ec086b02610b.jpg,1,opossum,115,2011-11-24 03:57:08,6f11be05-5567-11e8-ab23-dca9047ef277,2,3,2048,1494
591364de-23d2-11e8-a6a3-ec086b02610b,591364de-23d2-11e8-a6a3-ec086b02610b.jpg,1,opossum,88,2011-06-08 03:20:08,6f1380e1-5567-11e8-97c6-dca9047ef277,1,3,2048,1494
591365be-23d2-11e8-a6a3-ec086b02610b,591365be-23d2-11e8-a6a3-ec086b02610b.jpg,1,opossum,125,2012-04-24 03:47:55,6f164d7d-5567-11e8-841a-dca9047ef277,1,3,2048,1494
59136794-23d2-11e8-a6a3-ec086b02610b,59136794-23d2-11e8-a6a3-ec086b02610b.jpg,1,opossum,95,2012-04-02 23:09:29,6f0ff1ca-5567-11e8-8e09-dca9047ef277,2,3,2048,1494
59136800-23d2-11e8-a6a3-ec086b02610b,59136800-23d2-11e8-a6a3-ec086b02610b.jpg,1,opossum,75,2012-01-13 01:58:03,6efd8240-5567-11e8-b4e3-dca9047ef277,1,3,2048,1494
5914f140-23d2-11e8-a6a3-ec086b02610b,5914f140-23d2-11e8-a6a3-ec086b02610b.jpg,1,opossum,125,2011-07-12 21:55:08,6f15cf00-5567-11e8-9e6f-dca9047ef277,1,3,2048,1494
5916787c-23d2-11e8-a6a3-ec086b02610b,5916787c-23d2-11e8-a6a3-ec086b02610b.jpg,1,opossum,105,2012-04-14 22:56:04,6f1a4723-5567-11e8-a923-dca9047ef277,2,3,2048,1494
59167a17-23d2-11e8-a6a3-ec086b02610b,59167a17-23d2-11e8-a6a3-ec086b02610b.jpg,1,opossum,125,2012-04-07 05:15:19,6f163507-5567-11e8-9d48-dca9047ef277,3,3,2048,1494
59180a90-23d2-11e8-a6a3-ec086b02610b,59180a90-23d2-11e8-a6a3-ec086b02610b.jpg,1,opossum,95,2012-04-16 04:46:12,6f101feb-5567-11e8-ae55-dca9047ef277,1,3,2048,1494
59180ab6-23d2-11e8-a6a3-ec086b02610b,59180ab6-23d2-11e8-a6a3-ec086b02610b.jpg,1,opossum,115,2011-05-11 23:26:24,6f112afd-5567-11e8-855e-dca9047ef277,2,3,2048,1494
59199751-23d2-11e8-a6a3-ec086b02610b,59199751-23d2-11e8-a6a3-ec086b02610b.jpg,1,opossum,98,2011-05-27 03:57:43,6f154045-5567-11e8-947b-dca9047ef277,1,3,2048,1494
5919988b-23d2-11e8-a6a3-ec086b02610b,5919988b-23d2-11e8-a6a3-ec086b02610b.jpg,1,opossum,112,2011-07-14 21:06:04,6f0eb5cf-5567-11e8-8258-dca9047ef277,1,3,2048,1494
591b237e-23d2-11e8-a6a3-ec086b02610b,591b237e-23d2-11e8-a6a3-ec086b02610b.jpg,1,opossum,78,2012-03-31 03:33:23,6f1c3ac0-5567-11e8-8f67-dca9047ef277,2,3,2048,1494
591cb17b-23d2-11e8-a6a3-ec086b02610b,591cb17b-23d2-11e8-a6a3-ec086b02610b.jpg,1,opossum,98,2012-04-26 06:50:22,6f1574f5-5567-11e8-bc02-dca9047ef277,3,3,2048,1494
591cb191-23d2-11e8-a6a3-ec086b02610b,591cb191-23d2-11e8-a6a3-ec086b02610b.jpg,1,opossum,75,2012-01-01 01:46:47,6efd794f-5567-11e8-81cb-dca9047ef277,1,3,2048,1494
591cb224-23d2-11e8-a6a3-ec086b02610b,591cb224-23d2-11e8-a6a3-ec086b02610b.jpg,1,opossum,90,2012-05-01 20:35:36,6f0fc307-5567-11e8-9207-dca9047ef277,1,3,2048,1494
591cb22d-23d2-11e8-a6a3-ec086b02610b,591cb22d-23d2-11e8-a6a3-ec086b02610b.jpg,1,opossum,83,2014-05-20 01:27:21,701ee03a-5567-11e8-8a96-dca9047ef277,3,3,2048,1494
591cb271-23d2-11e8-a6a3-ec086b02610b,591cb271-23d2-11e8-a6a3-ec086b02610b.jpg,1,opossum,112,2012-05-14 12:08:20,6f0f428f-5567-11e8-9af6-dca9047ef277,1,3,2048,1494
591cb38a-23d2-11e8-a6a3-ec086b02610b,591cb38a-23d2-11e8-a6a3-ec086b02610b.jpg,1,opossum,112,2011-05-18 05:08:20,6f0e5dd7-5567-11e8-b6a7-dca9047ef277,2,3,2048,1494
591e3fdb-23d2-11e8-a6a3-ec086b02610b,591e3fdb-23d2-11e8-a6a3-ec086b02610b.jpg,1,opossum,108,2011-06-06 02:35:31,6f14cce1-5567-11e8-a458-dca9047ef277,2,3,2048,1494
591e42aa-23d2-11e8-a6a3-ec086b02610b,591e42aa-23d2-11e8-a6a3-ec086b02610b.jpg,1,opossum,75,2011-07-14 01:53:16,6efd3c8a-5567-11e8-a439-dca9047ef277,2,3,2048,1494
591e4305-23d2-11e8-a6a3-ec086b02610b,591e4305-23d2-11e8-a6a3-ec086b02610b.jpg,1,opossum,83,2014-05-14 23:56:51,701edc1e-5567-11e8-b1a7-dca9047ef277,2,3,2048,1494
591fd0e1-23d2-11e8-a6a3-ec086b02610b,591fd0e1-23d2-11e8-a6a3-ec086b02610b.jpg,1,opossum,107,2012-01-13 02:32:15,6f0e0535-5567-11e8-b756-dca9047ef277,1,3,2048,1494
591fd1f1-23d2-11e8-a6a3-ec086b02610b,591fd1f1-23d2-11e8-a6a3-ec086b02610b.jpg,1,opossum,98,2012-05-26 20:25:47,6f159a11-5567-11e8-a77a-dca9047ef277,2,3,2048,1494
591fd203-23d2-11e8-a6a3-ec086b02610b,591fd203-23d2-11e8-a6a3-ec086b02610b.jpg,1,opossum,103,2012-02-08 01:56:30,6f1b29d1-5567-11e8-a07c-dca9047ef277,3,3,2048,1494
591fd2a1-23d2-11e8-a6a3-ec086b02610b,591fd2a1-23d2-11e8-a6a3-ec086b02610b.jpg,1,opossum,112,2011-07-04 03:14:29,6f0ea54a-5567-11e8-a2a2-dca9047ef277,1,3,2048,1494
591fd318-23d2-11e8-a6a3-ec086b02610b,591fd318-23d2-11e8-a6a3-ec086b02610b.jpg,1,opossum,83,2014-05-14 23:09:40,701edbcf-5567-11e8-bf6f-dca9047ef277,1,3,2048,1494
592164e8-23d2-11e8-a6a3-ec086b02610b,592164e8-23d2-11e8-a6a3-ec086b02610b.jpg,1,opossum,108,2011-10-09 02:37:00,6f14fd28-5567-11e8-b60a-dca9047ef277,1,3,2048,1494
592164f0-23d2-11e8-a6a3-ec086b02610b,592164f0-23d2-11e8-a6a3-ec086b02610b.jpg,1,opossum,103,2011-12-28 20:45:38,6f1b1adc-5567-11e8-8e1d-dca9047ef277,3,3,2048,1494
5921653b-23d2-11e8-a6a3-ec086b02610b,5921653b-23d2-11e8-a6a3-ec086b02610b.jpg,1,opossum,100,2010-09-11 12:17:31,6f1d72f0-5567-11e8-9715-dca9047ef277,3,3,2048,1494
592165a9-23d2-11e8-a6a3-ec086b02610b,592165a9-23d2-11e8-a6a3-ec086b02610b.jpg,1,opossum,78,2012-02-06 05:26:11,6f1c14c7-5567-11e8-8d22-dca9047ef277,3,3,2048,1494
592165bc-23d2-11e8-a6a3-ec086b02610b,592165bc-23d2-11e8-a6a3-ec086b02610b.jpg,1,opossum,108,2012-04-30 01:16:04,6f15226b-5567-11e8-9e19-dca9047ef277,1,3,2048,1494
59216616-23d2-11e8-a6a3-ec086b02610b,59216616-23d2-11e8-a6a3-ec086b02610b.jpg,1,opossum,100,2010-10-10 20:05:49,6f1d914a-5567-11e8-8b01-dca9047ef277,2,3,2048,1494
5922eb93-23d2-11e8-a6a3-ec086b02610b,5922eb93-23d2-11e8-a6a3-ec086b02610b.jpg,1,opossum,90,2012-06-02 03:43:05,6f0fcc4a-5567-11e8-9e7f-dca9047ef277,3,3,2048,1494
5922eb95-23d2-11e8-a6a3-ec086b02610b,5922eb95-23d2-11e8-a6a3-ec086b02610b.jpg,1,opossum,112,2011-05-30 22:44:47,6f0e74b3-5567-11e8-86ed-dca9047ef277,1,3,2048,1494
5922ed01-23d2-11e8-a6a3-ec086b02610b,5922ed01-23d2-11e8-a6a3-ec086b02610b.jpg,1,opossum,95,2012-04-05 02:24:17,6f0ff9d4-5567-11e8-9c8f-dca9047ef277,1,3,2048,1494
592478bf-23d2-11e8-a6a3-ec086b02610b,592478bf-23d2-11e8-a6a3-ec086b02610b.jpg,1,opossum,125,2012-03-16 05:41:42,6f161e7d-5567-11e8-b6d3-dca9047ef277,2,3,2048,1494
59247916-23d2-11e8-a6a3-ec086b02610b,59247916-23d2-11e8-a6a3-ec086b02610b.jpg,1,opossum,100,2010-09-04 12:01:36,6f1d7097-5567-11e8-b286-dca9047ef277,3,3,2048,1494
59247c21-23d2-11e8-a6a3-ec086b02610b,59247c21-23d2-11e8-a6a3-ec086b02610b.jpg,1,opossum,108,2011-08-17 12:32:30,6f14e017-5567-11e8-ad94-dca9047ef277,1,3,2048,1494
59260d1b-23d2-11e8-a6a3-ec086b02610b,59260d1b-23d2-11e8-a6a3-ec086b02610b.jpg,1,opossum,103,2011-07-28 03:28:36,6f1ace4c-5567-11e8-9ead-dca9047ef277,2,3,2048,1494
59260d63-23d2-11e8-a6a3-ec086b02610b,59260d63-23d2-11e8-a6a3-ec086b02610b.jpg,1,opossum,88,2011-05-27 23:53:24,6f13712e-5567-11e8-802f-dca9047ef277,1,3,2048,1494
59260d7c-23d2-11e8-a6a3-ec086b02610b,59260d7c-23d2-11e8-a6a3-ec086b02610b.jpg,1,opossum,75,2011-12-27 21:17:46,6efd7835-5567-11e8-a9d2-dca9047ef277,1,3,2048,1494
59260df9-23d2-11e8-a6a3-ec086b02610b,59260df9-23d2-11e8-a6a3-ec086b02610b.jpg,1,opossum,108,2011-07-28 05:41:15,6f14d9d7-5567-11e8-9d79-dca9047ef277,3,3,2048,1494
59279c28-23d2-11e8-a6a3-ec086b02610b,59279c28-23d2-11e8-a6a3-ec086b02610b.jpg,1,opossum,96,2014-03-30 02:53:41,6f97a3e8-5567-11e8-88f2-dca9047ef277,1,1,2048,1494
59292d4d-23d2-11e8-a6a3-ec086b02610b,59292d4d-23d2-11e8-a6a3-ec086b02610b.jpg,1,opossum,90,2012-04-26 02:05:17,6f0fc0e1-5567-11e8-9a7b-dca9047ef277,1,3,2048,1494
5929301a-23d2-11e8-a6a3-ec086b02610b,5929301a-23d2-11e8-a6a3-ec086b02610b.jpg,1,opossum,95,2012-05-24 12:01:36,6f1063b3-5567-11e8-884f-dca9047ef277,3,3,2048,1494
592abf5d-23d2-11e8-a6a3-ec086b02610b,592abf5d-23d2-11e8-a6a3-ec086b02610b.jpg,1,opossum,88,2012-03-16 23:42:55,6f147e28-5567-11e8-b7f7-dca9047ef277,2,3,2048,1494
592ac02e-23d2-11e8-a6a3-ec086b02610b,592ac02e-23d2-11e8-a6a3-ec086b02610b.jpg,1,opossum,88,2011-08-05 22:05:45,6f13df4c-5567-11e8-ba1e-dca9047ef277,1,3,2048,1494
592ac0f3-23d2-11e8-a6a3-ec086b02610b,592ac0f3-23d2-11e8-a6a3-ec086b02610b.jpg,1,opossum,108,2011-05-28 04:13:25,6f14c694-5567-11e8-b853-dca9047ef277,2,3,2048,1494
592ac102-23d2-11e8-a6a3-ec086b02610b,592ac102-23d2-11e8-a6a3-ec086b02610b.jpg,1,opossum,81,2012-04-25 22:15:03,6f10d819-5567-11e8-92f1-dca9047ef277,3,3,2048,1494
592ac109-23d2-11e8-a6a3-ec086b02610b,592ac109-23d2-11e8-a6a3-ec086b02610b.jpg,1,opossum,81,2011-09-15 01:19:45,6f10c6c2-5567-11e8-b6f2-dca9047ef277,2,3,2048,1494
592ac110-23d2-11e8-a6a3-ec086b02610b,592ac110-23d2-11e8-a6a3-ec086b02610b.jpg,1,opossum,90,2012-03-17 23:37:52,6f0fb480-5567-11e8-b196-dca9047ef277,2,3,2048,1494
592c4c57-23d2-11e8-a6a3-ec086b02610b,592c4c57-23d2-11e8-a6a3-ec086b02610b.jpg,1,opossum,83,2014-09-12 21:36:33,701ee954-5567-11e8-85c6-dca9047ef277,4,5,2048,1494
592c4cab-23d2-11e8-a6a3-ec086b02610b,592c4cab-23d2-11e8-a6a3-ec086b02610b.jpg,1,opossum,95,2012-05-07 20:38:00,6f104740-5567-11e8-80a2-dca9047ef277,2,3,2048,1494
592c4d5f-23d2-11e8-a6a3-ec086b02610b,592c4d5f-23d2-11e8-a6a3-ec086b02610b.jpg,1,opossum,90,2012-05-18 01:03:07,6f0fc754-5567-11e8-b77c-dca9047ef277,1,3,2048,1494
592c4e34-23d2-11e8-a6a3-ec086b02610b,592c4e34-23d2-11e8-a6a3-ec086b02610b.jpg,1,opossum,90,2012-03-29 05:37:52,6f0fb69c-5567-11e8-80d4-dca9047ef277,1,3,2048,1494
592de699-23d2-11e8-a6a3-ec086b02610b,592de699-23d2-11e8-a6a3-ec086b02610b.jpg,1,opossum,90,2012-04-11 11:22:42,6f0fba7a-5567-11e8-9718-dca9047ef277,3,3,2048,1494
592f6fda-23d2-11e8-a6a3-ec086b02610b,592f6fda-23d2-11e8-a6a3-ec086b02610b.jpg,1,opossum,112,2011-05-20 23:29:36,6f0e660c-5567-11e8-8fc8-dca9047ef277,3,3,2048,1494
592f71d0-23d2-11e8-a6a3-ec086b02610b,592f71d0-23d2-11e8-a6a3-ec086b02610b.jpg,1,opossum,130,2012-02-27 12:09:00,6f0d6019-5567-11e8-b11f-dca9047ef277,2,3,2048,1494
592f71fe-23d2-11e8-a6a3-ec086b02610b,592f71fe-23d2-11e8-a6a3-ec086b02610b.jpg,1,opossum,75,2012-03-28 22:15:05,6efe1963-5567-11e8-ae7f-dca9047ef277,3,3,2048,1494
592f7225-23d2-11e8-a6a3-ec086b02610b,592f7225-23d2-11e8-a6a3-ec086b02610b.jpg,1,opossum,100,2010-06-08 23:45:13,6f1d2c3a-5567-11e8-89d9-dca9047ef277,5,5,2048,1494
592f725d-23d2-11e8-a6a3-ec086b02610b,592f725d-23d2-11e8-a6a3-ec086b02610b.jpg,1,opossum,125,2011-12-16 01:53:36,6f15fff3-5567-11e8-92b0-dca9047ef277,2,3,2048,1494
5930ff76-23d2-11e8-a6a3-ec086b02610b,5930ff76-23d2-11e8-a6a3-ec086b02610b.jpg,1,opossum,75,2011-12-25 21:14:40,6efd757d-5567-11e8-8adc-dca9047ef277,2,3,2048,1494
5930ff7c-23d2-11e8-a6a3-ec086b02610b,5930ff7c-23d2-11e8-a6a3-ec086b02610b.jpg,1,opossum,83,2014-06-09 03:49:17,701ee6f0-5567-11e8-88d7-dca9047ef277,1,3,2048,1494
59310174-23d2-11e8-a6a3-ec086b02610b,59310174-23d2-11e8-a6a3-ec086b02610b.jpg,1,opossum,75,2011-08-19 01:12:20,6efd4c3d-5567-11e8-ba02-dca9047ef277,2,3,2048,1494
59328a08-23d2-11e8-a6a3-ec086b02610b,59328a08-23d2-11e8-a6a3-ec086b02610b.jpg,1,opossum,100,2010-06-04 01:30:43,6f1d1e99-5567-11e8-b530-dca9047ef277,5,5,2048,1494
59328b33-23d2-11e8-a6a3-ec086b02610b,59328b33-23d2-11e8-a6a3-ec086b02610b.jpg,1,opossum,100,2011-05-28 02:51:23,6f1ee55c-5567-11e8-84f4-dca9047ef277,2,3,2048,1494
59328c44-23d2-11e8-a6a3-ec086b02610b,59328c44-23d2-11e8-a6a3-ec086b02610b.jpg,1,opossum,75,2011-06-24 02:17:13,6efd358a-5567-11e8-966a-dca9047ef277,3,3,2048,1494
59328d44-23d2-11e8-a6a3-ec086b02610b,59328d44-23d2-11e8-a6a3-ec086b02610b.jpg,1,opossum,95,2012-06-07 03:10:44,6f108ee6-5567-11e8-8920-dca9047ef277,1,3,2048,1494
59328d51-23d2-11e8-a6a3-ec086b02610b,59328d51-23d2-11e8-a6a3-ec086b02610b.jpg,1,opossum,75,2012-02-28 23:06:22,6efe146e-5567-11e8-9008-dca9047ef277,1,3,2048,1494
59328d57-23d2-11e8-a6a3-ec086b02610b,59328d57-23d2-11e8-a6a3-ec086b02610b.jpg,1,opossum,100,2010-10-12 05:41:21,6f1d94c5-5567-11e8-8df7-dca9047ef277,1,3,2048,1494
5934186f-23d2-11e8-a6a3-ec086b02610b,5934186f-23d2-11e8-a6a3-ec086b02610b.jpg,1,opossum,112,2012-05-06 22:56:37,6f0f400c-5567-11e8-bfb1-dca9047ef277,1,3,2048,1494
59341986-23d2-11e8-a6a3-ec086b02610b,59341986-23d2-11e8-a6a3-ec086b02610b.jpg,1,opossum,90,2012-06-04 22:29:03,6f0fccb8-5567-11e8-93e7-dca9047ef277,1,3,2048,1494
593419ab-23d2-11e8-a6a3-ec086b02610b,593419ab-23d2-11e8-a6a3-ec086b02610b.jpg,1,opossum,75,2011-07-21 03:00:17,6efd3f42-5567-11e8-a434-dca9047ef277,3,3,2048,1494
59341a04-23d2-11e8-a6a3-ec086b02610b,59341a04-23d2-11e8-a6a3-ec086b02610b.jpg,1,opossum,112,2011-05-08 04:32:42,6f0e5305-5567-11e8-8125-dca9047ef277,3,3,2048,1494
59341a91-23d2-11e8-a6a3-ec086b02610b,59341a91-23d2-11e8-a6a3-ec086b02610b.jpg,1,opossum,98,2012-05-28 03:25:39,6f159f30-5567-11e8-a902-dca9047ef277,3,3,2048,1494
59341a9e-23d2-11e8-a6a3-ec086b02610b,59341a9e-23d2-11e8-a6a3-ec086b02610b.jpg,1,opossum,125,2012-04-28 01:16:58,6f165dcf-5567-11e8-9502-dca9047ef277,1,3,2048,1494
59341b56-23d2-11e8-a6a3-ec086b02610b,59341b56-23d2-11e8-a6a3-ec086b02610b.jpg,1,opossum,88,2011-08-22 02:35:56,6f13ecb0-5567-11e8-8708-dca9047ef277,2,3,2048,1494
5935a767-23d2-11e8-a6a3-ec086b02610b,5935a767-23d2-11e8-a6a3-ec086b02610b.jpg,1,opossum,78,2012-01-13 19:51:26,6f1c0526-5567-11e8-bb21-dca9047ef277,1,3,2048,1494
5935a7a2-23d2-11e8-a6a3-ec086b02610b,5935a7a2-23d2-11e8-a6a3-ec086b02610b.jpg,1,opossum,83,2014-06-04 23:18:27,701ee651-5567-11e8-af32-dca9047ef277,2,3,2048,1494
5935a7c8-23d2-11e8-a6a3-ec086b02610b,5935a7c8-23d2-11e8-a6a3-ec086b02610b.jpg,1,opossum,115,2011-05-18 21:01:33,6f114840-5567-11e8-a529-dca9047ef277,1,3,2048,1494
5935a85f-23d2-11e8-a6a3-ec086b02610b,5935a85f-23d2-11e8-a6a3-ec086b02610b.jpg,1,opossum,78,2012-02-03 12:22:41,6f1c12a1-5567-11e8-8bb3-dca9047ef277,3,3,2048,1494
59373376-23d2-11e8-a6a3-ec086b02610b,59373376-23d2-11e8-a6a3-ec086b02610b.jpg,1,opossum,95,2012-05-06 04:17:34,6f1044cc-5567-11e8-9fde-dca9047ef277,1,3,2048,1494
5937340e-23d2-11e8-a6a3-ec086b02610b,5937340e-23d2-11e8-a6a3-ec086b02610b.jpg,1,opossum,103,2012-05-13 01:42:32,6f1b6185-5567-11e8-981c-dca9047ef277,2,3,2048,1494
593735d8-23d2-11e8-a6a3-ec086b02610b,593735d8-23d2-11e8-a6a3-ec086b02610b.jpg,1,opossum,100,2011-02-18 23:08:28,6f1e5923-5567-11e8-a79d-dca9047ef277,2,3,2048,1494
5938c042-23d2-11e8-a6a3-ec086b02610b,5938c042-23d2-11e8-a6a3-ec086b02610b.jpg,1,opossum,108,2012-04-05 04:09:24,6f151811-5567-11e8-bc34-dca9047ef277,1,3,2048,1494
5938c09a-23d2-11e8-a6a3-ec086b02610b,5938c09a-23d2-11e8-a6a3-ec086b02610b.jpg,1,opossum,105,2011-12-30 02:02:42,6f19d597-5567-11e8-90c8-dca9047ef277,1,3,2048,1494
5938c1b8-23d2-11e8-a6a3-ec086b02610b,5938c1b8-23d2-11e8-a6a3-ec086b02610b.jpg,1,opossum,103,2012-05-16 04:46:14,6f1b672e-5567-11e8-b6c1-dca9047ef277,2,3,2048,1494
5938c1f8-23d2-11e8-a6a3-ec086b02610b,5938c1f8-23d2-11e8-a6a3-ec086b02610b.jpg,1,opossum,103,2012-04-22 21:59:59,6f1b5240-5567-11e8-b6a2-dca9047ef277,1,3,2048,1494
593a4d8c-23d2-11e8-a6a3-ec086b02610b,593a4d8c-23d2-11e8-a6a3-ec086b02610b.jpg,1,opossum,107,2011-07-21 02:39:10,6f0daef5-5567-11e8-8f8e-dca9047ef277,1,3,2048,1494
593a4dc8-23d2-11e8-a6a3-ec086b02610b,593a4dc8-23d2-11e8-a6a3-ec086b02610b.jpg,1,opossum,98,2012-04-28 01:24:31,6f157b17-5567-11e8-a6a5-dca9047ef277,3,3,2048,1494
593a4df1-23d2-11e8-a6a3-ec086b02610b,593a4df1-23d2-11e8-a6a3-ec086b02610b.jpg,1,opossum,108,2011-09-02 04:18:07,6f14e626-5567-11e8-abd5-dca9047ef277,2,3,2048,1494
593a4e99-23d2-11e8-a6a3-ec086b02610b,593a4e99-23d2-11e8-a6a3-ec086b02610b.jpg,1,opossum,90,2012-03-17 23:37:55,6f0fb4d9-5567-11e8-a383-dca9047ef277,2,3,2048,1494
593a4e9f-23d2-11e8-a6a3-ec086b02610b,593a4e9f-23d2-11e8-a6a3-ec086b02610b.jpg,1,opossum,78,2011-08-16 05:54:03,6f1ba254-5567-11e8-926f-dca9047ef277,2,3,2048,1494
593a4f1a-23d2-11e8-a6a3-ec086b02610b,593a4f1a-23d2-11e8-a6a3-ec086b02610b.jpg,1,opossum,103,2011-09-05 03:22:46,6f1ae40c-5567-11e8-b720-dca9047ef277,3,3,2048,1494
593a4f97-23d2-11e8-a6a3-ec086b02610b,593a4f97-23d2-11e8-a6a3-ec086b02610b.jpg,1,opossum,75,2011-06-09 23:08:54,6efd2cab-5567-11e8-9135-dca9047ef277,1,3,2048,1494
593a508e-23d2-11e8-a6a3-ec086b02610b,593a508e-23d2-11e8-a6a3-ec086b02610b.jpg,1,opossum,115,2011-07-09 01:36:23,6f118059-5567-11e8-9264-dca9047ef277,1,3,2048,1494
593bdae9-23d2-11e8-a6a3-ec086b02610b,593bdae9-23d2-11e8-a6a3-ec086b02610b.jpg,1,opossum,83,2014-09-14 04:10:59,701ee9ae-5567-11e8-82ff-dca9047ef277,2,5,2048,1494
593bdc53-23d2-11e8-a6a3-ec086b02610b,593bdc53-23d2-11e8-a6a3-ec086b02610b.jpg,1,opossum,78,2011-06-15 04:36:02,6f1b8791-5567-11e8-91d7-dca9047ef277,3,3,2048,1494
593bdc90-23d2-11e8-a6a3-ec086b02610b,593bdc90-23d2-11e8-a6a3-ec086b02610b.jpg,1,opossum,81,2012-04-30 23:07:44,6f10d978-5567-11e8-afa7-dca9047ef277,3,3,2048,1494
593bde17-23d2-11e8-a6a3-ec086b02610b,593bde17-23d2-11e8-a6a3-ec086b02610b.jpg,1,opossum,107,2012-01-14 02:12:12,6f0e05eb-5567-11e8-a7a3-dca9047ef277,2,3,2048,1494
593d67ba-23d2-11e8-a6a3-ec086b02610b,593d67ba-23d2-11e8-a6a3-ec086b02610b.jpg,1,opossum,98,2012-06-07 02:18:52,6f15a226-5567-11e8-aa19-dca9047ef277,1,3,2048,1494
593d67e5-23d2-11e8-a6a3-ec086b02610b,593d67e5-23d2-11e8-a6a3-ec086b02610b.jpg,1,opossum,115,2011-12-26 20:10:49,6f11d699-5567-11e8-876d-dca9047ef277,3,3,2048,1494
593d680f-23d2-11e8-a6a3-ec086b02610b,593d680f-23d2-11e8-a6a3-ec086b02610b.jpg,1,opossum,83,2014-05-16 23:31:54,701ede00-5567-11e8-b0ab-dca9047ef277,1,3,2048,1494
593d6903-23d2-11e8-a6a3-ec086b02610b,593d6903-23d2-11e8-a6a3-ec086b02610b.jpg,1,opossum,98,2011-04-22 20:42:36,6f1534f0-5567-11e8-b9b5-dca9047ef277,1,3,2048,1494
593ef57e-23d2-11e8-a6a3-ec086b02610b,593ef57e-23d2-11e8-a6a3-ec086b02610b.jpg,1,opossum,115,2012-02-23 01:08:41,6f11f8d9-5567-11e8-8a58-dca9047ef277,2,3,2048,1494
593ef68f-23d2-11e8-a6a3-ec086b02610b,593ef68f-23d2-11e8-a6a3-ec086b02610b.jpg,1,opossum,98,2012-05-23 12:57:54,6f1596a1-5567-11e8-bf78-dca9047ef277,3,3,2048,1494
593ef6cf-23d2-11e8-a6a3-ec086b02610b,593ef6cf-23d2-11e8-a6a3-ec086b02610b.jpg,1,opossum,130,2012-04-13 20:28:42,6f0d72cf-5567-11e8-9cd0-dca9047ef277,3,3,2048,1494
593ef792-23d2-11e8-a6a3-ec086b02610b,593ef792-23d2-11e8-a6a3-ec086b02610b.jpg,1,opossum,100,2010-06-08 21:05:12,6f1d2b9c-5567-11e8-9e71-dca9047ef277,3,5,2048,1494
593ef801-23d2-11e8-a6a3-ec086b02610b,593ef801-23d2-11e8-a6a3-ec086b02610b.jpg,1,opossum,112,2012-03-16 06:47:03,6f0f23b0-5567-11e8-af95-dca9047ef277,1,3,2048,1494
5940843d-23d2-11e8-a6a3-ec086b02610b,5940843d-23d2-11e8-a6a3-ec086b02610b.jpg,1,opossum,78,2012-06-01 22:52:45,6f1c650c-5567-11e8-9ca6-dca9047ef277,2,3,2048,1494
59408499-23d2-11e8-a6a3-ec086b02610b,59408499-23d2-11e8-a6a3-ec086b02610b.jpg,1,opossum,125,2012-03-04 02:52:59,6f1616a3-5567-11e8-a35e-dca9047ef277,3,3,2048,1494
594084c5-23d2-11e8-a6a3-ec086b02610b,594084c5-23d2-11e8-a6a3-ec086b02610b.jpg,1,opossum,103,2011-06-14 22:23:01,6f1aa5fa-5567-11e8-959c-dca9047ef277,3,3,2048,1494
59420eea-23d2-11e8-a6a3-ec086b02610b,59420eea-23d2-11e8-a6a3-ec086b02610b.jpg,1,opossum,130,2012-02-09 19:15:36,6f0d50b3-5567-11e8-a444-dca9047ef277,3,3,2048,1494
59420f1c-23d2-11e8-a6a3-ec086b02610b,59420f1c-23d2-11e8-a6a3-ec086b02610b.jpg,1,opossum,98,2012-05-23 21:24:55,6f159791-5567-11e8-9cbb-dca9047ef277,2,3,2048,1494
59420f83-23d2-11e8-a6a3-ec086b02610b,59420f83-23d2-11e8-a6a3-ec086b02610b.jpg,1,opossum,81,2011-05-22 22:13:05,6f10bc70-5567-11e8-9c79-dca9047ef277,3,3,2048,1494
59421001-23d2-11e8-a6a3-ec086b02610b,59421001-23d2-11e8-a6a3-ec086b02610b.jpg,1,opossum,125,2012-03-14 21:54:27,6f161d40-5567-11e8-8a41-dca9047ef277,3,3,2048,1494
59421137-23d2-11e8-a6a3-ec086b02610b,59421137-23d2-11e8-a6a3-ec086b02610b.jpg,1,opossum,108,2011-06-08 22:39:15,6f14cdcf-5567-11e8-adf7-dca9047ef277,2,3,2048,1494
59439d58-23d2-11e8-a6a3-ec086b02610b,59439d58-23d2-11e8-a6a3-ec086b02610b.jpg,1,opossum,103,2011-07-14 23:14:59,6f1ac173-5567-11e8-af91-dca9047ef277,3,3,2048,1494
59439d99-23d2-11e8-a6a3-ec086b02610b,59439d99-23d2-11e8-a6a3-ec086b02610b.jpg,1,opossum,98,2012-05-09 20:20:43,6f158307-5567-11e8-9156-dca9047ef277,3,3,2048,1494
59439e1e-23d2-11e8-a6a3-ec086b02610b,59439e1e-23d2-11e8-a6a3-ec086b02610b.jpg,1,opossum,100,2010-05-25 23:00:33,6f1d0d54-5567-11e8-87f6-dca9047ef277,1,5,2048,1494
59439eed-23d2-11e8-a6a3-ec086b02610b,59439eed-23d2-11e8-a6a3-ec086b02610b.jpg,1,opossum,78,2012-04-16 22:02:09,6f1c4633-5567-11e8-bed9-dca9047ef277,2,3,2048,1494
59439f3b-23d2-11e8-a6a3-ec086b02610b,59439f3b-23d2-11e8-a6a3-ec086b02610b.jpg,1,opossum,105,2012-03-28 01:05:17,6f1a26c2-5567-11e8-bd86-dca9047ef277,3,3,2048,1494
59439f4a-23d2-11e8-a6a3-ec086b02610b,59439f4a-23d2-11e8-a6a3-ec086b02610b.jpg,1,opossum,95,2012-04-13 06:45:14,6f1017eb-5567-11e8-82d0-dca9047ef277,1,3,2048,1494
59439fbb-23d2-11e8-a6a3-ec086b02610b,59439fbb-23d2-11e8-a6a3-ec086b02610b.jpg,1,opossum,100,2011-03-27 23:01:51,6f1eaa94-5567-11e8-bcd1-dca9047ef277,3,3,2048,1494
59452acb-23d2-11e8-a6a3-ec086b02610b,59452acb-23d2-11e8-a6a3-ec086b02610b.jpg,1,opossum,95,2012-04-19 04:03:07,6f10288f-5567-11e8-b2ce-dca9047ef277,3,3,2048,1494
59452adf-23d2-11e8-a6a3-ec086b02610b,59452adf-23d2-11e8-a6a3-ec086b02610b.jpg,1,opossum,78,2011-09-14 12:20:51,6f1bb4a6-5567-11e8-b1c9-dca9047ef277,2,3,2048,1494
59452af1-23d2-11e8-a6a3-ec086b02610b,59452af1-23d2-11e8-a6a3-ec086b02610b.jpg,1,opossum,100,2010-06-04 03:27:00,6f1d1f8a-5567-11e8-941c-dca9047ef277,1,5,2048,1494
59452b6c-23d2-11e8-a6a3-ec086b02610b,59452b6c-23d2-11e8-a6a3-ec086b02610b.jpg,1,opossum,95,2012-04-21 20:22:41,6f102f14-5567-11e8-bce3-dca9047ef277,1,3,2048,1494
59452cb1-23d2-11e8-a6a3-ec086b02610b,59452cb1-23d2-11e8-a6a3-ec086b02610b.jpg,1,opossum,78,2012-04-09 23:12:32,6f1c40ae-5567-11e8-86bb-dca9047ef277,2,3,2048,1494
5946b77e-23d2-11e8-a6a3-ec086b02610b,5946b77e-23d2-11e8-a6a3-ec086b02610b.jpg,1,opossum,107,2011-10-12 03:55:01,6f0de83a-5567-11e8-976d-dca9047ef277,1,3,2048,1494
5946b8b5-23d2-11e8-a6a3-ec086b02610b,5946b8b5-23d2-11e8-a6a3-ec086b02610b.jpg,1,opossum,95,2012-04-16 22:20:26,6f1020e6-5567-11e8-be7c-dca9047ef277,1,3,2048,1494
5946b9ec-23d2-11e8-a6a3-ec086b02610b,5946b9ec-23d2-11e8-a6a3-ec086b02610b.jpg,1,opossum,125,2011-04-25 20:27:26,6f15a66b-5567-11e8-8a97-dca9047ef277,3,3,2048,1494
5946ba58-23d2-11e8-a6a3-ec086b02610b,5946ba58-23d2-11e8-a6a3-ec086b02610b.jpg,1,opossum,90,2012-05-26 01:07:27,6f0fc8ba-5567-11e8-bc39-dca9047ef277,2,3,2048,1494
5946bac9-23d2-11e8-a6a3-ec086b02610b,5946bac9-23d2-11e8-a6a3-ec086b02610b.jpg,1,opossum,108,2012-01-13 19:36:52,6f150805-5567-11e8-91ad-dca9047ef277,1,3,2048,1494
5946baea-23d2-11e8-a6a3-ec086b02610b,5946baea-23d2-11e8-a6a3-ec086b02610b.jpg,1,opossum,125,2012-04-22 23:11:19,6f164668-5567-11e8-b67f-dca9047ef277,2,3,2048,1494
59484576-23d2-11e8-a6a3-ec086b02610b,59484576-23d2-11e8-a6a3-ec086b02610b.jpg,1,opossum,81,2011-07-14 23:16:59,6f10c399-5567-11e8-b57f-dca9047ef277,1,3,2048,1494
594845f3-23d2-11e8-a6a3-ec086b02610b,594845f3-23d2-11e8-a6a3-ec086b02610b.jpg,1,opossum,108,2011-07-26 01:53:42,6f14d8e6-5567-11e8-b3cd-dca9047ef277,3,3,2048,1494
5948476d-23d2-11e8-a6a3-ec086b02610b,5948476d-23d2-11e8-a6a3-ec086b02610b.jpg,1,opossum,108,2012-02-04 20:28:24,6f150c6e-5567-11e8-b038-dca9047ef277,1,3,2048,1494
59484775-23d2-11e8-a6a3-ec086b02610b,59484775-23d2-11e8-a6a3-ec086b02610b.jpg,1,opossum,90,2012-02-17 20:31:45,6f0fa56b-5567-11e8-a218-dca9047ef277,2,3,2048,1494
5949d01d-23d2-11e8-a6a3-ec086b02610b,5949d01d-23d2-11e8-a6a3-ec086b02610b.jpg,1,opossum,105,2012-03-17 23:51:59,6f1a1159-5567-11e8-b1f0-dca9047ef277,1,3,2048,1494
5949d07b-23d2-11e8-a6a3-ec086b02610b,5949d07b-23d2-11e8-a6a3-ec086b02610b.jpg,1,opossum,98,2012-05-10 02:18:31,6f158494-5567-11e8-b833-dca9047ef277,2,3,2048,1494
59594e7d-23d2-11e8-a6a3-ec086b02610b,59594e7d-23d2-11e8-a6a3-ec086b02610b.jpg,1,opossum,70,2014-07-20 04:45:45,6fda7a4c-5567-11e8-9c10-dca9047ef277,1,1,2048,1494
59641d43-23d2-11e8-a6a3-ec086b02610b,59641d43-23d2-11e8-a6a3-ec086b02610b.jpg,1,opossum,51,2011-09-01 23:09:36,6f1cbc51-5567-11e8-9414-dca9047ef277,2,3,2048,1494
59641d74-23d2-11e8-a6a3-ec086b02610b,59641d74-23d2-11e8-a6a3-ec086b02610b.jpg,1,opossum,33,2011-05-30 01:40:45,6f087f26-5567-11e8-9a8b-dca9047ef277,3,3,2048,1494
59641ea6-23d2-11e8-a6a3-ec086b02610b,59641ea6-23d2-11e8-a6a3-ec086b02610b.jpg,1,opossum,40,2011-04-23 21:57:28,6f05b0a1-5567-11e8-80b1-dca9047ef277,3,3,2048,1494
59641f7e-23d2-11e8-a6a3-ec086b02610b,59641f7e-23d2-11e8-a6a3-ec086b02610b.jpg,1,opossum,24,2011-05-22 22:13:02,6f0a4f85-5567-11e8-b00a-dca9047ef277,3,3,2048,1494
5965a92a-23d2-11e8-a6a3-ec086b02610b,5965a92a-23d2-11e8-a6a3-ec086b02610b.jpg,1,opossum,43,2012-01-05 03:37:44,6f0c0df8-5567-11e8-8836-dca9047ef277,3,3,2048,1494
596734c8-23d2-11e8-a6a3-ec086b02610b,596734c8-23d2-11e8-a6a3-ec086b02610b.jpg,1,opossum,40,2011-06-06 12:26:14,6f05ef0f-5567-11e8-b8fa-dca9047ef277,1,3,2048,1494
59673532-23d2-11e8-a6a3-ec086b02610b,59673532-23d2-11e8-a6a3-ec086b02610b.jpg,1,opossum,38,2012-04-06 20:13:37,6f03ced7-5567-11e8-b306-dca9047ef277,1,3,2048,1494
5967365c-23d2-11e8-a6a3-ec086b02610b,5967365c-23d2-11e8-a6a3-ec086b02610b.jpg,1,opossum,58,2012-05-08 21:58:45,6f134c38-5567-11e8-8a8c-dca9047ef277,2,3,2048,1494
5968bfd7-23d2-11e8-a6a3-ec086b02610b,5968bfd7-23d2-11e8-a6a3-ec086b02610b.jpg,1,opossum,51,2011-09-01 04:07:54,6f1cb9a8-5567-11e8-b1da-dca9047ef277,3,3,2048,1494
5968c13c-23d2-11e8-a6a3-ec086b02610b,5968c13c-23d2-11e8-a6a3-ec086b02610b.jpg,1,opossum,5,2011-07-01 02:24:51,6f1924fa-5567-11e8-8927-dca9047ef277,1,3,2048,1494
596a4df8-23d2-11e8-a6a3-ec086b02610b,596a4df8-23d2-11e8-a6a3-ec086b02610b.jpg,1,opossum,7,2012-04-13 03:53:18,6f07a6dc-5567-11e8-a4cd-dca9047ef277,3,3,2048,1494
596bd7e2-23d2-11e8-a6a3-ec086b02610b,596bd7e2-23d2-11e8-a6a3-ec086b02610b.jpg,1,opossum,38,2012-01-16 20:05:00,6f02470a-5567-11e8-8c63-dca9047ef277,1,3,2048,1494
596bd7e9-23d2-11e8-a6a3-ec086b02610b,596bd7e9-23d2-11e8-a6a3-ec086b02610b.jpg,1,opossum,24,2012-04-14 12:59:32,6f0a9017-5567-11e8-81b4-dca9047ef277,1,3,2048,1494
596bd852-23d2-11e8-a6a3-ec086b02610b,596bd852-23d2-11e8-a6a3-ec086b02610b.jpg,1,opossum,7,2012-03-28 21:36:08,6f078382-5567-11e8-b103-dca9047ef277,2,3,2048,1494
596d6489-23d2-11e8-a6a3-ec086b02610b,596d6489-23d2-11e8-a6a3-ec086b02610b.jpg,1,opossum,43,2012-04-25 06:55:28,6f0cb7ba-5567-11e8-8868-dca9047ef277,1,3,2048,1494
596d65fa-23d2-11e8-a6a3-ec086b02610b,596d65fa-23d2-11e8-a6a3-ec086b02610b.jpg,1,opossum,58,2012-05-10 21:08:20,6f134e87-5567-11e8-bede-dca9047ef277,3,3,2048,1494
596eeda2-23d2-11e8-a6a3-ec086b02610b,596eeda2-23d2-11e8-a6a3-ec086b02610b.jpg,1,opossum,40,2011-05-27 22:28:58,6f05e0e8-5567-11e8-abdb-dca9047ef277,3,3,2048,1494
596eedcd-23d2-11e8-a6a3-ec086b02610b,596eedcd-23d2-11e8-a6a3-ec086b02610b.jpg,1,opossum,28,2011-10-07 22:28:17,6f1294c0-5567-11e8-8a93-dca9047ef277,1,3,2048,1494
596ef129-23d2-11e8-a6a3-ec086b02610b,596ef129-23d2-11e8-a6a3-ec086b02610b.jpg,1,opossum,51,2011-08-01 04:23:19,6f1c9a73-5567-11e8-bf8c-dca9047ef277,2,3,2048,1494
5971fa1f-23d2-11e8-a6a3-ec086b02610b,5971fa1f-23d2-11e8-a6a3-ec086b02610b.jpg,1,opossum,28,2012-04-20 04:43:13,6f12d3eb-5567-11e8-a8cc-dca9047ef277,3,3,2048,1494
5971fa8b-23d2-11e8-a6a3-ec086b02610b,5971fa8b-23d2-11e8-a6a3-ec086b02610b.jpg,1,opossum,40,2011-06-07 12:40:01,6f05ef99-5567-11e8-8895-dca9047ef277,3,3,2048,1494
5971fad3-23d2-11e8-a6a3-ec086b02610b,5971fad3-23d2-11e8-a6a3-ec086b02610b.jpg,1,opossum,5,2011-07-01 01:36:49,6f192463-5567-11e8-a90c-dca9047ef277,1,3,2048,1494
5971fb19-23d2-11e8-a6a3-ec086b02610b,5971fb19-23d2-11e8-a6a3-ec086b02610b.jpg,1,opossum,33,2011-06-14 03:50:09,6f089df8-5567-11e8-8563-dca9047ef277,1,3,2048,1494
5971fbd5-23d2-11e8-a6a3-ec086b02610b,5971fbd5-23d2-11e8-a6a3-ec086b02610b.jpg,1,opossum,28,2011-06-04 03:15:14,6f126be3-5567-11e8-ab94-dca9047ef277,1,3,2048,1494
59738909-23d2-11e8-a6a3-ec086b02610b,59738909-23d2-11e8-a6a3-ec086b02610b.jpg,1,opossum,38,2011-06-10 12:31:01,6efe41b5-5567-11e8-b07b-dca9047ef277,2,3,2048,1494
597514f7-23d2-11e8-a6a3-ec086b02610b,597514f7-23d2-11e8-a6a3-ec086b02610b.jpg,1,opossum,46,2011-07-08 23:36:48,6f171a4a-5567-11e8-b991-dca9047ef277,3,3,2048,1494
59751610-23d2-11e8-a6a3-ec086b02610b,59751610-23d2-11e8-a6a3-ec086b02610b.jpg,1,opossum,43,2012-01-27 03:07:21,6f0c2e0a-5567-11e8-ab22-dca9047ef277,3,3,2048,1494
5976a269-23d2-11e8-a6a3-ec086b02610b,5976a269-23d2-11e8-a6a3-ec086b02610b.jpg,1,opossum,51,2011-08-27 02:13:00,6f1cab40-5567-11e8-9648-dca9047ef277,3,3,2048,1494
5976a3b2-23d2-11e8-a6a3-ec086b02610b,5976a3b2-23d2-11e8-a6a3-ec086b02610b.jpg,1,opossum,60,2012-01-30 23:54:34,6f05804f-5567-11e8-b161-dca9047ef277,3,5,2048,1494
5976a476-23d2-11e8-a6a3-ec086b02610b,5976a476-23d2-11e8-a6a3-ec086b02610b.jpg,1,opossum,7,2012-03-12 20:30:25,6f076e87-5567-11e8-8d19-dca9047ef277,2,3,2048,1494
5976a4c9-23d2-11e8-a6a3-ec086b02610b,5976a4c9-23d2-11e8-a6a3-ec086b02610b.jpg,1,opossum,43,2012-01-20 04:15:24,6f0c22b5-5567-11e8-a527-dca9047ef277,3,3,2048,1494
5976a4fe-23d2-11e8-a6a3-ec086b02610b,5976a4fe-23d2-11e8-a6a3-ec086b02610b.jpg,1,opossum,40,2011-04-28 05:20:44,6f05b80c-5567-11e8-b394-dca9047ef277,3,3,2048,1494
59782f65-23d2-11e8-a6a3-ec086b02610b,59782f65-23d2-11e8-a6a3-ec086b02610b.jpg,1,opossum,28,2012-05-19 04:39:34,6f12f685-5567-11e8-840b-dca9047ef277,1,3,2048,1494
59782fd0-23d2-11e8-a6a3-ec086b02610b,59782fd0-23d2-11e8-a6a3-ec086b02610b.jpg,1,opossum,46,2011-11-10 04:09:26,6f17c2e1-5567-11e8-8fab-dca9047ef277,3,3,2048,1494
5978302a-23d2-11e8-a6a3-ec086b02610b,5978302a-23d2-11e8-a6a3-ec086b02610b.jpg,1,opossum,46,2012-01-27 21:18:31,6f1842f8-5567-11e8-b914-dca9047ef277,1,3,2048,1494
597830f9-23d2-11e8-a6a3-ec086b02610b,597830f9-23d2-11e8-a6a3-ec086b02610b.jpg,1,opossum,38,2012-04-07 04:49:51,6f03f168-5567-11e8-9596-dca9047ef277,3,3,2048,1494
59783127-23d2-11e8-a6a3-ec086b02610b,59783127-23d2-11e8-a6a3-ec086b02610b.jpg,1,opossum,40,2011-09-07 12:25:48,6f060570-5567-11e8-821f-dca9047ef277,3,3,2048,1494
59783139-23d2-11e8-a6a3-ec086b02610b,59783139-23d2-11e8-a6a3-ec086b02610b.jpg,1,opossum,28,2011-09-16 21:19:43,6f128f0a-5567-11e8-8a94-dca9047ef277,3,3,2048,1494
5979bb6a-23d2-11e8-a6a3-ec086b02610b,5979bb6a-23d2-11e8-a6a3-ec086b02610b.jpg,1,opossum,28,2011-06-13 22:54:47,6f1275a8-5567-11e8-949a-dca9047ef277,1,3,2048,1494
5979bbbb-23d2-11e8-a6a3-ec086b02610b,5979bbbb-23d2-11e8-a6a3-ec086b02610b.jpg,1,opossum,43,2012-04-16 01:13:16,6f0c8b82-5567-11e8-bb82-dca9047ef277,2,3,2048,1494
597b4809-23d2-11e8-a6a3-ec086b02610b,597b4809-23d2-11e8-a6a3-ec086b02610b.jpg,1,opossum,33,2011-05-16 12:48:44,6f0856e1-5567-11e8-88e2-dca9047ef277,1,3,2048,1494
597cd469-23d2-11e8-a6a3-ec086b02610b,597cd469-23d2-11e8-a6a3-ec086b02610b.jpg,1,opossum,7,2012-05-10 21:54:39,6f07c678-5567-11e8-9a17-dca9047ef277,1,3,2048,1494
597e610c-23d2-11e8-a6a3-ec086b02610b,597e610c-23d2-11e8-a6a3-ec086b02610b.jpg,1,opossum,28,2012-05-03 02:56:50,6f12ec54-5567-11e8-b1f9-dca9047ef277,1,3,2048,1494
597e6202-23d2-11e8-a6a3-ec086b02610b,597e6202-23d2-11e8-a6a3-ec086b02610b.jpg,1,opossum,58,2011-12-29 12:45:37,6f13190f-5567-11e8-82e3-dca9047ef277,2,3,2048,1494
597e6239-23d2-11e8-a6a3-ec086b02610b,597e6239-23d2-11e8-a6a3-ec086b02610b.jpg,1,opossum,46,2012-04-08 22:50:36,6f18b0b3-5567-11e8-80a3-dca9047ef277,2,3,2048,1494
597e6288-23d2-11e8-a6a3-ec086b02610b,597e6288-23d2-11e8-a6a3-ec086b02610b.jpg,1,opossum,7,2012-04-15 20:22:01,6f07ad59-5567-11e8-a93b-dca9047ef277,1,3,2048,1494
597e62c7-23d2-11e8-a6a3-ec086b02610b,597e62c7-23d2-11e8-a6a3-ec086b02610b.jpg,1,opossum,28,2012-04-09 21:02:59,6f12ca6e-5567-11e8-b8ff-dca9047ef277,1,3,2048,1494
597e6360-23d2-11e8-a6a3-ec086b02610b,597e6360-23d2-11e8-a6a3-ec086b02610b.jpg,1,opossum,40,2012-02-19 12:22:15,6f063247-5567-11e8-8ac8-dca9047ef277,3,5,2048,1494
597e6408-23d2-11e8-a6a3-ec086b02610b,597e6408-23d2-11e8-a6a3-ec086b02610b.jpg,1,opossum,40,2011-05-30 01:00:33,6f05e391-5567-11e8-b452-dca9047ef277,1,3,2048,1494
597e643d-23d2-11e8-a6a3-ec086b02610b,597e643d-23d2-11e8-a6a3-ec086b02610b.jpg,1,opossum,51,2011-09-08 05:13:57,6f1cd05c-5567-11e8-9a0a-dca9047ef277,2,3,2048,1494
597e648b-23d2-11e8-a6a3-ec086b02610b,597e648b-23d2-11e8-a6a3-ec086b02610b.jpg,1,opossum,18,2012-04-28 23:07:18,6f06bc87-5567-11e8-aeb2-dca9047ef277,3,3,2048,1494
597fedd9-23d2-11e8-a6a3-ec086b02610b,597fedd9-23d2-11e8-a6a3-ec086b02610b.jpg,1,opossum,43,2011-05-28 23:13:21,6f0ac4a3-5567-11e8-b69e-dca9047ef277,2,3,2048,1494
597ff093-23d2-11e8-a6a3-ec086b02610b,597ff093-23d2-11e8-a6a3-ec086b02610b.jpg,1,opossum,40,2011-05-30 01:00:38,6f05e3f8-5567-11e8-95b2-dca9047ef277,2,3,2048,1494
59817960-23d2-11e8-a6a3-ec086b02610b,59817960-23d2-11e8-a6a3-ec086b02610b.jpg,1,opossum,46,2012-02-19 22:32:07,6f186594-5567-11e8-bd19-dca9047ef277,1,3,2048,1494
59817adc-23d2-11e8-a6a3-ec086b02610b,59817adc-23d2-11e8-a6a3-ec086b02610b.jpg,1,opossum,58,2012-02-12 12:14:17,6f133026-5567-11e8-9bef-dca9047ef277,3,3,2048,1494
59817bd9-23d2-11e8-a6a3-ec086b02610b,59817bd9-23d2-11e8-a6a3-ec086b02610b.jpg,1,opossum,40,2011-06-16 01:38:14,6f05f773-5567-11e8-a7ca-dca9047ef277,1,3,2048,1494
59830792-23d2-11e8-a6a3-ec086b02610b,59830792-23d2-11e8-a6a3-ec086b02610b.jpg,1,opossum,43,2011-09-11 12:49:01,6f0b54a8-5567-11e8-9930-dca9047ef277,1,3,2048,1494
598307ef-23d2-11e8-a6a3-ec086b02610b,598307ef-23d2-11e8-a6a3-ec086b02610b.jpg,1,opossum,33,2011-05-29 04:10:36,6f087c23-5567-11e8-bb73-dca9047ef277,2,3,2048,1494
598308ef-23d2-11e8-a6a3-ec086b02610b,598308ef-23d2-11e8-a6a3-ec086b02610b.jpg,1,opossum,40,2011-06-06 03:28:37,6f05eea1-5567-11e8-920e-dca9047ef277,1,3,2048,1494
598309eb-23d2-11e8-a6a3-ec086b02610b,598309eb-23d2-11e8-a6a3-ec086b02610b.jpg,1,opossum,40,2011-04-25 04:20:10,6f05b49e-5567-11e8-a401-dca9047ef277,1,3,2048,1494
59849507-23d2-11e8-a6a3-ec086b02610b,59849507-23d2-11e8-a6a3-ec086b02610b.jpg,1,opossum,51,2011-09-01 23:51:41,6f1cbdd7-5567-11e8-b6d0-dca9047ef277,1,3,2048,1494
5984967f-23d2-11e8-a6a3-ec086b02610b,5984967f-23d2-11e8-a6a3-ec086b02610b.jpg,1,opossum,7,2011-06-19 14:07:53,6f06c9b0-5567-11e8-8fe6-dca9047ef277,1,3,2048,1494
59849730-23d2-11e8-a6a3-ec086b02610b,59849730-23d2-11e8-a6a3-ec086b02610b.jpg,1,opossum,60,2012-01-31 12:05:25,6f0580d1-5567-11e8-b214-dca9047ef277,1,5,2048,1494
598497a5-23d2-11e8-a6a3-ec086b02610b,598497a5-23d2-11e8-a6a3-ec086b02610b.jpg,1,opossum,28,2012-04-21 23:35:04,6f12d4ee-5567-11e8-8d8f-dca9047ef277,1,3,2048,1494
598497f8-23d2-11e8-a6a3-ec086b02610b,598497f8-23d2-11e8-a6a3-ec086b02610b.jpg,1,opossum,33,2011-05-10 07:55:02,6f08105e-5567-11e8-af95-dca9047ef277,2,3,2048,1494
59849886-23d2-11e8-a6a3-ec086b02610b,59849886-23d2-11e8-a6a3-ec086b02610b.jpg,1,opossum,7,2011-08-05 08:28:46,6f06f58c-5567-11e8-b6d9-dca9047ef277,1,3,2048,1494
5986241e-23d2-11e8-a6a3-ec086b02610b,5986241e-23d2-11e8-a6a3-ec086b02610b.jpg,1,opossum,18,2012-03-01 20:42:38,6f06b451-5567-11e8-a443-dca9047ef277,3,3,2048,1494
5986251a-23d2-11e8-a6a3-ec086b02610b,5986251a-23d2-11e8-a6a3-ec086b02610b.jpg,1,opossum,40,2011-06-06 03:26:21,6f05eb91-5567-11e8-a291-dca9047ef277,2,3,2048,1494
5987b1db-23d2-11e8-a6a3-ec086b02610b,5987b1db-23d2-11e8-a6a3-ec086b02610b.jpg,1,opossum,43,2012-01-02 12:09:27,6f0c0a61-5567-11e8-83b5-dca9047ef277,3,3,2048,1494
5987b32b-23d2-11e8-a6a3-ec086b02610b,5987b32b-23d2-11e8-a6a3-ec086b02610b.jpg,1,opossum,7,2012-03-22 12:15:30,6f0778e3-5567-11e8-b626-dca9047ef277,2,3,2048,1494
59894189-23d2-11e8-a6a3-ec086b02610b,59894189-23d2-11e8-a6a3-ec086b02610b.jpg,1,opossum,7,2011-08-19 13:17:57,6f06fdae-5567-11e8-af7a-dca9047ef277,2,3,2048,1494
59894254-23d2-11e8-a6a3-ec086b02610b,59894254-23d2-11e8-a6a3-ec086b02610b.jpg,1,opossum,51,2011-08-29 21:42:02,6f1cb22b-5567-11e8-be56-dca9047ef277,3,3,2048,1494
5989429a-23d2-11e8-a6a3-ec086b02610b,5989429a-23d2-11e8-a6a3-ec086b02610b.jpg,1,opossum,46,2012-03-15 02:54:21,6f188c02-5567-11e8-acd9-dca9047ef277,3,3,2048,1494
59894430-23d2-11e8-a6a3-ec086b02610b,59894430-23d2-11e8-a6a3-ec086b02610b.jpg,1,opossum,24,2012-01-03 12:12:06,6f0a78b3-5567-11e8-ab59-dca9047ef277,3,3,2048,1494
598acef4-23d2-11e8-a6a3-ec086b02610b,598acef4-23d2-11e8-a6a3-ec086b02610b.jpg,1,opossum,58,2011-05-24 04:39:45,6f13002b-5567-11e8-b2a4-dca9047ef277,2,3,2048,1494
598acfc6-23d2-11e8-a6a3-ec086b02610b,598acfc6-23d2-11e8-a6a3-ec086b02610b.jpg,1,opossum,60,2012-04-19 12:50:01,6f05a100-5567-11e8-b428-dca9047ef277,3,5,2048,1494
598c5c03-23d2-11e8-a6a3-ec086b02610b,598c5c03-23d2-11e8-a6a3-ec086b02610b.jpg,1,opossum,58,2012-05-11 21:58:29,6f134fdc-5567-11e8-88cb-dca9047ef277,3,3,2048,1494
598c5d6e-23d2-11e8-a6a3-ec086b02610b,598c5d6e-23d2-11e8-a6a3-ec086b02610b.jpg,1,opossum,58,2012-05-09 21:13:05,6f134de8-5567-11e8-a633-dca9047ef277,3,3,2048,1494
598c5df4-23d2-11e8-a6a3-ec086b02610b,598c5df4-23d2-11e8-a6a3-ec086b02610b.jpg,1,opossum,5,2011-07-02 01:12:59,6f1925a6-5567-11e8-811a-dca9047ef277,2,3,2048,1494
598de7d3-23d2-11e8-a6a3-ec086b02610b,598de7d3-23d2-11e8-a6a3-ec086b02610b.jpg,1,opossum,51,2011-07-29 23:04:20,6f1c95eb-5567-11e8-b2cf-dca9047ef277,3,3,2048,1494
598de9bc-23d2-11e8-a6a3-ec086b02610b,598de9bc-23d2-11e8-a6a3-ec086b02610b.jpg,1,opossum,28,2011-04-25 19:39:02,6f125fab-5567-11e8-aa98-dca9047ef277,3,3,2048,1494
598de9ee-23d2-11e8-a6a3-ec086b02610b,598de9ee-23d2-11e8-a6a3-ec086b02610b.jpg,1,opossum,58,2012-02-03 02:25:46,6f132907-5567-11e8-a426-dca9047ef277,3,3,2048,1494
598dead3-23d2-11e8-a6a3-ec086b02610b,598dead3-23d2-11e8-a6a3-ec086b02610b.jpg,1,opossum,43,2011-05-08 21:44:30,6f0aa902-5567-11e8-8853-dca9047ef277,3,3,2048,1494
599103d3-23d2-11e8-a6a3-ec086b02610b,599103d3-23d2-11e8-a6a3-ec086b02610b.jpg,1,opossum,28,2012-01-12 04:05:35,6f12b021-5567-11e8-af68-dca9047ef277,3,3,2048,1494
599103e0-23d2-11e8-a6a3-ec086b02610b,599103e0-23d2-11e8-a6a3-ec086b02610b.jpg,1,opossum,18,2012-04-04 02:58:28,6f06b838-5567-11e8-baa7-dca9047ef277,1,3,2048,1494
599105e6-23d2-11e8-a6a3-ec086b02610b,599105e6-23d2-11e8-a6a3-ec086b02610b.jpg,1,opossum,43,2012-04-23 05:01:47,6f0ca540-5567-11e8-95d0-dca9047ef277,1,3,2048,1494
599290d5-23d2-11e8-a6a3-ec086b02610b,599290d5-23d2-11e8-a6a3-ec086b02610b.jpg,1,opossum,64,2012-01-22 03:42:11,6f1971ab-5567-11e8-a697-dca9047ef277,1,3,2048,1494
599292e4-23d2-11e8-a6a3-ec086b02610b,599292e4-23d2-11e8-a6a3-ec086b02610b.jpg,1,opossum,38,2011-08-18 04:16:12,6effd4fd-5567-11e8-81da-dca9047ef277,3,3,2048,1494
59941eb0-23d2-11e8-a6a3-ec086b02610b,59941eb0-23d2-11e8-a6a3-ec086b02610b.jpg,1,opossum,38,2012-05-26 21:33:45,6f0503f0-5567-11e8-b5b8-dca9047ef277,3,3,2048,1494
59941fb9-23d2-11e8-a6a3-ec086b02610b,59941fb9-23d2-11e8-a6a3-ec086b02610b.jpg,1,opossum,33,2011-05-10 23:50:50,6f08178f-5567-11e8-9475-dca9047ef277,2,3,2048,1494
59941fcd-23d2-11e8-a6a3-ec086b02610b,59941fcd-23d2-11e8-a6a3-ec086b02610b.jpg,1,opossum,46,2012-06-05 03:06:44,6f190cba-5567-11e8-8707-dca9047ef277,1,3,2048,1494
59942085-23d2-11e8-a6a3-ec086b02610b,59942085-23d2-11e8-a6a3-ec086b02610b.jpg,1,opossum,57,2014-02-12 01:15:13,6f850475-5567-11e8-a015-dca9047ef277,1,1,2048,1494
5995ad14-23d2-11e8-a6a3-ec086b02610b,5995ad14-23d2-11e8-a6a3-ec086b02610b.jpg,1,opossum,51,2011-07-28 04:18:01,6f1c92e8-5567-11e8-9ec7-dca9047ef277,1,3,2048,1494
5995ae36-23d2-11e8-a6a3-ec086b02610b,5995ae36-23d2-11e8-a6a3-ec086b02610b.jpg,1,opossum,58,2012-05-19 22:37:01,6f135373-5567-11e8-948c-dca9047ef277,2,3,2048,1494
5995ae8d-23d2-11e8-a6a3-ec086b02610b,5995ae8d-23d2-11e8-a6a3-ec086b02610b.jpg,1,opossum,64,2012-02-14 20:17:00,6f197dbd-5567-11e8-8688-dca9047ef277,3,3,2048,1494
5995af5d-23d2-11e8-a6a3-ec086b02610b,5995af5d-23d2-11e8-a6a3-ec086b02610b.jpg,1,opossum,58,2012-05-19 22:34:51,6f135323-5567-11e8-8121-dca9047ef277,1,3,2048,1494
59973d92-23d2-11e8-a6a3-ec086b02610b,59973d92-23d2-11e8-a6a3-ec086b02610b.jpg,1,opossum,64,2012-04-28 05:05:27,6f1999bd-5567-11e8-b5d5-dca9047ef277,3,3,2048,1494
5998cc7d-23d2-11e8-a6a3-ec086b02610b,5998cc7d-23d2-11e8-a6a3-ec086b02610b.jpg,1,opossum,58,2012-02-14 21:54:47,6f13311c-5567-11e8-be6a-dca9047ef277,1,3,2048,1494
5998cd50-23d2-11e8-a6a3-ec086b02610b,5998cd50-23d2-11e8-a6a3-ec086b02610b.jpg,1,opossum,43,2011-08-24 03:22:24,6f0b429c-5567-11e8-9838-dca9047ef277,3,3,2048,1494
5998cf32-23d2-11e8-a6a3-ec086b02610b,5998cf32-23d2-11e8-a6a3-ec086b02610b.jpg,1,opossum,5,2011-08-24 21:43:39,6f1932c5-5567-11e8-bb4a-dca9047ef277,1,3,2048,1494
5998cf9a-23d2-11e8-a6a3-ec086b02610b,5998cf9a-23d2-11e8-a6a3-ec086b02610b.jpg,1,opossum,58,2012-05-20 01:21:27,6f135478-5567-11e8-a24c-dca9047ef277,1,3,2048,1494
5998cfb2-23d2-11e8-a6a3-ec086b02610b,5998cfb2-23d2-11e8-a6a3-ec086b02610b.jpg,1,opossum,33,2011-05-22 03:52:15,6f086607-5567-11e8-b449-dca9047ef277,1,3,2048,1494
599a5a86-23d2-11e8-a6a3-ec086b02610b,599a5a86-23d2-11e8-a6a3-ec086b02610b.jpg,1,opossum,7,2011-07-29 10:33:13,6f06ef9e-5567-11e8-b199-dca9047ef277,3,3,2048,1494
599a5b09-23d2-11e8-a6a3-ec086b02610b,599a5b09-23d2-11e8-a6a3-ec086b02610b.jpg,1,opossum,51,2011-08-27 02:07:49,6f1caaa8-5567-11e8-a3c3-dca9047ef277,1,3,2048,1494
599a5b27-23d2-11e8-a6a3-ec086b02610b,599a5b27-23d2-11e8-a6a3-ec086b02610b.jpg,1,opossum,33,2011-05-18 22:38:27,6f085aab-5567-11e8-b378-dca9047ef277,3,3,2048,1494
599a5cee-23d2-11e8-a6a3-ec086b02610b,599a5cee-23d2-11e8-a6a3-ec086b02610b.jpg,1,opossum,40,2011-05-27 01:24:00,6f05e068-5567-11e8-a18f-dca9047ef277,1,3,2048,1494
599be784-23d2-11e8-a6a3-ec086b02610b,599be784-23d2-11e8-a6a3-ec086b02610b.jpg,1,opossum,46,2011-09-27 03:44:20,6f17b49e-5567-11e8-b0ef-dca9047ef277,3,3,2048,1494
599be7cc-23d2-11e8-a6a3-ec086b02610b,599be7cc-23d2-11e8-a6a3-ec086b02610b.jpg,1,opossum,58,2012-05-09 23:32:49,6f134e38-5567-11e8-a4a0-dca9047ef277,2,3,2048,1494
599be881-23d2-11e8-a6a3-ec086b02610b,599be881-23d2-11e8-a6a3-ec086b02610b.jpg,1,opossum,38,2011-10-12 05:53:22,6f0052eb-5567-11e8-8d32-dca9047ef277,3,3,2048,1494
599be9a3-23d2-11e8-a6a3-ec086b02610b,599be9a3-23d2-11e8-a6a3-ec086b02610b.jpg,1,opossum,33,2011-05-13 01:51:27,6f083eee-5567-11e8-a4e4-dca9047ef277,2,3,2048,1494
599be9ad-23d2-11e8-a6a3-ec086b02610b,599be9ad-23d2-11e8-a6a3-ec086b02610b.jpg,1,opossum,24,2012-01-03 12:12:01,6f0a7857-5567-11e8-92f1-dca9047ef277,1,3,2048,1494
599d7b2c-23d2-11e8-a6a3-ec086b02610b,599d7b2c-23d2-11e8-a6a3-ec086b02610b.jpg,1,opossum,33,2011-05-25 22:36:56,6f08703a-5567-11e8-9b64-dca9047ef277,3,3,2048,1494
599d7b66-23d2-11e8-a6a3-ec086b02610b,599d7b66-23d2-11e8-a6a3-ec086b02610b.jpg,1,opossum,7,2012-05-12 21:19:11,6f07c8b0-5567-11e8-8068-dca9047ef277,2,3,2048,1494
599d7ba0-23d2-11e8-a6a3-ec086b02610b,599d7ba0-23d2-11e8-a6a3-ec086b02610b.jpg,1,opossum,38,2012-05-06 02:43:17,6f047517-5567-11e8-82d4-dca9047ef277,2,3,2048,1494
599d7cee-23d2-11e8-a6a3-ec086b02610b,599d7cee-23d2-11e8-a6a3-ec086b02610b.jpg,1,opossum,51,2011-08-29 21:42:11,6f1cb2c0-5567-11e8-a9f2-dca9047ef277,2,3,2048,1494
599d7d52-23d2-11e8-a6a3-ec086b02610b,599d7d52-23d2-11e8-a6a3-ec086b02610b.jpg,1,opossum,46,2011-07-12 21:44:42,6f172c7d-5567-11e8-89a4-dca9047ef277,2,3,2048,1494
599d7eaa-23d2-11e8-a6a3-ec086b02610b,599d7eaa-23d2-11e8-a6a3-ec086b02610b.jpg,1,opossum,7,2012-01-28 20:12:05,6f0751bd-5567-11e8-9578-dca9047ef277,3,3,2048,1494
599fbdda-23d2-11e8-a6a3-ec086b02610b,599fbdda-23d2-11e8-a6a3-ec086b02610b.jpg,1,opossum,46,2011-11-11 04:59:34,6f17c663-5567-11e8-a70c-dca9047ef277,2,3,2048,1494
599fbe87-23d2-11e8-a6a3-ec086b02610b,599fbe87-23d2-11e8-a6a3-ec086b02610b.jpg,1,opossum,46,2011-09-25 04:10:54,6f17b2c0-5567-11e8-98b5-dca9047ef277,3,3,2048,1494
599fbf0b-23d2-11e8-a6a3-ec086b02610b,599fbf0b-23d2-11e8-a6a3-ec086b02610b.jpg,1,opossum,7,2012-05-12 21:19:18,6f07c90a-5567-11e8-927f-dca9047ef277,2,3,2048,1494
59a17b86-23d2-11e8-a6a3-ec086b02610b,59a17b86-23d2-11e8-a6a3-ec086b02610b.jpg,1,opossum,58,2012-05-08 20:00:05,6f134bde-5567-11e8-970e-dca9047ef277,3,3,2048,1494
59a17c37-23d2-11e8-a6a3-ec086b02610b,59a17c37-23d2-11e8-a6a3-ec086b02610b.jpg,1,opossum,46,2011-05-05 01:34:27,6f1669eb-5567-11e8-bea5-dca9047ef277,2,3,2048,1494
59a30b3e-23d2-11e8-a6a3-ec086b02610b,59a30b3e-23d2-11e8-a6a3-ec086b02610b.jpg,1,opossum,58,2011-07-31 20:57:00,6f130997-5567-11e8-917a-dca9047ef277,2,3,2048,1494
59a30b9e-23d2-11e8-a6a3-ec086b02610b,59a30b9e-23d2-11e8-a6a3-ec086b02610b.jpg,1,opossum,46,2012-05-08 21:40:52,6f18da42-5567-11e8-bee4-dca9047ef277,3,3,2048,1494
59a30c07-23d2-11e8-a6a3-ec086b02610b,59a30c07-23d2-11e8-a6a3-ec086b02610b.jpg,1,opossum,7,2012-03-14 02:01:45,6f077021-5567-11e8-89fa-dca9047ef277,3,3,2048,1494
59a30c51-23d2-11e8-a6a3-ec086b02610b,59a30c51-23d2-11e8-a6a3-ec086b02610b.jpg,1,opossum,24,2011-04-23 23:22:50,6f0a4900-5567-11e8-9877-dca9047ef277,3,3,2048,1494
59a30ce1-23d2-11e8-a6a3-ec086b02610b,59a30ce1-23d2-11e8-a6a3-ec086b02610b.jpg,1,opossum,46,2012-06-02 05:13:25,6f1908c7-5567-11e8-b93c-dca9047ef277,3,3,2048,1494
59a30d58-23d2-11e8-a6a3-ec086b02610b,59a30d58-23d2-11e8-a6a3-ec086b02610b.jpg,1,opossum,28,2011-04-26 08:35:47,6f125ffa-5567-11e8-af51-dca9047ef277,2,3,2048,1494
59a49a60-23d2-11e8-a6a3-ec086b02610b,59a49a60-23d2-11e8-a6a3-ec086b02610b.jpg,1,opossum,51,2011-08-29 21:42:09,6f1cb270-5567-11e8-94ae-dca9047ef277,3,3,2048,1494
59a49b61-23d2-11e8-a6a3-ec086b02610b,59a49b61-23d2-11e8-a6a3-ec086b02610b.jpg,1,opossum,51,2011-08-27 02:12:57,6f1caafa-5567-11e8-a5af-dca9047ef277,3,3,2048,1494
59a49d09-23d2-11e8-a6a3-ec086b02610b,59a49d09-23d2-11e8-a6a3-ec086b02610b.jpg,1,opossum,51,2011-09-12 20:07:06,6f1cdbd7-5567-11e8-a8a6-dca9047ef277,2,3,2048,1494
59a628e4-23d2-11e8-a6a3-ec086b02610b,59a628e4-23d2-11e8-a6a3-ec086b02610b.jpg,1,opossum,60,2012-01-30 23:50:37,6f057fcc-5567-11e8-ba87-dca9047ef277,1,5,2048,1494
59a7bc32-23d2-11e8-a6a3-ec086b02610b,59a7bc32-23d2-11e8-a6a3-ec086b02610b.jpg,1,opossum,43,2011-06-22 01:11:58,6f0af7ba-5567-11e8-af0e-dca9047ef277,3,3,2048,1494
59a7bc51-23d2-11e8-a6a3-ec086b02610b,59a7bc51-23d2-11e8-a6a3-ec086b02610b.jpg,1,opossum,7,2012-03-27 19:31:54,6f07804f-5567-11e8-aa4f-dca9047ef277,3,3,2048,1494
59a7bdb8-23d2-11e8-a6a3-ec086b02610b,59a7bdb8-23d2-11e8-a6a3-ec086b02610b.jpg,1,opossum,28,2012-03-15 23:55:26,6f12bfc2-5567-11e8-ab7c-dca9047ef277,1,3,2048,1494
59a94ac8-23d2-11e8-a6a3-ec086b02610b,59a94ac8-23d2-11e8-a6a3-ec086b02610b.jpg,1,opossum,51,2011-09-01 23:09:49,6f1cbca1-5567-11e8-aa50-dca9047ef277,2,3,2048,1494
59a94ce6-23d2-11e8-a6a3-ec086b02610b,59a94ce6-23d2-11e8-a6a3-ec086b02610b.jpg,1,opossum,38,2012-01-11 20:03:56,6f021e61-5567-11e8-a3ed-dca9047ef277,3,3,2048,1494
59a94d70-23d2-11e8-a6a3-ec086b02610b,59a94d70-23d2-11e8-a6a3-ec086b02610b.jpg,1,opossum,24,2012-02-14 21:23:53,6f0a808c-5567-11e8-ab15-dca9047ef277,3,3,2048,1494
59a94e55-23d2-11e8-a6a3-ec086b02610b,59a94e55-23d2-11e8-a6a3-ec086b02610b.jpg,1,opossum,38,2012-02-08 04:43:33,6f028ef3-5567-11e8-97b9-dca9047ef277,2,3,2048,1494
59aad9ad-23d2-11e8-a6a3-ec086b02610b,59aad9ad-23d2-11e8-a6a3-ec086b02610b.jpg,1,opossum,43,2011-06-04 21:40:14,6f0ad351-5567-11e8-b996-dca9047ef277,3,3,2048,1494
59aada29-23d2-11e8-a6a3-ec086b02610b,59aada29-23d2-11e8-a6a3-ec086b02610b.jpg,1,opossum,40,2011-04-25 01:07:41,6f05b191-5567-11e8-af8d-dca9047ef277,2,3,2048,1494
59aadafb-23d2-11e8-a6a3-ec086b02610b,59aadafb-23d2-11e8-a6a3-ec086b02610b.jpg,1,opossum,43,2011-06-05 22:34:45,6f0ad461-5567-11e8-a8d7-dca9047ef277,3,3,2048,1494
59aadb37-23d2-11e8-a6a3-ec086b02610b,59aadb37-23d2-11e8-a6a3-ec086b02610b.jpg,1,opossum,40,2012-02-24 23:20:58,6f06348a-5567-11e8-944f-dca9047ef277,1,5,2048,1494
59aadb7a-23d2-11e8-a6a3-ec086b02610b,59aadb7a-23d2-11e8-a6a3-ec086b02610b.jpg,1,opossum,58,2012-02-03 02:21:11,6f13285e-5567-11e8-b173-dca9047ef277,3,3,2048,1494
59aadc8f-23d2-11e8-a6a3-ec086b02610b,59aadc8f-23d2-11e8-a6a3-ec086b02610b.jpg,1,opossum,51,2012-01-15 23:20:18,6f1cfbb8-5567-11e8-9c31-dca9047ef277,1,3,2048,1494
59aadcce-23d2-11e8-a6a3-ec086b02610b,59aadcce-23d2-11e8-a6a3-ec086b02610b.jpg,1,opossum,18,2012-02-03 20:09:46,6f06aaca-5567-11e8-a2b6-dca9047ef277,3,3,2048,1494
59aadd02-23d2-11e8-a6a3-ec086b02610b,59aadd02-23d2-11e8-a6a3-ec086b02610b.jpg,1,opossum,58,2012-03-07 23:38:00,6f1338ee-5567-11e8-b3d1-dca9047ef277,3,3,2048,1494
59ac6974-23d2-11e8-a6a3-ec086b02610b,59ac6974-23d2-11e8-a6a3-ec086b02610b.jpg,1,opossum,51,2011-07-25 04:46:49,6f1c8d8f-5567-11e8-800e-dca9047ef277,2,3,2048,1494
59ac6a07-23d2-11e8-a6a3-ec086b02610b,59ac6a07-23d2-11e8-a6a3-ec086b02610b.jpg,1,opossum,46,2012-04-13 04:43:04,6f18b8b5-5567-11e8-96c7-dca9047ef277,1,3,2048,1494
59ac6ac5-23d2-11e8-a6a3-ec086b02610b,59ac6ac5-23d2-11e8-a6a3-ec086b02610b.jpg,1,opossum,7,2012-03-27 18:51:36,6f077fd4-5567-11e8-a8fe-dca9047ef277,2,3,2048,1494
59ac6b36-23d2-11e8-a6a3-ec086b02610b,59ac6b36-23d2-11e8-a6a3-ec086b02610b.jpg,1,opossum,43,2011-06-06 22:24:26,6f0ad5c7-5567-11e8-9c1c-dca9047ef277,3,3,2048,1494
59ac6beb-23d2-11e8-a6a3-ec086b02610b,59ac6beb-23d2-11e8-a6a3-ec086b02610b.jpg,1,opossum,58,2012-05-04 12:24:28,6f134a30-5567-11e8-a642-dca9047ef277,2,3,2048,1494
59ac6cb4-23d2-11e8-a6a3-ec086b02610b,59ac6cb4-23d2-11e8-a6a3-ec086b02610b.jpg,1,opossum,7,2012-02-13 21:01:49,6f075bbd-5567-11e8-b5ff-dca9047ef277,3,3,2048,1494
59adfde0-23d2-11e8-a6a3-ec086b02610b,59adfde0-23d2-11e8-a6a3-ec086b02610b.jpg,1,opossum,51,2011-08-30 01:58:47,6f1cb30f-5567-11e8-b407-dca9047ef277,1,3,2048,1494
59adfeb8-23d2-11e8-a6a3-ec086b02610b,59adfeb8-23d2-11e8-a6a3-ec086b02610b.jpg,1,opossum,46,2011-07-07 03:18:17,6f1716d9-5567-11e8-b9f5-dca9047ef277,3,3,2048,1494
59af9682-23d2-11e8-a6a3-ec086b02610b,59af9682-23d2-11e8-a6a3-ec086b02610b.jpg,1,opossum,51,2011-09-02 20:54:34,6f1cbf4a-5567-11e8-bfa1-dca9047ef277,3,3,2048,1494
59af96af-23d2-11e8-a6a3-ec086b02610b,59af96af-23d2-11e8-a6a3-ec086b02610b.jpg,1,opossum,7,2011-08-19 13:18:23,6f06ff00-5567-11e8-840f-dca9047ef277,3,3,2048,1494
59af9709-23d2-11e8-a6a3-ec086b02610b,59af9709-23d2-11e8-a6a3-ec086b02610b.jpg,1,opossum,38,2012-01-04 20:08:38,6f01f87a-5567-11e8-a75d-dca9047ef277,3,3,2048,1494
59af9773-23d2-11e8-a6a3-ec086b02610b,59af9773-23d2-11e8-a6a3-ec086b02610b.jpg,1,opossum,18,2011-06-13 23:27:52,6f064f80-5567-11e8-9294-dca9047ef277,2,3,2048,1494
59af9858-23d2-11e8-a6a3-ec086b02610b,59af9858-23d2-11e8-a6a3-ec086b02610b.jpg,1,opossum,33,2011-05-11 22:34:39,6f082b8c-5567-11e8-b30a-dca9047ef277,2,3,2048,1494
59af985d-23d2-11e8-a6a3-ec086b02610b,59af985d-23d2-11e8-a6a3-ec086b02610b.jpg,1,opossum,38,2012-05-21 20:17:47,6f04dc17-5567-11e8-b4fd-dca9047ef277,2,3,2048,1494
59af9898-23d2-11e8-a6a3-ec086b02610b,59af9898-23d2-11e8-a6a3-ec086b02610b.jpg,1,opossum,28,2012-06-10 22:54:53,6f12fde8-5567-11e8-8db9-dca9047ef277,3,3,2048,1494
59af98ed-23d2-11e8-a6a3-ec086b02610b,59af98ed-23d2-11e8-a6a3-ec086b02610b.jpg,1,opossum,58,2012-05-27 02:20:59,6f1359fa-5567-11e8-9468-dca9047ef277,2,3,2048,1494
59af990d-23d2-11e8-a6a3-ec086b02610b,59af990d-23d2-11e8-a6a3-ec086b02610b.jpg,1,opossum,7,2012-03-21 03:10:04,6f0776dc-5567-11e8-9d67-dca9047ef277,2,3,2048,1494
59b12f56-23d2-11e8-a6a3-ec086b02610b,59b12f56-23d2-11e8-a6a3-ec086b02610b.jpg,1,opossum,58,2011-12-12 18:21:32,6f131394-5567-11e8-9e64-dca9047ef277,2,3,2048,1494
59b130fc-23d2-11e8-a6a3-ec086b02610b,59b130fc-23d2-11e8-a6a3-ec086b02610b.jpg,1,opossum,60,2012-01-31 12:10:10,6f0581c2-5567-11e8-9e54-dca9047ef277,3,5,2048,1494
59b13146-23d2-11e8-a6a3-ec086b02610b,59b13146-23d2-11e8-a6a3-ec086b02610b.jpg,1,opossum,43,2011-12-21 23:55:16,6f0bf7e6-5567-11e8-8433-dca9047ef277,1,3,2048,1494
59b131bd-23d2-11e8-a6a3-ec086b02610b,59b131bd-23d2-11e8-a6a3-ec086b02610b.jpg,1,opossum,51,2011-09-06 12:19:47,6f1ccd1e-5567-11e8-a4d9-dca9047ef277,1,3,2048,1494
59b2e926-23d2-11e8-a6a3-ec086b02610b,59b2e926-23d2-11e8-a6a3-ec086b02610b.jpg,1,opossum,28,2012-02-19 02:40:44,6f12b959-5567-11e8-ae74-dca9047ef277,2,3,2048,1494
59b2e97c-23d2-11e8-a6a3-ec086b02610b,59b2e97c-23d2-11e8-a6a3-ec086b02610b.jpg,1,opossum,18,2012-03-08 01:13:27,6f06b5b0-5567-11e8-bbab-dca9047ef277,1,3,2048,1494
59b2ebd6-23d2-11e8-a6a3-ec086b02610b,59b2ebd6-23d2-11e8-a6a3-ec086b02610b.jpg,1,opossum,40,2011-04-25 05:06:57,6f05b60f-5567-11e8-b262-dca9047ef277,1,3,2048,1494
59b48474-23d2-11e8-a6a3-ec086b02610b,59b48474-23d2-11e8-a6a3-ec086b02610b.jpg,1,opossum,28,2012-04-18 21:42:09,6f12d247-5567-11e8-8e39-dca9047ef277,3,3,2048,1494
59b484e2-23d2-11e8-a6a3-ec086b02610b,59b484e2-23d2-11e8-a6a3-ec086b02610b.jpg,1,opossum,46,2012-05-30 01:25:11,6f18ff54-5567-11e8-ac81-dca9047ef277,2,3,2048,1494
59b485d4-23d2-11e8-a6a3-ec086b02610b,59b485d4-23d2-11e8-a6a3-ec086b02610b.jpg,1,opossum,40,2011-06-06 03:28:10,6f05ec0c-5567-11e8-94d3-dca9047ef277,1,3,2048,1494
59b61474-23d2-11e8-a6a3-ec086b02610b,59b61474-23d2-11e8-a6a3-ec086b02610b.jpg,1,opossum,24,2012-01-24 23:17:06,6f0a7cc2-5567-11e8-a8c9-dca9047ef277,3,3,2048,1494
59b614cf-23d2-11e8-a6a3-ec086b02610b,59b614cf-23d2-11e8-a6a3-ec086b02610b.jpg,1,opossum,38,2012-03-27 03:28:14,6f0374ae-5567-11e8-bdee-dca9047ef277,1,3,2048,1494
59b616e7-23d2-11e8-a6a3-ec086b02610b,59b616e7-23d2-11e8-a6a3-ec086b02610b.jpg,1,opossum,46,2011-06-04 23:19:52,6f16914c-5567-11e8-8cd7-dca9047ef277,2,3,2048,1494
59b6175a-23d2-11e8-a6a3-ec086b02610b,59b6175a-23d2-11e8-a6a3-ec086b02610b.jpg,1,opossum,24,2011-05-22 21:58:43,6f0a4f21-5567-11e8-ba27-dca9047ef277,2,3,2048,1494
59b7a7ec-23d2-11e8-a6a3-ec086b02610b,59b7a7ec-23d2-11e8-a6a3-ec086b02610b.jpg,1,opossum,40,2011-06-02 03:16:23,6f05e7b5-5567-11e8-8747-dca9047ef277,1,3,2048,1494
59b7a86f-23d2-11e8-a6a3-ec086b02610b,59b7a86f-23d2-11e8-a6a3-ec086b02610b.jpg,1,opossum,33,2011-05-10 20:54:25,6f081519-5567-11e8-b5ea-dca9047ef277,2,3,2048,1494
59b93800-23d2-11e8-a6a3-ec086b02610b,59b93800-23d2-11e8-a6a3-ec086b02610b.jpg,1,opossum,33,2011-06-01 23:40:13,6f088bcc-5567-11e8-809d-dca9047ef277,1,3,2048,1494
59b93afa-23d2-11e8-a6a3-ec086b02610b,59b93afa-23d2-11e8-a6a3-ec086b02610b.jpg,1,opossum,46,2012-01-01 04:03:30,6f18129c-5567-11e8-b856-dca9047ef277,1,3,2048,1494
59bac773-23d2-11e8-a6a3-ec086b02610b,59bac773-23d2-11e8-a6a3-ec086b02610b.jpg,1,opossum,43,2011-08-20 02:24:54,6f0b3d42-5567-11e8-9ebc-dca9047ef277,3,3,2048,1494
59bac844-23d2-11e8-a6a3-ec086b02610b,59bac844-23d2-11e8-a6a3-ec086b02610b.jpg,1,opossum,33,2012-01-28 03:01:11,6f09ad23-5567-11e8-bf96-dca9047ef277,3,3,2048,1494
59bac966-23d2-11e8-a6a3-ec086b02610b,59bac966-23d2-11e8-a6a3-ec086b02610b.jpg,1,opossum,64,2012-01-19 22:35:27,6f19710a-5567-11e8-a7f5-dca9047ef277,3,3,2048,1494
59bac9af-23d2-11e8-a6a3-ec086b02610b,59bac9af-23d2-11e8-a6a3-ec086b02610b.jpg,1,opossum,46,2012-04-23 04:08:32,6f18ca33-5567-11e8-b2a1-dca9047ef277,2,3,2048,1494
59bca35b-23d2-11e8-a6a3-ec086b02610b,59bca35b-23d2-11e8-a6a3-ec086b02610b.jpg,1,opossum,7,2011-12-25 08:01:29,6f073880-5567-11e8-9ce5-dca9047ef277,2,3,2048,1494
59bca3ba-23d2-11e8-a6a3-ec086b02610b,59bca3ba-23d2-11e8-a6a3-ec086b02610b.jpg,1,opossum,64,2012-01-19 22:35:30,6f197159-5567-11e8-9ee9-dca9047ef277,1,3,2048,1494
59bca3d5-23d2-11e8-a6a3-ec086b02610b,59bca3d5-23d2-11e8-a6a3-ec086b02610b.jpg,1,opossum,43,2011-08-01 22:43:04,6f0b27a6-5567-11e8-9fe6-dca9047ef277,3,3,2048,1494
59be4061-23d2-11e8-a6a3-ec086b02610b,59be4061-23d2-11e8-a6a3-ec086b02610b.jpg,1,opossum,5,2011-06-06 02:38:36,6f191911-5567-11e8-ae99-dca9047ef277,2,3,2048,1494
59bfdcc0-23d2-11e8-a6a3-ec086b02610b,59bfdcc0-23d2-11e8-a6a3-ec086b02610b.jpg,1,opossum,38,2011-07-27 02:29:50,6eff631c-5567-11e8-b1f4-dca9047ef277,3,3,2048,1494
59bfdeae-23d2-11e8-a6a3-ec086b02610b,59bfdeae-23d2-11e8-a6a3-ec086b02610b.jpg,1,opossum,18,2012-03-14 12:07:35,6f06b682-5567-11e8-9a02-dca9047ef277,1,3,2048,1494
59bfdee1-23d2-11e8-a6a3-ec086b02610b,59bfdee1-23d2-11e8-a6a3-ec086b02610b.jpg,1,opossum,40,2012-02-12 21:18:01,6f0631ba-5567-11e8-af9d-dca9047ef277,3,5,2048,1494
59bfdfb6-23d2-11e8-a6a3-ec086b02610b,59bfdfb6-23d2-11e8-a6a3-ec086b02610b.jpg,1,opossum,58,2012-01-06 22:48:09,6f131ca6-5567-11e8-af5e-dca9047ef277,1,3,2048,1494
59bfdfd2-23d2-11e8-a6a3-ec086b02610b,59bfdfd2-23d2-11e8-a6a3-ec086b02610b.jpg,1,opossum,40,2011-10-08 01:38:48,6f061fa3-5567-11e8-9e1c-dca9047ef277,1,3,2048,1494
59c177db-23d2-11e8-a6a3-ec086b02610b,59c177db-23d2-11e8-a6a3-ec086b02610b.jpg,1,opossum,7,2011-07-27 10:10:04,6f06eeb5-5567-11e8-80c0-dca9047ef277,2,3,2048,1494
59c17914-23d2-11e8-a6a3-ec086b02610b,59c17914-23d2-11e8-a6a3-ec086b02610b.jpg,1,opossum,40,2012-05-28 01:31:32,6f064923-5567-11e8-968c-dca9047ef277,3,5,2048,1494
59c17acb-23d2-11e8-a6a3-ec086b02610b,59c17acb-23d2-11e8-a6a3-ec086b02610b.jpg,1,opossum,51,2011-07-29 23:04:23,6f1c963d-5567-11e8-a8de-dca9047ef277,1,3,2048,1494
59c31b4c-23d2-11e8-a6a3-ec086b02610b,59c31b4c-23d2-11e8-a6a3-ec086b02610b.jpg,1,opossum,46,2011-06-04 21:47:08,6f1690fa-5567-11e8-b757-dca9047ef277,2,3,2048,1494
59c31b98-23d2-11e8-a6a3-ec086b02610b,59c31b98-23d2-11e8-a6a3-ec086b02610b.jpg,1,opossum,38,2012-05-08 22:15:15,6f04886b-5567-11e8-8300-dca9047ef277,1,3,2048,1494
59c4c196-23d2-11e8-a6a3-ec086b02610b,59c4c196-23d2-11e8-a6a3-ec086b02610b.jpg,1,opossum,58,2012-04-29 20:15:41,6f134670-5567-11e8-bccc-dca9047ef277,3,3,2048,1494
59c4c277-23d2-11e8-a6a3-ec086b02610b,59c4c277-23d2-11e8-a6a3-ec086b02610b.jpg,1,opossum,28,2012-04-25 09:02:08,6f12dc00-5567-11e8-898a-dca9047ef277,3,3,2048,1494
59c66ab2-23d2-11e8-a6a3-ec086b02610b,59c66ab2-23d2-11e8-a6a3-ec086b02610b.jpg,1,opossum,64,2012-05-26 02:23:55,6f19acd7-5567-11e8-bdca-dca9047ef277,2,3,2048,1494
59c66b85-23d2-11e8-a6a3-ec086b02610b,59c66b85-23d2-11e8-a6a3-ec086b02610b.jpg,1,opossum,33,2011-05-11 01:22:42,6f081d87-5567-11e8-b0ed-dca9047ef277,3,3,2048,1494
59c66bf9-23d2-11e8-a6a3-ec086b02610b,59c66bf9-23d2-11e8-a6a3-ec086b02610b.jpg,1,opossum,28,2011-06-07 03:56:26,6f126f40-5567-11e8-b6e2-dca9047ef277,2,3,2048,1494
59c80302-23d2-11e8-a6a3-ec086b02610b,59c80302-23d2-11e8-a6a3-ec086b02610b.jpg,1,opossum,46,2011-05-31 01:02:51,6f168542-5567-11e8-81c2-dca9047ef277,2,3,2048,1494
59c8031c-23d2-11e8-a6a3-ec086b02610b,59c8031c-23d2-11e8-a6a3-ec086b02610b.jpg,1,opossum,5,2011-07-01 02:09:04,6f1924ab-5567-11e8-b72e-dca9047ef277,1,3,2048,1494
59c80627-23d2-11e8-a6a3-ec086b02610b,59c80627-23d2-11e8-a6a3-ec086b02610b.jpg,1,opossum,58,2012-05-23 12:27:37,6f13572b-5567-11e8-896b-dca9047ef277,2,3,2048,1494
59c806c9-23d2-11e8-a6a3-ec086b02610b,59c806c9-23d2-11e8-a6a3-ec086b02610b.jpg,1,opossum,43,2011-12-10 05:43:07,6f0be3a8-5567-11e8-b2c5-dca9047ef277,2,3,2048,1494
59c99c40-23d2-11e8-a6a3-ec086b02610b,59c99c40-23d2-11e8-a6a3-ec086b02610b.jpg,1,opossum,24,2012-05-21 02:21:54,6f0a9c1e-5567-11e8-a2b6-dca9047ef277,2,3,2048,1494
59c99c92-23d2-11e8-a6a3-ec086b02610b,59c99c92-23d2-11e8-a6a3-ec086b02610b.jpg,1,opossum,58,2012-05-25 21:36:29,6f1357de-5567-11e8-9dbe-dca9047ef277,3,3,2048,1494
59c99ce9-23d2-11e8-a6a3-ec086b02610b,59c99ce9-23d2-11e8-a6a3-ec086b02610b.jpg,1,opossum,58,2012-05-25 21:47:57,6f1358e1-5567-11e8-b843-dca9047ef277,1,3,2048,1494
59c99d34-23d2-11e8-a6a3-ec086b02610b,59c99d34-23d2-11e8-a6a3-ec086b02610b.jpg,1,opossum,28,2012-01-27 23:51:18,6f12b73d-5567-11e8-8446-dca9047ef277,2,3,2048,1494
59c99d8f-23d2-11e8-a6a3-ec086b02610b,59c99d8f-23d2-11e8-a6a3-ec086b02610b.jpg,1,opossum,33,2011-05-13 21:39:05,6f084b8c-5567-11e8-90f6-dca9047ef277,2,3,2048,1494
59c99f96-23d2-11e8-a6a3-ec086b02610b,59c99f96-23d2-11e8-a6a3-ec086b02610b.jpg,1,opossum,46,2011-06-01 02:23:20,6f1687cf-5567-11e8-9116-dca9047ef277,1,3,2048,1494
59cb3748-23d2-11e8-a6a3-ec086b02610b,59cb3748-23d2-11e8-a6a3-ec086b02610b.jpg,1,opossum,38,2011-07-28 03:07:53,6eff6b97-5567-11e8-8834-dca9047ef277,3,3,2048,1494
59ccd04c-23d2-11e8-a6a3-ec086b02610b,59ccd04c-23d2-11e8-a6a3-ec086b02610b.jpg,1,opossum,40,2011-04-25 23:49:55,6f05b700-5567-11e8-9122-dca9047ef277,1,3,2048,1494
59ccd3b7-23d2-11e8-a6a3-ec086b02610b,59ccd3b7-23d2-11e8-a6a3-ec086b02610b.jpg,1,opossum,58,2012-05-25 21:47:47,6f135838-5567-11e8-86cc-dca9047ef277,2,3,2048,1494
59cf450d-23d2-11e8-a6a3-ec086b02610b,59cf450d-23d2-11e8-a6a3-ec086b02610b.jpg,1,opossum,38,2012-04-07 02:42:01,6f03e799-5567-11e8-8dfa-dca9047ef277,1,3,2048,1494
59cf46f6-23d2-11e8-a6a3-ec086b02610b,59cf46f6-23d2-11e8-a6a3-ec086b02610b.jpg,1,opossum,24,2012-04-27 01:53:59,6f0a94b3-5567-11e8-bc96-dca9047ef277,1,3,2048,1494
59d0e1b8-23d2-11e8-a6a3-ec086b02610b,59d0e1b8-23d2-11e8-a6a3-ec086b02610b.jpg,1,opossum,33,2011-05-11 22:34:18,6f082a00-5567-11e8-a2a5-dca9047ef277,2,3,2048,1494
59d0e3db-23d2-11e8-a6a3-ec086b02610b,59d0e3db-23d2-11e8-a6a3-ec086b02610b.jpg,1,opossum,33,2011-06-13 20:54:06,6f089d1c-5567-11e8-b45f-dca9047ef277,3,3,2048,1494
59d0e3fd-23d2-11e8-a6a3-ec086b02610b,59d0e3fd-23d2-11e8-a6a3-ec086b02610b.jpg,1,opossum,7,2011-07-03 15:21:52,6f06ded1-5567-11e8-8707-dca9047ef277,2,3,2048,1494
59d0e4f9-23d2-11e8-a6a3-ec086b02610b,59d0e4f9-23d2-11e8-a6a3-ec086b02610b.jpg,1,opossum,33,2011-05-10 03:46:44,6f080e4c-5567-11e8-9a8a-dca9047ef277,2,3,2048,1494
59d27c61-23d2-11e8-a6a3-ec086b02610b,59d27c61-23d2-11e8-a6a3-ec086b02610b.jpg,1,opossum,28,2011-06-05 03:57:35,6f126d38-5567-11e8-a964-dca9047ef277,1,3,2048,1494
59d418bf-23d2-11e8-a6a3-ec086b02610b,59d418bf-23d2-11e8-a6a3-ec086b02610b.jpg,1,opossum,28,2011-06-07 03:56:31,6f126f99-5567-11e8-9811-dca9047ef277,3,3,2048,1494
59d41a07-23d2-11e8-a6a3-ec086b02610b,59d41a07-23d2-11e8-a6a3-ec086b02610b.jpg,1,opossum,18,2012-03-03 21:28:22,6f06b538-5567-11e8-8458-dca9047ef277,2,3,2048,1494
59d41ac0-23d2-11e8-a6a3-ec086b02610b,59d41ac0-23d2-11e8-a6a3-ec086b02610b.jpg,1,opossum,24,2011-05-22 22:13:04,6f0a4fe1-5567-11e8-a8de-dca9047ef277,2,3,2048,1494
59d5b6c8-23d2-11e8-a6a3-ec086b02610b,59d5b6c8-23d2-11e8-a6a3-ec086b02610b.jpg,1,opossum,33,2011-05-30 21:52:02,6f0884ee-5567-11e8-b8b7-dca9047ef277,2,3,2048,1494
59d5b772-23d2-11e8-a6a3-ec086b02610b,59d5b772-23d2-11e8-a6a3-ec086b02610b.jpg,1,opossum,46,2012-03-16 01:09:02,6f188cfd-5567-11e8-9428-dca9047ef277,2,3,2048,1494
59d5b791-23d2-11e8-a6a3-ec086b02610b,59d5b791-23d2-11e8-a6a3-ec086b02610b.jpg,1,opossum,7,2012-01-30 19:14:36,6f075285-5567-11e8-89b0-dca9047ef277,3,3,2048,1494
59d5b7fa-23d2-11e8-a6a3-ec086b02610b,59d5b7fa-23d2-11e8-a6a3-ec086b02610b.jpg,1,opossum,24,2012-04-28 02:00:43,6f0a96c7-5567-11e8-8ebe-dca9047ef277,3,3,2048,1494
59d75087-23d2-11e8-a6a3-ec086b02610b,59d75087-23d2-11e8-a6a3-ec086b02610b.jpg,1,opossum,51,2011-08-01 22:51:39,6f1c9b14-5567-11e8-b607-dca9047ef277,2,3,2048,1494
59d750b6-23d2-11e8-a6a3-ec086b02610b,59d750b6-23d2-11e8-a6a3-ec086b02610b.jpg,1,opossum,33,2012-05-22 01:31:10,6f0a4266-5567-11e8-96ce-dca9047ef277,3,3,2048,1494
59d75135-23d2-11e8-a6a3-ec086b02610b,59d75135-23d2-11e8-a6a3-ec086b02610b.jpg,1,opossum,43,2012-04-22 12:18:16,6f0ca04c-5567-11e8-9895-dca9047ef277,1,3,2048,1494
59d753c6-23d2-11e8-a6a3-ec086b02610b,59d753c6-23d2-11e8-a6a3-ec086b02610b.jpg,1,opossum,58,2012-05-16 02:14:52,6f1351d9-5567-11e8-9bb9-dca9047ef277,3,3,2048,1494
59d753f9-23d2-11e8-a6a3-ec086b02610b,59d753f9-23d2-11e8-a6a3-ec086b02610b.jpg,1,opossum,51,2011-08-24 22:38:13,6f1ca621-5567-11e8-b298-dca9047ef277,3,3,2048,1494
59d8ebcd-23d2-11e8-a6a3-ec086b02610b,59d8ebcd-23d2-11e8-a6a3-ec086b02610b.jpg,1,opossum,24,2012-04-14 12:59:29,6f0a8fb3-5567-11e8-bda5-dca9047ef277,2,3,2048,1494
59d8ec93-23d2-11e8-a6a3-ec086b02610b,59d8ec93-23d2-11e8-a6a3-ec086b02610b.jpg,1,opossum,51,2011-07-25 04:46:57,6f1c8e30-5567-11e8-81d9-dca9047ef277,1,3,2048,1494
59da8a16-23d2-11e8-a6a3-ec086b02610b,59da8a16-23d2-11e8-a6a3-ec086b02610b.jpg,1,opossum,51,2011-08-29 21:31:31,6f1cb1d9-5567-11e8-b8c1-dca9047ef277,2,3,2048,1494
59da8abe-23d2-11e8-a6a3-ec086b02610b,59da8abe-23d2-11e8-a6a3-ec086b02610b.jpg,1,opossum,28,2012-04-26 05:32:33,6f12e375-5567-11e8-933b-dca9047ef277,2,3,2048,1494
59da8bb9-23d2-11e8-a6a3-ec086b02610b,59da8bb9-23d2-11e8-a6a3-ec086b02610b.jpg,1,opossum,43,2011-08-14 05:49:05,6f0b3521-5567-11e8-8f63-dca9047ef277,3,3,2048,1494
59da8c78-23d2-11e8-a6a3-ec086b02610b,59da8c78-23d2-11e8-a6a3-ec086b02610b.jpg,1,opossum,5,2011-06-06 01:58:42,6f191873-5567-11e8-8f0d-dca9047ef277,1,3,2048,1494
59dc24ff-23d2-11e8-a6a3-ec086b02610b,59dc24ff-23d2-11e8-a6a3-ec086b02610b.jpg,1,opossum,7,2012-02-13 21:08:47,6f075ca3-5567-11e8-9107-dca9047ef277,2,3,2048,1494
59dc2572-23d2-11e8-a6a3-ec086b02610b,59dc2572-23d2-11e8-a6a3-ec086b02610b.jpg,1,opossum,58,2012-02-01 01:04:54,6f132759-5567-11e8-b08d-dca9047ef277,3,3,2048,1494
59dc25fd-23d2-11e8-a6a3-ec086b02610b,59dc25fd-23d2-11e8-a6a3-ec086b02610b.jpg,1,opossum,33,2011-05-30 21:52:00,6f088494-5567-11e8-9341-dca9047ef277,3,3,2048,1494
59dc279e-23d2-11e8-a6a3-ec086b02610b,59dc279e-23d2-11e8-a6a3-ec086b02610b.jpg,1,opossum,40,2011-04-25 04:51:26,6f05b50c-5567-11e8-aba0-dca9047ef277,2,3,2048,1494
59dc2801-23d2-11e8-a6a3-ec086b02610b,59dc2801-23d2-11e8-a6a3-ec086b02610b.jpg,1,opossum,43,2012-01-21 07:21:28,6f0c24c7-5567-11e8-893d-dca9047ef277,2,3,2048,1494
59ddbfb3-23d2-11e8-a6a3-ec086b02610b,59ddbfb3-23d2-11e8-a6a3-ec086b02610b.jpg,1,opossum,18,2012-02-03 20:09:51,6f06ab38-5567-11e8-9773-dca9047ef277,2,3,2048,1494
59ddc0fa-23d2-11e8-a6a3-ec086b02610b,59ddc0fa-23d2-11e8-a6a3-ec086b02610b.jpg,1,opossum,24,2011-12-27 20:59:07,6f0a74e8-5567-11e8-9426-dca9047ef277,2,3,2048,1494
59ddc18a-23d2-11e8-a6a3-ec086b02610b,59ddc18a-23d2-11e8-a6a3-ec086b02610b.jpg,1,opossum,58,2012-05-19 22:34:49,6f1352d4-5567-11e8-8a36-dca9047ef277,1,3,2048,1494
59ddc1bf-23d2-11e8-a6a3-ec086b02610b,59ddc1bf-23d2-11e8-a6a3-ec086b02610b.jpg,1,opossum,24,2012-04-27 01:54:54,6f0a9554-5567-11e8-8a58-dca9047ef277,3,3,2048,1494
59ddc228-23d2-11e8-a6a3-ec086b02610b,59ddc228-23d2-11e8-a6a3-ec086b02610b.jpg,1,opossum,28,2011-06-05 23:17:07,6f126e45-5567-11e8-a051-dca9047ef277,3,3,2048,1494
59ddc285-23d2-11e8-a6a3-ec086b02610b,59ddc285-23d2-11e8-a6a3-ec086b02610b.jpg,1,opossum,51,2011-08-24 22:29:42,6f1ca58c-5567-11e8-95d8-dca9047ef277,3,3,2048,1494
59df5c96-23d2-11e8-a6a3-ec086b02610b,59df5c96-23d2-11e8-a6a3-ec086b02610b.jpg,1,opossum,43,2012-02-28 12:19:13,6f0c4c14-5567-11e8-ae70-dca9047ef277,3,3,2048,1494
59e10337-23d2-11e8-a6a3-ec086b02610b,59e10337-23d2-11e8-a6a3-ec086b02610b.jpg,1,opossum,28,2012-06-03 01:26:25,6f12fa94-5567-11e8-9fb6-dca9047ef277,1,3,2048,1494
59e1050e-23d2-11e8-a6a3-ec086b02610b,59e1050e-23d2-11e8-a6a3-ec086b02610b.jpg,1,opossum,24,2011-05-22 01:16:18,6f0a4e6e-5567-11e8-8870-dca9047ef277,2,3,2048,1494
59e2a272-23d2-11e8-a6a3-ec086b02610b,59e2a272-23d2-11e8-a6a3-ec086b02610b.jpg,1,opossum,58,2012-05-21 21:27:57,6f13557a-5567-11e8-aff8-dca9047ef277,3,3,2048,1494
59e2a2be-23d2-11e8-a6a3-ec086b02610b,59e2a2be-23d2-11e8-a6a3-ec086b02610b.jpg,1,opossum,43,2011-11-01 01:21:24,6f0b7d0c-5567-11e8-9a1a-dca9047ef277,2,3,2048,1494
59e2a2f8-23d2-11e8-a6a3-ec086b02610b,59e2a2f8-23d2-11e8-a6a3-ec086b02610b.jpg,1,opossum,51,2011-08-26 12:53:20,6f1ca9f5-5567-11e8-b211-dca9047ef277,1,3,2048,1494
59e2a2fc-23d2-11e8-a6a3-ec086b02610b,59e2a2fc-23d2-11e8-a6a3-ec086b02610b.jpg,1,opossum,24,2011-05-07 01:56:21,6f0a4cf0-5567-11e8-81c9-dca9047ef277,3,3,2048,1494
59e2a59d-23d2-11e8-a6a3-ec086b02610b,59e2a59d-23d2-11e8-a6a3-ec086b02610b.jpg,1,opossum,51,2011-07-28 04:17:56,6f1c9299-5567-11e8-a022-dca9047ef277,3,3,2048,1494
59e2a5a2-23d2-11e8-a6a3-ec086b02610b,59e2a5a2-23d2-11e8-a6a3-ec086b02610b.jpg,1,opossum,7,2012-03-10 20:17:19,6f076b2b-5567-11e8-9739-dca9047ef277,2,3,2048,1494
59e2a5c5-23d2-11e8-a6a3-ec086b02610b,59e2a5c5-23d2-11e8-a6a3-ec086b02610b.jpg,1,opossum,46,2011-07-13 20:59:09,6f172f11-5567-11e8-a5b7-dca9047ef277,3,3,2048,1494
59e440f5-23d2-11e8-a6a3-ec086b02610b,59e440f5-23d2-11e8-a6a3-ec086b02610b.jpg,1,opossum,46,2011-06-12 23:21:20,6f16aaf5-5567-11e8-8d48-dca9047ef277,1,3,2048,1494
59e5def3-23d2-11e8-a6a3-ec086b02610b,59e5def3-23d2-11e8-a6a3-ec086b02610b.jpg,1,opossum,38,2012-01-13 04:13:17,6f022a40-5567-11e8-9b14-dca9047ef277,2,3,2048,1494
59e5df34-23d2-11e8-a6a3-ec086b02610b,59e5df34-23d2-11e8-a6a3-ec086b02610b.jpg,1,opossum,33,2011-05-25 21:52:00,6f086f91-5567-11e8-ab1e-dca9047ef277,3,3,2048,1494
59e5df69-23d2-11e8-a6a3-ec086b02610b,59e5df69-23d2-11e8-a6a3-ec086b02610b.jpg,1,opossum,64,2012-05-21 21:59:54,6f19a8dc-5567-11e8-b9e5-dca9047ef277,3,3,2048,1494
59e5df8c-23d2-11e8-a6a3-ec086b02610b,59e5df8c-23d2-11e8-a6a3-ec086b02610b.jpg,1,opossum,28,2012-04-03 05:23:45,6f12c65c-5567-11e8-a4d3-dca9047ef277,2,3,2048,1494
59e5e107-23d2-11e8-a6a3-ec086b02610b,59e5e107-23d2-11e8-a6a3-ec086b02610b.jpg,1,opossum,51,2011-09-04 12:09:47,6f1cc454-5567-11e8-9a0d-dca9047ef277,3,3,2048,1494
59e5e1f9-23d2-11e8-a6a3-ec086b02610b,59e5e1f9-23d2-11e8-a6a3-ec086b02610b.jpg,1,opossum,7,2012-03-16 03:56:04,6f0772a3-5567-11e8-b405-dca9047ef277,1,3,2048,1494
59e77d3c-23d2-11e8-a6a3-ec086b02610b,59e77d3c-23d2-11e8-a6a3-ec086b02610b.jpg,1,opossum,7,2012-03-22 02:52:27,6f0777ae-5567-11e8-b1cb-dca9047ef277,2,3,2048,1494
59e918fe-23d2-11e8-a6a3-ec086b02610b,59e918fe-23d2-11e8-a6a3-ec086b02610b.jpg,1,opossum,43,2012-05-25 23:40:54,6f0cd935-5567-11e8-ae82-dca9047ef277,2,3,2048,1494
59e919f9-23d2-11e8-a6a3-ec086b02610b,59e919f9-23d2-11e8-a6a3-ec086b02610b.jpg,1,opossum,46,2012-02-10 23:47:11,6f185142-5567-11e8-8993-dca9047ef277,2,3,2048,1494
59e91a3d-23d2-11e8-a6a3-ec086b02610b,59e91a3d-23d2-11e8-a6a3-ec086b02610b.jpg,1,opossum,7,2012-03-12 20:28:38,6f076e0f-5567-11e8-bb36-dca9047ef277,2,3,2048,1494
59e91a57-23d2-11e8-a6a3-ec086b02610b,59e91a57-23d2-11e8-a6a3-ec086b02610b.jpg,1,opossum,40,2011-05-07 23:50:49,6f05bf99-5567-11e8-b479-dca9047ef277,2,3,2048,1494
59eab88d-23d2-11e8-a6a3-ec086b02610b,59eab88d-23d2-11e8-a6a3-ec086b02610b.jpg,1,opossum,24,2012-02-08 03:24:27,6f0a7fba-5567-11e8-9516-dca9047ef277,1,3,2048,1494
59eab8fc-23d2-11e8-a6a3-ec086b02610b,59eab8fc-23d2-11e8-a6a3-ec086b02610b.jpg,1,opossum,33,2011-05-25 22:59:18,6f087473-5567-11e8-a179-dca9047ef277,3,3,2048,1494
59eab9c0-23d2-11e8-a6a3-ec086b02610b,59eab9c0-23d2-11e8-a6a3-ec086b02610b.jpg,1,opossum,5,2011-06-06 02:38:38,6f191963-5567-11e8-875e-dca9047ef277,1,3,2048,1494
59eaba47-23d2-11e8-a6a3-ec086b02610b,59eaba47-23d2-11e8-a6a3-ec086b02610b.jpg,1,opossum,33,2011-05-10 01:09:09,6f080c26-5567-11e8-bf38-dca9047ef277,1,3,2048,1494
59ec5340-23d2-11e8-a6a3-ec086b02610b,59ec5340-23d2-11e8-a6a3-ec086b02610b.jpg,1,opossum,38,2012-05-11 12:08:03,6f049a82-5567-11e8-99d6-dca9047ef277,3,3,2048,1494
59ec542b-23d2-11e8-a6a3-ec086b02610b,59ec542b-23d2-11e8-a6a3-ec086b02610b.jpg,1,opossum,5,2011-07-02 01:48:46,6f1925f5-5567-11e8-ae02-dca9047ef277,3,3,2048,1494
59ec557d-23d2-11e8-a6a3-ec086b02610b,59ec557d-23d2-11e8-a6a3-ec086b02610b.jpg,1,opossum,28,2012-03-29 04:45:45,6f12c219-5567-11e8-9e61-dca9047ef277,3,3,2048,1494
59edef0c-23d2-11e8-a6a3-ec086b02610b,59edef0c-23d2-11e8-a6a3-ec086b02610b.jpg,1,opossum,46,2011-08-06 21:18:11,6f176e78-5567-11e8-a005-dca9047ef277,1,3,2048,1494
59edf14a-23d2-11e8-a6a3-ec086b02610b,59edf14a-23d2-11e8-a6a3-ec086b02610b.jpg,1,opossum,46,2012-06-05 12:11:21,6f190dfa-5567-11e8-b269-dca9047ef277,3,3,2048,1494
59edf192-23d2-11e8-a6a3-ec086b02610b,59edf192-23d2-11e8-a6a3-ec086b02610b.jpg,1,opossum,28,2011-05-16 22:57:56,6f1264b5-5567-11e8-bbfe-dca9047ef277,1,3,2048,1494
59edf1f1-23d2-11e8-a6a3-ec086b02610b,59edf1f1-23d2-11e8-a6a3-ec086b02610b.jpg,1,opossum,33,2011-05-22 03:28:40,6f08652b-5567-11e8-b1f9-dca9047ef277,1,3,2048,1494
59ef8b40-23d2-11e8-a6a3-ec086b02610b,59ef8b40-23d2-11e8-a6a3-ec086b02610b.jpg,1,opossum,51,2011-09-04 20:58:54,6f1cc580-5567-11e8-b7dd-dca9047ef277,3,3,2048,1494
59ef8c1d-23d2-11e8-a6a3-ec086b02610b,59ef8c1d-23d2-11e8-a6a3-ec086b02610b.jpg,1,opossum,60,2012-01-31 21:32:21,6f058245-5567-11e8-8fa1-dca9047ef277,1,5,2048,1494
59ef8c7b-23d2-11e8-a6a3-ec086b02610b,59ef8c7b-23d2-11e8-a6a3-ec086b02610b.jpg,1,opossum,38,2012-01-30 23:03:13,6f027307-5567-11e8-8c84-dca9047ef277,1,3,2048,1494
59ef8e08-23d2-11e8-a6a3-ec086b02610b,59ef8e08-23d2-11e8-a6a3-ec086b02610b.jpg,1,opossum,43,2011-09-16 23:45:06,6f0b5782-5567-11e8-8a88-dca9047ef277,2,3,2048,1494
59f12939-23d2-11e8-a6a3-ec086b02610b,59f12939-23d2-11e8-a6a3-ec086b02610b.jpg,1,opossum,18,2012-04-28 23:07:20,6f06bcf3-5567-11e8-b54a-dca9047ef277,1,3,2048,1494
59f12a76-23d2-11e8-a6a3-ec086b02610b,59f12a76-23d2-11e8-a6a3-ec086b02610b.jpg,1,opossum,58,2012-05-01 01:01:23,6f13471c-5567-11e8-b00a-dca9047ef277,2,3,2048,1494
59f12b2f-23d2-11e8-a6a3-ec086b02610b,59f12b2f-23d2-11e8-a6a3-ec086b02610b.jpg,1,opossum,24,2012-02-08 03:24:22,6f0a7f4c-5567-11e8-889f-dca9047ef277,1,3,2048,1494
59f12b47-23d2-11e8-a6a3-ec086b02610b,59f12b47-23d2-11e8-a6a3-ec086b02610b.jpg,1,opossum,7,2011-08-03 12:00:54,6f06f2dc-5567-11e8-bf17-dca9047ef277,1,3,2048,1494
59f2c33e-23d2-11e8-a6a3-ec086b02610b,59f2c33e-23d2-11e8-a6a3-ec086b02610b.jpg,1,opossum,46,2012-01-13 04:37:44,6f182b2e-5567-11e8-ba3d-dca9047ef277,3,3,2048,1494
59f2c345-23d2-11e8-a6a3-ec086b02610b,59f2c345-23d2-11e8-a6a3-ec086b02610b.jpg,1,opossum,51,2011-08-30 20:28:23,6f1cb5b5-5567-11e8-a413-dca9047ef277,2,3,2048,1494
59f2c3c1-23d2-11e8-a6a3-ec086b02610b,59f2c3c1-23d2-11e8-a6a3-ec086b02610b.jpg,1,opossum,58,2012-02-09 12:05:54,6f132f2b-5567-11e8-856d-dca9047ef277,3,3,2048,1494
59f2c3c6-23d2-11e8-a6a3-ec086b02610b,59f2c3c6-23d2-11e8-a6a3-ec086b02610b.jpg,1,opossum,40,2011-04-25 04:54:32,6f05b597-5567-11e8-a577-dca9047ef277,2,3,2048,1494
59f2c3d3-23d2-11e8-a6a3-ec086b02610b,59f2c3d3-23d2-11e8-a6a3-ec086b02610b.jpg,1,opossum,51,2011-08-24 22:38:20,6f1ca673-5567-11e8-b449-dca9047ef277,2,3,2048,1494
59f2c4b5-23d2-11e8-a6a3-ec086b02610b,59f2c4b5-23d2-11e8-a6a3-ec086b02610b.jpg,1,opossum,33,2011-04-24 12:03:45,6f07e368-5567-11e8-8c54-dca9047ef277,2,3,2048,1494
59f2c5db-23d2-11e8-a6a3-ec086b02610b,59f2c5db-23d2-11e8-a6a3-ec086b02610b.jpg,1,opossum,28,2012-04-02 20:11:39,6f12c5d9-5567-11e8-bdf4-dca9047ef277,2,3,2048,1494
59f460b5-23d2-11e8-a6a3-ec086b02610b,59f460b5-23d2-11e8-a6a3-ec086b02610b.jpg,1,opossum,40,2011-06-02 03:15:44,6f05e6b0-5567-11e8-b9e0-dca9047ef277,2,3,2048,1494
59f5fd12-23d2-11e8-a6a3-ec086b02610b,59f5fd12-23d2-11e8-a6a3-ec086b02610b.jpg,1,opossum,38,2012-04-12 12:37:12,6f040a17-5567-11e8-acec-dca9047ef277,3,3,2048,1494
59f5feef-23d2-11e8-a6a3-ec086b02610b,59f5feef-23d2-11e8-a6a3-ec086b02610b.jpg,1,opossum,28,2011-09-17 12:42:20,6f12900f-5567-11e8-a7b7-dca9047ef277,3,3,2048,1494
59f5ff64-23d2-11e8-a6a3-ec086b02610b,59f5ff64-23d2-11e8-a6a3-ec086b02610b.jpg,1,opossum,43,2011-12-17 21:58:25,6f0bf335-5567-11e8-b1c2-dca9047ef277,3,3,2048,1494
59f79933-23d2-11e8-a6a3-ec086b02610b,59f79933-23d2-11e8-a6a3-ec086b02610b.jpg,1,opossum,24,2011-10-06 05:33:40,6f0a5fa6-5567-11e8-85a9-dca9047ef277,2,3,2048,1494
59f799cd-23d2-11e8-a6a3-ec086b02610b,59f799cd-23d2-11e8-a6a3-ec086b02610b.jpg,1,opossum,38,2012-04-18 19:45:26,6f042445-5567-11e8-93f3-dca9047ef277,3,3,2048,1494
59f79b85-23d2-11e8-a6a3-ec086b02610b,59f79b85-23d2-11e8-a6a3-ec086b02610b.jpg,1,opossum,38,2012-02-29 19:19:39,6f02ec94-5567-11e8-bcf7-dca9047ef277,3,3,2048,1494
59f79bfd-23d2-11e8-a6a3-ec086b02610b,59f79bfd-23d2-11e8-a6a3-ec086b02610b.jpg,1,opossum,51,2011-09-05 04:24:01,6f1cc670-5567-11e8-825a-dca9047ef277,3,3,2048,1494
59f94426-23d2-11e8-a6a3-ec086b02610b,59f94426-23d2-11e8-a6a3-ec086b02610b.jpg,1,opossum,43,2011-08-19 03:37:20,6f0b3c0c-5567-11e8-b089-dca9047ef277,2,3,2048,1494
59f94664-23d2-11e8-a6a3-ec086b02610b,59f94664-23d2-11e8-a6a3-ec086b02610b.jpg,1,opossum,43,2012-01-17 03:01:04,6f0c1a78-5567-11e8-88ee-dca9047ef277,1,3,2048,1494
59fae3fd-23d2-11e8-a6a3-ec086b02610b,59fae3fd-23d2-11e8-a6a3-ec086b02610b.jpg,1,opossum,7,2012-03-07 01:56:26,6f07680c-5567-11e8-b79c-dca9047ef277,3,3,2048,1494
59fae4f4-23d2-11e8-a6a3-ec086b02610b,59fae4f4-23d2-11e8-a6a3-ec086b02610b.jpg,1,opossum,43,2012-05-29 04:17:50,6f0cdab0-5567-11e8-b02b-dca9047ef277,2,3,2048,1494
59fc7d5d-23d2-11e8-a6a3-ec086b02610b,59fc7d5d-23d2-11e8-a6a3-ec086b02610b.jpg,1,opossum,58,2012-02-05 12:44:11,6f132cc7-5567-11e8-bf6f-dca9047ef277,1,3,2048,1494
59fe22fe-23d2-11e8-a6a3-ec086b02610b,59fe22fe-23d2-11e8-a6a3-ec086b02610b.jpg,1,opossum,58,2012-05-10 21:11:15,6f134ee1-5567-11e8-87ce-dca9047ef277,3,3,2048,1494
59fe239f-23d2-11e8-a6a3-ec086b02610b,59fe239f-23d2-11e8-a6a3-ec086b02610b.jpg,1,opossum,64,2012-06-06 12:34:10,6f19b480-5567-11e8-b47d-dca9047ef277,2,3,2048,1494
59ffbc36-23d2-11e8-a6a3-ec086b02610b,59ffbc36-23d2-11e8-a6a3-ec086b02610b.jpg,1,opossum,28,2012-02-18 19:52:09,6f12b900-5567-11e8-91e7-dca9047ef277,1,3,2048,1494
5a015b7f-23d2-11e8-a6a3-ec086b02610b,5a015b7f-23d2-11e8-a6a3-ec086b02610b.jpg,1,opossum,24,2011-04-26 03:20:26,6f0a4b63-5567-11e8-b181-dca9047ef277,3,3,2048,1494
5a015e27-23d2-11e8-a6a3-ec086b02610b,5a015e27-23d2-11e8-a6a3-ec086b02610b.jpg,1,opossum,28,2012-04-05 21:16:27,6f12c863-5567-11e8-9a64-dca9047ef277,1,3,2048,1494
5a02f980-23d2-11e8-a6a3-ec086b02610b,5a02f980-23d2-11e8-a6a3-ec086b02610b.jpg,1,opossum,46,2011-08-17 01:50:03,6f178a14-5567-11e8-a1c4-dca9047ef277,1,3,2048,1494
5a0492e6-23d2-11e8-a6a3-ec086b02610b,5a0492e6-23d2-11e8-a6a3-ec086b02610b.jpg,1,opossum,7,2012-03-20 23:35:43,6f077521-5567-11e8-8d2b-dca9047ef277,3,3,2048,1494
5a04940e-23d2-11e8-a6a3-ec086b02610b,5a04940e-23d2-11e8-a6a3-ec086b02610b.jpg,1,opossum,46,2012-05-30 01:25:07,6f18fef8-5567-11e8-8a2a-dca9047ef277,1,3,2048,1494
5a04950b-23d2-11e8-a6a3-ec086b02610b,5a04950b-23d2-11e8-a6a3-ec086b02610b.jpg,1,opossum,7,2011-07-24 14:12:05,6f06eca6-5567-11e8-9784-dca9047ef277,2,3,2048,1494
5a062f43-23d2-11e8-a6a3-ec086b02610b,5a062f43-23d2-11e8-a6a3-ec086b02610b.jpg,1,opossum,33,2011-04-19 12:01:23,6f07d754-5567-11e8-b580-dca9047ef277,1,3,2048,1494
5a062fa6-23d2-11e8-a6a3-ec086b02610b,5a062fa6-23d2-11e8-a6a3-ec086b02610b.jpg,1,opossum,33,2011-05-16 23:49:36,6f08574c-5567-11e8-aa87-dca9047ef277,3,3,2048,1494
5a0630d3-23d2-11e8-a6a3-ec086b02610b,5a0630d3-23d2-11e8-a6a3-ec086b02610b.jpg,1,opossum,38,2012-04-02 22:15:47,6f03aec2-5567-11e8-ad27-dca9047ef277,3,3,2048,1494
5a063198-23d2-11e8-a6a3-ec086b02610b,5a063198-23d2-11e8-a6a3-ec086b02610b.jpg,1,opossum,38,2012-06-05 23:40:55,6f054861-5567-11e8-a579-dca9047ef277,2,3,2048,1494
5a06319e-23d2-11e8-a6a3-ec086b02610b,5a06319e-23d2-11e8-a6a3-ec086b02610b.jpg,1,opossum,40,2011-05-05 22:50:04,6f05be07-5567-11e8-9ace-dca9047ef277,3,3,2048,1494
5a07cc20-23d2-11e8-a6a3-ec086b02610b,5a07cc20-23d2-11e8-a6a3-ec086b02610b.jpg,1,opossum,24,2012-04-27 01:57:43,6f0a9600-5567-11e8-bc83-dca9047ef277,2,3,2048,1494
5a07cc48-23d2-11e8-a6a3-ec086b02610b,5a07cc48-23d2-11e8-a6a3-ec086b02610b.jpg,1,opossum,28,2012-03-04 02:52:00,6f12bc1e-5567-11e8-9921-dca9047ef277,1,3,2048,1494
5a096919-23d2-11e8-a6a3-ec086b02610b,5a096919-23d2-11e8-a6a3-ec086b02610b.jpg,1,opossum,38,2011-10-02 12:59:45,6f003135-5567-11e8-a18d-dca9047ef277,2,3,2048,1494
5a096947-23d2-11e8-a6a3-ec086b02610b,5a096947-23d2-11e8-a6a3-ec086b02610b.jpg,1,opossum,28,2012-04-24 21:28:05,6f12dafa-5567-11e8-84de-dca9047ef277,3,3,2048,1494
5a096af5-23d2-11e8-a6a3-ec086b02610b,5a096af5-23d2-11e8-a6a3-ec086b02610b.jpg,1,opossum,7,2011-08-15 11:44:24,6f06fc0a-5567-11e8-a4af-dca9047ef277,3,3,2048,1494
5a096b94-23d2-11e8-a6a3-ec086b02610b,5a096b94-23d2-11e8-a6a3-ec086b02610b.jpg,1,opossum,60,2012-01-31 12:08:58,6f058154-5567-11e8-9437-dca9047ef277,3,5,2048,1494
5a096c71-23d2-11e8-a6a3-ec086b02610b,5a096c71-23d2-11e8-a6a3-ec086b02610b.jpg,1,opossum,38,2012-06-11 02:55:16,6f0569bd-5567-11e8-acd9-dca9047ef277,3,3,2048,1494
5a0b0051-23d2-11e8-a6a3-ec086b02610b,5a0b0051-23d2-11e8-a6a3-ec086b02610b.jpg,1,opossum,40,2011-04-19 03:46:46,6f05ad3a-5567-11e8-aaf0-dca9047ef277,1,3,2048,1494
5a0b0058-23d2-11e8-a6a3-ec086b02610b,5a0b0058-23d2-11e8-a6a3-ec086b02610b.jpg,1,opossum,51,2011-08-30 03:08:29,6f1cb357-5567-11e8-87d2-dca9047ef277,2,3,2048,1494
5a0b0197-23d2-11e8-a6a3-ec086b02610b,5a0b0197-23d2-11e8-a6a3-ec086b02610b.jpg,1,opossum,5,2011-07-02 02:30:26,6f192694-5567-11e8-8f97-dca9047ef277,3,3,2048,1494
5a0b0265-23d2-11e8-a6a3-ec086b02610b,5a0b0265-23d2-11e8-a6a3-ec086b02610b.jpg,1,opossum,58,2012-05-19 22:46:02,6f1353cf-5567-11e8-960e-dca9047ef277,3,3,2048,1494
5a0b0282-23d2-11e8-a6a3-ec086b02610b,5a0b0282-23d2-11e8-a6a3-ec086b02610b.jpg,1,opossum,7,2012-03-22 12:15:26,6f07787d-5567-11e8-985d-dca9047ef277,3,3,2048,1494
5a0b0292-23d2-11e8-a6a3-ec086b02610b,5a0b0292-23d2-11e8-a6a3-ec086b02610b.jpg,1,opossum,46,2012-04-02 22:52:33,6f18a694-5567-11e8-8783-dca9047ef277,1,3,2048,1494
5a0b02a6-23d2-11e8-a6a3-ec086b02610b,5a0b02a6-23d2-11e8-a6a3-ec086b02610b.jpg,1,opossum,33,2011-05-09 20:09:42,6f0807a8-5567-11e8-a8d5-dca9047ef277,1,3,2048,1494
5a0b0390-23d2-11e8-a6a3-ec086b02610b,5a0b0390-23d2-11e8-a6a3-ec086b02610b.jpg,1,opossum,38,2012-02-24 20:12:09,6f02d170-5567-11e8-8ddb-dca9047ef277,1,3,2048,1494
5a0c9a61-23d2-11e8-a6a3-ec086b02610b,5a0c9a61-23d2-11e8-a6a3-ec086b02610b.jpg,1,opossum,40,2011-04-30 02:03:35,6f05bb05-5567-11e8-a18a-dca9047ef277,2,3,2048,1494
5a0c9b5c-23d2-11e8-a6a3-ec086b02610b,5a0c9b5c-23d2-11e8-a6a3-ec086b02610b.jpg,1,opossum,24,2011-04-26 03:20:22,6f0a4ac0-5567-11e8-85f2-dca9047ef277,2,3,2048,1494
5a0c9c22-23d2-11e8-a6a3-ec086b02610b,5a0c9c22-23d2-11e8-a6a3-ec086b02610b.jpg,1,opossum,40,2011-06-06 03:28:14,6f05ec8c-5567-11e8-9003-dca9047ef277,2,3,2048,1494
5a0c9d4a-23d2-11e8-a6a3-ec086b02610b,5a0c9d4a-23d2-11e8-a6a3-ec086b02610b.jpg,1,opossum,33,2011-04-23 22:26:06,6f07e05c-5567-11e8-8de8-dca9047ef277,3,3,2048,1494
5a0c9e0c-23d2-11e8-a6a3-ec086b02610b,5a0c9e0c-23d2-11e8-a6a3-ec086b02610b.jpg,1,opossum,28,2011-05-13 04:32:57,6f126357-5567-11e8-a224-dca9047ef277,1,3,2048,1494
5a0e34c2-23d2-11e8-a6a3-ec086b02610b,5a0e34c2-23d2-11e8-a6a3-ec086b02610b.jpg,1,opossum,38,2011-12-19 19:41:19,6f01906b-5567-11e8-92b5-dca9047ef277,1,3,2048,1494
5a0e34eb-23d2-11e8-a6a3-ec086b02610b,5a0e34eb-23d2-11e8-a6a3-ec086b02610b.jpg,1,opossum,28,2012-04-26 21:15:18,6f12e3d9-5567-11e8-8be3-dca9047ef277,3,3,2048,1494
5a0e3694-23d2-11e8-a6a3-ec086b02610b,5a0e3694-23d2-11e8-a6a3-ec086b02610b.jpg,1,opossum,46,2011-12-29 20:25:23,6f180c02-5567-11e8-91c2-dca9047ef277,3,3,2048,1494
5a0fcf82-23d2-11e8-a6a3-ec086b02610b,5a0fcf82-23d2-11e8-a6a3-ec086b02610b.jpg,1,opossum,28,2012-01-01 03:55:13,6f12aa30-5567-11e8-bb4b-dca9047ef277,3,3,2048,1494
5a0fcf92-23d2-11e8-a6a3-ec086b02610b,5a0fcf92-23d2-11e8-a6a3-ec086b02610b.jpg,1,opossum,46,2011-12-18 01:45:48,6f18007a-5567-11e8-af5a-dca9047ef277,2,3,2048,1494
5a116bce-23d2-11e8-a6a3-ec086b02610b,5a116bce-23d2-11e8-a6a3-ec086b02610b.jpg,1,opossum,60,2012-01-31 21:32:54,6f0582bd-5567-11e8-812b-dca9047ef277,1,5,2048,1494
5a116c50-23d2-11e8-a6a3-ec086b02610b,5a116c50-23d2-11e8-a6a3-ec086b02610b.jpg,1,opossum,43,2012-04-20 05:05:44,6f0c8f4c-5567-11e8-aa16-dca9047ef277,1,3,2048,1494
5a116c88-23d2-11e8-a6a3-ec086b02610b,5a116c88-23d2-11e8-a6a3-ec086b02610b.jpg,1,opossum,18,2012-04-07 22:41:45,6f06b98c-5567-11e8-b52e-dca9047ef277,1,3,2048,1494
5a116d3c-23d2-11e8-a6a3-ec086b02610b,5a116d3c-23d2-11e8-a6a3-ec086b02610b.jpg,1,opossum,43,2011-06-25 23:55:36,6f0afbb5-5567-11e8-a3fa-dca9047ef277,2,3,2048,1494
5a116d95-23d2-11e8-a6a3-ec086b02610b,5a116d95-23d2-11e8-a6a3-ec086b02610b.jpg,1,opossum,43,2012-05-24 12:20:04,6f0cd7b0-5567-11e8-b101-dca9047ef277,2,3,2048,1494
5a116ebc-23d2-11e8-a6a3-ec086b02610b,5a116ebc-23d2-11e8-a6a3-ec086b02610b.jpg,1,opossum,28,2012-05-27 20:45:09,6f12f99c-5567-11e8-a4fd-dca9047ef277,2,3,2048,1494
5a13085a-23d2-11e8-a6a3-ec086b02610b,5a13085a-23d2-11e8-a6a3-ec086b02610b.jpg,1,opossum,33,2011-05-10 07:55:12,6f0810ca-5567-11e8-abe5-dca9047ef277,2,3,2048,1494
5a1308b2-23d2-11e8-a6a3-ec086b02610b,5a1308b2-23d2-11e8-a6a3-ec086b02610b.jpg,1,opossum,33,2011-05-10 20:58:55,6f0815e1-5567-11e8-a097-dca9047ef277,1,3,2048,1494
5a130adc-23d2-11e8-a6a3-ec086b02610b,5a130adc-23d2-11e8-a6a3-ec086b02610b.jpg,1,opossum,28,2012-05-05 21:30:14,6f12edba-5567-11e8-896b-dca9047ef277,1,3,2048,1494
5a130b7e-23d2-11e8-a6a3-ec086b02610b,5a130b7e-23d2-11e8-a6a3-ec086b02610b.jpg,1,opossum,43,2011-08-11 04:23:51,6f0b32ab-5567-11e8-b5db-dca9047ef277,1,3,2048,1494
5a14a70e-23d2-11e8-a6a3-ec086b02610b,5a14a70e-23d2-11e8-a6a3-ec086b02610b.jpg,1,opossum,24,2012-04-27 01:57:47,6f0a9663-5567-11e8-a27f-dca9047ef277,3,3,2048,1494
5a163eda-23d2-11e8-a6a3-ec086b02610b,5a163eda-23d2-11e8-a6a3-ec086b02610b.jpg,1,opossum,51,2011-09-01 23:51:29,6f1cbd38-5567-11e8-8722-dca9047ef277,3,3,2048,1494
5a163f7f-23d2-11e8-a6a3-ec086b02610b,5a163f7f-23d2-11e8-a6a3-ec086b02610b.jpg,1,opossum,40,2011-10-08 01:39:08,6f062014-5567-11e8-bae9-dca9047ef277,2,3,2048,1494
5a16408c-23d2-11e8-a6a3-ec086b02610b,5a16408c-23d2-11e8-a6a3-ec086b02610b.jpg,1,opossum,43,2011-08-17 03:01:27,6f0b3926-5567-11e8-9d2f-dca9047ef277,1,3,2048,1494
5a17dd4d-23d2-11e8-a6a3-ec086b02610b,5a17dd4d-23d2-11e8-a6a3-ec086b02610b.jpg,1,opossum,28,2012-05-21 12:42:50,6f12f847-5567-11e8-a7ac-dca9047ef277,3,3,2048,1494
5a17dd7e-23d2-11e8-a6a3-ec086b02610b,5a17dd7e-23d2-11e8-a6a3-ec086b02610b.jpg,1,opossum,40,2011-10-06 12:52:53,6f061c19-5567-11e8-8f30-dca9047ef277,2,3,2048,1494
5a17ddd2-23d2-11e8-a6a3-ec086b02610b,5a17ddd2-23d2-11e8-a6a3-ec086b02610b.jpg,1,opossum,51,2011-09-04 12:10:15,6f1cc4a3-5567-11e8-8eac-dca9047ef277,3,3,2048,1494
5a17e050-23d2-11e8-a6a3-ec086b02610b,5a17e050-23d2-11e8-a6a3-ec086b02610b.jpg,1,opossum,38,2012-04-02 23:53:39,6f03af9e-5567-11e8-a38a-dca9047ef277,1,3,2048,1494
5a197a71-23d2-11e8-a6a3-ec086b02610b,5a197a71-23d2-11e8-a6a3-ec086b02610b.jpg,1,opossum,46,2011-06-01 12:11:44,6f16881c-5567-11e8-a646-dca9047ef277,2,3,2048,1494
5a197ab1-23d2-11e8-a6a3-ec086b02610b,5a197ab1-23d2-11e8-a6a3-ec086b02610b.jpg,1,opossum,7,2011-11-10 07:59:04,6f0720b8-5567-11e8-92d2-dca9047ef277,3,3,2048,1494
5a197ac1-23d2-11e8-a6a3-ec086b02610b,5a197ac1-23d2-11e8-a6a3-ec086b02610b.jpg,1,opossum,58,2012-05-27 03:31:16,6f135a51-5567-11e8-8ce9-dca9047ef277,1,3,2048,1494
5a1caf58-23d2-11e8-a6a3-ec086b02610b,5a1caf58-23d2-11e8-a6a3-ec086b02610b.jpg,1,opossum,7,2012-03-05 20:52:26,6f07665e-5567-11e8-bf1a-dca9047ef277,1,3,2048,1494
5a1cb025-23d2-11e8-a6a3-ec086b02610b,5a1cb025-23d2-11e8-a6a3-ec086b02610b.jpg,1,opossum,38,2012-04-06 20:13:35,6f03ce5c-5567-11e8-97d2-dca9047ef277,2,3,2048,1494
5a1cb1d0-23d2-11e8-a6a3-ec086b02610b,5a1cb1d0-23d2-11e8-a6a3-ec086b02610b.jpg,1,opossum,40,2011-05-13 12:45:24,6f05c145-5567-11e8-8d95-dca9047ef277,3,3,2048,1494
5a1cb22e-23d2-11e8-a6a3-ec086b02610b,5a1cb22e-23d2-11e8-a6a3-ec086b02610b.jpg,1,opossum,64,2012-05-21 21:59:45,6f19a88c-5567-11e8-840b-dca9047ef277,2,3,2048,1494
5a1cb234-23d2-11e8-a6a3-ec086b02610b,5a1cb234-23d2-11e8-a6a3-ec086b02610b.jpg,1,opossum,40,2012-04-16 23:47:59,6f063f40-5567-11e8-91e1-dca9047ef277,1,5,2048,1494
5a1e50f5-23d2-11e8-a6a3-ec086b02610b,5a1e50f5-23d2-11e8-a6a3-ec086b02610b.jpg,1,opossum,38,2012-04-18 20:08:49,6f042517-5567-11e8-a2db-dca9047ef277,1,3,2048,1494
5a1e5222-23d2-11e8-a6a3-ec086b02610b,5a1e5222-23d2-11e8-a6a3-ec086b02610b.jpg,1,opossum,43,2011-08-28 04:10:15,6f0b451c-5567-11e8-b444-dca9047ef277,1,3,2048,1494
5a1e5329-23d2-11e8-a6a3-ec086b02610b,5a1e5329-23d2-11e8-a6a3-ec086b02610b.jpg,1,opossum,43,2012-05-03 23:53:27,6f0cc9e6-5567-11e8-ac97-dca9047ef277,1,3,2048,1494
5a1fe5b6-23d2-11e8-a6a3-ec086b02610b,5a1fe5b6-23d2-11e8-a6a3-ec086b02610b.jpg,1,opossum,46,2012-01-24 23:24:27,6f183c21-5567-11e8-bfc0-dca9047ef277,1,3,2048,1494
5a1fe6d9-23d2-11e8-a6a3-ec086b02610b,5a1fe6d9-23d2-11e8-a6a3-ec086b02610b.jpg,1,opossum,5,2011-06-06 01:58:54,6f1918c2-5567-11e8-9772-dca9047ef277,2,3,2048,1494
5a1fe871-23d2-11e8-a6a3-ec086b02610b,5a1fe871-23d2-11e8-a6a3-ec086b02610b.jpg,1,opossum,38,2011-06-20 04:00:37,6efeb482-5567-11e8-ac83-dca9047ef277,3,3,2048,1494
5a2175f9-23d2-11e8-a6a3-ec086b02610b,5a2175f9-23d2-11e8-a6a3-ec086b02610b.jpg,1,opossum,33,2011-05-09 20:11:47,6f0809a6-5567-11e8-999e-dca9047ef277,3,3,2048,1494
5a2176b2-23d2-11e8-a6a3-ec086b02610b,5a2176b2-23d2-11e8-a6a3-ec086b02610b.jpg,1,opossum,46,2011-05-30 02:44:29,6f16844a-5567-11e8-accb-dca9047ef277,3,3,2048,1494
5a217716-23d2-11e8-a6a3-ec086b02610b,5a217716-23d2-11e8-a6a3-ec086b02610b.jpg,1,opossum,38,2011-08-06 20:59:36,6effa69e-5567-11e8-9b65-dca9047ef277,3,3,2048,1494
5a230f60-23d2-11e8-a6a3-ec086b02610b,5a230f60-23d2-11e8-a6a3-ec086b02610b.jpg,1,opossum,33,2011-05-09 20:09:55,6f0808de-5567-11e8-bb1d-dca9047ef277,3,3,2048,1494
5a24a6cc-23d2-11e8-a6a3-ec086b02610b,5a24a6cc-23d2-11e8-a6a3-ec086b02610b.jpg,1,opossum,38,2012-04-20 02:02:12,6f042b05-5567-11e8-8ae3-dca9047ef277,3,3,2048,1494
5a24a857-23d2-11e8-a6a3-ec086b02610b,5a24a857-23d2-11e8-a6a3-ec086b02610b.jpg,1,opossum,38,2012-04-06 22:15:19,6f03db73-5567-11e8-b687-dca9047ef277,1,3,2048,1494
5a24a862-23d2-11e8-a6a3-ec086b02610b,5a24a862-23d2-11e8-a6a3-ec086b02610b.jpg,1,opossum,46,2012-06-02 22:38:36,6f1909ae-5567-11e8-b133-dca9047ef277,2,3,2048,1494
5a24a949-23d2-11e8-a6a3-ec086b02610b,5a24a949-23d2-11e8-a6a3-ec086b02610b.jpg,1,opossum,40,2012-02-24 23:20:54,6f063400-5567-11e8-b704-dca9047ef277,3,5,2048,1494
5a24a9b8-23d2-11e8-a6a3-ec086b02610b,5a24a9b8-23d2-11e8-a6a3-ec086b02610b.jpg,1,opossum,40,2012-05-07 23:03:25,6f064526-5567-11e8-af5b-dca9047ef277,3,5,2048,1494
5a26384c-23d2-11e8-a6a3-ec086b02610b,5a26384c-23d2-11e8-a6a3-ec086b02610b.jpg,1,opossum,33,2011-05-25 21:52:02,6f086fe8-5567-11e8-91e6-dca9047ef277,1,3,2048,1494
5a263a65-23d2-11e8-a6a3-ec086b02610b,5a263a65-23d2-11e8-a6a3-ec086b02610b.jpg,1,opossum,38,2012-03-23 20:33:52,6f035af0-5567-11e8-a0a8-dca9047ef277,3,3,2048,1494
5a27d921-23d2-11e8-a6a3-ec086b02610b,5a27d921-23d2-11e8-a6a3-ec086b02610b.jpg,1,opossum,43,2012-04-27 04:28:50,6f0cbf63-5567-11e8-b2db-dca9047ef277,1,3,2048,1494
5a27dab9-23d2-11e8-a6a3-ec086b02610b,5a27dab9-23d2-11e8-a6a3-ec086b02610b.jpg,1,opossum,64,2012-01-23 02:22:27,6f1971f8-5567-11e8-9ac5-dca9047ef277,2,3,2048,1494
5a2963f9-23d2-11e8-a6a3-ec086b02610b,5a2963f9-23d2-11e8-a6a3-ec086b02610b.jpg,1,opossum,5,2011-07-02 02:25:42,6f192647-5567-11e8-aaab-dca9047ef277,1,3,2048,1494
5a29643c-23d2-11e8-a6a3-ec086b02610b,5a29643c-23d2-11e8-a6a3-ec086b02610b.jpg,1,opossum,33,2011-05-10 07:55:46,6f081217-5567-11e8-9f0b-dca9047ef277,3,3,2048,1494
5a29667e-23d2-11e8-a6a3-ec086b02610b,5a29667e-23d2-11e8-a6a3-ec086b02610b.jpg,1,opossum,33,2011-05-09 12:36:15,6f0805a1-5567-11e8-9e58-dca9047ef277,3,3,2048,1494
5a2af41b-23d2-11e8-a6a3-ec086b02610b,5a2af41b-23d2-11e8-a6a3-ec086b02610b.jpg,1,opossum,58,2012-01-15 22:37:48,6f13219c-5567-11e8-bbeb-dca9047ef277,2,3,2048,1494
5a2af45e-23d2-11e8-a6a3-ec086b02610b,5a2af45e-23d2-11e8-a6a3-ec086b02610b.jpg,1,opossum,7,2011-07-03 13:00:56,6f06dd23-5567-11e8-ad28-dca9047ef277,2,3,2048,1494
5a2af564-23d2-11e8-a6a3-ec086b02610b,5a2af564-23d2-11e8-a6a3-ec086b02610b.jpg,1,opossum,58,2012-05-27 03:31:22,6f135aa3-5567-11e8-bfa2-dca9047ef277,2,3,2048,1494
5a2af605-23d2-11e8-a6a3-ec086b02610b,5a2af605-23d2-11e8-a6a3-ec086b02610b.jpg,1,opossum,38,2012-05-18 20:00:01,6f04cb4a-5567-11e8-9ebd-dca9047ef277,3,3,2048,1494
5a2c846a-23d2-11e8-a6a3-ec086b02610b,5a2c846a-23d2-11e8-a6a3-ec086b02610b.jpg,1,opossum,7,2011-12-12 10:08:01,6f0730b3-5567-11e8-b40e-dca9047ef277,1,3,2048,1494
5a2e12af-23d2-11e8-a6a3-ec086b02610b,5a2e12af-23d2-11e8-a6a3-ec086b02610b.jpg,1,opossum,51,2011-09-05 04:23:58,6f1cc61e-5567-11e8-9e90-dca9047ef277,3,3,2048,1494
5a2e12b1-23d2-11e8-a6a3-ec086b02610b,5a2e12b1-23d2-11e8-a6a3-ec086b02610b.jpg,1,opossum,51,2011-07-25 04:46:51,6f1c8dde-5567-11e8-8d94-dca9047ef277,1,3,2048,1494
5a2e1476-23d2-11e8-a6a3-ec086b02610b,5a2e1476-23d2-11e8-a6a3-ec086b02610b.jpg,1,opossum,58,2012-05-11 21:58:25,6f134f8c-5567-11e8-af49-dca9047ef277,2,3,2048,1494
5a2e14a8-23d2-11e8-a6a3-ec086b02610b,5a2e14a8-23d2-11e8-a6a3-ec086b02610b.jpg,1,opossum,40,2012-04-17 04:11:47,6f064026-5567-11e8-b7c0-dca9047ef277,3,5,2048,1494
